date,coin,close,volume
2018-01-01,ADA,0.7287,206113437.0
2018-01-01,BNB,8.4146,7893747.0
2018-01-01,BTC,13657.2002,753537.0
2018-01-01,DOGE,0.0089,5681546697.0
2018-01-01,ETH,772.641,3359594.0
2018-01-01,XRP,2.391,792223418.0
2018-01-02,ADA,0.7826,370197822.0
2018-01-02,BNB,8.8378,11856950.0
2018-01-02,BTC,14982.0996,1124449.0
2018-01-02,DOGE,0.0091,9778468652.0
2018-01-02,ETH,884.444,6538967.0
2018-01-02,XRP,2.4809,1278169207.0
2018-01-03,ADA,1.0797,608893523.0
2018-01-03,BNB,9.5359,11414993.0
2018-01-03,BTC,15201.0,1109920.0
2018-01-03,DOGE,0.0093,7119087840.0
2018-01-03,ETH,962.72,5290386.0
2018-01-03,XRP,3.1054,2136904730.0
2018-01-04,ADA,1.1141,532644610.0
2018-01-04,BNB,9.214,17236724.0
2018-01-04,BTC,15599.2002,1396431.0
2018-01-04,DOGE,0.0096,11300912649.0
2018-01-04,ETH,980.922,6629334.0
2018-01-04,XRP,3.1966,2535063498.0
2018-01-05,ADA,0.9996,508324178.0
2018-01-05,BNB,14.9172,22893371.0
2018-01-05,BTC,17429.5,1367848.0
2018-01-05,DOGE,0.0122,17455659103.0
2018-01-05,ETH,997.72,6698422.0
2018-01-05,XRP,3.0487,2062675690.0
2018-01-06,ADA,1.0272,289748331.0
2018-01-06,BNB,22.7598,27988866.0
2018-01-06,BTC,17527.0,1044936.0
2018-01-06,DOGE,0.0149,19088810281.0
2018-01-06,ETH,1041.6801,4475673.0
2018-01-06,XRP,3.094,897733336.0
2018-01-07,ADA,1.0085,224157187.0
2018-01-07,BNB,18.6568,13831419.0
2018-01-07,BTC,16477.5996,962883.0
2018-01-07,DOGE,0.0171,16864700640.0
2018-01-07,ETH,1153.17,4830060.0
2018-01-07,XRP,3.3778,709083720.0
2018-01-08,ADA,0.899,294171745.0
2018-01-08,BNB,18.2609,16243338.0
2018-01-08,BTC,15170.0996,1213829.0
2018-01-08,DOGE,0.015,15627384264.0
2018-01-08,ETH,1148.53,7358075.0
2018-01-08,XRP,2.4562,1349746171.0
2018-01-09,ADA,0.8147,257126486.0
2018-01-09,BNB,17.4118,11184943.0
2018-01-09,BTC,14595.4004,1141455.0
2018-01-09,DOGE,0.0134,8588301209.0
2018-01-09,ETH,1299.74,6128503.0
2018-01-09,XRP,2.1018,1757890998.0
2018-01-10,ADA,0.7931,298153757.0
2018-01-10,BNB,17.3908,8428709.0
2018-01-10,BTC,14973.2998,1235586.0
2018-01-10,DOGE,0.0131,7650969523.0
2018-01-10,ETH,1255.8199,7337796.0
2018-01-10,XRP,1.9749,2447511723.0
2018-01-11,ADA,0.6884,332651070.0
2018-01-11,BNB,21.0427,18497056.0
2018-01-11,BTC,13405.7998,1233354.0
2018-01-11,DOGE,0.0115,5468829008.0
2018-01-11,ETH,1154.9301,6265228.0
2018-01-11,XRP,1.9508,3227455400.0
2018-01-12,ADA,0.8975,407567395.0
2018-01-12,BNB,22.3163,17365692.0
2018-01-12,BTC,13980.5996,863032.0
2018-01-12,DOGE,0.0131,4363610680.0
2018-01-12,ETH,1273.2,4101713.0
2018-01-12,XRP,2.0432,1630168909.0
2018-01-13,ADA,0.8841,354265934.0
2018-01-13,BNB,22.1744,8193051.0
2018-01-13,BTC,14360.2002,888818.0
2018-01-13,DOGE,0.013,4291683874.0
2018-01-13,ETH,1396.42,4115352.0
2018-01-13,XRP,2.0213,1053835349.0
2018-01-14,ADA,0.8023,200323583.0
2018-01-14,BNB,20.7773,6220202.0
2018-01-14,BTC,13772.0,804829.0
2018-01-14,DOGE,0.0117,5640106340.0
2018-01-14,ETH,1366.77,3542388.0
2018-01-14,XRP,1.8612,1062868436.0
2018-01-15,ADA,0.7786,1249690843.0
2018-01-15,BNB,19.5647,12479313.0
2018-01-15,BTC,13819.7998,922647.0
2018-01-15,DOGE,0.0099,6367606873.0
2018-01-15,ETH,1291.92,3700771.0
2018-01-15,XRP,1.6767,1096455596.0
2018-01-16,ADA,0.6265,2606014822.0
2018-01-16,BNB,13.8919,28790231.0
2018-01-16,BTC,11490.5,1640816.0
2018-01-16,DOGE,0.0068,9982292887.0
2018-01-16,ETH,1053.6899,7976863.0
2018-01-16,XRP,1.1792,4823411791.0
2018-01-17,ADA,0.6291,2724152851.0
2018-01-17,BNB,14.2032,21080531.0
2018-01-17,BTC,11188.5996,1683017.0
2018-01-17,DOGE,0.0076,7694325286.0
2018-01-17,ETH,1014.25,8425102.0
2018-01-17,XRP,1.3063,5550783376.0
2018-01-18,ADA,0.6598,1948175542.0
2018-01-18,BNB,14.2804,14348268.0
2018-01-18,BTC,11474.9004,1308979.0
2018-01-18,DOGE,0.008,7102434098.0
2018-01-18,ETH,1036.28,5730420.0
2018-01-18,XRP,1.5966,5706221908.0
2018-01-19,ADA,0.6505,898656168.0
2018-01-19,BNB,14.9406,9362542.0
2018-01-19,BTC,11607.4004,925306.0
2018-01-19,DOGE,0.0079,3854109977.0
2018-01-19,ETH,1039.1,3930758.0
2018-01-19,XRP,1.552,2382287961.0
2018-01-20,ADA,0.7075,1044224084.0
2018-01-20,BNB,16.1903,9681414.0
2018-01-20,BTC,12899.2002,914917.0
2018-01-20,DOGE,0.0084,2719472043.0
2018-01-20,ETH,1155.15,3441276.0
2018-01-20,XRP,1.5786,1486393169.0
2018-01-21,ADA,0.6132,1382554094.0
2018-01-21,BNB,14.0683,10062481.0
2018-01-21,BTC,11600.0996,856474.0
2018-01-21,DOGE,0.0071,3215972492.0
2018-01-21,ETH,1049.58,3218516.0
2018-01-21,XRP,1.38,2058454811.0
2018-01-22,ADA,0.5705,916779158.0
2018-01-22,BNB,13.0146,10605474.0
2018-01-22,BTC,10931.4004,963957.0
2018-01-22,DOGE,0.0067,2965340042.0
2018-01-22,ETH,1003.26,3797719.0
2018-01-22,XRP,1.3573,1946815557.0
2018-01-23,ADA,0.5631,667693211.0
2018-01-23,BNB,13.0935,7003948.0
2018-01-23,BTC,10868.4004,888871.0
2018-01-23,DOGE,0.0067,2679859205.0
2018-01-23,ETH,986.229,3606363.0
2018-01-23,XRP,1.3371,2226570105.0
2018-01-24,ADA,0.6222,1108693583.0
2018-01-24,BNB,13.6287,7758333.0
2018-01-24,BTC,11359.4004,875133.0
2018-01-24,DOGE,0.0071,2463631178.0
2018-01-24,ETH,1058.78,3725080.0
2018-01-24,XRP,1.3571,1365685485.0
2018-01-25,ADA,0.6375,1027167327.0
2018-01-25,BNB,13.2284,7986453.0
2018-01-25,BTC,11259.4004,788068.0
2018-01-25,DOGE,0.0077,2781974719.0
2018-01-25,ETH,1056.03,3835298.0
2018-01-25,XRP,1.3122,751444468.0
2018-01-26,ADA,0.6234,1299463334.0
2018-01-26,BNB,13.2182,8581274.0
2018-01-26,BTC,11171.4004,872424.0
2018-01-26,DOGE,0.0072,2704477021.0
2018-01-26,ETH,1055.17,3428538.0
2018-01-26,XRP,1.2173,1673885021.0
2018-01-27,ADA,0.6168,537112974.0
2018-01-27,BNB,13.253,6338897.0
2018-01-27,BTC,11440.7002,662833.0
2018-01-27,DOGE,0.0074,1583195437.0
2018-01-27,ETH,1107.0699,2712448.0
2018-01-27,XRP,1.2191,565249227.0
2018-01-28,ADA,0.6703,485085447.0
2018-01-28,BNB,13.5402,6932771.0
2018-01-28,BTC,11786.2998,708480.0
2018-01-28,DOGE,0.0075,1884889535.0
2018-01-28,ETH,1246.01,4311627.0
2018-01-28,XRP,1.3996,948385233.0
2018-01-29,ADA,0.6232,382407691.0
2018-01-29,BNB,12.7645,5585358.0
2018-01-29,BTC,11296.4004,629170.0
2018-01-29,DOGE,0.007,1876431696.0
2018-01-29,ETH,1182.36,3142089.0
2018-01-29,XRP,1.324,810954955.0
2018-01-30,ADA,0.5319,676091819.0
2018-01-30,BNB,11.2507,5278747.0
2018-01-30,BTC,10106.2998,854701.0
2018-01-30,DOGE,0.006,2632121615.0
2018-01-30,ETH,1071.13,3835071.0
2018-01-30,XRP,1.1386,996557005.0
2018-01-31,ADA,0.5193,974175589.0
2018-01-31,BNB,11.145,4525348.0
2018-01-31,BTC,10221.0996,786722.0
2018-01-31,DOGE,0.006,2455024906.0
2018-01-31,ETH,1118.3101,3360034.0
2018-01-31,XRP,1.1624,1087440497.0
2018-02-01,ADA,0.4217,1412529215.0
2018-02-01,BNB,9.5158,8720639.0
2018-02-01,BTC,9170.54,1086021.0
2018-02-01,DOGE,0.005,3728117014.0
2018-02-01,ETH,1036.79,5074972.0
2018-02-01,XRP,0.9625,1465325697.0
2018-02-02,ADA,0.3905,3684211706.0
2018-02-02,BNB,9.6523,9476321.0
2018-02-02,BTC,8830.75,1441203.0
2018-02-02,DOGE,0.0045,6684625924.0
2018-02-02,ETH,915.785,7330640.0
2018-02-02,XRP,0.8848,3989403139.0
2018-02-03,ADA,0.4388,3200512131.0
2018-02-03,BNB,9.7497,5800827.0
2018-02-03,BTC,9174.9102,791701.0
2018-02-03,DOGE,0.0052,3489174919.0
2018-02-03,ETH,964.019,3364540.0
2018-02-03,XRP,0.924,2152453945.0
2018-02-04,ADA,0.3793,2148029323.0
2018-02-04,BNB,8.4586,5909933.0
2018-02-04,BTC,8277.0098,854602.0
2018-02-04,DOGE,0.0044,2946487703.0
2018-02-04,ETH,834.682,3590697.0
2018-02-04,XRP,0.8157,1460041261.0
2018-02-05,ADA,0.3274,2011625848.0
2018-02-05,BNB,6.705,8244094.0
2018-02-05,BTC,6955.27,1335001.0
2018-02-05,DOGE,0.0035,3535069453.0
2018-02-05,ETH,697.951,6117235.0
2018-02-05,XRP,0.6918,1859181635.0
2018-02-06,ADA,0.3698,3619686668.0
2018-02-06,BNB,8.2888,11725379.0
2018-02-06,BTC,7754.0,1805494.0
2018-02-06,DOGE,0.0044,4388695342.0
2018-02-06,ETH,793.122,8218496.0
2018-02-06,XRP,0.7764,3041165981.0
2018-02-07,ADA,0.3404,1996622038.0
2018-02-07,BNB,8.095,9631897.0
2018-02-07,BTC,7621.2998,1203112.0
2018-02-07,DOGE,0.0043,3023062679.0
2018-02-07,ETH,757.068,5146407.0
2018-02-07,XRP,0.7239,1565655189.0
2018-02-08,ADA,0.3566,971392423.0
2018-02-08,BNB,8.5955,9597580.0
2018-02-08,BTC,8265.5898,1130803.0
2018-02-08,DOGE,0.0046,2072422323.0
2018-02-08,ETH,817.807,4534309.0
2018-02-08,XRP,0.8053,1176404514.0
2018-02-09,ADA,0.3916,1024690881.0
2018-02-09,BNB,9.7305,954.0
2018-02-09,BTC,8736.9805,776564.0
2018-02-09,DOGE,0.005,2238020050.0
2018-02-09,ETH,883.865,2823757.0
2018-02-09,XRP,0.9544,1771050239.0
2018-02-10,ADA,0.4059,2345133514.0
2018-02-10,BNB,9.256,8656381.0
2018-02-10,BTC,8621.9004,902465.0
2018-02-10,DOGE,0.005,3350831805.0
2018-02-10,ETH,860.415,3405950.0
2018-02-10,XRP,1.0707,4372686348.0
2018-02-11,ADA,0.3698,897706389.0
2018-02-11,BNB,8.7049,7875394.0
2018-02-11,BTC,8129.9702,753040.0
2018-02-11,DOGE,0.005,2282041961.0
2018-02-11,ETH,814.66,3052378.0
2018-02-11,XRP,1.0042,2544723910.0
2018-02-12,ADA,0.3843,632395299.0
2018-02-12,BNB,9.3225,5448406.0
2018-02-12,BTC,8926.5703,700878.0
2018-02-12,DOGE,0.0055,2032949479.0
2018-02-12,ETH,868.707,2582517.0
2018-02-12,XRP,1.081,1624675141.0
2018-02-13,ADA,0.3733,604571519.0
2018-02-13,BNB,8.9868,4628287.0
2018-02-13,BTC,8598.3096,662540.0
2018-02-13,DOGE,0.0056,2509701982.0
2018-02-13,ETH,845.258,2462171.0
2018-02-13,XRP,1.0274,896526221.0
2018-02-14,ADA,0.3969,753345871.0
2018-02-14,BNB,10.4006,6613234.0
2018-02-14,BTC,9494.6299,833084.0
2018-02-14,DOGE,0.0067,6021901911.0
2018-02-14,ETH,923.561,3051634.0
2018-02-14,XRP,1.1416,1276782072.0
2018-02-15,ADA,0.4094,850926328.0
2018-02-15,BNB,10.9311,9968073.0
2018-02-15,BTC,10166.4004,891421.0
2018-02-15,DOGE,0.0073,5890159384.0
2018-02-15,ETH,936.976,3095170.0
2018-02-15,XRP,1.1469,1036334029.0
2018-02-16,ADA,0.4038,476511237.0
2018-02-16,BNB,11.2016,6350146.0
2018-02-16,BTC,10233.9004,712940.0
2018-02-16,DOGE,0.007,3775078187.0
2018-02-16,ETH,944.21,2509452.0
2018-02-16,XRP,1.138,499405975.0
2018-02-17,ADA,0.4199,813119363.0
2018-02-17,BNB,11.6893,6509672.0
2018-02-17,BTC,11112.7002,779368.0
2018-02-17,DOGE,0.007,2600808666.0
2018-02-17,ETH,974.115,2592836.0
2018-02-17,XRP,1.205,984854494.0
2018-02-18,ADA,0.3856,651717501.0
2018-02-18,BNB,10.7024,5797270.0
2018-02-18,BTC,10551.7998,828675.0
2018-02-18,DOGE,0.0064,2380370478.0
2018-02-18,ETH,923.921,2778690.0
2018-02-18,XRP,1.1205,993922152.0
2018-02-19,ADA,0.3915,434171524.0
2018-02-19,BNB,11.0757,4956689.0
2018-02-19,BTC,11225.2998,681682.0
2018-02-19,DOGE,0.0067,1944034641.0
2018-02-19,ETH,943.865,2298019.0
2018-02-19,XRP,1.1444,486101245.0
2018-02-20,ADA,0.3788,742517374.0
2018-02-20,BNB,9.9045,6715365.0
2018-02-20,BTC,11403.7002,870467.0
2018-02-20,DOGE,0.0071,15211587256.0
2018-02-20,ETH,895.371,2842688.0
2018-02-20,XRP,1.0895,740433805.0
2018-02-21,ADA,0.3644,665067858.0
2018-02-21,BNB,9.3808,5872384.0
2018-02-21,BTC,10690.4004,879793.0
2018-02-21,DOGE,0.0066,5593845876.0
2018-02-21,ETH,849.971,2978607.0
2018-02-21,XRP,1.0154,858316492.0
2018-02-22,ADA,0.3379,616631818.0
2018-02-22,BNB,8.904,5302779.0
2018-02-22,BTC,10005.0,803606.0
2018-02-22,DOGE,0.0063,3253794573.0
2018-02-22,ETH,812.845,2645486.0
2018-02-22,XRP,0.9418,944699859.0
2018-02-23,ADA,0.3453,644471652.0
2018-02-23,BNB,9.6921,5533037.0
2018-02-23,BTC,10301.0996,751328.0
2018-02-23,DOGE,0.0066,2916741937.0
2018-02-23,ETH,864.189,2701747.0
2018-02-23,XRP,0.9989,897431532.0
2018-02-24,ADA,0.323,413430504.0
2018-02-24,BNB,9.1419,5328121.0
2018-02-24,BTC,9813.0703,704971.0
2018-02-24,DOGE,0.0063,2480597648.0
2018-02-24,ETH,840.515,2292142.0
2018-02-24,XRP,0.9544,513326654.0
2018-02-25,ADA,0.344,720302988.0
2018-02-25,BNB,9.3466,4687748.0
2018-02-25,BTC,9664.7305,590491.0
2018-02-25,DOGE,0.0061,1914490331.0
2018-02-25,ETH,844.81,1949503.0
2018-02-25,XRP,0.9435,381850531.0
2018-02-26,ADA,0.3383,596488651.0
2018-02-26,BNB,9.9023,5406844.0
2018-02-26,BTC,10366.7002,702990.0
2018-02-26,DOGE,0.0063,1903864941.0
2018-02-26,ETH,869.315,2351829.0
2018-02-26,XRP,0.9569,479290047.0
2018-02-27,ADA,0.3355,318168539.0
2018-02-27,BNB,10.6599,9116821.0
2018-02-27,BTC,10725.5996,649491.0
2018-02-27,DOGE,0.0063,1939580300.0
2018-02-27,ETH,878.265,2338679.0
2018-02-27,XRP,0.9473,330108027.0
2018-02-28,ADA,0.3126,367127237.0
2018-02-28,BNB,10.4382,6613822.0
2018-02-28,BTC,10397.9004,667076.0
2018-02-28,DOGE,0.006,2198005913.0
2018-02-28,ETH,855.199,2296518.0
2018-02-28,XRP,0.9046,364289393.0
2018-03-01,ADA,0.3044,606743877.0
2018-03-01,BNB,10.5097,6895934.0
2018-03-01,BTC,10951.0,668184.0
2018-03-01,DOGE,0.0062,2496926766.0
2018-03-01,ETH,872.2,2142307.0
2018-03-01,XRP,0.9283,511938959.0
2018-03-02,ADA,0.2935,365378326.0
2018-03-02,BNB,10.2248,4542788.0
2018-03-02,BTC,11086.4004,687382.0
2018-03-02,DOGE,0.0055,4103995017.0
2018-03-02,ETH,856.853,2210904.0
2018-03-02,XRP,0.9101,297794644.0
2018-03-03,ADA,0.2971,388144302.0
2018-03-03,BNB,10.2179,3914885.0
2018-03-03,BTC,11489.7002,582310.0
2018-03-03,DOGE,0.0053,4064327420.0
2018-03-03,ETH,857.225,1982408.0
2018-03-03,XRP,0.9078,309376240.0
2018-03-04,ADA,0.3008,313963035.0
2018-03-04,BNB,10.3481,3661242.0
2018-03-04,BTC,11512.5996,528477.0
2018-03-04,DOGE,0.0055,2205288992.0
2018-03-04,ETH,866.678,1959136.0
2018-03-04,XRP,1.0055,792833675.0
2018-03-05,ADA,0.2976,680981283.0
2018-03-05,BNB,10.1105,3818317.0
2018-03-05,BTC,11573.2998,558919.0
2018-03-05,DOGE,0.0052,2611671063.0
2018-03-05,ETH,853.684,2223879.0
2018-03-05,XRP,0.9594,1779108731.0
2018-03-06,ADA,0.2854,386550884.0
2018-03-06,BNB,9.3844,4068740.0
2018-03-06,BTC,10779.9004,633788.0
2018-03-06,DOGE,0.0046,3203231980.0
2018-03-06,ETH,816.951,2378441.0
2018-03-06,XRP,0.9229,948306787.0
2018-03-07,ADA,0.2473,771563492.0
2018-03-07,BNB,9.0349,8825884.0
2018-03-07,BTC,9965.5703,882831.0
2018-03-07,DOGE,0.004,4370154176.0
2018-03-07,ETH,752.831,2889652.0
2018-03-07,XRP,0.8712,929280008.0
2018-03-08,ADA,0.2217,756772435.0
2018-03-08,BNB,8.3104,5840256.0
2018-03-08,BTC,9395.0098,764884.0
2018-03-08,DOGE,0.004,3850782468.0
2018-03-08,ETH,704.596,2684716.0
2018-03-08,XRP,0.8259,604821428.0
2018-03-09,ADA,0.2222,1110896586.0
2018-03-09,BNB,8.3131,5640912.0
2018-03-09,BTC,9337.5498,932171.0
2018-03-09,DOGE,0.0041,3286155406.0
2018-03-09,ETH,728.916,3063480.0
2018-03-09,XRP,0.8498,1164095548.0
2018-03-10,ADA,0.2099,615314959.0
2018-03-10,BNB,7.6717,5428421.0
2018-03-10,BTC,8866.0,607525.0
2018-03-10,DOGE,0.004,2486921586.0
2018-03-10,ETH,686.89,2231740.0
2018-03-10,XRP,0.7966,505468712.0
2018-03-11,ADA,0.2235,721984084.0
2018-03-11,BNB,8.2724,5494392.0
2018-03-11,BTC,9578.6299,657335.0
2018-03-11,DOGE,0.0042,2197491725.0
2018-03-11,ETH,723.339,2160370.0
2018-03-11,XRP,0.8311,569076514.0
2018-03-12,ADA,0.2237,823566763.0
2018-03-12,BNB,8.0393,6367257.0
2018-03-12,BTC,9205.1201,701501.0
2018-03-12,DOGE,0.004,1885292674.0
2018-03-12,ETH,699.831,2522037.0
2018-03-12,XRP,0.801,443208168.0
2018-03-13,ADA,0.223,443305716.0
2018-03-13,BNB,10.1152,21364976.0
2018-03-13,BTC,9194.8496,651576.0
2018-03-13,DOGE,0.004,1516808125.0
2018-03-13,ETH,690.827,2064135.0
2018-03-13,XRP,0.7897,354153619.0
2018-03-14,ADA,0.1996,722361979.0
2018-03-14,BNB,8.9592,13853007.0
2018-03-14,BTC,8269.8096,778522.0
2018-03-14,DOGE,0.0035,2137443211.0
2018-03-14,ETH,614.291,2947398.0
2018-03-14,XRP,0.7019,682643746.0
2018-03-15,ADA,0.1857,1099747413.0
2018-03-15,BNB,9.0991,11488084.0
2018-03-15,BTC,8300.8604,823340.0
2018-03-15,DOGE,0.0035,2634824723.0
2018-03-15,ETH,611.304,2896202.0
2018-03-15,XRP,0.6973,1274034835.0
2018-03-16,ADA,0.1789,544814337.0
2018-03-16,BNB,9.1113,10714804.0
2018-03-16,BTC,8338.3496,634344.0
2018-03-16,DOGE,0.0035,1825387490.0
2018-03-16,ETH,601.666,2355709.0
2018-03-16,XRP,0.6893,729390935.0
2018-03-17,ADA,0.1548,524005098.0
2018-03-17,BNB,8.9877,10534340.0
2018-03-17,BTC,7916.8799,559078.0
2018-03-17,DOGE,0.0033,1888787526.0
2018-03-17,ETH,552.779,2293521.0
2018-03-17,XRP,0.6379,501404701.0
2018-03-18,ADA,0.1562,1214748076.0
2018-03-18,BNB,8.9518,10594492.0
2018-03-18,BTC,8223.6797,807326.0
2018-03-18,DOGE,0.0032,2830598679.0
2018-03-18,ETH,538.644,4985668.0
2018-03-18,XRP,0.6588,1402001008.0
2018-03-19,ADA,0.1976,1628976736.0
2018-03-19,BNB,8.9927,10890885.0
2018-03-19,BTC,8630.6504,779676.0
2018-03-19,DOGE,0.0034,2406659965.0
2018-03-19,ETH,556.726,3676476.0
2018-03-19,XRP,0.7491,1464369686.0
2018-03-20,ADA,0.2049,1218280894.0
2018-03-20,BNB,9.1609,10579658.0
2018-03-20,BTC,8913.4697,713728.0
2018-03-20,DOGE,0.0037,1818148406.0
2018-03-20,ETH,557.175,3291031.0
2018-03-20,XRP,0.7098,1147177796.0
2018-03-21,ADA,0.2132,1208720867.0
2018-03-21,BNB,9.982,13199859.0
2018-03-21,BTC,8929.2803,676777.0
2018-03-21,DOGE,0.0037,1834135049.0
2018-03-21,ETH,561.732,3171032.0
2018-03-21,XRP,0.6937,760200888.0
2018-03-22,ADA,0.2035,990461008.0
2018-03-22,BNB,10.0663,11156532.0
2018-03-22,BTC,8728.4697,633604.0
2018-03-22,DOGE,0.0035,1476893387.0
2018-03-22,ETH,539.702,2822780.0
2018-03-22,XRP,0.6627,677550729.0
2018-03-23,ADA,0.1893,786488388.0
2018-03-23,BNB,11.7376,13396776.0
2018-03-23,BTC,8879.6201,670538.0
2018-03-23,DOGE,0.0036,1735542086.0
2018-03-23,ETH,539.619,2958291.0
2018-03-23,XRP,0.6432,601958419.0
2018-03-24,ADA,0.1892,701159095.0
2018-03-24,BNB,13.0891,19509210.0
2018-03-24,BTC,8668.1201,653498.0
2018-03-24,DOGE,0.0036,1242679633.0
2018-03-24,ETH,526.439,2469441.0
2018-03-24,XRP,0.6413,609326901.0
2018-03-25,ADA,0.1846,321493997.0
2018-03-25,BNB,12.7831,14825668.0
2018-03-25,BTC,8495.7803,537900.0
2018-03-25,DOGE,0.0035,991823134.0
2018-03-25,ETH,524.287,2195687.0
2018-03-25,XRP,0.6419,357315661.0
2018-03-26,ADA,0.1678,700195466.0
2018-03-26,BNB,12.0614,10973270.0
2018-03-26,BTC,8209.4004,721251.0
2018-03-26,DOGE,0.0033,1843110425.0
2018-03-26,ETH,489.951,3344988.0
2018-03-26,XRP,0.5995,641415735.0
2018-03-27,ADA,0.1549,693944197.0
2018-03-27,BNB,11.5083,8913480.0
2018-03-27,BTC,7833.04,686611.0
2018-03-27,DOGE,0.0031,1664642307.0
2018-03-27,ETH,450.116,3594496.0
2018-03-27,XRP,0.5779,608012923.0
2018-03-28,ADA,0.1601,376493505.0
2018-03-28,BNB,11.6404,7983506.0
2018-03-28,BTC,7954.48,620442.0
2018-03-28,DOGE,0.0031,1563903248.0
2018-03-28,ETH,446.279,3392900.0
2018-03-28,XRP,0.578,446880825.0
2018-03-29,ADA,0.1469,704408993.0
2018-03-29,BNB,10.1961,7978746.0
2018-03-29,BTC,7165.7002,887733.0
2018-03-29,DOGE,0.0028,1991704913.0
2018-03-29,ETH,385.968,5104646.0
2018-03-29,XRP,0.5115,822171944.0
2018-03-30,ADA,0.1472,814311605.0
2018-03-30,BNB,10.3504,7299389.0
2018-03-30,BTC,6890.52,912777.0
2018-03-30,DOGE,0.0028,1946594222.0
2018-03-30,ETH,394.645,4759037.0
2018-03-30,XRP,0.5096,1016983137.0
2018-03-31,ADA,0.1559,725530562.0
2018-03-31,BNB,11.0559,8073183.0
2018-03-31,BTC,6973.5298,652936.0
2018-03-31,DOGE,0.0028,1243352233.0
2018-03-31,ETH,396.457,3339379.0
2018-03-31,XRP,0.5124,572277313.0
2018-04-01,ADA,0.1508,668795779.0
2018-04-01,BNB,11.0662,7944741.0
2018-04-01,BTC,6844.23,662178.0
2018-04-01,DOGE,0.0027,1240831196.0
2018-04-01,ETH,379.607,3311135.0
2018-04-01,XRP,0.4851,614060332.0
2018-04-02,ADA,0.1564,656693398.0
2018-04-02,BNB,12.6207,9196875.0
2018-04-02,BTC,7083.7998,611739.0
2018-04-02,DOGE,0.0028,1799785414.0
2018-04-02,ETH,386.425,2852455.0
2018-04-02,XRP,0.5007,523963010.0
2018-04-03,ADA,0.1724,904550451.0
2018-04-03,BNB,13.3607,10574821.0
2018-04-03,BTC,7456.1099,737610.0
2018-04-03,DOGE,0.003,2220832135.0
2018-04-03,ETH,416.893,3270383.0
2018-04-03,XRP,0.558,1036188829.0
2018-04-04,ADA,0.1554,996427477.0
2018-04-04,BNB,12.1904,9810999.0
2018-04-04,BTC,6853.8398,720180.0
2018-04-04,DOGE,0.0028,1924278045.0
2018-04-04,ETH,380.543,3383928.0
2018-04-04,XRP,0.5016,827815598.0
2018-04-05,ADA,0.1488,762359029.0
2018-04-05,BNB,12.4536,8340078.0
2018-04-05,BTC,6811.4702,827915.0
2018-04-05,DOGE,0.0027,1779347863.0
2018-04-05,ETH,383.232,3159131.0
2018-04-05,XRP,0.4958,723586694.0
2018-04-06,ADA,0.1445,358789468.0
2018-04-06,BNB,12.2584,6688450.0
2018-04-06,BTC,6636.3198,567605.0
2018-04-06,DOGE,0.0027,1066775251.0
2018-04-06,ETH,370.285,2611788.0
2018-04-06,XRP,0.4764,457896305.0
2018-04-07,ADA,0.1488,323974095.0
2018-04-07,BNB,12.4557,7059009.0
2018-04-07,BTC,6911.0898,575396.0
2018-04-07,DOGE,0.0028,1082876549.0
2018-04-07,ETH,385.314,2469350.0
2018-04-07,XRP,0.4879,428551226.0
2018-04-08,ADA,0.1566,326267090.0
2018-04-08,BNB,12.1176,6523156.0
2018-04-08,BTC,7023.52,520038.0
2018-04-08,DOGE,0.0028,1295525855.0
2018-04-08,ETH,400.508,2368212.0
2018-04-08,XRP,0.5004,274877209.0
2018-04-09,ADA,0.1531,607565357.0
2018-04-09,BNB,11.8683,6794882.0
2018-04-09,BTC,6770.73,722826.0
2018-04-09,DOGE,0.0028,1747104543.0
2018-04-09,ETH,398.526,3709645.0
2018-04-09,XRP,0.4919,552551078.0
2018-04-10,ADA,0.1563,358058023.0
2018-04-10,BNB,12.0362,7278726.0
2018-04-10,BTC,6834.7598,625150.0
2018-04-10,DOGE,0.003,3355931770.0
2018-04-10,ETH,414.243,2887194.0
2018-04-10,XRP,0.4919,314058294.0
2018-04-11,ADA,0.166,552875055.0
2018-04-11,BNB,12.2309,7584045.0
2018-04-11,BTC,6968.3198,666142.0
2018-04-11,DOGE,0.0034,7447703148.0
2018-04-11,ETH,430.54,3342407.0
2018-04-11,XRP,0.5395,633370151.0
2018-04-12,ADA,0.2122,2299392611.0
2018-04-12,BNB,12.9525,10286740.0
2018-04-12,BTC,7889.25,1128910.0
2018-04-12,DOGE,0.0038,3653949400.0
2018-04-12,ETH,492.941,5110875.0
2018-04-12,XRP,0.6287,2141976735.0
2018-04-13,ADA,0.2005,1149008573.0
2018-04-13,BNB,13.5368,10949043.0
2018-04-13,BTC,7895.96,983346.0
2018-04-13,DOGE,0.004,4543279191.0
2018-04-13,ETH,492.735,4909840.0
2018-04-13,XRP,0.6381,1951411167.0
2018-04-14,ADA,0.2009,563655993.0
2018-04-14,BNB,13.2444,7171393.0
2018-04-14,BTC,7986.2402,650047.0
2018-04-14,DOGE,0.0041,3273710895.0
2018-04-14,ETH,501.478,3029206.0
2018-04-14,XRP,0.6322,990641971.0
2018-04-15,ADA,0.2214,766963298.0
2018-04-15,BNB,13.0588,8834885.0
2018-04-15,BTC,8329.1104,629657.0
2018-04-15,DOGE,0.0046,2596258959.0
2018-04-15,ETH,531.702,3246348.0
2018-04-15,XRP,0.6825,893196545.0
2018-04-16,ADA,0.2566,2644814151.0
2018-04-16,BNB,12.21,6221581.0
2018-04-16,BTC,8058.6699,698789.0
2018-04-16,DOGE,0.0046,4857709690.0
2018-04-16,ETH,511.147,3441241.0
2018-04-16,XRP,0.6633,802047954.0
2018-04-17,ADA,0.2437,2137561343.0
2018-04-17,BNB,11.7694,6588051.0
2018-04-17,BTC,7902.0898,873298.0
2018-04-17,DOGE,0.0047,3612879578.0
2018-04-17,ETH,502.894,3500459.0
2018-04-17,XRP,0.6569,673360884.0
2018-04-18,ADA,0.2603,695695292.0
2018-04-18,BNB,12.2757,7332788.0
2018-04-18,BTC,8163.4199,799899.0
2018-04-18,DOGE,0.0054,4013340553.0
2018-04-18,ETH,524.789,3359331.0
2018-04-18,XRP,0.7089,880266428.0
2018-04-19,ADA,0.2724,884534325.0
2018-04-19,BNB,12.3526,6368027.0
2018-04-19,BTC,8294.3096,851573.0
2018-04-19,DOGE,0.0058,4638135215.0
2018-04-19,ETH,567.889,3974139.0
2018-04-19,XRP,0.792,1109033642.0
2018-04-20,ADA,0.3012,1159676250.0
2018-04-20,BNB,12.5752,6841728.0
2018-04-20,BTC,8845.8301,953908.0
2018-04-20,DOGE,0.0059,3921720728.0
2018-04-20,ETH,615.718,4627881.0
2018-04-20,XRP,0.9245,2535596141.0
2018-04-21,ADA,0.2906,1013947923.0
2018-04-21,BNB,13.3784,10582880.0
2018-04-21,BTC,8895.5801,848573.0
2018-04-21,DOGE,0.0054,4619822644.0
2018-04-21,ETH,605.395,4315298.0
2018-04-21,XRP,0.8731,1791277785.0
2018-04-22,ADA,0.2855,563741733.0
2018-04-22,BNB,12.8759,6591617.0
2018-04-22,BTC,8802.46,753187.0
2018-04-22,DOGE,0.0055,3332171852.0
2018-04-22,ETH,621.86,3901634.0
2018-04-22,XRP,0.87,1087821169.0
2018-04-23,ADA,0.2885,440987529.0
2018-04-23,BNB,13.6253,9690869.0
2018-04-23,BTC,8930.8799,775421.0
2018-04-23,DOGE,0.0055,6124826892.0
2018-04-23,ETH,642.548,3714633.0
2018-04-23,XRP,0.8767,769451470.0
2018-04-24,ADA,0.3129,1179439038.0
2018-04-24,BNB,15.266,10847570.0
2018-04-24,BTC,9697.5,1101191.0
2018-04-24,DOGE,0.0058,6316724218.0
2018-04-24,ETH,708.158,5057996.0
2018-04-24,XRP,0.9348,1682672223.0
2018-04-25,ADA,0.2717,1294278705.0
2018-04-25,BNB,13.2909,10896252.0
2018-04-25,BTC,8845.7402,1252931.0
2018-04-25,DOGE,0.0051,7514235375.0
2018-04-25,ETH,615.416,6850878.0
2018-04-25,XRP,0.8006,2016032831.0
2018-04-26,ADA,0.2943,749978757.0
2018-04-26,BNB,14.6536,8720588.0
2018-04-26,BTC,9281.5098,966498.0
2018-04-26,DOGE,0.0056,7350044725.0
2018-04-26,ETH,662.809,4502066.0
2018-04-26,XRP,0.8524,1206678916.0
2018-04-27,ADA,0.2885,683502659.0
2018-04-27,BNB,14.3291,7118033.0
2018-04-27,BTC,8987.0498,841910.0
2018-04-27,DOGE,0.0054,7187348052.0
2018-04-27,ETH,647.032,4015458.0
2018-04-27,XRP,0.8139,827872545.0
2018-04-28,ADA,0.3579,1779235165.0
2018-04-28,BNB,15.2001,8049947.0
2018-04-28,BTC,9348.4805,834946.0
2018-04-28,DOGE,0.0054,6704610733.0
2018-04-28,ETH,683.678,3651807.0
2018-04-28,XRP,0.8638,913076336.0
2018-04-29,ADA,0.3651,1840498858.0
2018-04-29,BNB,15.0562,7006748.0
2018-04-29,BTC,9419.0801,939901.0
2018-04-29,DOGE,0.0055,6939696054.0
2018-04-29,ETH,688.881,3978278.0
2018-04-29,XRP,0.8728,1026966749.0
2018-04-30,ADA,0.3433,870073846.0
2018-04-30,BNB,14.3121,5852796.0
2018-04-30,BTC,9240.5498,938680.0
2018-04-30,DOGE,0.0052,6988829054.0
2018-04-30,ETH,669.924,4258841.0
2018-04-30,XRP,0.8379,686642640.0
2018-05-01,ADA,0.3587,1019038510.0
2018-05-01,BNB,14.1643,5325636.0
2018-05-01,BTC,9119.0098,845818.0
2018-05-01,DOGE,0.0051,2266232480.0
2018-05-01,ETH,673.613,3977002.0
2018-05-01,XRP,0.8414,749707363.0
2018-05-02,ADA,0.3724,732653989.0
2018-05-02,BNB,14.4092,5602692.0
2018-05-02,BTC,9235.9199,818344.0
2018-05-02,DOGE,0.0053,9474379142.0
2018-05-02,ETH,687.149,4107217.0
2018-05-02,XRP,0.8591,633721070.0
2018-05-03,ADA,0.3697,813650747.0
2018-05-03,BNB,14.6526,7147264.0
2018-05-03,BTC,9743.8604,1047562.0
2018-05-03,DOGE,0.0056,8949636780.0
2018-05-03,ETH,779.543,5401806.0
2018-05-03,XRP,0.8845,819962552.0
2018-05-04,ADA,0.3602,475498515.0
2018-05-04,BNB,14.3295,5578736.0
2018-05-04,BTC,9700.7598,847133.0
2018-05-04,DOGE,0.0053,2739457285.0
2018-05-04,ETH,785.624,4497584.0
2018-05-04,XRP,0.8954,1125265482.0
2018-05-05,ADA,0.3663,380651209.0
2018-05-05,BNB,14.3687,4976240.0
2018-05-05,BTC,9858.1504,776204.0
2018-05-05,DOGE,0.0052,5856332203.0
2018-05-05,ETH,816.12,3718865.0
2018-05-05,XRP,0.9051,738921404.0
2018-05-06,ADA,0.35,423363164.0
2018-05-06,BNB,13.9426,5359947.0
2018-05-06,BTC,9654.7998,748051.0
2018-05-06,DOGE,0.005,6729758381.0
2018-05-06,ETH,792.311,3919635.0
2018-05-06,XRP,0.8714,734495504.0
2018-05-07,ADA,0.3352,511328367.0
2018-05-07,BNB,13.7025,4364182.0
2018-05-07,BTC,9373.0098,788863.0
2018-05-07,DOGE,0.0048,5375025811.0
2018-05-07,ETH,753.725,5726386.0
2018-05-07,XRP,0.8326,723643169.0
2018-05-08,ADA,0.3284,433848450.0
2018-05-08,BNB,13.529,4277145.0
2018-05-08,BTC,9234.8203,803033.0
2018-05-08,DOGE,0.0053,7667376812.0
2018-05-08,ETH,752.857,3879209.0
2018-05-08,XRP,0.814,571324466.0
2018-05-09,ADA,0.3236,550450736.0
2018-05-09,BNB,14.6602,6756136.0
2018-05-09,BTC,9325.1797,774987.0
2018-05-09,DOGE,0.0051,6589888214.0
2018-05-09,ETH,752.275,3825556.0
2018-05-09,XRP,0.802,762521411.0
2018-05-10,ADA,0.2971,413875962.0
2018-05-10,BNB,13.8184,4939067.0
2018-05-10,BTC,9043.9404,763683.0
2018-05-10,DOGE,0.0049,7161909901.0
2018-05-10,ETH,727.277,3779784.0
2018-05-10,XRP,0.7582,526647998.0
2018-05-11,ADA,0.2601,1340698925.0
2018-05-11,BNB,12.9939,4388790.0
2018-05-11,BTC,8441.4902,1005571.0
2018-05-11,DOGE,0.0044,6323429398.0
2018-05-11,ETH,679.586,4841300.0
2018-05-11,XRP,0.6849,1447422264.0
2018-05-12,ADA,0.2709,942970939.0
2018-05-12,BNB,12.9439,3399362.0
2018-05-12,BTC,8504.8896,802054.0
2018-05-12,DOGE,0.0045,6136687016.0
2018-05-12,ETH,686.048,3889641.0
2018-05-12,XRP,0.6967,856401603.0
2018-05-13,ADA,0.2859,627940788.0
2018-05-13,BNB,13.1187,5398134.0
2018-05-13,BTC,8723.9404,672446.0
2018-05-13,DOGE,0.0043,4579232937.0
2018-05-13,ETH,733.496,3220877.0
2018-05-13,XRP,0.7457,714032102.0
2018-05-14,ADA,0.2734,591159111.0
2018-05-14,BNB,12.8707,3831781.0
2018-05-14,BTC,8716.79,844824.0
2018-05-14,DOGE,0.0045,2780201814.0
2018-05-14,ETH,730.549,4113495.0
2018-05-14,XRP,0.7409,827997923.0
2018-05-15,ADA,0.2602,374426026.0
2018-05-15,BNB,12.5678,3635975.0
2018-05-15,BTC,8510.3799,787945.0
2018-05-15,DOGE,0.0045,4668194747.0
2018-05-15,ETH,708.871,3559280.0
2018-05-15,XRP,0.6986,605478468.0
2018-05-16,ADA,0.2564,424179400.0
2018-05-16,BNB,12.2605,2873716.0
2018-05-16,BTC,8368.8301,807786.0
2018-05-16,DOGE,0.0044,2191933818.0
2018-05-16,ETH,707.05,3502058.0
2018-05-16,XRP,0.7141,601671226.0
2018-05-17,ADA,0.2437,343439331.0
2018-05-17,BNB,12.465,4352306.0
2018-05-17,BTC,8094.3198,724277.0
2018-05-17,DOGE,0.0042,4134192711.0
2018-05-17,ETH,672.657,3494530.0
2018-05-17,XRP,0.6673,506509731.0
2018-05-18,ADA,0.2455,322598799.0
2018-05-18,BNB,15.1354,16072320.0
2018-05-18,BTC,8250.9697,698608.0
2018-05-18,DOGE,0.004,3391087803.0
2018-05-18,ETH,694.367,3320636.0
2018-05-18,XRP,0.6803,507051380.0
2018-05-19,ADA,0.2433,237504682.0
2018-05-19,BNB,14.2457,9709666.0
2018-05-19,BTC,8247.1797,571395.0
2018-05-19,DOGE,0.0043,3501493202.0
2018-05-19,ETH,696.53,2902316.0
2018-05-19,XRP,0.6767,368012749.0
2018-05-20,ADA,0.2561,395532061.0
2018-05-20,BNB,14.1178,6756733.0
2018-05-20,BTC,8513.25,609762.0
2018-05-20,DOGE,0.0044,3597083494.0
2018-05-20,ETH,715.369,3015101.0
2018-05-20,XRP,0.7002,393597107.0
2018-05-21,ADA,0.2488,341947848.0
2018-05-21,BNB,14.7223,6613593.0
2018-05-21,BTC,8418.9902,612305.0
2018-05-21,DOGE,0.0043,4320884879.0
2018-05-21,ETH,699.222,2867716.0
2018-05-21,XRP,0.6816,367496738.0
2018-05-22,ADA,0.2244,349200099.0
2018-05-22,BNB,13.9255,6214865.0
2018-05-22,BTC,8041.7798,638790.0
2018-05-22,DOGE,0.0039,2650142829.0
2018-05-22,ETH,647.741,3443459.0
2018-05-22,XRP,0.6456,363576503.0
2018-05-23,ADA,0.2029,612540831.0
2018-05-23,BNB,12.6262,5402671.0
2018-05-23,BTC,7557.8198,858861.0
2018-05-23,DOGE,0.0036,4149011299.0
2018-05-23,ETH,583.585,5132808.0
2018-05-23,XRP,0.5996,804679490.0
2018-05-24,ADA,0.209,610931692.0
2018-05-24,BNB,13.0003,4185357.0
2018-05-24,BTC,7587.3398,797278.0
2018-05-24,DOGE,0.0035,2989482624.0
2018-05-24,ETH,601.755,4638266.0
2018-05-24,XRP,0.632,697049194.0
2018-05-25,ADA,0.2007,415479309.0
2018-05-25,BNB,13.008,3780274.0
2018-05-25,BTC,7480.1401,650767.0
2018-05-25,DOGE,0.0035,3020375656.0
2018-05-25,ETH,586.734,3597746.0
2018-05-25,XRP,0.611,474329818.0
2018-05-26,ADA,0.1966,308375263.0
2018-05-26,BNB,12.7591,3390396.0
2018-05-26,BTC,7355.8799,550789.0
2018-05-26,DOGE,0.0035,1834727084.0
2018-05-26,ETH,587.28,2884995.0
2018-05-26,XRP,0.6127,348032031.0
2018-05-27,ADA,0.1936,304773280.0
2018-05-27,BNB,12.6058,2910692.0
2018-05-27,BTC,7368.2202,550543.0
2018-05-27,DOGE,0.0034,1020698016.0
2018-05-27,ETH,572.668,3123607.0
2018-05-27,XRP,0.6079,307565140.0
2018-05-28,ADA,0.1748,544138712.0
2018-05-28,BNB,11.8943,2807933.0
2018-05-28,BTC,7135.9902,706363.0
2018-05-28,DOGE,0.0032,2325728540.0
2018-05-28,ETH,516.036,4567317.0
2018-05-28,XRP,0.5523,593705573.0
2018-05-29,ADA,0.2032,911383439.0
2018-05-29,BNB,12.5717,3882347.0
2018-05-29,BTC,7472.5898,757791.0
2018-05-29,DOGE,0.0034,2689714794.0
2018-05-29,ETH,565.388,4122514.0
2018-05-29,XRP,0.6012,633263541.0
2018-05-30,ADA,0.2111,1054318628.0
2018-05-30,BNB,12.5709,3432236.0
2018-05-30,BTC,7406.52,664623.0
2018-05-30,DOGE,0.0034,2225375719.0
2018-05-30,ETH,559.59,3670491.0
2018-05-30,XRP,0.6058,529210936.0
2018-05-31,ADA,0.2252,897262142.0
2018-05-31,BNB,14.1902,6619477.0
2018-05-31,BTC,7494.1699,684149.0
2018-05-31,DOGE,0.0034,2640105921.0
2018-05-31,ETH,577.645,3436436.0
2018-05-31,XRP,0.6126,462484190.0
2018-06-01,ADA,0.2225,586669184.0
2018-06-01,BNB,14.2408,5641692.0
2018-06-01,BTC,7541.4502,652588.0
2018-06-01,DOGE,0.0034,1588308507.0
2018-06-01,ETH,580.043,3354734.0
2018-06-01,XRP,0.6234,422045566.0
2018-06-02,ADA,0.2277,511258351.0
2018-06-02,BNB,14.6797,5993515.0
2018-06-02,BTC,7643.4502,646213.0
2018-06-02,DOGE,0.0036,1663431664.0
2018-06-02,ETH,591.808,3177365.0
2018-06-02,XRP,0.6435,489867959.0
2018-06-03,ADA,0.2282,513723179.0
2018-06-03,BNB,14.566,5642064.0
2018-06-03,BTC,7720.25,628446.0
2018-06-03,DOGE,0.0037,5303577344.0
2018-06-03,ETH,618.329,2963714.0
2018-06-03,XRP,0.6712,488381356.0
2018-06-04,ADA,0.214,540179998.0
2018-06-04,BNB,14.2611,4082371.0
2018-06-04,BTC,7514.4702,664474.0
2018-06-04,DOGE,0.0035,6274688764.0
2018-06-04,ETH,592.985,3209913.0
2018-06-04,XRP,0.6614,843831141.0
2018-06-05,ADA,0.2205,543600627.0
2018-06-05,BNB,15.5993,6505035.0
2018-06-05,BTC,7633.7598,649973.0
2018-06-05,DOGE,0.0037,5150438040.0
2018-06-05,ETH,609.303,3026852.0
2018-06-05,XRP,0.677,570634323.0
2018-06-06,ADA,0.2157,392944152.0
2018-06-06,BNB,17.2475,9149500.0
2018-06-06,BTC,7653.98,613048.0
2018-06-06,DOGE,0.0038,5617560126.0
2018-06-06,ETH,607.124,2893198.0
2018-06-06,XRP,0.6748,405997680.0
2018-06-07,ADA,0.2111,364483544.0
2018-06-07,BNB,16.2631,8056951.0
2018-06-07,BTC,7678.2402,584222.0
2018-06-07,DOGE,0.0037,1637384775.0
2018-06-07,ETH,605.187,3106709.0
2018-06-07,XRP,0.6781,360651674.0
2018-06-08,ADA,0.2054,334677005.0
2018-06-08,BNB,16.2738,5800403.0
2018-06-08,BTC,7624.9199,554443.0
2018-06-08,DOGE,0.0037,1891538712.0
2018-06-08,ETH,601.077,2724742.0
2018-06-08,XRP,0.6743,329041766.0
2018-06-09,ADA,0.2021,254743663.0
2018-06-09,BNB,15.9632,5343534.0
2018-06-09,BTC,7531.98,510519.0
2018-06-09,DOGE,0.0036,1300559463.0
2018-06-09,ETH,597.562,2542514.0
2018-06-09,XRP,0.6598,266750540.0
2018-06-10,ADA,0.1769,779315619.0
2018-06-10,BNB,14.1842,5589896.0
2018-06-10,BTC,6786.02,855412.0
2018-06-10,DOGE,0.0032,2338004389.0
2018-06-10,ETH,526.479,4244956.0
2018-06-10,XRP,0.5881,837499116.0
2018-06-11,ADA,0.1813,492887815.0
2018-06-11,BNB,15.3835,5397972.0
2018-06-11,BTC,6906.9199,687031.0
2018-06-11,DOGE,0.0032,1497167620.0
2018-06-11,ETH,533.284,3716819.0
2018-06-11,XRP,0.6041,557136141.0
2018-06-12,ADA,0.1666,497559233.0
2018-06-12,BNB,15.2262,7619498.0
2018-06-12,BTC,6582.3599,707099.0
2018-06-12,DOGE,0.0031,1607413400.0
2018-06-12,ETH,496.843,3890082.0
2018-06-12,XRP,0.5629,549877134.0
2018-06-13,ADA,0.1604,621737051.0
2018-06-13,BNB,14.5891,6677307.0
2018-06-13,BTC,6349.8999,795658.0
2018-06-13,DOGE,0.0028,3931451858.0
2018-06-13,ETH,477.494,4356348.0
2018-06-13,XRP,0.5347,673068788.0
2018-06-14,ADA,0.1724,1157720130.0
2018-06-14,BNB,14.8953,5392943.0
2018-06-14,BTC,6675.3501,769804.0
2018-06-14,DOGE,0.0029,3352540686.0
2018-06-14,ETH,519.742,4730520.0
2018-06-14,XRP,0.5613,676680798.0
2018-06-15,ADA,0.1627,454389316.0
2018-06-15,BNB,15.0481,5260418.0
2018-06-15,BTC,6456.5801,612614.0
2018-06-15,DOGE,0.0029,4179800111.0
2018-06-15,ETH,491.004,3682801.0
2018-06-15,XRP,0.5377,449473421.0
2018-06-16,ADA,0.163,259038296.0
2018-06-16,BNB,15.8092,5146035.0
2018-06-16,BTC,6550.1602,487648.0
2018-06-16,DOGE,0.0029,2294442201.0
2018-06-16,ETH,499.642,2630103.0
2018-06-16,XRP,0.5348,378997862.0
2018-06-17,ADA,0.1614,221519405.0
2018-06-17,BNB,16.5788,6474896.0
2018-06-17,BTC,6499.27,477595.0
2018-06-17,DOGE,0.0029,2176693359.0
2018-06-17,ETH,500.448,2527475.0
2018-06-17,XRP,0.5282,314318382.0
2018-06-18,ADA,0.1641,338220917.0
2018-06-18,BNB,16.8797,6325705.0
2018-06-18,BTC,6734.8198,599749.0
2018-06-18,DOGE,0.003,2690294022.0
2018-06-18,ETH,518.891,2917511.0
2018-06-18,XRP,0.5375,514473622.0
2018-06-19,ADA,0.1672,417826974.0
2018-06-19,BNB,16.6996,4834732.0
2018-06-19,BTC,6769.9399,599271.0
2018-06-19,DOGE,0.003,1470580262.0
2018-06-19,ETH,537.957,3209495.0
2018-06-19,XRP,0.5496,464683858.0
2018-06-20,ADA,0.162,516255225.0
2018-06-20,BNB,16.0619,4058692.0
2018-06-20,BTC,6776.5498,573838.0
2018-06-20,DOGE,0.003,1074372741.0
2018-06-20,ETH,536.268,2976665.0
2018-06-20,XRP,0.5393,476407679.0
2018-06-21,ADA,0.1586,260082874.0
2018-06-21,BNB,17.0533,7211507.0
2018-06-21,BTC,6729.7402,524408.0
2018-06-21,DOGE,0.003,1322623858.0
2018-06-21,ETH,527.367,2772396.0
2018-06-21,XRP,0.5348,363352799.0
2018-06-22,ADA,0.1398,565378783.0
2018-06-22,BNB,15.5939,7294583.0
2018-06-22,BTC,6083.6899,834988.0
2018-06-22,DOGE,0.0027,3482728558.0
2018-06-22,ETH,465.817,4778765.0
2018-06-22,XRP,0.4869,697055310.0
2018-06-23,ADA,0.1379,280861399.0
2018-06-23,BNB,15.5512,4528982.0
2018-06-23,BTC,6162.48,556815.0
2018-06-23,DOGE,0.0026,3763135053.0
2018-06-23,ETH,474.52,3480106.0
2018-06-23,XRP,0.4913,417125334.0
2018-06-24,ADA,0.1327,550383191.0
2018-06-24,BNB,14.4476,6662442.0
2018-06-24,BTC,6173.23,739793.0
2018-06-24,DOGE,0.0025,3936095586.0
2018-06-24,ETH,457.672,5441845.0
2018-06-24,XRP,0.4774,774058390.0
2018-06-25,ADA,0.1353,426942607.0
2018-06-25,BNB,14.9209,4045198.0
2018-06-25,BTC,6249.1802,880245.0
2018-06-25,DOGE,0.0025,2291215234.0
2018-06-25,ETH,460.31,8707067.0
2018-06-25,XRP,0.4818,481012046.0
2018-06-26,ADA,0.1261,261124185.0
2018-06-26,BNB,14.12,2656048.0
2018-06-26,BTC,6093.6699,538224.0
2018-06-26,DOGE,0.0025,1642522189.0
2018-06-26,ETH,432.772,3134584.0
2018-06-26,XRP,0.456,393477196.0
2018-06-27,ADA,0.1274,290891688.0
2018-06-27,BNB,14.0501,3141373.0
2018-06-27,BTC,6157.1299,535350.0
2018-06-27,DOGE,0.0024,2365769456.0
2018-06-27,ETH,442.365,3094594.0
2018-06-27,XRP,0.4704,458400839.0
2018-06-28,ADA,0.1193,354090687.0
2018-06-28,BNB,14.1246,4764064.0
2018-06-28,BTC,5903.4399,587420.0
2018-06-28,DOGE,0.0024,1560479410.0
2018-06-28,ETH,422.365,3221834.0
2018-06-28,XRP,0.4485,491832026.0
2018-06-29,ADA,0.1257,523402824.0
2018-06-29,BNB,14.5086,3638159.0
2018-06-29,BTC,6218.2998,637832.0
2018-06-29,DOGE,0.0024,1579060512.0
2018-06-29,ETH,436.009,3588229.0
2018-06-29,XRP,0.4531,683715867.0
2018-06-30,ADA,0.1377,759775150.0
2018-06-30,BNB,14.6573,4071480.0
2018-06-30,BTC,6404.0,709535.0
2018-06-30,DOGE,0.0025,2450140118.0
2018-06-30,ETH,455.18,3242541.0
2018-06-30,XRP,0.4662,741088902.0
2018-07-01,ADA,0.1422,764605393.0
2018-07-01,BNB,14.4041,2668296.0
2018-07-01,BTC,6385.8198,749827.0
2018-07-01,DOGE,0.0025,3388923135.0
2018-07-01,ETH,453.918,3330403.0
2018-07-01,XRP,0.4614,579213942.0
2018-07-02,ADA,0.1583,1022631045.0
2018-07-02,BNB,14.5706,3816864.0
2018-07-02,BTC,6614.1802,664773.0
2018-07-02,DOGE,0.0027,2150499371.0
2018-07-02,ETH,475.347,3420217.0
2018-07-02,XRP,0.4861,691017892.0
2018-07-03,ADA,0.1507,718728213.0
2018-07-03,BNB,14.1715,4280231.0
2018-07-03,BTC,6529.5898,715559.0
2018-07-03,DOGE,0.0026,2139332776.0
2018-07-03,ETH,464.195,3627656.0
2018-07-03,XRP,0.4852,845438052.0
2018-07-04,ADA,0.151,573628093.0
2018-07-04,BNB,14.0055,2644940.0
2018-07-04,BTC,6597.5498,633067.0
2018-07-04,DOGE,0.0027,1784082144.0
2018-07-04,ETH,467.318,3316307.0
2018-07-04,XRP,0.49,640411113.0
2018-07-05,ADA,0.1489,496110669.0
2018-07-05,BNB,13.8505,2973560.0
2018-07-05,BTC,6639.1401,752995.0
2018-07-05,DOGE,0.0026,1459126587.0
2018-07-05,ETH,474.412,3854477.0
2018-07-05,XRP,0.4816,581363122.0
2018-07-06,ADA,0.1461,473281140.0
2018-07-06,BNB,13.5296,2473539.0
2018-07-06,BTC,6673.5,646431.0
2018-07-06,DOGE,0.0026,1658448220.0
2018-07-06,ETH,474.012,3433689.0
2018-07-06,XRP,0.4792,511327332.0
2018-07-07,ADA,0.1504,318976818.0
2018-07-07,BNB,14.4048,5551961.0
2018-07-07,BTC,6856.9302,577675.0
2018-07-07,DOGE,0.0026,1589909332.0
2018-07-07,ETH,491.66,2762804.0
2018-07-07,XRP,0.4925,436525986.0
2018-07-08,ADA,0.1454,331128202.0
2018-07-08,BNB,13.9919,4307878.0
2018-07-08,BTC,6773.8799,499892.0
2018-07-08,DOGE,0.0026,1916813415.0
2018-07-08,ETH,489.119,2748943.0
2018-07-08,XRP,0.4777,474399747.0
2018-07-09,ADA,0.14,305552572.0
2018-07-09,BNB,13.6645,2698525.0
2018-07-09,BTC,6741.75,551508.0
2018-07-09,DOGE,0.0026,1626407972.0
2018-07-09,ETH,476.682,3217659.0
2018-07-09,XRP,0.4743,435079170.0
2018-07-10,ADA,0.1288,483871659.0
2018-07-10,BNB,12.7613,2860767.0
2018-07-10,BTC,6329.9502,640199.0
2018-07-10,DOGE,0.0024,2796138572.0
2018-07-10,ETH,434.424,4118258.0
2018-07-10,XRP,0.445,517744376.0
2018-07-11,ADA,0.1315,381644005.0
2018-07-11,BNB,12.7049,3059269.0
2018-07-11,BTC,6394.71,569980.0
2018-07-11,DOGE,0.0024,4036556582.0
2018-07-11,ETH,446.518,3185695.0
2018-07-11,XRP,0.4502,408426310.0
2018-07-12,ADA,0.1272,295829581.0
2018-07-12,BNB,12.0706,2154665.0
2018-07-12,BTC,6228.8101,605279.0
2018-07-12,DOGE,0.0023,1830355517.0
2018-07-12,ETH,430.074,3477169.0
2018-07-12,XRP,0.4354,418360279.0
2018-07-13,ADA,0.1379,672858901.0
2018-07-13,BNB,12.1801,2439216.0
2018-07-13,BTC,6238.0498,610030.0
2018-07-13,DOGE,0.0023,2655192897.0
2018-07-13,ETH,434.027,3432206.0
2018-07-13,XRP,0.4387,408904134.0
2018-07-14,ADA,0.1371,401351664.0
2018-07-14,BNB,12.0965,1780201.0
2018-07-14,BTC,6276.1201,465840.0
2018-07-14,DOGE,0.0024,1769665495.0
2018-07-14,ETH,436.086,2833891.0
2018-07-14,XRP,0.4393,306965384.0
2018-07-15,ADA,0.1423,352475722.0
2018-07-15,BNB,12.2891,2143924.0
2018-07-15,BTC,6359.6401,516611.0
2018-07-15,DOGE,0.0024,1625991623.0
2018-07-15,ETH,449.85,3001356.0
2018-07-15,XRP,0.4459,342913354.0
2018-07-16,ADA,0.1561,580189938.0
2018-07-16,BNB,13.2373,3565576.0
2018-07-16,BTC,6741.75,700975.0
2018-07-16,DOGE,0.0029,5457673291.0
2018-07-16,ETH,480.658,3866949.0
2018-07-16,XRP,0.4834,557059269.0
2018-07-17,ADA,0.1709,780973286.0
2018-07-17,BNB,13.7128,5428738.0
2018-07-17,BTC,7321.04,814358.0
2018-07-17,DOGE,0.0032,4779801884.0
2018-07-17,ETH,501.002,4567048.0
2018-07-17,XRP,0.5056,687715492.0
2018-07-18,ADA,0.1794,1802707193.0
2018-07-18,BNB,12.8648,5864553.0
2018-07-18,BTC,7370.7798,828055.0
2018-07-18,DOGE,0.0037,10582246504.0
2018-07-18,ETH,480.513,4935475.0
2018-07-18,XRP,0.4864,756573408.0
2018-07-19,ADA,0.1809,1199658284.0
2018-07-19,BNB,12.918,3821396.0
2018-07-19,BTC,7466.8599,684576.0
2018-07-19,DOGE,0.0038,6594589084.0
2018-07-19,ETH,469.619,4405145.0
2018-07-19,XRP,0.4764,616964002.0
2018-07-20,ADA,0.1622,1329841273.0
2018-07-20,BNB,12.0709,3352360.0
2018-07-20,BTC,7354.1299,671306.0
2018-07-20,DOGE,0.0034,5283841815.0
2018-07-20,ETH,450.698,4041176.0
2018-07-20,XRP,0.447,660865702.0
2018-07-21,ADA,0.1636,769972574.0
2018-07-21,BNB,12.1853,2357488.0
2018-07-21,BTC,7419.29,502287.0
2018-07-21,DOGE,0.0033,4080397570.0
2018-07-21,ETH,462.436,3253012.0
2018-07-21,XRP,0.4554,395992636.0
2018-07-22,ADA,0.1703,818272535.0
2018-07-22,BNB,12.1199,1707308.0
2018-07-22,BTC,7418.4902,498142.0
2018-07-22,DOGE,0.0035,3284210506.0
2018-07-22,ETH,459.657,2912150.0
2018-07-22,XRP,0.4493,353665956.0
2018-07-23,ADA,0.164,896621336.0
2018-07-23,BNB,12.0199,2340926.0
2018-07-23,BTC,7711.1099,665595.0
2018-07-23,DOGE,0.0034,2440343889.0
2018-07-23,ETH,450.853,3542174.0
2018-07-23,XRP,0.4453,436902064.0
2018-07-24,ADA,0.1732,1105201783.0
2018-07-24,BNB,12.1451,3850335.0
2018-07-24,BTC,8424.2695,863896.0
2018-07-24,DOGE,0.0036,2991464014.0
2018-07-24,ETH,479.373,4771900.0
2018-07-24,XRP,0.4576,699169396.0
2018-07-25,ADA,0.1727,715847196.0
2018-07-25,BNB,12.9394,5570830.0
2018-07-25,BTC,8181.3901,714475.0
2018-07-25,DOGE,0.0035,3724414370.0
2018-07-25,ETH,472.493,4086367.0
2018-07-25,XRP,0.4598,556450329.0
2018-07-26,ADA,0.1648,511529753.0
2018-07-26,BNB,13.3973,4618946.0
2018-07-26,BTC,7951.5801,616115.0
2018-07-26,DOGE,0.0034,2038446807.0
2018-07-26,ETH,464.037,3494463.0
2018-07-26,XRP,0.4499,443605549.0
2018-07-27,ADA,0.1655,626392432.0
2018-07-27,BNB,13.9227,4743383.0
2018-07-27,BTC,8165.0098,636359.0
2018-07-27,DOGE,0.0034,1489274452.0
2018-07-27,ETH,469.666,3692539.0
2018-07-27,XRP,0.4536,449085694.0
2018-07-28,ADA,0.1634,315780395.0
2018-07-28,BNB,14.6017,5147339.0
2018-07-28,BTC,8192.1504,486899.0
2018-07-28,DOGE,0.0034,982788222.0
2018-07-28,ETH,466.898,3280995.0
2018-07-28,XRP,0.4537,346831475.0
2018-07-29,ADA,0.1633,289747293.0
2018-07-29,BNB,14.0212,4032971.0
2018-07-29,BTC,8218.46,499752.0
2018-07-29,DOGE,0.0033,1781230704.0
2018-07-29,ETH,466.665,3496962.0
2018-07-29,XRP,0.4533,423479955.0
2018-07-30,ADA,0.1541,451774626.0
2018-07-30,BNB,13.2169,2723150.0
2018-07-30,BTC,8180.48,678615.0
2018-07-30,DOGE,0.0033,4195600355.0
2018-07-30,ETH,457.081,4685362.0
2018-07-30,XRP,0.4461,555279339.0
2018-07-31,ADA,0.1433,650284367.0
2018-07-31,BNB,13.7754,4830132.0
2018-07-31,BTC,7780.4399,679593.0
2018-07-31,DOGE,0.0029,4839931968.0
2018-07-31,ETH,433.867,4196401.0
2018-07-31,XRP,0.4352,525629260.0
2018-08-01,ADA,0.1409,567688664.0
2018-08-01,BNB,13.5739,3965971.0
2018-08-01,BTC,7624.9102,629203.0
2018-08-01,DOGE,0.0032,4692942919.0
2018-08-01,ETH,420.747,4487400.0
2018-08-01,XRP,0.4459,724904210.0
2018-08-02,ADA,0.1319,519409411.0
2018-08-02,BNB,14.1769,3560807.0
2018-08-02,BTC,7567.1499,556895.0
2018-08-02,DOGE,0.0029,2356496881.0
2018-08-02,ETH,412.621,3803248.0
2018-08-02,XRP,0.4303,476225658.0
2018-08-03,ADA,0.1303,597051174.0
2018-08-03,BNB,14.1346,4984174.0
2018-08-03,BTC,7434.3901,622398.0
2018-08-03,DOGE,0.0029,3271744233.0
2018-08-03,ETH,418.262,4117850.0
2018-08-03,XRP,0.4406,632974012.0
2018-08-04,ADA,0.1275,427899533.0
2018-08-04,BNB,13.8424,4397012.0
2018-08-04,BTC,7032.8501,606922.0
2018-08-04,DOGE,0.0027,2907143954.0
2018-08-04,ETH,407.252,3601063.0
2018-08-04,XRP,0.4285,433313808.0
2018-08-05,ADA,0.1317,333291566.0
2018-08-05,BNB,13.6232,3156402.0
2018-08-05,BTC,7068.48,520495.0
2018-08-05,DOGE,0.0028,4012760030.0
2018-08-05,ETH,410.516,3402596.0
2018-08-05,XRP,0.4336,430884741.0
2018-08-06,ADA,0.1306,440700688.0
2018-08-06,BNB,13.6991,3416254.0
2018-08-06,BTC,6951.7998,564731.0
2018-08-06,DOGE,0.0028,2039823697.0
2018-08-06,ETH,406.658,3405515.0
2018-08-06,XRP,0.4141,584607832.0
2018-08-07,ADA,0.1254,457191062.0
2018-08-07,BNB,13.1461,3432159.0
2018-08-07,BTC,6753.1201,693428.0
2018-08-07,DOGE,0.0027,2143586606.0
2018-08-07,ETH,380.215,4808727.0
2018-08-07,XRP,0.381,641585693.0
2018-08-08,ADA,0.1138,722709930.0
2018-08-08,BNB,12.1437,3697267.0
2018-08-08,BTC,6305.7998,803138.0
2018-08-08,DOGE,0.0024,2020306422.0
2018-08-08,ETH,356.613,5653411.0
2018-08-08,XRP,0.3319,1087102078.0
2018-08-09,ADA,0.1235,753128160.0
2018-08-09,BNB,12.858,3218930.0
2018-08-09,BTC,6568.23,649648.0
2018-08-09,DOGE,0.0026,2886109705.0
2018-08-09,ETH,365.588,4421945.0
2018-08-09,XRP,0.3468,939452833.0
2018-08-10,ADA,0.1164,611281843.0
2018-08-10,BNB,12.1308,3052264.0
2018-08-10,BTC,6184.71,732238.0
2018-08-10,DOGE,0.0024,1962077716.0
2018-08-10,ETH,334.176,5085344.0
2018-08-10,XRP,0.3204,777914432.0
2018-08-11,ADA,0.1124,585352062.0
2018-08-11,BNB,11.7366,2492468.0
2018-08-11,BTC,6295.73,642952.0
2018-08-11,DOGE,0.0024,2114746334.0
2018-08-11,ETH,322.112,5558222.0
2018-08-11,XRP,0.3013,944105158.0
2018-08-12,ADA,0.113,310095595.0
2018-08-12,BNB,11.7418,1983537.0
2018-08-12,BTC,6322.6899,896019.0
2018-08-12,DOGE,0.0024,1428427673.0
2018-08-12,ETH,319.57,5086272.0
2018-08-12,XRP,0.2979,600352482.0
2018-08-13,ADA,0.1029,553638146.0
2018-08-13,BNB,10.2282,3405008.0
2018-08-13,BTC,6297.5698,648501.0
2018-08-13,DOGE,0.0023,2136889697.0
2018-08-13,ETH,286.495,6112463.0
2018-08-13,XRP,0.2775,847372293.0
2018-08-14,ADA,0.0947,1179913758.0
2018-08-14,BNB,9.4201,4194771.0
2018-08-14,BTC,6199.71,855153.0
2018-08-14,DOGE,0.0023,3324070827.0
2018-08-14,ETH,278.932,7664413.0
2018-08-14,XRP,0.2743,1009100474.0
2018-08-15,ADA,0.095,961139510.0
2018-08-15,BNB,9.463,4543470.0
2018-08-15,BTC,6308.52,776006.0
2018-08-15,DOGE,0.0023,2335848818.0
2018-08-15,ETH,282.364,6651520.0
2018-08-15,XRP,0.282,1178815928.0
2018-08-16,ADA,0.0953,526469888.0
2018-08-16,BNB,9.8023,2520799.0
2018-08-16,BTC,6334.73,683284.0
2018-08-16,DOGE,0.0023,2556880465.0
2018-08-16,ETH,288.046,5391396.0
2018-08-16,XRP,0.2924,814602159.0
2018-08-17,ADA,0.1099,942504603.0
2018-08-17,BNB,10.8678,3450781.0
2018-08-17,BTC,6580.6299,758740.0
2018-08-17,DOGE,0.0025,2131951062.0
2018-08-17,ETH,315.729,6320167.0
2018-08-17,XRP,0.3667,1355981838.0
2018-08-18,ADA,0.0998,1016725960.0
2018-08-18,BNB,9.9076,2806306.0
2018-08-18,BTC,6423.7598,620278.0
2018-08-18,DOGE,0.0024,2814928909.0
2018-08-18,ETH,295.812,5963314.0
2018-08-18,XRP,0.3271,1327826317.0
2018-08-19,ADA,0.1024,498910565.0
2018-08-19,BNB,10.1562,2089216.0
2018-08-19,BTC,6506.0698,508936.0
2018-08-19,DOGE,0.0025,1077678945.0
2018-08-19,ETH,300.834,4812986.0
2018-08-19,XRP,0.344,951514375.0
2018-08-20,ADA,0.0938,575269829.0
2018-08-20,BNB,9.7009,1816084.0
2018-08-20,BTC,6308.5298,580975.0
2018-08-20,DOGE,0.0024,1023267154.0
2018-08-20,ETH,274.315,5153892.0
2018-08-20,XRP,0.3193,974508482.0
2018-08-21,ADA,0.095,521510892.0
2018-08-21,BNB,9.7146,1361668.0
2018-08-21,BTC,6488.7598,520466.0
2018-08-21,DOGE,0.0024,880433145.0
2018-08-21,ETH,281.944,4128905.0
2018-08-21,XRP,0.3352,742100433.0
2018-08-22,ADA,0.0901,716214265.0
2018-08-22,BNB,9.5397,2508404.0
2018-08-22,BTC,6376.71,732056.0
2018-08-22,DOGE,0.0023,2575516274.0
2018-08-22,ETH,271.341,5556329.0
2018-08-22,XRP,0.3198,896942807.0
2018-08-23,ADA,0.0925,404501734.0
2018-08-23,BNB,9.715,1783575.0
2018-08-23,BTC,6534.8799,524291.0
2018-08-23,DOGE,0.0024,1088578616.0
2018-08-23,ETH,277.104,4587303.0
2018-08-23,XRP,0.3277,663936624.0
2018-08-24,ADA,0.0941,375250067.0
2018-08-24,BNB,10.2347,2229171.0
2018-08-24,BTC,6719.96,609798.0
2018-08-24,DOGE,0.0024,1340441012.0
2018-08-24,ETH,282.967,5124873.0
2018-08-24,XRP,0.3276,746540068.0
2018-08-25,ADA,0.0943,325350540.0
2018-08-25,BNB,10.1358,1929931.0
2018-08-25,BTC,6763.1899,489798.0
2018-08-25,DOGE,0.0024,1699890377.0
2018-08-25,ETH,279.646,4321035.0
2018-08-25,XRP,0.3282,509895510.0
2018-08-26,ADA,0.0933,288279164.0
2018-08-26,BNB,10.1856,2214028.0
2018-08-26,BTC,6707.2598,491333.0
2018-08-26,DOGE,0.0024,1211410194.0
2018-08-26,ETH,275.197,4384677.0
2018-08-26,XRP,0.3238,521094820.0
2018-08-27,ADA,0.1003,553694259.0
2018-08-27,BNB,11.2128,4009123.0
2018-08-27,BTC,6884.6401,583763.0
2018-08-27,DOGE,0.0025,1469805104.0
2018-08-27,ETH,285.603,4925684.0
2018-08-27,XRP,0.3369,674627403.0
2018-08-28,ADA,0.1055,749521234.0
2018-08-28,BNB,11.4861,3818598.0
2018-08-28,BTC,7096.2798,656674.0
2018-08-28,DOGE,0.0026,2000559984.0
2018-08-28,ETH,296.499,5104065.0
2018-08-28,XRP,0.3518,936655302.0
2018-08-29,ADA,0.1055,792482126.0
2018-08-29,BNB,11.1735,3000904.0
2018-08-29,BTC,7047.1602,588305.0
2018-08-29,DOGE,0.0026,1760706027.0
2018-08-29,ETH,289.312,5096435.0
2018-08-29,XRP,0.3448,800190241.0
2018-08-30,ADA,0.1006,644465977.0
2018-08-30,BNB,10.7626,2160054.0
2018-08-30,BTC,6978.23,639596.0
2018-08-30,DOGE,0.0032,10594978282.0
2018-08-30,ETH,284.105,5325848.0
2018-08-30,XRP,0.3354,786793019.0
2018-08-31,ADA,0.1022,413425181.0
2018-08-31,BNB,11.0138,2055440.0
2018-08-31,BTC,7037.5801,638806.0
2018-08-31,DOGE,0.0048,16093136643.0
2018-08-31,ETH,283.004,4989011.0
2018-08-31,XRP,0.3353,653498610.0
2018-09-01,ADA,0.1068,657220563.0
2018-09-01,BNB,11.3794,2616684.0
2018-09-01,BTC,7193.25,572210.0
2018-09-01,DOGE,0.0063,30873845957.0
2018-09-01,ETH,295.341,5236760.0
2018-09-01,XRP,0.3477,739866135.0
2018-09-02,ADA,0.1044,559137995.0
2018-09-02,BNB,11.2994,1925536.0
2018-09-02,BTC,7272.7202,595312.0
2018-09-02,DOGE,0.005,27891377643.0
2018-09-02,ETH,294.371,4487704.0
2018-09-02,XRP,0.3425,703330854.0
2018-09-03,ADA,0.1036,518181209.0
2018-09-03,BNB,11.2611,1655638.0
2018-09-03,BTC,7260.0601,563048.0
2018-09-03,DOGE,0.0053,10854310567.0
2018-09-03,ETH,289.259,4820904.0
2018-09-03,XRP,0.336,598721255.0
2018-09-04,ADA,0.1053,516006275.0
2018-09-04,BNB,11.3592,1661975.0
2018-09-04,BTC,7361.6602,580527.0
2018-09-04,DOGE,0.0053,6167223568.0
2018-09-04,ETH,285.723,5441879.0
2018-09-04,XRP,0.3317,727928704.0
2018-09-05,ADA,0.0876,1127212848.0
2018-09-05,BNB,10.0866,2905667.0
2018-09-05,BTC,6792.8301,853909.0
2018-09-05,DOGE,0.0049,10248630982.0
2018-09-05,ETH,232.331,10288726.0
2018-09-05,XRP,0.2836,1214692533.0
2018-09-06,ADA,0.0887,826012231.0
2018-09-06,BNB,10.2842,2281753.0
2018-09-06,BTC,6529.1699,845968.0
2018-09-06,DOGE,0.005,6483293459.0
2018-09-06,ETH,230.215,9110223.0
2018-09-06,XRP,0.3027,1089369375.0
2018-09-07,ADA,0.084,498530675.0
2018-09-07,BNB,10.0373,1657856.0
2018-09-07,BTC,6467.0698,659445.0
2018-09-07,DOGE,0.0053,7088505573.0
2018-09-07,ETH,217.203,7726689.0
2018-09-07,XRP,0.2914,734163699.0
2018-09-08,ADA,0.0782,450037705.0
2018-09-08,BNB,9.5201,1581195.0
2018-09-08,BTC,6225.98,615977.0
2018-09-08,DOGE,0.0057,8476510840.0
2018-09-08,ETH,197.951,7664523.0
2018-09-08,XRP,0.2793,605757296.0
2018-09-09,ADA,0.0766,624585435.0
2018-09-09,BNB,9.5126,1466188.0
2018-09-09,BTC,6300.8599,582760.0
2018-09-09,DOGE,0.0058,5587922539.0
2018-09-09,ETH,196.924,8053767.0
2018-09-09,XRP,0.2787,606398026.0
2018-09-10,ADA,0.0735,607852191.0
2018-09-10,BNB,9.5249,1304784.0
2018-09-10,BTC,6329.7002,586773.0
2018-09-10,DOGE,0.0069,11156645614.0
2018-09-10,ETH,197.079,7626181.0
2018-09-10,XRP,0.2703,758202253.0
2018-09-11,ADA,0.0705,675258438.0
2018-09-11,BNB,9.374,1981244.0
2018-09-11,BTC,6321.2002,609047.0
2018-09-11,DOGE,0.0063,14201753840.0
2018-09-11,ETH,185.066,8477516.0
2018-09-11,XRP,0.2637,759660255.0
2018-09-12,ADA,0.0667,1367479251.0
2018-09-12,BNB,9.2144,2314142.0
2018-09-12,BTC,6351.7998,639855.0
2018-09-12,DOGE,0.0065,9267869833.0
2018-09-12,ETH,183.331,10226585.0
2018-09-12,XRP,0.2701,1105010593.0
2018-09-13,ADA,0.0698,1231747519.0
2018-09-13,BNB,9.6041,2584022.0
2018-09-13,BTC,6517.3101,646112.0
2018-09-13,DOGE,0.0066,6985916912.0
2018-09-13,ETH,211.354,11027565.0
2018-09-13,XRP,0.2806,1111254090.0
2018-09-14,ADA,0.0682,912214228.0
2018-09-14,BNB,9.93,2630883.0
2018-09-14,BTC,6512.71,625887.0
2018-09-14,DOGE,0.0062,6781553370.0
2018-09-14,ETH,211.749,10541679.0
2018-09-14,XRP,0.2772,970666638.0
2018-09-15,ADA,0.0693,502615350.0
2018-09-15,BNB,10.1103,2698347.0
2018-09-15,BTC,6543.2002,491548.0
2018-09-15,DOGE,0.0062,2750429781.0
2018-09-15,ETH,223.074,7488501.0
2018-09-15,XRP,0.282,728209858.0
2018-09-16,ADA,0.07,466583761.0
2018-09-16,BNB,9.936,2075590.0
2018-09-16,BTC,6517.1802,502323.0
2018-09-16,DOGE,0.0065,3307089197.0
2018-09-16,ETH,220.589,6810222.0
2018-09-16,XRP,0.2812,700685748.0
2018-09-17,ADA,0.0639,760725485.0
2018-09-17,BNB,9.4053,2378541.0
2018-09-17,BTC,6281.2002,622617.0
2018-09-17,DOGE,0.0062,4226477786.0
2018-09-17,ETH,197.875,10208010.0
2018-09-17,XRP,0.2723,905374052.0
2018-09-18,ADA,0.0694,967290781.0
2018-09-18,BNB,9.5441,2411563.0
2018-09-18,BTC,6371.2998,656081.0
2018-09-18,DOGE,0.006,6635930291.0
2018-09-18,ETH,209.975,8575497.0
2018-09-18,XRP,0.3219,1864835726.0
2018-09-19,ADA,0.0724,1327868642.0
2018-09-19,BNB,9.6191,2358310.0
2018-09-19,BTC,6398.54,692555.0
2018-09-19,DOGE,0.0056,6889873293.0
2018-09-19,ETH,209.969,8255171.0
2018-09-19,XRP,0.3261,1501623999.0
2018-09-20,ADA,0.0815,1273581816.0
2018-09-20,BNB,10.0745,2777676.0
2018-09-20,BTC,6519.6699,666922.0
2018-09-20,DOGE,0.0057,4452045791.0
2018-09-20,ETH,224.591,7934735.0
2018-09-20,XRP,0.4499,2870211893.0
2018-09-21,ADA,0.0876,2423053273.0
2018-09-21,BNB,10.4108,3383813.0
2018-09-21,BTC,6734.9502,969857.0
2018-09-21,DOGE,0.0057,3931263213.0
2018-09-21,ETH,246.584,11501963.0
2018-09-21,XRP,0.5615,7305018165.0
2018-09-22,ADA,0.0832,991992154.0
2018-09-22,BNB,10.245,2121210.0
2018-09-22,BTC,6721.98,670883.0
2018-09-22,DOGE,0.0058,2590760648.0
2018-09-22,ETH,240.48,7991600.0
2018-09-22,XRP,0.5708,4224664566.0
2018-09-23,ADA,0.0898,1671190136.0
2018-09-23,BNB,10.2806,2205416.0
2018-09-23,BTC,6710.6299,625500.0
2018-09-23,DOGE,0.0059,2108981530.0
2018-09-23,ETH,244.33,6931077.0
2018-09-23,XRP,0.5707,1829315019.0
2018-09-24,ADA,0.0828,1081785761.0
2018-09-24,BNB,10.0359,1915493.0
2018-09-24,BTC,6595.4102,633366.0
2018-09-24,DOGE,0.0057,3037449275.0
2018-09-24,ETH,228.73,7645434.0
2018-09-24,XRP,0.4947,2090873094.0
2018-09-25,ADA,0.081,1080308048.0
2018-09-25,BNB,9.7832,1968290.0
2018-09-25,BTC,6446.4702,733142.0
2018-09-25,DOGE,0.0057,3095093217.0
2018-09-25,ETH,218.505,9703942.0
2018-09-25,XRP,0.5269,3111695608.0
2018-09-26,ADA,0.0795,809318548.0
2018-09-26,BNB,9.7366,1886731.0
2018-09-26,BTC,6495.0,683187.0
2018-09-26,DOGE,0.0057,2049798131.0
2018-09-26,ETH,215.847,8135855.0
2018-09-26,XRP,0.5163,3528145925.0
2018-09-27,ADA,0.086,1184997831.0
2018-09-27,BNB,10.0312,2688302.0
2018-09-27,BTC,6676.75,689978.0
2018-09-27,DOGE,0.0059,2567817731.0
2018-09-27,ETH,228.494,8885660.0
2018-09-27,XRP,0.5414,1522186774.0
2018-09-28,ADA,0.084,1060472212.0
2018-09-28,BNB,9.9693,2517509.0
2018-09-28,BTC,6644.1299,754716.0
2018-09-28,DOGE,0.0058,2480123508.0
2018-09-28,ETH,222.402,9074199.0
2018-09-28,XRP,0.5391,1332292803.0
2018-09-29,ADA,0.0846,660165951.0
2018-09-29,BNB,9.9991,2607464.0
2018-09-29,BTC,6601.96,660969.0
2018-09-29,DOGE,0.0059,2664415942.0
2018-09-29,ETH,231.635,9535347.0
2018-09-29,XRP,0.5712,1810782998.0
2018-09-30,ADA,0.0852,585164640.0
2018-09-30,BNB,10.0178,2690611.0
2018-09-30,BTC,6625.5601,604067.0
2018-09-30,DOGE,0.0059,2268303496.0
2018-09-30,ETH,232.848,7582457.0
2018-09-30,XRP,0.5816,2286423708.0
2018-10-01,ADA,0.0845,498128319.0
2018-10-01,BNB,9.9437,2528093.0
2018-10-01,BTC,6589.6201,607162.0
2018-10-01,DOGE,0.0059,3382093528.0
2018-10-01,ETH,230.768,6922537.0
2018-10-01,XRP,0.5765,2450816201.0
2018-10-02,ADA,0.0825,421389882.0
2018-10-02,BNB,10.3568,3996022.0
2018-10-02,BTC,6556.1001,606955.0
2018-10-02,DOGE,0.0058,2636881819.0
2018-10-02,ETH,227.181,6787892.0
2018-10-02,XRP,0.5208,1427903523.0
2018-10-03,ADA,0.0808,471149539.0
2018-10-03,BNB,10.2712,3735873.0
2018-10-03,BTC,6502.5898,597810.0
2018-10-03,DOGE,0.0057,2793460667.0
2018-10-03,ETH,220.489,7637252.0
2018-10-03,XRP,0.5282,1494293410.0
2018-10-04,ADA,0.0813,389465469.0
2018-10-04,BNB,10.2556,3172403.0
2018-10-04,BTC,6576.6899,583639.0
2018-10-04,DOGE,0.0056,2573888438.0
2018-10-04,ETH,222.218,6657876.0
2018-10-04,XRP,0.5266,1180417565.0
2018-10-05,ADA,0.083,375473260.0
2018-10-05,BNB,10.6362,3831838.0
2018-10-05,BTC,6622.48,554400.0
2018-10-05,DOGE,0.0057,2216651931.0
2018-10-05,ETH,227.601,6798432.0
2018-10-05,XRP,0.519,1136043322.0
2018-10-06,ADA,0.0813,323205784.0
2018-10-06,BNB,10.3721,2983099.0
2018-10-06,BTC,6588.3101,494776.0
2018-10-06,DOGE,0.0055,2354463447.0
2018-10-06,ETH,225.12,6685634.0
2018-10-06,XRP,0.4881,1377160009.0
2018-10-07,ADA,0.0847,411637427.0
2018-10-07,BNB,10.519,3061603.0
2018-10-07,BTC,6602.9502,500781.0
2018-10-07,DOGE,0.0056,1394406694.0
2018-10-07,ETH,226.119,6503124.0
2018-10-07,XRP,0.482,1138175531.0
2018-10-08,ADA,0.0866,716798859.0
2018-10-08,BNB,10.5066,3039299.0
2018-10-08,BTC,6652.23,598214.0
2018-10-08,DOGE,0.0056,2183112188.0
2018-10-08,ETH,229.255,6415302.0
2018-10-08,XRP,0.4898,1104299915.0
2018-10-09,ADA,0.0864,448257827.0
2018-10-09,BNB,10.3849,2684773.0
2018-10-09,BTC,6642.6401,539064.0
2018-10-09,DOGE,0.0056,1596466773.0
2018-10-09,ETH,227.982,6163338.0
2018-10-09,XRP,0.4799,868731730.0
2018-10-10,ADA,0.0847,423814641.0
2018-10-10,BNB,10.328,2531090.0
2018-10-10,BTC,6585.5298,575147.0
2018-10-10,DOGE,0.0056,1850576402.0
2018-10-10,ETH,225.769,6130337.0
2018-10-10,XRP,0.4624,891476196.0
2018-10-11,ADA,0.0709,1024256095.0
2018-10-11,BNB,9.3013,2804376.0
2018-10-11,BTC,6256.2402,828235.0
2018-10-11,DOGE,0.005,3754160084.0
2018-10-11,ETH,189.499,11438689.0
2018-10-11,XRP,0.3831,2065100543.0
2018-10-12,ADA,0.0732,559715340.0
2018-10-12,BNB,9.5289,2738961.0
2018-10-12,BTC,6274.5801,602989.0
2018-10-12,DOGE,0.0052,1836401705.0
2018-10-12,ETH,196.727,7563273.0
2018-10-12,XRP,0.4191,1956870994.0
2018-10-13,ADA,0.0731,322447765.0
2018-10-13,BNB,9.5404,2542158.0
2018-10-13,BTC,6285.9902,487438.0
2018-10-13,DOGE,0.0052,1562163294.0
2018-10-13,ETH,199.841,5842695.0
2018-10-13,XRP,0.4189,892563013.0
2018-10-14,ADA,0.0713,368207276.0
2018-10-14,BNB,9.4967,2419146.0
2018-10-14,BTC,6290.9302,490439.0
2018-10-14,DOGE,0.0052,1537564900.0
2018-10-14,ETH,195.715,5974299.0
2018-10-14,XRP,0.4033,717096534.0
2018-10-15,ADA,0.0748,962079952.0
2018-10-15,BNB,10.3161,5072789.0
2018-10-15,BTC,6596.54,1117369.0
2018-10-15,DOGE,0.0052,3560712814.0
2018-10-15,ETH,209.704,13666073.0
2018-10-15,XRP,0.4473,2328264630.0
2018-10-16,ADA,0.0758,350275669.0
2018-10-16,BNB,10.0109,3068575.0
2018-10-16,BTC,6596.1099,617758.0
2018-10-16,DOGE,0.005,2350926950.0
2018-10-16,ETH,210.12,7292405.0
2018-10-16,XRP,0.4703,1286758430.0
2018-10-17,ADA,0.0774,476795675.0
2018-10-17,BNB,9.9045,3566612.0
2018-10-17,BTC,6544.4302,624717.0
2018-10-17,DOGE,0.0046,5249967542.0
2018-10-17,ETH,207.083,6973677.0
2018-10-17,XRP,0.4682,1124607833.0
2018-10-18,ADA,0.0751,381126304.0
2018-10-18,BNB,9.7166,3065976.0
2018-10-18,BTC,6476.71,605876.0
2018-10-18,DOGE,0.0044,5208071290.0
2018-10-18,ETH,203.352,6716727.0
2018-10-18,XRP,0.4577,1041839559.0
2018-10-19,ADA,0.0758,239382342.0
2018-10-19,BNB,9.7668,2524729.0
2018-10-19,BTC,6465.4102,553541.0
2018-10-19,DOGE,0.0045,3864586092.0
2018-10-19,ETH,203.727,6206737.0
2018-10-19,XRP,0.4542,668022221.0
2018-10-20,ADA,0.0763,266745692.0
2018-10-20,BNB,9.7546,2457520.0
2018-10-20,BTC,6489.1899,520732.0
2018-10-20,DOGE,0.0046,1664421020.0
2018-10-20,ETH,205.43,6030181.0
2018-10-20,XRP,0.4592,603420226.0
2018-10-21,ADA,0.0759,232232803.0
2018-10-21,BNB,9.7433,2646968.0
2018-10-21,BTC,6482.3501,501918.0
2018-10-21,DOGE,0.0045,1665060819.0
2018-10-21,ETH,205.142,5802322.0
2018-10-21,XRP,0.4567,575586708.0
2018-10-22,ADA,0.0758,222652281.0
2018-10-22,BNB,9.7268,2837486.0
2018-10-22,BTC,6487.1602,566174.0
2018-10-22,DOGE,0.0044,2428424085.0
2018-10-22,ETH,204.044,6513203.0
2018-10-22,XRP,0.4531,550203157.0
2018-10-23,ADA,0.0747,277090821.0
2018-10-23,BNB,9.8031,3147195.0
2018-10-23,BTC,6475.7402,573857.0
2018-10-23,DOGE,0.0042,3095182091.0
2018-10-23,ETH,204.336,6056153.0
2018-10-23,XRP,0.4621,963597627.0
2018-10-24,ADA,0.0743,190409166.0
2018-10-24,BNB,9.7453,2734913.0
2018-10-24,BTC,6495.8398,527210.0
2018-10-24,DOGE,0.0039,4559524173.0
2018-10-24,ETH,203.852,5406962.0
2018-10-24,XRP,0.4572,645431137.0
2018-10-25,ADA,0.0739,170152591.0
2018-10-25,BNB,9.6923,2600771.0
2018-10-25,BTC,6476.29,498827.0
2018-10-25,DOGE,0.0037,3318832483.0
2018-10-25,ETH,202.719,5440536.0
2018-10-25,XRP,0.4581,596831789.0
2018-10-26,ADA,0.0737,182665209.0
2018-10-26,BNB,9.7027,2524643.0
2018-10-26,BTC,6474.75,510607.0
2018-10-26,DOGE,0.004,4070004950.0
2018-10-26,ETH,203.329,5711483.0
2018-10-26,XRP,0.4593,512780651.0
2018-10-27,ADA,0.0729,141536102.0
2018-10-27,BNB,9.6545,2376417.0
2018-10-27,BTC,6480.3799,523619.0
2018-10-27,DOGE,0.0042,5550893862.0
2018-10-27,ETH,204.21,5312227.0
2018-10-27,XRP,0.4563,462379586.0
2018-10-28,ADA,0.0732,153433293.0
2018-10-28,BNB,9.6668,2561398.0
2018-10-28,BTC,6486.3901,531141.0
2018-10-28,DOGE,0.0041,2878341148.0
2018-10-28,ETH,205.366,5546877.0
2018-10-28,XRP,0.4624,605539276.0
2018-10-29,ADA,0.0696,306141287.0
2018-10-29,BNB,9.4026,2614505.0
2018-10-29,BTC,6332.6299,663217.0
2018-10-29,DOGE,0.0038,3652690450.0
2018-10-29,ETH,197.247,7692031.0
2018-10-29,XRP,0.4415,773810143.0
2018-10-30,ADA,0.0696,163952505.0
2018-10-30,BNB,9.387,2589283.0
2018-10-30,BTC,6334.27,596928.0
2018-10-30,DOGE,0.0038,3072441575.0
2018-10-30,ETH,197.556,6901840.0
2018-10-30,XRP,0.4448,552789249.0
2018-10-31,ADA,0.0697,234789463.0
2018-10-31,BNB,9.365,2284922.0
2018-10-31,BTC,6317.6099,663422.0
2018-10-31,DOGE,0.0038,3792215705.0
2018-10-31,ETH,197.381,7307593.0
2018-10-31,XRP,0.4484,818516372.0
2018-11-01,ADA,0.0709,158841205.0
2018-11-01,BNB,9.5492,2061959.0
2018-11-01,BTC,6377.7798,594157.0
2018-11-01,DOGE,0.0038,2656632326.0
2018-11-01,ETH,198.872,6721409.0
2018-11-01,XRP,0.4557,760334144.0
2018-11-02,ADA,0.0726,259332624.0
2018-11-02,BNB,9.5731,2225491.0
2018-11-02,BTC,6388.4399,662896.0
2018-11-02,DOGE,0.0038,3001166108.0
2018-11-02,ETH,200.635,7236375.0
2018-11-02,XRP,0.4587,874892335.0
2018-11-03,ADA,0.0715,209136949.0
2018-11-03,BNB,9.5302,2063281.0
2018-11-03,BTC,6361.2598,575144.0
2018-11-03,DOGE,0.0037,2093533340.0
2018-11-03,ETH,200.186,6529677.0
2018-11-03,XRP,0.4557,604193428.0
2018-11-04,ADA,0.0762,694279093.0
2018-11-04,BNB,9.6275,2501127.0
2018-11-04,BTC,6376.1299,688509.0
2018-11-04,DOGE,0.0037,2446283970.0
2018-11-04,ETH,207.486,8430931.0
2018-11-04,XRP,0.4627,928544086.0
2018-11-05,ADA,0.0761,451201588.0
2018-11-05,BNB,9.6725,2181781.0
2018-11-05,BTC,6419.6602,650315.0
2018-11-05,DOGE,0.0036,3215157278.0
2018-11-05,ETH,209.091,7716783.0
2018-11-05,XRP,0.4974,1118829068.0
2018-11-06,ADA,0.081,611142378.0
2018-11-06,BNB,9.7808,2536620.0
2018-11-06,BTC,6461.0098,727447.0
2018-11-06,DOGE,0.0037,4208360423.0
2018-11-06,ETH,218.452,8500449.0
2018-11-06,XRP,0.5491,2427988573.0
2018-11-07,ADA,0.0785,469200713.0
2018-11-07,BNB,9.8169,2387070.0
2018-11-07,BTC,6530.1401,756685.0
2018-11-07,DOGE,0.0036,2915479801.0
2018-11-07,ETH,217.183,8876524.0
2018-11-07,XRP,0.5357,1178312032.0
2018-11-08,ADA,0.0765,420294654.0
2018-11-08,BNB,9.651,2266834.0
2018-11-08,BTC,6453.7202,722879.0
2018-11-08,DOGE,0.0034,3999379523.0
2018-11-08,ETH,212.231,8335634.0
2018-11-08,XRP,0.4935,1390496171.0
2018-11-09,ADA,0.0742,320060359.0
2018-11-09,BNB,9.5542,1973980.0
2018-11-09,BTC,6385.6201,680720.0
2018-11-09,DOGE,0.0031,5937579754.0
2018-11-09,ETH,210.074,7400963.0
2018-11-09,XRP,0.5007,1018369480.0
2018-11-10,ADA,0.0752,199573252.0
2018-11-10,BNB,9.5575,1940943.0
2018-11-10,BTC,6409.2202,578123.0
2018-11-10,DOGE,0.0033,4869680216.0
2018-11-10,ETH,212.533,6482570.0
2018-11-10,XRP,0.5067,647403368.0
2018-11-11,ADA,0.0765,309403644.0
2018-11-11,BNB,9.466,1995521.0
2018-11-11,BTC,6411.27,614396.0
2018-11-11,DOGE,0.0032,2593715924.0
2018-11-11,ETH,211.34,7105139.0
2018-11-11,XRP,0.5059,578508536.0
2018-11-12,ADA,0.076,275984514.0
2018-11-12,BNB,9.3612,2078009.0
2018-11-12,BTC,6371.27,674241.0
2018-11-12,DOGE,0.0031,3394647467.0
2018-11-12,ETH,210.418,6902356.0
2018-11-12,XRP,0.5172,1169920613.0
2018-11-13,ADA,0.0736,276202069.0
2018-11-13,BNB,9.2484,1845550.0
2018-11-13,BTC,6359.4902,708201.0
2018-11-13,DOGE,0.0029,2482105202.0
2018-11-13,ETH,206.826,7785578.0
2018-11-13,XRP,0.5101,1022667596.0
2018-11-14,ADA,0.0648,847902012.0
2018-11-14,BNB,8.407,2321646.0
2018-11-14,BTC,5738.3501,1289385.0
2018-11-14,DOGE,0.0027,5698701231.0
2018-11-14,ETH,181.397,14307458.0
2018-11-14,XRP,0.4744,2067162482.0
2018-11-15,ADA,0.0635,948456960.0
2018-11-15,BNB,8.1849,2337450.0
2018-11-15,BTC,5648.0298,1245061.0
2018-11-15,DOGE,0.0028,8134500290.0
2018-11-15,ETH,180.806,14592491.0
2018-11-15,XRP,0.4817,2005358059.0
2018-11-16,ADA,0.0612,450437430.0
2018-11-16,BNB,7.8845,2393246.0
2018-11-16,BTC,5575.5498,946870.0
2018-11-16,DOGE,0.0027,9016351205.0
2018-11-16,ETH,175.177,11504535.0
2018-11-16,XRP,0.4716,1258610426.0
2018-11-17,ADA,0.0607,295447883.0
2018-11-17,BNB,7.7182,2199204.0
2018-11-17,BTC,5554.3301,774738.0
2018-11-17,DOGE,0.0026,7141926868.0
2018-11-17,ETH,174.001,10533272.0
2018-11-17,XRP,0.4917,1235529436.0
2018-11-18,ADA,0.0619,269226043.0
2018-11-18,BNB,7.9998,1723052.0
2018-11-18,BTC,5623.54,739691.0
2018-11-18,DOGE,0.0026,4372455375.0
2018-11-18,ETH,177.067,10227315.0
2018-11-18,XRP,0.5105,1732275708.0
2018-11-19,ADA,0.0526,1021965702.0
2018-11-19,BNB,6.6321,3251931.0
2018-11-19,BTC,4871.4902,1445053.0
2018-11-19,DOGE,0.0024,6816004911.0
2018-11-19,ETH,149.175,18402279.0
2018-11-19,XRP,0.4782,2713158113.0
2018-11-20,ADA,0.0448,1464073124.0
2018-11-20,BNB,5.7602,4511849.0
2018-11-20,BTC,4451.8701,1893202.0
2018-11-20,DOGE,0.0023,9134339222.0
2018-11-20,ETH,130.339,24048135.0
2018-11-20,XRP,0.4347,3538573724.0
2018-11-21,ADA,0.0478,710297200.0
2018-11-21,BNB,6.199,2292093.0
2018-11-21,BTC,4602.1699,1329834.0
2018-11-21,DOGE,0.0024,11587704183.0
2018-11-21,ETH,136.701,19648210.0
2018-11-21,XRP,0.4477,1917348564.0
2018-11-22,ADA,0.0443,422322905.0
2018-11-22,BNB,5.7555,1717525.0
2018-11-22,BTC,4365.9399,1046595.0
2018-11-22,DOGE,0.0024,5499253794.0
2018-11-22,ETH,126.706,14144160.0
2018-11-22,XRP,0.4261,1126652302.0
2018-11-23,ADA,0.0434,558797108.0
2018-11-23,BNB,5.5574,1789203.0
2018-11-23,BTC,4347.1099,1120627.0
2018-11-23,DOGE,0.0024,4795425566.0
2018-11-23,ETH,123.296,16204987.0
2018-11-23,XRP,0.4074,1899925893.0
2018-11-24,ADA,0.0385,669311962.0
2018-11-24,BNB,5.1153,2333968.0
2018-11-24,BTC,3880.76,1205821.0
2018-11-24,DOGE,0.0022,5089073883.0
2018-11-24,ETH,113.494,15868327.0
2018-11-24,XRP,0.3753,1668582322.0
2018-11-25,ADA,0.0377,1078966158.0
2018-11-25,BNB,5.1806,2361956.0
2018-11-25,BTC,4009.97,1702167.0
2018-11-25,DOGE,0.0022,5312567789.0
2018-11-25,ETH,116.45,21182912.0
2018-11-25,XRP,0.3746,3461718180.0
2018-11-26,ADA,0.0358,883681500.0
2018-11-26,BNB,4.9264,2056714.0
2018-11-26,BTC,3779.1299,1713860.0
2018-11-26,DOGE,0.0021,5712815851.0
2018-11-26,ETH,108.335,19748835.0
2018-11-26,XRP,0.3555,2903353867.0
2018-11-27,ADA,0.0365,492753910.0
2018-11-27,BNB,4.9131,1842072.0
2018-11-27,BTC,3820.72,1570050.0
2018-11-27,DOGE,0.0021,5624293085.0
2018-11-27,ETH,110.01,21089082.0
2018-11-27,XRP,0.3602,1666381596.0
2018-11-28,ADA,0.042,1133350021.0
2018-11-28,BNB,5.337,2884189.0
2018-11-28,BTC,4257.4199,1710022.0
2018-11-28,DOGE,0.0022,6534193816.0
2018-11-28,ETH,122.438,21835296.0
2018-11-28,XRP,0.3906,1983879479.0
2018-11-29,ADA,0.0419,944539036.0
2018-11-29,BNB,5.3466,2436662.0
2018-11-29,BTC,4278.8467,1519883.0
2018-11-29,DOGE,0.0022,5733429993.0
2018-11-29,ETH,117.5426,18683424.0
2018-11-29,XRP,0.3796,1659545984.0
2018-11-30,ADA,0.0389,741639417.0
2018-11-30,BNB,5.0786,2106699.0
2018-11-30,BTC,4017.2686,1505505.0
2018-11-30,DOGE,0.0022,5214655537.0
2018-11-30,ETH,113.1714,17855643.0
2018-11-30,XRP,0.3625,1412702645.0
2018-12-01,ADA,0.0415,465764948.0
2018-12-01,BNB,5.2887,2324031.0
2018-12-01,BTC,4214.6719,1275381.0
2018-12-01,DOGE,0.0022,4265034406.0
2018-12-01,ETH,118.6356,17966584.0
2018-12-01,XRP,0.3729,1065326293.0
2018-12-02,ADA,0.0417,556873288.0
2018-12-02,BNB,5.2504,2256642.0
2018-12-02,BTC,4139.8779,1271221.0
2018-12-02,DOGE,0.0022,4161404079.0
2018-12-02,ETH,116.3889,15948249.0
2018-12-02,XRP,0.3676,913241342.0
2018-12-03,ADA,0.0387,550336221.0
2018-12-03,BNB,5.1093,2386464.0
2018-12-03,BTC,3894.1309,1306985.0
2018-12-03,DOGE,0.0024,5264329212.0
2018-12-03,ETH,108.925,16275014.0
2018-12-03,XRP,0.3488,1125869856.0
2018-12-04,ADA,0.0377,625040998.0
2018-12-04,BNB,5.8808,6641854.0
2018-12-04,BTC,3956.8938,1270711.0
2018-12-04,DOGE,0.0022,8129047971.0
2018-12-04,ETH,110.2142,15861084.0
2018-12-04,XRP,0.3522,1264324918.0
2018-12-05,ADA,0.0343,766421577.0
2018-12-05,BNB,5.9843,10291956.0
2018-12-05,BTC,3753.9949,1412490.0
2018-12-05,DOGE,0.0022,9465453372.0
2018-12-05,ETH,102.4756,19420803.0
2018-12-05,XRP,0.3382,1184140768.0
2018-12-06,ADA,0.0308,883023494.0
2018-12-06,BNB,4.9517,7755783.0
2018-12-06,BTC,3521.1018,1669458.0
2018-12-06,DOGE,0.0021,11810278090.0
2018-12-06,ETH,91.7611,25181892.0
2018-12-06,XRP,0.3109,1664493695.0
2018-12-07,ADA,0.0299,1063176495.0
2018-12-07,BNB,4.5286,5497311.0
2018-12-07,BTC,3419.9373,1998755.0
2018-12-07,DOGE,0.0021,13194817294.0
2018-12-07,ETH,93.2946,27378922.0
2018-12-07,XRP,0.302,2209728355.0
2018-12-08,ADA,0.0307,651510164.0
2018-12-08,BNB,4.7004,3517628.0
2018-12-08,BTC,3476.1147,1526136.0
2018-12-08,DOGE,0.0021,8840503451.0
2018-12-08,ETH,92.1596,20136357.0
2018-12-08,XRP,0.3073,1508546129.0
2018-12-09,ADA,0.0317,523425483.0
2018-12-09,BNB,4.8591,3676119.0
2018-12-09,BTC,3614.2344,1368858.0
2018-12-09,DOGE,0.0021,8069443616.0
2018-12-09,ETH,95.1421,19713334.0
2018-12-09,XRP,0.3134,1372571598.0
2018-12-10,ADA,0.0302,415644741.0
2018-12-10,BNB,4.7123,2939439.0
2018-12-10,BTC,3502.656,1433475.0
2018-12-10,DOGE,0.0021,7570494556.0
2018-12-10,ETH,91.6857,19157169.0
2018-12-10,XRP,0.3038,1272781337.0
2018-12-11,ADA,0.0296,353444256.0
2018-12-11,BNB,4.9407,3972226.0
2018-12-11,BTC,3424.5881,1371483.0
2018-12-11,DOGE,0.0021,7709118528.0
2018-12-11,ETH,88.9453,19197167.0
2018-12-11,XRP,0.3013,1310366766.0
2018-12-12,ADA,0.0306,361717594.0
2018-12-12,BNB,5.0231,3540297.0
2018-12-12,BTC,3486.9502,1187102.0
2018-12-12,DOGE,0.0021,8793939802.0
2018-12-12,ETH,90.5933,16922334.0
2018-12-12,XRP,0.3073,1205003496.0
2018-12-13,ADA,0.0292,384877525.0
2018-12-13,BNB,4.6507,3118546.0
2018-12-13,BTC,3313.6772,1310741.0
2018-12-13,DOGE,0.0021,8552260498.0
2018-12-13,ETH,86.5393,20273741.0
2018-12-13,XRP,0.3,1011291966.0
2018-12-14,ADA,0.0284,324609323.0
2018-12-14,BNB,4.5334,2987833.0
2018-12-14,BTC,3242.4849,1348584.0
2018-12-14,DOGE,0.0021,7808432150.0
2018-12-14,ETH,84.3083,19588723.0
2018-12-14,XRP,0.2888,1108995501.0
2018-12-15,ADA,0.0283,296666587.0
2018-12-15,BNB,4.563,2755233.0
2018-12-15,BTC,3236.7617,1097320.0
2018-12-15,DOGE,0.0021,6426430594.0
2018-12-15,ETH,84.4408,17718647.0
2018-12-15,XRP,0.2859,971365492.0
2018-12-16,ADA,0.0291,356203866.0
2018-12-16,BNB,4.6453,3135656.0
2018-12-16,BTC,3252.8391,1151071.0
2018-12-16,DOGE,0.0021,7569281942.0
2018-12-16,ETH,85.2621,18364749.0
2018-12-16,XRP,0.2879,1097964879.0
2018-12-17,ADA,0.0328,1144162343.0
2018-12-17,BNB,5.11,3483218.0
2018-12-17,BTC,3545.8647,1525509.0
2018-12-17,DOGE,0.0025,15251901923.0
2018-12-17,ETH,95.1338,22089441.0
2018-12-17,XRP,0.3285,1946508561.0
2018-12-18,ADA,0.0347,2268138601.0
2018-12-18,BNB,5.6003,4677549.0
2018-12-18,BTC,3696.0591,1599359.0
2018-12-18,DOGE,0.0027,14843100137.0
2018-12-18,ETH,101.1125,22524565.0
2018-12-18,XRP,0.3502,2152598563.0
2018-12-19,ADA,0.0345,1249632717.0
2018-12-19,BNB,5.4919,4583826.0
2018-12-19,BTC,3745.9507,1818147.0
2018-12-19,DOGE,0.0027,10983123204.0
2018-12-19,ETH,101.2686,24257101.0
2018-12-19,XRP,0.352,2958549486.0
2018-12-20,ADA,0.0394,1092378433.0
2018-12-20,BNB,5.7923,4829999.0
2018-12-20,BTC,4134.4414,2159210.0
2018-12-20,DOGE,0.0027,8682912253.0
2018-12-20,ETH,116.2169,26363148.0
2018-12-20,XRP,0.3782,2660735884.0
2018-12-21,ADA,0.0408,2293896162.0
2018-12-21,BNB,5.5671,4390060.0
2018-12-21,BTC,3896.5437,1849335.0
2018-12-21,DOGE,0.0025,8801483900.0
2018-12-21,ETH,109.4962,24042289.0
2018-12-21,XRP,0.3586,2021216086.0
2018-12-22,ADA,0.042,743346573.0
2018-12-22,BNB,5.9306,4753074.0
2018-12-22,BTC,4014.1826,1396504.0
2018-12-22,DOGE,0.0025,7376745124.0
2018-12-22,ETH,116.7595,20030687.0
2018-12-22,XRP,0.3623,1344645539.0
2018-12-23,ADA,0.0442,919199429.0
2018-12-23,BNB,6.059,4905555.0
2018-12-23,BTC,3998.9802,1538211.0
2018-12-23,DOGE,0.0025,7884142704.0
2018-12-23,ETH,130.7653,27375123.0
2018-12-23,XRP,0.3713,1708090353.0
2018-12-24,ADA,0.0457,1267319963.0
2018-12-24,BNB,6.1449,4958812.0
2018-12-24,BTC,4078.5991,1775357.0
2018-12-24,DOGE,0.0025,9660222774.0
2018-12-24,ETH,140.238,31163759.0
2018-12-24,XRP,0.4068,4150527313.0
2018-12-25,ADA,0.0415,927311911.0
2018-12-25,BNB,5.5476,3589674.0
2018-12-25,BTC,3815.4907,1614001.0
2018-12-25,DOGE,0.0024,8045152958.0
2018-12-25,ETH,129.8443,25401804.0
2018-12-25,XRP,0.3809,2508207618.0
2018-12-26,ADA,0.0412,660673062.0
2018-12-26,BNB,5.7131,3417918.0
2018-12-26,BTC,3857.2976,1380901.0
2018-12-26,DOGE,0.0025,7064518653.0
2018-12-26,ETH,131.8656,20630615.0
2018-12-26,XRP,0.3787,1823610705.0
2018-12-27,ADA,0.0369,621735495.0
2018-12-27,BNB,5.2755,3046840.0
2018-12-27,BTC,3654.8335,1403682.0
2018-12-27,DOGE,0.0024,8132373692.0
2018-12-27,ETH,116.5759,22412901.0
2018-12-27,XRP,0.3412,1687822951.0
2018-12-28,ADA,0.0419,643742132.0
2018-12-28,BNB,6.0118,3980469.0
2018-12-28,BTC,3923.9187,1435186.0
2018-12-28,DOGE,0.0024,7986810083.0
2018-12-28,ETH,137.647,22740783.0
2018-12-28,XRP,0.3769,2031089370.0
2018-12-29,ADA,0.0415,746652061.0
2018-12-29,BNB,5.8323,3485011.0
2018-12-29,BTC,3820.4087,1306576.0
2018-12-29,DOGE,0.0024,7068254548.0
2018-12-29,ETH,138.0183,22960934.0
2018-12-29,XRP,0.3673,1682475004.0
2018-12-30,ADA,0.0433,641570538.0
2018-12-30,BNB,5.9957,3520848.0
2018-12-30,BTC,3865.9526,1233998.0
2018-12-30,DOGE,0.0024,7117033511.0
2018-12-30,ETH,139.8595,19019715.0
2018-12-30,XRP,0.3696,1317586715.0
2018-12-31,ADA,0.0411,469533576.0
2018-12-31,BNB,6.1647,6199136.0
2018-12-31,BTC,3742.7004,1245582.0
2018-12-31,DOGE,0.0023,7981580782.0
2018-12-31,ETH,133.3683,17683070.0
2018-12-31,XRP,0.3527,1422696342.0
2019-01-01,ADA,0.0425,351679377.0
2019-01-01,BNB,6.0753,3932525.0
2019-01-01,BTC,3843.52,1125063.0
2019-01-01,DOGE,0.0024,7259508200.0
2019-01-01,ETH,140.8194,16039762.0
2019-01-01,XRP,0.3648,1231862214.0
2019-01-02,ADA,0.0453,533641030.0
2019-01-02,BNB,6.1886,4897480.0
2019-01-02,BTC,3943.4094,1330031.0
2019-01-02,DOGE,0.0024,7484583502.0
2019-01-02,ETH,155.0477,21465915.0
2019-01-02,XRP,0.3752,1447639682.0
2019-01-03,ADA,0.0427,494985316.0
2019-01-03,BNB,5.9035,3865758.0
2019-01-03,BTC,3836.7412,1180746.0
2019-01-03,DOGE,0.0024,7465776985.0
2019-01-03,ETH,149.135,17944578.0
2019-01-03,XRP,0.3602,1218335793.0
2019-01-04,ADA,0.0438,365745213.0
2019-01-04,BNB,6.0651,4832724.0
2019-01-04,BTC,3857.7175,1256693.0
2019-01-04,DOGE,0.0023,8436328540.0
2019-01-04,ETH,154.5819,20223530.0
2019-01-04,XRP,0.3567,1263174951.0
2019-01-05,ADA,0.0447,561530294.0
2019-01-05,BNB,6.0655,5002130.0
2019-01-05,BTC,3845.1946,1336112.0
2019-01-05,DOGE,0.0023,7394819437.0
2019-01-05,ETH,155.6386,21448484.0
2019-01-05,XRP,0.3553,1272507867.0
2019-01-06,ADA,0.0493,1042739835.0
2019-01-06,BNB,6.396,6500050.0
2019-01-06,BTC,4076.6326,1372954.0
2019-01-06,DOGE,0.0023,7807178159.0
2019-01-06,ETH,157.7462,20484134.0
2019-01-06,XRP,0.3684,1337039843.0
2019-01-07,ADA,0.048,951921650.0
2019-01-07,BNB,6.2914,6026393.0
2019-01-07,BTC,4025.2483,1298957.0
2019-01-07,DOGE,0.0023,6957988814.0
2019-01-07,ETH,151.6992,17878196.0
2019-01-07,XRP,0.3643,1369651753.0
2019-01-08,ADA,0.0485,713578190.0
2019-01-08,BNB,6.6401,9888551.0
2019-01-08,BTC,4030.8479,1316496.0
2019-01-08,DOGE,0.0023,9224260135.0
2019-01-08,ETH,150.3596,16359498.0
2019-01-08,XRP,0.3653,1367295357.0
2019-01-09,ADA,0.0522,1061247776.0
2019-01-09,BNB,6.6416,11243907.0
2019-01-09,BTC,4035.2964,1267789.0
2019-01-09,DOGE,0.0023,7506971232.0
2019-01-09,ETH,150.8031,15710824.0
2019-01-09,XRP,0.3709,1229228932.0
2019-01-10,ADA,0.0445,2047259858.0
2019-01-10,BNB,5.9159,12820474.0
2019-01-10,BTC,3678.9246,1868520.0
2019-01-10,DOGE,0.0021,9931571124.0
2019-01-10,ETH,128.6252,26415779.0
2019-01-10,XRP,0.3327,2523764611.0
2019-01-11,ADA,0.0441,814619594.0
2019-01-11,BNB,6.0753,8269461.0
2019-01-11,BTC,3687.3655,1502079.0
2019-01-11,DOGE,0.0021,8072918601.0
2019-01-11,ETH,127.5483,20914310.0
2019-01-11,XRP,0.3329,1505102049.0
2019-01-12,ADA,0.0437,416997192.0
2019-01-12,BNB,5.977,5463454.0
2019-01-12,BTC,3661.301,1305047.0
2019-01-12,DOGE,0.0021,6595557551.0
2019-01-12,ETH,125.9665,17561087.0
2019-01-12,XRP,0.3288,1144728927.0
2019-01-13,ADA,0.0402,540700812.0
2019-01-13,BNB,5.5688,4774887.0
2019-01-13,BTC,3552.9531,1317581.0
2019-01-13,DOGE,0.0021,8624309948.0
2019-01-13,ETH,116.8978,19403820.0
2019-01-13,XRP,0.3179,1423125434.0
2019-01-14,ADA,0.0441,687013559.0
2019-01-14,BNB,6.1593,6999077.0
2019-01-14,BTC,3706.0522,1524907.0
2019-01-14,DOGE,0.0022,8490536978.0
2019-01-14,ETH,129.0687,21679037.0
2019-01-14,XRP,0.3338,1634498877.0
2019-01-15,ADA,0.0428,572390253.0
2019-01-15,BNB,5.919,4295866.0
2019-01-15,BTC,3630.6753,1525114.0
2019-01-15,DOGE,0.0021,7572879172.0
2019-01-15,ETH,122.0327,22415704.0
2019-01-15,XRP,0.3272,1312075961.0
2019-01-16,ADA,0.0448,792404766.0
2019-01-16,BNB,6.186,5667498.0
2019-01-16,BTC,3655.0068,1475909.0
2019-01-16,DOGE,0.0021,6387362543.0
2019-01-16,ETH,123.5471,22230146.0
2019-01-16,XRP,0.3297,1330695477.0
2019-01-17,ADA,0.0453,843438898.0
2019-01-17,BNB,6.4178,5657070.0
2019-01-17,BTC,3678.564,1485477.0
2019-01-17,DOGE,0.0021,6629520657.0
2019-01-17,ETH,123.7419,20963723.0
2019-01-17,XRP,0.3294,1316054494.0
2019-01-18,ADA,0.0443,427319692.0
2019-01-18,BNB,6.563,6567905.0
2019-01-18,BTC,3657.8394,1367737.0
2019-01-18,DOGE,0.0021,5921971592.0
2019-01-18,ETH,121.0103,19051193.0
2019-01-18,XRP,0.3243,1160368137.0
2019-01-19,ADA,0.0457,517101688.0
2019-01-19,BNB,6.6354,7080401.0
2019-01-19,BTC,3728.5684,1597313.0
2019-01-19,DOGE,0.0022,7472744674.0
2019-01-19,ETH,124.519,24480291.0
2019-01-19,XRP,0.331,1269090063.0
2019-01-20,ADA,0.0435,615383369.0
2019-01-20,BNB,6.4939,7619355.0
2019-01-20,BTC,3601.0137,1550255.0
2019-01-20,DOGE,0.0021,7634736889.0
2019-01-20,ETH,119.4748,24809479.0
2019-01-20,XRP,0.3212,1267855026.0
2019-01-21,ADA,0.0429,386238798.0
2019-01-21,BNB,6.553,5542638.0
2019-01-21,BTC,3576.0325,1399413.0
2019-01-21,DOGE,0.0021,8189396264.0
2019-01-21,ETH,117.1579,20670576.0
2019-01-21,XRP,0.3208,1134513043.0
2019-01-22,ADA,0.0436,526949369.0
2019-01-22,BNB,6.5232,4903517.0
2019-01-22,BTC,3604.5771,1474132.0
2019-01-22,DOGE,0.0021,9223060970.0
2019-01-22,ETH,118.7476,21495243.0
2019-01-22,XRP,0.3195,1358804647.0
2019-01-23,ADA,0.0429,355270445.0
2019-01-23,BNB,6.5414,5057567.0
2019-01-23,BTC,3585.123,1515640.0
2019-01-23,DOGE,0.002,7671128405.0
2019-01-23,ETH,117.4526,21770076.0
2019-01-23,XRP,0.3165,1186985732.0
2019-01-24,ADA,0.043,289124675.0
2019-01-24,BNB,6.5058,4090878.0
2019-01-24,BTC,3600.8655,1461557.0
2019-01-24,DOGE,0.002,7761552512.0
2019-01-24,ETH,117.3629,21479051.0
2019-01-24,XRP,0.3176,1086153782.0
2019-01-25,ADA,0.0427,296638543.0
2019-01-25,BNB,6.7373,6490994.0
2019-01-25,BTC,3599.7659,1462831.0
2019-01-25,DOGE,0.0021,7532162668.0
2019-01-25,ETH,116.3783,22400061.0
2019-01-25,XRP,0.3172,1135297146.0
2019-01-26,ADA,0.0426,317722894.0
2019-01-26,BNB,7.0066,6921934.0
2019-01-26,BTC,3602.4604,1415195.0
2019-01-26,DOGE,0.0021,7483475174.0
2019-01-26,ETH,116.4887,20707419.0
2019-01-26,XRP,0.3142,1102403125.0
2019-01-27,ADA,0.0412,506099561.0
2019-01-27,BNB,7.0882,7459207.0
2019-01-27,BTC,3583.9658,1554354.0
2019-01-27,DOGE,0.002,8008553260.0
2019-01-27,ETH,113.4053,24477591.0
2019-01-27,XRP,0.3094,1171797869.0
2019-01-28,ADA,0.0388,774815216.0
2019-01-28,BNB,6.2062,13281467.0
2019-01-28,BTC,3470.4504,1990788.0
2019-01-28,DOGE,0.0019,8366839429.0
2019-01-28,ETH,106.59,31587357.0
2019-01-28,XRP,0.2949,1983283242.0
2019-01-29,ADA,0.0383,510476570.0
2019-01-29,BNB,6.1817,7973866.0
2019-01-29,BTC,3448.1169,1710255.0
2019-01-29,DOGE,0.0019,7685440562.0
2019-01-29,ETH,105.5982,27466550.0
2019-01-29,XRP,0.2896,1570086357.0
2019-01-30,ADA,0.0397,659458899.0
2019-01-30,BNB,6.1745,6690493.0
2019-01-30,BTC,3486.1816,1708205.0
2019-01-30,DOGE,0.002,6023976448.0
2019-01-30,ETH,108.9075,26392758.0
2019-01-30,XRP,0.3205,2352196930.0
2019-01-31,ADA,0.0384,579092678.0
2019-01-31,BNB,6.2684,8333889.0
2019-01-31,BTC,3457.7927,1686393.0
2019-01-31,DOGE,0.0019,7181329390.0
2019-01-31,ETH,107.061,26422280.0
2019-01-31,XRP,0.31,2516818902.0
2019-02-01,ADA,0.0387,485511744.0
2019-02-01,BNB,6.5626,8540945.0
2019-02-01,BTC,3487.9453,1554763.0
2019-02-01,DOGE,0.0019,9087552536.0
2019-02-01,ETH,107.6098,23615617.0
2019-02-01,XRP,0.3085,1829677452.0
2019-02-02,ADA,0.0393,313155042.0
2019-02-02,BNB,6.8917,8216714.0
2019-02-02,BTC,3521.0608,1440368.0
2019-02-02,DOGE,0.0019,6810259966.0
2019-02-02,ETH,110.4303,21598771.0
2019-02-02,XRP,0.3109,1381179568.0
2019-02-03,ADA,0.038,340286674.0
2019-02-03,BNB,6.7382,8895917.0
2019-02-03,BTC,3464.0134,1456096.0
2019-02-03,DOGE,0.0019,8064290670.0
2019-02-03,ETH,107.4927,23437271.0
2019-02-03,XRP,0.3024,1449823344.0
2019-02-04,ADA,0.0379,323139025.0
2019-02-04,BNB,7.1005,10134496.0
2019-02-04,BTC,3459.1541,1541625.0
2019-02-04,DOGE,0.0019,6945741555.0
2019-02-04,ETH,107.8216,23111219.0
2019-02-04,XRP,0.3002,1393695203.0
2019-02-05,ADA,0.0379,352235198.0
2019-02-05,BNB,7.8198,12351758.0
2019-02-05,BTC,3466.3574,1508082.0
2019-02-05,DOGE,0.0019,7406417149.0
2019-02-05,ETH,107.4435,23415689.0
2019-02-05,XRP,0.2992,1419342888.0
2019-02-06,ADA,0.0367,473266896.0
2019-02-06,BNB,8.0862,14700104.0
2019-02-06,BTC,3413.7678,1605908.0
2019-02-06,DOGE,0.0019,8170600188.0
2019-02-06,ETH,104.9193,24714695.0
2019-02-06,XRP,0.2907,1569187404.0
2019-02-07,ADA,0.0364,341376520.0
2019-02-07,BNB,7.7303,11132349.0
2019-02-07,BTC,3399.4717,1472277.0
2019-02-07,DOGE,0.0018,7711787691.0
2019-02-07,ETH,104.5353,22258171.0
2019-02-07,XRP,0.2916,1262042453.0
2019-02-08,ADA,0.0408,802562067.0
2019-02-08,BNB,8.5756,12091799.0
2019-02-08,BTC,3666.7803,2109650.0
2019-02-08,DOGE,0.002,9179985719.0
2019-02-08,ETH,119.2677,30660774.0
2019-02-08,XRP,0.3117,2191375651.0
2019-02-09,ADA,0.0411,451297309.0
2019-02-09,BNB,8.8714,11995923.0
2019-02-09,BTC,3671.2036,1677606.0
2019-02-09,DOGE,0.0019,7416895118.0
2019-02-09,ETH,119.4309,24153303.0
2019-02-09,XRP,0.3113,1483014825.0
2019-02-10,ADA,0.0428,528462437.0
2019-02-10,BNB,9.2115,13615515.0
2019-02-10,BTC,3690.1882,1702422.0
2019-02-10,DOGE,0.0019,8133797909.0
2019-02-10,ETH,124.8065,25229190.0
2019-02-10,XRP,0.3099,1599310937.0
2019-02-11,ADA,0.0417,427653004.0
2019-02-11,BNB,9.5518,14241242.0
2019-02-11,BTC,3648.4307,1720481.0
2019-02-11,DOGE,0.0019,7985776133.0
2019-02-11,ETH,121.2984,26566501.0
2019-02-11,XRP,0.3027,1567330081.0
2019-02-12,ADA,0.0418,356717459.0
2019-02-12,BNB,9.3418,13187515.0
2019-02-12,BTC,3653.5286,1773733.0
2019-02-12,DOGE,0.0019,8960453074.0
2019-02-12,ETH,122.5723,25695665.0
2019-02-12,XRP,0.3052,1549221189.0
2019-02-13,ADA,0.0411,309749504.0
2019-02-13,BNB,8.9411,10632734.0
2019-02-13,BTC,3632.0706,1772792.0
2019-02-13,DOGE,0.0019,8156603895.0
2019-02-13,ETH,122.5536,27633506.0
2019-02-13,XRP,0.3043,1625629690.0
2019-02-14,ADA,0.0405,281901589.0
2019-02-14,BNB,8.782,8242900.0
2019-02-14,BTC,3616.8809,1733827.0
2019-02-14,DOGE,0.0019,8897955676.0
2019-02-14,ETH,121.3902,27446215.0
2019-02-14,XRP,0.3019,1387600106.0
2019-02-15,ADA,0.0406,328475256.0
2019-02-15,BNB,9.2738,9053586.0
2019-02-15,BTC,3620.8108,1682483.0
2019-02-15,DOGE,0.0019,7732788355.0
2019-02-15,ETH,122.1004,24748010.0
2019-02-15,XRP,0.3018,1412752304.0
2019-02-16,ADA,0.041,270507386.0
2019-02-16,BNB,9.1293,7197200.0
2019-02-16,BTC,3629.7876,1635011.0
2019-02-16,DOGE,0.0019,7459073355.0
2019-02-16,ETH,123.2602,23574787.0
2019-02-16,XRP,0.3017,1256240155.0
2019-02-17,ADA,0.0415,368514169.0
2019-02-17,BNB,9.216,7267447.0
2019-02-17,BTC,3673.8362,1916120.0
2019-02-17,DOGE,0.002,9642900939.0
2019-02-17,ETH,133.5989,31707461.0
2019-02-17,XRP,0.3034,1408303937.0
2019-02-18,ADA,0.0456,807916805.0
2019-02-18,BNB,9.6344,8200071.0
2019-02-18,BTC,3915.7144,2530373.0
2019-02-18,DOGE,0.0021,12515370200.0
2019-02-18,ETH,146.0984,36876015.0
2019-02-18,XRP,0.3216,2758941634.0
2019-02-19,ADA,0.0462,922127090.0
2019-02-19,BNB,10.5631,12126312.0
2019-02-19,BTC,3947.0945,2516693.0
2019-02-19,DOGE,0.0021,13006210553.0
2019-02-19,ETH,145.3462,36539262.0
2019-02-19,XRP,0.3238,3506783331.0
2019-02-20,ADA,0.0476,538245037.0
2019-02-20,BNB,10.9661,10763530.0
2019-02-20,BTC,3999.8206,2173441.0
2019-02-20,DOGE,0.0021,10089506022.0
2019-02-20,ETH,149.5543,30090033.0
2019-02-20,XRP,0.3329,2334696310.0
2019-02-21,ADA,0.045,558422158.0
2019-02-21,BNB,10.4929,8172642.0
2019-02-21,BTC,3954.1182,1966337.0
2019-02-21,DOGE,0.002,9027896607.0
2019-02-21,ETH,146.1308,27343761.0
2019-02-21,XRP,0.3213,1974958482.0
2019-02-22,ADA,0.0462,383229901.0
2019-02-22,BNB,10.8371,7590241.0
2019-02-22,BTC,4005.5266,1953932.0
2019-02-22,DOGE,0.0021,9654682618.0
2019-02-22,ETH,149.0925,25025407.0
2019-02-22,XRP,0.3219,1773506877.0
2019-02-23,ADA,0.0486,569323426.0
2019-02-23,BNB,10.7818,7570915.0
2019-02-23,BTC,4142.5269,2153820.0
2019-02-23,DOGE,0.0021,9835335439.0
2019-02-23,ETH,158.7954,28460949.0
2019-02-23,XRP,0.3326,1920351349.0
2019-02-24,ADA,0.0425,1216572586.0
2019-02-24,BNB,10.1131,11231865.0
2019-02-24,BTC,3810.4275,2832813.0
2019-02-24,DOGE,0.002,12751746866.0
2019-02-24,ETH,135.8527,43854239.0
2019-02-24,XRP,0.3014,3708443874.0
2019-02-25,ADA,0.044,560636413.0
2019-02-25,BNB,9.842,14838784.0
2019-02-25,BTC,3882.6963,2400084.0
2019-02-25,DOGE,0.002,10328005450.0
2019-02-25,ETH,139.8229,35147272.0
2019-02-25,XRP,0.3285,3229242592.0
2019-02-26,ADA,0.0433,384288495.0
2019-02-26,BNB,9.5216,9288118.0
2019-02-26,BTC,3854.3579,2057728.0
2019-02-26,DOGE,0.002,9536809513.0
2019-02-26,ETH,138.0897,27455295.0
2019-02-26,XRP,0.3195,2758437072.0
2019-02-27,ADA,0.0433,424002271.0
2019-02-27,BNB,9.8991,9475612.0
2019-02-27,BTC,3851.0474,2155598.0
2019-02-27,DOGE,0.002,9664556679.0
2019-02-27,ETH,136.126,32835594.0
2019-02-27,XRP,0.3131,2287806775.0
2019-02-28,ADA,0.0431,340389565.0
2019-02-28,BNB,10.3652,9708175.0
2019-02-28,BTC,3854.7854,2179049.0
2019-02-28,DOGE,0.002,9206111745.0
2019-02-28,ETH,136.7462,33166826.0
2019-02-28,XRP,0.3151,2329712857.0
2019-03-01,ADA,0.0433,300310638.0
2019-03-01,BNB,11.3932,10342880.0
2019-03-01,BTC,3859.5837,1984993.0
2019-03-01,DOGE,0.002,9417034371.0
2019-03-01,ETH,136.4436,27528769.0
2019-03-01,XRP,0.3173,2372187581.0
2019-03-02,ADA,0.0428,263884006.0
2019-03-02,BNB,11.8697,10177801.0
2019-03-02,BTC,3864.415,1961173.0
2019-03-02,DOGE,0.002,8652297052.0
2019-03-02,ETH,134.207,27920881.0
2019-03-02,XRP,0.3151,1918470969.0
2019-03-03,ADA,0.0423,260245723.0
2019-03-03,BNB,11.5379,7788958.0
2019-03-03,BTC,3847.1758,1885424.0
2019-03-03,DOGE,0.002,7880931621.0
2019-03-03,ETH,132.2494,26120145.0
2019-03-03,XRP,0.3126,1754907532.0
2019-03-04,ADA,0.0406,455343053.0
2019-03-04,BNB,11.5459,7744817.0
2019-03-04,BTC,3761.5571,2400382.0
2019-03-04,DOGE,0.002,8448301390.0
2019-03-04,ETH,127.7741,31369194.0
2019-03-04,XRP,0.3051,2123354942.0
2019-03-05,ADA,0.0432,484870033.0
2019-03-05,BNB,13.812,17160940.0
2019-03-05,BTC,3896.375,2611177.0
2019-03-05,DOGE,0.002,9783747702.0
2019-03-05,ETH,137.8224,34572395.0
2019-03-05,XRP,0.3165,2485989103.0
2019-03-06,ADA,0.0428,355282154.0
2019-03-06,BNB,14.5179,13157290.0
2019-03-06,BTC,3903.9426,2350263.0
2019-03-06,DOGE,0.002,8762016794.0
2019-03-06,ETH,138.7894,33064887.0
2019-03-06,XRP,0.317,2366959005.0
2019-03-07,ADA,0.0429,400553193.0
2019-03-07,BNB,15.1459,15616142.0
2019-03-07,BTC,3911.4844,2450263.0
2019-03-07,DOGE,0.002,9028672909.0
2019-03-07,ETH,138.0345,31435665.0
2019-03-07,XRP,0.3148,2276126549.0
2019-03-08,ADA,0.0427,476162983.0
2019-03-08,BNB,14.3669,15821264.0
2019-03-08,BTC,3901.1316,2727065.0
2019-03-08,DOGE,0.002,8864345711.0
2019-03-08,ETH,135.1271,34625309.0
2019-03-08,XRP,0.3101,2194420873.0
2019-03-09,ADA,0.0467,1116796309.0
2019-03-09,BNB,14.5659,11028520.0
2019-03-09,BTC,3963.3137,2724009.0
2019-03-09,DOGE,0.002,8683099253.0
2019-03-09,ETH,137.9653,36327378.0
2019-03-09,XRP,0.3138,2434298190.0
2019-03-10,ADA,0.0457,601011490.0
2019-03-10,BNB,14.4944,9718629.0
2019-03-10,BTC,3951.5999,2458060.0
2019-03-10,DOGE,0.002,7302239801.0
2019-03-10,ETH,136.7587,33478229.0
2019-03-10,XRP,0.3131,1980294027.0
2019-03-11,ADA,0.0476,1149051505.0
2019-03-11,BNB,14.5144,10494898.0
2019-03-11,BTC,3905.2273,2592910.0
2019-03-11,DOGE,0.002,10280904014.0
2019-03-11,ETH,133.834,35041965.0
2019-03-11,XRP,0.3111,2160163747.0
2019-03-12,ADA,0.0474,745803529.0
2019-03-12,BNB,15.4061,11003769.0
2019-03-12,BTC,3909.1562,2509464.0
2019-03-12,DOGE,0.002,10346503718.0
2019-03-12,ETH,134.4429,35033375.0
2019-03-12,XRP,0.3102,1873322095.0
2019-03-13,ADA,0.0466,640808366.0
2019-03-13,BNB,15.1151,9619686.0
2019-03-13,BTC,3906.7173,2423821.0
2019-03-13,DOGE,0.002,8576030395.0
2019-03-13,ETH,133.2631,32005580.0
2019-03-13,XRP,0.3141,2633455236.0
2019-03-14,ADA,0.0481,545553650.0
2019-03-14,BNB,15.0511,9104959.0
2019-03-14,BTC,3924.3691,2670694.0
2019-03-14,DOGE,0.002,6216487719.0
2019-03-14,ETH,133.7116,33479013.0
2019-03-14,XRP,0.313,2259002253.0
2019-03-15,ADA,0.0501,853288317.0
2019-03-15,BNB,15.0771,8234098.0
2019-03-15,BTC,3960.9111,2371730.0
2019-03-15,DOGE,0.002,7065328631.0
2019-03-15,ETH,137.6918,32731523.0
2019-03-15,XRP,0.3151,2018833436.0
2019-03-16,ADA,0.0516,864315607.0
2019-03-16,BNB,16.119,8897796.0
2019-03-16,BTC,4048.7258,2434387.0
2019-03-16,DOGE,0.0021,8311343352.0
2019-03-16,ETH,142.3982,33982201.0
2019-03-16,XRP,0.3205,2369647952.0
2019-03-17,ADA,0.0502,575028280.0
2019-03-17,BNB,15.7611,8355172.0
2019-03-17,BTC,4025.229,2042524.0
2019-03-17,DOGE,0.0021,8497361791.0
2019-03-17,ETH,140.0005,27336734.0
2019-03-17,XRP,0.3176,1669439652.0
2019-03-18,ADA,0.0505,737311821.0
2019-03-18,BNB,15.682,8473541.0
2019-03-18,BTC,4032.5073,2392297.0
2019-03-18,DOGE,0.0021,10541907201.0
2019-03-18,ETH,139.3746,32658316.0
2019-03-18,XRP,0.3174,2180496122.0
2019-03-19,ADA,0.0526,876333978.0
2019-03-19,BNB,15.6936,13824122.0
2019-03-19,BTC,4071.1902,2295378.0
2019-03-19,DOGE,0.0021,9827432387.0
2019-03-19,ETH,140.5192,30255568.0
2019-03-19,XRP,0.3193,2107718878.0
2019-03-20,ADA,0.0539,878998470.0
2019-03-20,BNB,15.28,8904094.0
2019-03-20,BTC,4087.4763,2489535.0
2019-03-20,DOGE,0.0021,8691060255.0
2019-03-20,ETH,140.6864,33152714.0
2019-03-20,XRP,0.3196,2486050605.0
2019-03-21,ADA,0.0529,1257912821.0
2019-03-21,BNB,14.5174,10523924.0
2019-03-21,BTC,4029.3269,2688095.0
2019-03-21,DOGE,0.0021,9231712087.0
2019-03-21,ETH,136.6361,37232102.0
2019-03-21,XRP,0.3127,2635374403.0
2019-03-22,ADA,0.0581,2063612525.0
2019-03-22,BNB,15.2664,9809338.0
2019-03-22,BTC,4023.9683,2299456.0
2019-03-22,DOGE,0.0021,8403288395.0
2019-03-22,ETH,137.1814,32736930.0
2019-03-22,XRP,0.3115,2207450585.0
2019-03-23,ADA,0.0638,2161377253.0
2019-03-23,BNB,15.236,9394106.0
2019-03-23,BTC,4035.8264,2373455.0
2019-03-23,DOGE,0.0021,7618586669.0
2019-03-23,ETH,138.2399,32093264.0
2019-03-23,XRP,0.3124,1958815705.0
2019-03-24,ADA,0.0617,1660211142.0
2019-03-24,BNB,17.2854,18197727.0
2019-03-24,BTC,4022.1682,2273612.0
2019-03-24,DOGE,0.0021,8053418050.0
2019-03-24,ETH,136.9869,31147830.0
2019-03-24,XRP,0.309,2102821100.0
2019-03-25,ADA,0.059,1266389903.0
2019-03-25,BNB,16.841,11840968.0
2019-03-25,BTC,3963.0706,2614089.0
2019-03-25,DOGE,0.002,8593156325.0
2019-03-25,ETH,135.031,33181388.0
2019-03-25,XRP,0.3041,2467465991.0
2019-03-26,ADA,0.0624,1269841396.0
2019-03-26,BNB,16.3357,11392988.0
2019-03-26,BTC,3985.0808,2686941.0
2019-03-26,DOGE,0.0021,9422832336.0
2019-03-26,ETH,135.4604,33214674.0
2019-03-26,XRP,0.3051,2494591290.0
2019-03-27,ADA,0.0676,1677432281.0
2019-03-27,BNB,16.7813,12053613.0
2019-03-27,BTC,4087.0662,2666248.0
2019-03-27,DOGE,0.0021,11124461158.0
2019-03-27,ETH,140.9882,37082831.0
2019-03-27,XRP,0.3125,2502524404.0
2019-03-28,ADA,0.0658,1188849068.0
2019-03-28,BNB,16.8053,11273464.0
2019-03-28,BTC,4069.1072,2298764.0
2019-03-28,DOGE,0.0021,9912613981.0
2019-03-28,ETH,139.4165,29861697.0
2019-03-28,XRP,0.3092,2192200937.0
2019-03-29,ADA,0.0713,1766109286.0
2019-03-29,BNB,16.5101,10417981.0
2019-03-29,BTC,4098.3745,2664145.0
2019-03-29,DOGE,0.0021,10341182746.0
2019-03-29,ETH,142.4974,35969793.0
2019-03-29,XRP,0.3079,2775260825.0
2019-03-30,ADA,0.0717,1322957721.0
2019-03-30,BNB,16.9322,10750005.0
2019-03-30,BTC,4106.6602,2369976.0
2019-03-30,DOGE,0.0021,9236917283.0
2019-03-30,ETH,142.0927,36206383.0
2019-03-30,XRP,0.3106,2991071949.0
2019-03-31,ADA,0.0697,971697553.0
2019-03-31,BNB,17.4017,11492591.0
2019-03-31,BTC,4105.4043,2203223.0
2019-03-31,DOGE,0.0021,9031394206.0
2019-03-31,ETH,141.5141,30025632.0
2019-03-31,XRP,0.3092,2110919999.0
2019-04-01,ADA,0.0723,1131428857.0
2019-04-01,BNB,17.9505,11307610.0
2019-04-01,BTC,4158.1831,2442844.0
2019-04-01,DOGE,0.0025,19958103108.0
2019-04-01,ETH,141.8303,32517726.0
2019-04-01,XRP,0.3127,2673481186.0
2019-04-02,ADA,0.0855,2355014921.0
2019-04-02,BNB,19.7898,13360748.0
2019-04-02,BTC,4879.8779,4367947.0
2019-04-02,DOGE,0.0028,21573652935.0
2019-04-02,ETH,163.9617,59932551.0
2019-04-02,XRP,0.3515,6828464171.0
2019-04-03,ADA,0.0907,3317085893.0
2019-04-03,BNB,18.7531,13590432.0
2019-04-03,BTC,4973.022,4604824.0
2019-04-03,DOGE,0.0032,28401796415.0
2019-04-03,ETH,161.4588,65790506.0
2019-04-03,XRP,0.3422,7433868457.0
2019-04-04,ADA,0.0874,2091905693.0
2019-04-04,BNB,19.1427,11212129.0
2019-04-04,BTC,4922.7988,3707608.0
2019-04-04,DOGE,0.0037,44531983221.0
2019-04-04,ETH,158.0525,50319493.0
2019-04-04,XRP,0.3325,4809181587.0
2019-04-05,ADA,0.0912,1344856823.0
2019-04-05,BNB,19.4535,9344082.0
2019-04-05,BTC,5036.6812,3342940.0
2019-04-05,DOGE,0.0036,17640984492.0
2019-04-05,ETH,165.5148,45502365.0
2019-04-05,XRP,0.3618,6521099914.0
2019-04-06,ADA,0.0903,1269841755.0
2019-04-06,BNB,19.1156,8125160.0
2019-04-06,BTC,5059.8174,3345930.0
2019-04-06,DOGE,0.0034,13475954792.0
2019-04-06,ETH,165.9472,43188532.0
2019-04-06,XRP,0.3544,4064964070.0
2019-04-07,ADA,0.0905,1114054641.0
2019-04-07,BNB,19.1103,7824351.0
2019-04-07,BTC,5198.897,3203644.0
2019-04-07,DOGE,0.0034,14694261189.0
2019-04-07,ETH,174.5316,43523201.0
2019-04-07,XRP,0.3599,3885127268.0
2019-04-08,ADA,0.087,1551318294.0
2019-04-08,BNB,18.1137,9840910.0
2019-04-08,BTC,5289.771,3242884.0
2019-04-08,DOGE,0.003,20425344821.0
2019-04-08,ETH,180.2588,51620024.0
2019-04-08,XRP,0.3582,4224674306.0
2019-04-09,ADA,0.0837,1467225765.0
2019-04-09,BNB,18.4351,11032251.0
2019-04-09,BTC,5204.9585,2828477.0
2019-04-09,DOGE,0.0029,18450312633.0
2019-04-09,ETH,176.1146,43338431.0
2019-04-09,XRP,0.3495,3080989968.0
2019-04-10,ADA,0.09,1460832094.0
2019-04-10,BNB,18.2486,9879745.0
2019-04-10,BTC,5324.5518,2911905.0
2019-04-10,DOGE,0.003,16788732799.0
2019-04-10,ETH,177.3375,44304932.0
2019-04-10,XRP,0.3548,3419865986.0
2019-04-11,ADA,0.0834,1962659251.0
2019-04-11,BNB,17.7005,9003392.0
2019-04-11,BTC,5064.4878,3268962.0
2019-04-11,DOGE,0.0028,16450773822.0
2019-04-11,ETH,165.497,47489575.0
2019-04-11,XRP,0.331,4960817526.0
2019-04-12,ADA,0.0835,1322401750.0
2019-04-12,BNB,18.4343,9318142.0
2019-04-12,BTC,5089.5391,2686924.0
2019-04-12,DOGE,0.0029,15013611902.0
2019-04-12,ETH,164.7363,37861626.0
2019-04-12,XRP,0.3263,3297340853.0
2019-04-13,ADA,0.0837,856980489.0
2019-04-13,BNB,18.7198,8942039.0
2019-04-13,BTC,5096.5864,2123635.0
2019-04-13,DOGE,0.0029,12141666507.0
2019-04-13,ETH,164.5134,30145283.0
2019-04-13,XRP,0.326,2995692992.0
2019-04-14,ADA,0.0846,974856268.0
2019-04-14,BNB,19.492,9700623.0
2019-04-14,BTC,5167.7222,2010935.0
2019-04-14,DOGE,0.0029,10649987291.0
2019-04-14,ETH,167.8385,28874769.0
2019-04-14,XRP,0.3288,2271123189.0
2019-04-15,ADA,0.0823,893677451.0
2019-04-15,BNB,19.4024,9107063.0
2019-04-15,BTC,5067.1084,2425477.0
2019-04-15,DOGE,0.0028,13143167116.0
2019-04-15,ETH,161.5742,35106550.0
2019-04-15,XRP,0.3209,2910780186.0
2019-04-16,ADA,0.0838,787306129.0
2019-04-16,BNB,19.8275,8817611.0
2019-04-16,BTC,5235.5596,2219182.0
2019-04-16,DOGE,0.0028,11268543473.0
2019-04-16,ETH,167.6234,30903227.0
2019-04-16,XRP,0.3272,2444232256.0
2019-04-17,ADA,0.0831,797009296.0
2019-04-17,BNB,19.6033,9516896.0
2019-04-17,BTC,5251.938,2368360.0
2019-04-17,DOGE,0.0028,11397837107.0
2019-04-17,ETH,166.9508,33519480.0
2019-04-17,XRP,0.3355,3391865986.0
2019-04-18,ADA,0.0818,856207449.0
2019-04-18,BNB,22.0385,17094163.0
2019-04-18,BTC,5298.3857,2501987.0
2019-04-18,DOGE,0.0029,14456954798.0
2019-04-18,ETH,173.814,40109430.0
2019-04-18,XRP,0.3371,3241902103.0
2019-04-19,ADA,0.0795,1039581622.0
2019-04-19,BNB,24.4753,16248277.0
2019-04-19,BTC,5303.8125,2598176.0
2019-04-19,DOGE,0.0029,12464341211.0
2019-04-19,ETH,173.7084,37655357.0
2019-04-19,XRP,0.3319,3088765847.0
2019-04-20,ADA,0.0765,1011820364.0
2019-04-20,BNB,25.0075,12448750.0
2019-04-20,BTC,5337.8862,2467203.0
2019-04-20,DOGE,0.0029,12247545577.0
2019-04-20,ETH,173.7513,35352651.0
2019-04-20,XRP,0.3285,2836039058.0
2019-04-21,ADA,0.0741,1205056967.0
2019-04-21,BNB,24.1938,11626468.0
2019-04-21,BTC,5314.5312,2583830.0
2019-04-21,DOGE,0.0028,13434052600.0
2019-04-21,ETH,170.0465,35317227.0
2019-04-21,XRP,0.3224,3119264907.0
2019-04-22,ADA,0.078,1159358678.0
2019-04-22,BNB,23.9081,10646800.0
2019-04-22,BTC,5399.3652,2704324.0
2019-04-22,DOGE,0.0028,12985926553.0
2019-04-22,ETH,171.8747,35461178.0
2019-04-22,XRP,0.3239,3491742513.0
2019-04-23,ADA,0.0745,1351227049.0
2019-04-23,BNB,22.8763,11579623.0
2019-04-23,BTC,5572.3623,2847501.0
2019-04-23,DOGE,0.0028,13442116911.0
2019-04-23,ETH,171.4478,41399348.0
2019-04-23,XRP,0.3212,3353861085.0
2019-04-24,ADA,0.0726,1243279271.0
2019-04-24,BNB,23.1291,11234315.0
2019-04-24,BTC,5464.8667,3119570.0
2019-04-24,DOGE,0.0026,16633042327.0
2019-04-24,ETH,165.8261,44331407.0
2019-04-24,XRP,0.3023,5020511409.0
2019-04-25,ADA,0.0692,1394171303.0
2019-04-25,BNB,22.2431,10972784.0
2019-04-25,BTC,5210.5156,2942182.0
2019-04-25,DOGE,0.0025,13336820086.0
2019-04-25,ETH,154.4594,44156151.0
2019-04-25,XRP,0.2894,4116347709.0
2019-04-26,ADA,0.0692,1202383265.0
2019-04-26,BNB,22.8694,11067756.0
2019-04-26,BTC,5279.3481,3184505.0
2019-04-26,DOGE,0.0025,13128421133.0
2019-04-26,ETH,156.3471,48003984.0
2019-04-26,XRP,0.2985,4110300914.0
2019-04-27,ADA,0.0702,714592072.0
2019-04-27,BNB,22.3416,9203273.0
2019-04-27,BTC,5268.291,2488715.0
2019-04-27,DOGE,0.0025,10808514820.0
2019-04-27,ETH,158.4349,37006416.0
2019-04-27,XRP,0.2967,2648650816.0
2019-04-28,ADA,0.0686,626610369.0
2019-04-28,BNB,22.8993,9724873.0
2019-04-28,BTC,5285.1392,2425668.0
2019-04-28,DOGE,0.0025,10114686896.0
2019-04-28,ETH,157.2951,34202561.0
2019-04-28,XRP,0.2974,2426058739.0
2019-04-29,ADA,0.0646,1072042144.0
2019-04-29,BNB,21.7051,9271722.0
2019-04-29,BTC,5247.3525,2617604.0
2019-04-29,DOGE,0.0025,13371474897.0
2019-04-29,ETH,155.202,39005789.0
2019-04-29,XRP,0.2943,3027336413.0
2019-04-30,ADA,0.0703,895439740.0
2019-04-30,BNB,22.1278,8601211.0
2019-04-30,BTC,5350.7266,2593847.0
2019-04-30,DOGE,0.0025,13829391327.0
2019-04-30,ETH,162.166,38699865.0
2019-04-30,XRP,0.3095,3972299351.0
2019-05-01,ADA,0.069,852947805.0
2019-05-01,BNB,21.9536,8202302.0
2019-05-01,BTC,5402.6973,2531981.0
2019-05-01,DOGE,0.0025,12025696449.0
2019-05-01,ETH,160.8183,35998209.0
2019-05-01,XRP,0.3047,3001859667.0
2019-05-02,ADA,0.0686,803782038.0
2019-05-02,BNB,23.5919,9674211.0
2019-05-02,BTC,5505.2837,2660074.0
2019-05-02,DOGE,0.0026,13215729912.0
2019-05-02,ETH,162.1228,37281441.0
2019-05-02,XRP,0.3032,2936755017.0
2019-05-03,ADA,0.0699,1112639130.0
2019-05-03,BNB,23.7496,9215284.0
2019-05-03,BTC,5768.2896,3245465.0
2019-05-03,DOGE,0.0027,15056882045.0
2019-05-03,ETH,167.9524,43461185.0
2019-05-03,XRP,0.3082,3962725122.0
2019-05-04,ADA,0.0669,1128405563.0
2019-05-04,BNB,22.8848,8441300.0
2019-05-04,BTC,5831.1675,3012738.0
2019-05-04,DOGE,0.0027,14856295978.0
2019-05-04,ETH,164.0266,40591592.0
2019-05-04,XRP,0.3046,3818458278.0
2019-05-05,ADA,0.0661,742274243.0
2019-05-05,BNB,23.02,7433007.0
2019-05-05,BTC,5795.7085,2555137.0
2019-05-05,DOGE,0.0027,12499786916.0
2019-05-05,ETH,163.4507,36331540.0
2019-05-05,XRP,0.3023,2663360758.0
2019-05-06,ADA,0.0668,902807175.0
2019-05-06,BNB,22.2066,7919085.0
2019-05-06,BTC,5746.8071,2738420.0
2019-05-06,DOGE,0.0025,14563650491.0
2019-05-06,ETH,172.6532,43671917.0
2019-05-06,XRP,0.3024,3468944063.0
2019-05-07,ADA,0.064,837821174.0
2019-05-07,BNB,20.8642,8240070.0
2019-05-07,BTC,5829.5015,3092273.0
2019-05-07,DOGE,0.0025,15040956317.0
2019-05-07,ETH,169.7987,49535963.0
2019-05-07,XRP,0.2997,3611754898.0
2019-05-08,ADA,0.0646,628506297.0
2019-05-08,BNB,20.7527,11943175.0
2019-05-08,BTC,5982.4575,2560922.0
2019-05-08,DOGE,0.0025,12692433618.0
2019-05-08,ETH,170.9482,37535177.0
2019-05-08,XRP,0.3007,3084341671.0
2019-05-09,ADA,0.0617,977563210.0
2019-05-09,BNB,18.8284,10855739.0
2019-05-09,BTC,6174.5288,2718369.0
2019-05-09,DOGE,0.0025,12288095075.0
2019-05-09,ETH,170.2893,38445833.0
2019-05-09,XRP,0.2965,2892059549.0
2019-05-10,ADA,0.0634,1386235520.0
2019-05-10,BNB,19.5981,10669273.0
2019-05-10,BTC,6378.8491,3044417.0
2019-05-10,DOGE,0.0025,12878918145.0
2019-05-10,ETH,173.1427,46417879.0
2019-05-10,XRP,0.3004,3520773357.0
2019-05-11,ADA,0.0752,2491016348.0
2019-05-11,BNB,21.0494,14160167.0
2019-05-11,BTC,7204.7715,4006728.0
2019-05-11,DOGE,0.0028,17618690532.0
2019-05-11,ETH,194.3043,64735208.0
2019-05-11,XRP,0.3245,6859810706.0
2019-05-12,ADA,0.0701,2012153415.0
2019-05-12,BNB,20.8303,11483565.0
2019-05-12,BTC,6972.3716,3983341.0
2019-05-12,DOGE,0.0027,16726865438.0
2019-05-12,ETH,187.3253,55123623.0
2019-05-12,XRP,0.3101,6450796123.0
2019-05-13,ADA,0.0731,1707421731.0
2019-05-13,BNB,23.811,16968995.0
2019-05-13,BTC,7814.915,3669608.0
2019-05-13,DOGE,0.0028,17057784643.0
2019-05-13,ETH,196.8463,52666217.0
2019-05-13,XRP,0.3255,6064826265.0
2019-05-14,ADA,0.0845,2272964236.0
2019-05-14,BNB,23.6264,13891533.0
2019-05-14,BTC,7994.416,4006728.0
2019-05-14,DOGE,0.0031,19046583608.0
2019-05-14,ETH,217.1486,58720393.0
2019-05-14,XRP,0.4091,14262404896.0
2019-05-15,ADA,0.094,2208495366.0
2019-05-15,BNB,26.8949,13307323.0
2019-05-15,BTC,8205.168,3454422.0
2019-05-15,DOGE,0.0033,17434478008.0
2019-05-15,ETH,247.1531,54460206.0
2019-05-15,XRP,0.456,9946388799.0
2019-05-16,ADA,0.0882,3073735265.0
2019-05-16,BNB,26.3258,14013113.0
2019-05-16,BTC,7884.9092,4206415.0
2019-05-16,DOGE,0.0032,21505203589.0
2019-05-16,ETH,264.01,70684691.0
2019-05-16,XRP,0.4197,11271455973.0
2019-05-17,ADA,0.0833,2504581679.0
2019-05-17,BNB,25.6826,15503507.0
2019-05-17,BTC,7343.8955,4094100.0
2019-05-17,DOGE,0.003,22449493479.0
2019-05-17,ETH,243.7646,65791147.0
2019-05-17,XRP,0.3862,9436101008.0
2019-05-18,ADA,0.0791,1472529287.0
2019-05-18,BNB,28.3968,16575237.0
2019-05-18,BTC,7271.208,2936828.0
2019-05-18,DOGE,0.003,18252803604.0
2019-05-18,ETH,234.5952,46604284.0
2019-05-18,XRP,0.3727,5007958893.0
2019-05-19,ADA,0.087,1675393234.0
2019-05-19,BNB,29.4128,16809774.0
2019-05-19,BTC,8197.6895,3159722.0
2019-05-19,DOGE,0.0032,20101929614.0
2019-05-19,ETH,261.2922,46114085.0
2019-05-19,XRP,0.4177,6712765871.0
2019-05-20,ADA,0.0848,1576213423.0
2019-05-20,BNB,29.3054,15603289.0
2019-05-20,BTC,7978.3091,2988529.0
2019-05-20,DOGE,0.003,18559835595.0
2019-05-20,ETH,251.8644,43017357.0
2019-05-20,XRP,0.398,5674245725.0
2019-05-21,ADA,0.0846,1151842788.0
2019-05-21,BNB,32.0074,23194119.0
2019-05-21,BTC,7963.3276,3155370.0
2019-05-21,DOGE,0.0031,17772421034.0
2019-05-21,ETH,255.2159,45236407.0
2019-05-21,XRP,0.3976,4556258626.0
2019-05-22,ADA,0.078,1678614173.0
2019-05-22,BNB,31.422,16996263.0
2019-05-22,BTC,7680.0664,3218654.0
2019-05-22,DOGE,0.0029,20420731692.0
2019-05-22,ETH,244.6989,40123829.0
2019-05-22,XRP,0.3766,5386691686.0
2019-05-23,ADA,0.0807,1261226886.0
2019-05-23,BNB,31.5157,17027039.0
2019-05-23,BTC,7881.8467,3102967.0
2019-05-23,DOGE,0.003,18719512905.0
2019-05-23,ETH,245.9657,43386801.0
2019-05-23,XRP,0.3812,4185017558.0
2019-05-24,ADA,0.0809,1314726439.0
2019-05-24,BNB,33.8414,19161720.0
2019-05-24,BTC,7987.3716,3245013.0
2019-05-24,DOGE,0.003,20623538313.0
2019-05-24,ETH,249.485,39799723.0
2019-05-24,XRP,0.3845,4869905077.0
2019-05-25,ADA,0.0805,776653069.0
2019-05-25,BNB,35.0531,18183272.0
2019-05-25,BTC,8052.5439,2763948.0
2019-05-25,DOGE,0.003,19463192854.0
2019-05-25,ETH,251.7599,35450389.0
2019-05-25,XRP,0.387,3523079994.0
2019-05-26,ADA,0.086,1292700324.0
2019-05-26,BNB,34.1049,17921457.0
2019-05-26,BTC,8673.2158,3075903.0
2019-05-26,DOGE,0.0031,22286518555.0
2019-05-26,ETH,267.0696,36186321.0
2019-05-26,XRP,0.4084,4527129846.0
2019-05-27,ADA,0.0917,1872907945.0
2019-05-27,BNB,33.6807,17758487.0
2019-05-27,BTC,8805.7783,3174034.0
2019-05-27,DOGE,0.0031,24469431256.0
2019-05-27,ETH,272.8626,44251806.0
2019-05-27,XRP,0.4342,6303895087.0
2019-05-28,ADA,0.0928,1945675388.0
2019-05-28,BNB,33.3609,15470675.0
2019-05-28,BTC,8719.9619,2778329.0
2019-05-28,DOGE,0.0031,21553587116.0
2019-05-28,ETH,271.7687,38131126.0
2019-05-28,XRP,0.4465,7152545102.0
2019-05-29,ADA,0.0909,1703942913.0
2019-05-29,BNB,33.7444,16740416.0
2019-05-29,BTC,8659.4873,2710724.0
2019-05-29,DOGE,0.0031,23743127449.0
2019-05-29,ETH,269.4557,36440619.0
2019-05-29,XRP,0.4437,5720902240.0
2019-05-30,ADA,0.0845,2749362430.0
2019-05-30,BNB,32.2911,16017733.0
2019-05-30,BTC,8319.4727,3515431.0
2019-05-30,DOGE,0.0033,29850366522.0
2019-05-30,ETH,255.8589,53170971.0
2019-05-30,XRP,0.4224,8351962951.0
2019-05-31,ADA,0.0894,1526616170.0
2019-05-31,BNB,32.7482,15389862.0
2019-05-31,BTC,8574.502,2958212.0
2019-05-31,DOGE,0.0034,24761433794.0
2019-05-31,ETH,268.1136,41978569.0
2019-05-31,XRP,0.4386,5074926623.0
2019-06-01,ADA,0.0905,1677133450.0
2019-06-01,BNB,33.0136,17347484.0
2019-06-01,BTC,8564.0166,2625906.0
2019-06-01,DOGE,0.0034,24888353341.0
2019-06-01,ETH,265.3913,37464948.0
2019-06-01,XRP,0.4306,4042706380.0
2019-06-02,ADA,0.0966,1937938394.0
2019-06-02,BNB,33.174,13907336.0
2019-06-02,BTC,8742.958,2318005.0
2019-06-02,DOGE,0.0034,21870443893.0
2019-06-02,ETH,270.2255,32358571.0
2019-06-02,XRP,0.4448,3586240174.0
2019-06-03,ADA,0.0887,2568672556.0
2019-06-03,BNB,31.392,13315390.0
2019-06-03,BTC,8208.9951,2680537.0
2019-06-03,DOGE,0.0032,24020339371.0
2019-06-03,ETH,252.6079,37115672.0
2019-06-03,XRP,0.4258,5977417657.0
2019-06-04,ADA,0.0825,2232883082.0
2019-06-04,BNB,29.3806,14331380.0
2019-06-04,BTC,7707.771,3192847.0
2019-06-04,DOGE,0.003,25550865257.0
2019-06-04,ETH,241.3388,41984754.0
2019-06-04,XRP,0.4007,6332540398.0
2019-06-05,ADA,0.0834,1418672604.0
2019-06-05,BNB,31.0063,14967805.0
2019-06-05,BTC,7824.2314,2781222.0
2019-06-05,DOGE,0.0031,23635611333.0
2019-06-05,ETH,247.051,34603854.0
2019-06-05,XRP,0.4027,4390553556.0
2019-06-06,ADA,0.0835,1848094255.0
2019-06-06,BNB,31.4801,13233250.0
2019-06-06,BTC,7822.0234,2489715.0
2019-06-06,DOGE,0.0031,23196670953.0
2019-06-06,ETH,249.4743,33130249.0
2019-06-06,XRP,0.4195,4802723467.0
2019-06-07,ADA,0.0858,1620575687.0
2019-06-07,BNB,31.5875,10854996.0
2019-06-07,BTC,8043.9512,2379605.0
2019-06-07,DOGE,0.0031,22922209180.0
2019-06-07,ETH,250.9304,33393865.0
2019-06-07,XRP,0.4231,3922276258.0
2019-06-08,ADA,0.0842,1502845602.0
2019-06-08,BNB,32.0663,13348624.0
2019-06-08,BTC,7954.1279,2077251.0
2019-06-08,DOGE,0.0031,22600332925.0
2019-06-08,ETH,245.7381,29405277.0
2019-06-08,XRP,0.4124,3017809978.0
2019-06-09,ADA,0.0795,1536022602.0
2019-06-09,BNB,30.5583,11014194.0
2019-06-09,BTC,7688.0771,2160583.0
2019-06-09,DOGE,0.003,23054101149.0
2019-06-09,ETH,233.0867,32461833.0
2019-06-09,XRP,0.3883,4056504689.0
2019-06-10,ADA,0.0855,1628621656.0
2019-06-10,BNB,32.0647,14333208.0
2019-06-10,BTC,8000.3296,2336063.0
2019-06-10,DOGE,0.0031,22589078789.0
2019-06-10,ETH,247.5201,32890901.0
2019-06-10,XRP,0.4004,3690200682.0
2019-06-11,ADA,0.088,1736182183.0
2019-06-11,BNB,32.2627,12209089.0
2019-06-11,BTC,7927.7144,2157908.0
2019-06-11,DOGE,0.0031,21278903844.0
2019-06-11,ETH,245.7818,30035864.0
2019-06-11,XRP,0.3943,3009132195.0
2019-06-12,ADA,0.0965,2562586084.0
2019-06-12,BNB,34.6864,15792546.0
2019-06-12,BTC,8145.8574,2336701.0
2019-06-12,DOGE,0.0031,22674654190.0
2019-06-12,ETH,260.9033,33137177.0
2019-06-12,XRP,0.4018,3040871930.0
2019-06-13,ADA,0.0897,2542669098.0
2019-06-13,BNB,35.1431,14594183.0
2019-06-13,BTC,8230.9238,2268203.0
2019-06-13,DOGE,0.0031,21787149113.0
2019-06-13,ETH,256.1688,32955138.0
2019-06-13,XRP,0.4009,3016045752.0
2019-06-14,ADA,0.0906,2262394806.0
2019-06-14,BNB,33.0764,22307463.0
2019-06-14,BTC,8693.833,2281061.0
2019-06-14,DOGE,0.0031,18966982158.0
2019-06-14,ETH,264.0875,32856127.0
2019-06-14,XRP,0.4059,3109974476.0
2019-06-15,ADA,0.0917,1739048007.0
2019-06-15,BNB,32.8259,14897805.0
2019-06-15,BTC,8838.375,2078553.0
2019-06-15,DOGE,0.0032,20093893521.0
2019-06-15,ETH,269.0193,30209184.0
2019-06-15,XRP,0.4104,3276509968.0
2019-06-16,ADA,0.0923,2140123210.0
2019-06-16,BNB,32.4027,12017644.0
2019-06-16,BTC,8994.4883,2595873.0
2019-06-16,DOGE,0.0032,21591058073.0
2019-06-16,ETH,269.2232,35943211.0
2019-06-16,XRP,0.4275,4634610377.0
2019-06-17,ADA,0.0936,1688820150.0
2019-06-17,BNB,33.9179,12952969.0
2019-06-17,BTC,9320.3525,1669781.0
2019-06-17,DOGE,0.0032,18929988892.0
2019-06-17,ETH,274.3511,21905491.0
2019-06-17,XRP,0.4481,4416654523.0
2019-06-18,ADA,0.0891,1640255005.0
2019-06-18,BNB,34.3395,14122963.0
2019-06-18,BTC,9081.7627,1745059.0
2019-06-18,DOGE,0.0031,17570876858.0
2019-06-18,ETH,265.0518,23411429.0
2019-06-18,XRP,0.4288,4274899429.0
2019-06-19,ADA,0.09,1275337984.0
2019-06-19,BNB,35.2872,14446921.0
2019-06-19,BTC,9273.5215,1676473.0
2019-06-19,DOGE,0.0031,11361852089.0
2019-06-19,ETH,269.4318,20474610.0
2019-06-19,XRP,0.4368,2634141747.0
2019-06-20,ADA,0.0874,1824915480.0
2019-06-20,BNB,36.7261,17333162.0
2019-06-20,BTC,9527.1602,1873257.0
2019-06-20,DOGE,0.0032,11421108825.0
2019-06-20,ETH,271.695,23588881.0
2019-06-20,XRP,0.4298,3015865636.0
2019-06-21,ADA,0.0896,1387085780.0
2019-06-21,BNB,38.8159,11299597.0
2019-06-21,BTC,10144.5566,2033012.0
2019-06-21,DOGE,0.0032,13162841998.0
2019-06-21,ETH,294.9103,31642485.0
2019-06-21,XRP,0.4432,3490247318.0
2019-06-22,ADA,0.0944,2577853927.0
2019-06-22,BNB,37.7998,11344745.0
2019-06-22,BTC,10701.6914,2802847.0
2019-06-22,DOGE,0.0033,17497263506.0
2019-06-22,ETH,309.3803,34306421.0
2019-06-22,XRP,0.4748,7669840064.0
2019-06-23,ADA,0.0966,2541334133.0
2019-06-23,BNB,37.1347,9962903.0
2019-06-23,BTC,10855.3711,1934372.0
2019-06-23,DOGE,0.0033,13386604065.0
2019-06-23,ETH,307.8278,26511779.0
2019-06-23,XRP,0.4683,4515998742.0
2019-06-24,ADA,0.0977,1389304564.0
2019-06-24,BNB,37.4336,8788935.0
2019-06-24,BTC,11011.1025,1750202.0
2019-06-24,DOGE,0.0034,12692358838.0
2019-06-24,ETH,310.4247,26433826.0
2019-06-24,XRP,0.4701,3492694077.0
2019-06-25,ADA,0.0964,2004452964.0
2019-06-25,BNB,36.0083,8141544.0
2019-06-25,BTC,11790.917,2110072.0
2019-06-25,DOGE,0.0034,12087802533.0
2019-06-25,ETH,318.1263,30307977.0
2019-06-25,XRP,0.4682,4182698969.0
2019-06-26,ADA,0.0968,3516969119.0
2019-06-26,BNB,35.6983,12443896.0
2019-06-26,BTC,13016.2314,3465345.0
2019-06-26,DOGE,0.0034,19097042673.0
2019-06-26,ETH,336.7532,48810480.0
2019-06-26,XRP,0.4675,7660705866.0
2019-06-27,ADA,0.0864,2932505859.0
2019-06-27,BNB,33.8236,11098543.0
2019-06-27,BTC,11182.8066,3574905.0
2019-06-27,DOGE,0.0033,22879416547.0
2019-06-27,ETH,294.2676,47705186.0
2019-06-27,XRP,0.4088,7434003789.0
2019-06-28,ADA,0.0893,2194457208.0
2019-06-28,BNB,34.5497,9769519.0
2019-06-28,BTC,12407.332,2827986.0
2019-06-28,DOGE,0.0035,18713689800.0
2019-06-28,ETH,311.2261,36997722.0
2019-06-28,XRP,0.4273,4621049264.0
2019-06-29,ADA,0.0904,1872020787.0
2019-06-29,BNB,35.3601,10455441.0
2019-06-29,BTC,11959.3711,2502135.0
2019-06-29,DOGE,0.0034,13684135055.0
2019-06-29,ETH,320.0589,34148010.0
2019-06-29,XRP,0.4294,4134110607.0
2019-06-30,ADA,0.0821,1971495134.0
2019-06-30,BNB,32.4425,8835090.0
2019-06-30,BTC,10817.1553,2519745.0
2019-06-30,DOGE,0.0033,13366843279.0
2019-06-30,ETH,290.696,35442908.0
2019-06-30,XRP,0.3964,3962369484.0
2019-07-01,ADA,0.0838,2012061236.0
2019-07-01,BNB,32.9223,8814418.0
2019-07-01,BTC,10583.1348,2775982.0
2019-07-01,DOGE,0.0032,13209386449.0
2019-07-01,ETH,293.6411,35050351.0
2019-07-01,XRP,0.4069,4384416010.0
2019-07-02,ADA,0.0811,2232208771.0
2019-07-02,BNB,32.0092,10872799.0
2019-07-02,BTC,10801.6777,2871396.0
2019-07-02,DOGE,0.0032,12977874424.0
2019-07-02,ETH,291.5964,36414759.0
2019-07-02,XRP,0.4002,4188346886.0
2019-07-03,ADA,0.083,1861399152.0
2019-07-03,BNB,32.6675,7619061.0
2019-07-03,BTC,11961.2695,2574684.0
2019-07-03,DOGE,0.0033,11345042584.0
2019-07-03,ETH,303.1,32750620.0
2019-07-03,XRP,0.4085,3516779399.0
2019-07-04,ADA,0.0778,1834973117.0
2019-07-04,BNB,32.8933,10585330.0
2019-07-04,BTC,11215.4375,2311126.0
2019-07-04,DOGE,0.0032,11283162294.0
2019-07-04,ETH,284.5232,29535421.0
2019-07-04,XRP,0.3887,3564434671.0
2019-07-05,ADA,0.0765,1520822673.0
2019-07-05,BNB,32.7132,7109538.0
2019-07-05,BTC,10978.46,2171387.0
2019-07-05,DOGE,0.0039,48596882783.0
2019-07-05,ETH,287.9975,30290166.0
2019-07-05,XRP,0.379,3395733029.0
2019-07-06,ADA,0.0773,1667572030.0
2019-07-06,BNB,32.5309,5755979.0
2019-07-06,BTC,11208.5508,1881780.0
2019-07-06,DOGE,0.0035,18334306173.0
2019-07-06,ETH,287.5471,26689939.0
2019-07-06,XRP,0.3891,3910526331.0
2019-07-07,ADA,0.08,1312898516.0
2019-07-07,BNB,33.2411,5982341.0
2019-07-07,BTC,11450.8467,1691495.0
2019-07-07,DOGE,0.0036,12215703146.0
2019-07-07,ETH,305.7006,26561040.0
2019-07-07,XRP,0.397,3049547409.0
2019-07-08,ADA,0.0805,1420790381.0
2019-07-08,BNB,33.4697,7699470.0
2019-07-08,BTC,12285.958,1911333.0
2019-07-08,DOGE,0.0036,11711916529.0
2019-07-08,ETH,313.2514,28982809.0
2019-07-08,XRP,0.4015,3121756581.0
2019-07-09,ADA,0.078,1576236163.0
2019-07-09,BNB,32.7076,6448167.0
2019-07-09,BTC,12573.8125,2240205.0
2019-07-09,DOGE,0.0035,12007277209.0
2019-07-09,ETH,308.881,32553506.0
2019-07-09,XRP,0.3942,3585525184.0
2019-07-10,ADA,0.0719,1668053202.0
2019-07-10,BNB,31.4774,8593845.0
2019-07-10,BTC,12156.5127,2766219.0
2019-07-10,DOGE,0.0034,14333696575.0
2019-07-10,ETH,290.0023,40275489.0
2019-07-10,XRP,0.3638,6324474384.0
2019-07-11,ADA,0.0652,1823240759.0
2019-07-11,BNB,29.642,8473186.0
2019-07-11,BTC,11358.6621,2517491.0
2019-07-11,DOGE,0.0032,13447154738.0
2019-07-11,ETH,268.704,38020593.0
2019-07-11,XRP,0.3303,6224652098.0
2019-07-12,ADA,0.0698,1693885813.0
2019-07-12,BNB,31.6943,13183517.0
2019-07-12,BTC,11815.9863,1991767.0
2019-07-12,DOGE,0.0033,10607257015.0
2019-07-12,ETH,276.2767,29495560.0
2019-07-12,XRP,0.3441,4771517675.0
2019-07-13,ADA,0.0668,1517453850.0
2019-07-13,BNB,31.5069,8694559.0
2019-07-13,BTC,11392.3789,1847078.0
2019-07-13,DOGE,0.0032,8385103263.0
2019-07-13,ETH,269.4588,24927111.0
2019-07-13,XRP,0.3322,3240750339.0
2019-07-14,ADA,0.0594,1702714166.0
2019-07-14,BNB,28.9243,10355434.0
2019-07-14,BTC,10256.0586,2192460.0
2019-07-14,DOGE,0.003,12057021303.0
2019-07-14,ETH,227.5781,37694052.0
2019-07-14,XRP,0.3064,4455751778.0
2019-07-15,ADA,0.0595,2073894100.0
2019-07-15,BNB,28.3934,13525866.0
2019-07-15,BTC,10895.0898,2329861.0
2019-07-15,DOGE,0.0031,13915939718.0
2019-07-15,ETH,229.776,42318058.0
2019-07-15,XRP,0.3153,5195826050.0
2019-07-16,ADA,0.0521,1983684923.0
2019-07-16,BNB,25.525,17219007.0
2019-07-16,BTC,9477.6416,2548229.0
2019-07-16,DOGE,0.0028,14506489093.0
2019-07-16,ETH,199.1887,45367140.0
2019-07-16,XRP,0.2967,5147857966.0
2019-07-17,ADA,0.0552,1772870092.0
2019-07-17,BNB,27.2196,21028589.0
2019-07-17,BTC,9693.8027,2534601.0
2019-07-17,DOGE,0.003,13807921023.0
2019-07-17,ETH,211.485,44389668.0
2019-07-17,XRP,0.3106,7978875753.0
2019-07-18,ADA,0.0588,1508275333.0
2019-07-18,BNB,28.9228,24613644.0
2019-07-18,BTC,10666.4824,2361324.0
2019-07-18,DOGE,0.0031,12886368405.0
2019-07-18,ETH,226.5662,41170385.0
2019-07-18,XRP,0.3232,4518771325.0
2019-07-19,ADA,0.0598,1060984486.0
2019-07-19,BNB,29.0784,16643393.0
2019-07-19,BTC,10530.7324,1968280.0
2019-07-19,DOGE,0.0031,6850781606.0
2019-07-19,ETH,221.3334,34366401.0
2019-07-19,XRP,0.3206,3684267681.0
2019-07-20,ADA,0.063,1141145567.0
2019-07-20,BNB,30.8722,11916590.0
2019-07-20,BTC,10767.1396,1876693.0
2019-07-20,DOGE,0.0031,7512580837.0
2019-07-20,ETH,229.1192,34812645.0
2019-07-20,XRP,0.3332,3866423831.0
2019-07-21,ADA,0.0612,873514806.0
2019-07-21,BNB,30.5195,9341483.0
2019-07-21,BTC,10599.1055,1616229.0
2019-07-21,DOGE,0.0031,5965498881.0
2019-07-21,ETH,225.6308,29628419.0
2019-07-21,XRP,0.3313,3154290796.0
2019-07-22,ADA,0.0595,901703098.0
2019-07-22,BNB,30.6346,13610944.0
2019-07-22,BTC,10343.1064,1579256.0
2019-07-22,DOGE,0.003,6397956616.0
2019-07-22,ETH,217.56,29136071.0
2019-07-22,XRP,0.3221,3352067200.0
2019-07-23,ADA,0.0558,1070164117.0
2019-07-23,BNB,29.5852,10955117.0
2019-07-23,BTC,9900.7676,1803084.0
2019-07-23,DOGE,0.0029,7294067945.0
2019-07-23,ETH,212.7285,32793401.0
2019-07-23,XRP,0.3099,3276017106.0
2019-07-24,ADA,0.059,1032315343.0
2019-07-24,BNB,29.1637,9097451.0
2019-07-24,BTC,9811.9258,1773223.0
2019-07-24,DOGE,0.0029,8178621052.0
2019-07-24,ETH,217.0464,33029729.0
2019-07-24,XRP,0.3159,3869696749.0
2019-07-25,ADA,0.0587,791298203.0
2019-07-25,BNB,29.0024,8555359.0
2019-07-25,BTC,9911.8418,1596268.0
2019-07-25,DOGE,0.0029,7070857849.0
2019-07-25,ETH,219.618,30649953.0
2019-07-25,XRP,0.3148,3450380195.0
2019-07-26,ADA,0.0629,908179590.0
2019-07-26,BNB,28.9792,7980330.0
2019-07-26,BTC,9870.3037,1468619.0
2019-07-26,DOGE,0.0029,6654905762.0
2019-07-26,ETH,219.6296,26088706.0
2019-07-26,XRP,0.3235,3213778685.0
2019-07-27,ADA,0.0599,927358398.0
2019-07-27,BNB,27.8856,6872899.0
2019-07-27,BTC,9477.6777,1774465.0
2019-07-27,DOGE,0.0028,7403891053.0
2019-07-27,ETH,207.4083,30170941.0
2019-07-27,XRP,0.3105,3748356271.0
2019-07-28,ADA,0.0595,512416864.0
2019-07-28,BNB,27.8352,5891499.0
2019-07-28,BTC,9552.8604,1438175.0
2019-07-28,DOGE,0.0029,6952817002.0
2019-07-28,ETH,211.1866,26066470.0
2019-07-28,XRP,0.3123,2711135462.0
2019-07-29,ADA,0.0604,699099371.0
2019-07-29,BNB,27.2033,5374633.0
2019-07-29,BTC,9519.1455,1448811.0
2019-07-29,DOGE,0.0028,6709225418.0
2019-07-29,ETH,211.2681,25963181.0
2019-07-29,XRP,0.3107,2598013438.0
2019-07-30,ADA,0.0599,546505354.0
2019-07-30,BNB,26.9423,5508439.0
2019-07-30,BTC,9607.4238,1439492.0
2019-07-30,DOGE,0.0028,5999082649.0
2019-07-30,ETH,210.5226,26077575.0
2019-07-30,XRP,0.3185,2916174228.0
2019-07-31,ADA,0.0602,787074456.0
2019-07-31,BNB,27.6446,7341430.0
2019-07-31,BTC,10085.6279,1649032.0
2019-07-31,DOGE,0.0029,7351147750.0
2019-07-31,ETH,218.6541,27458104.0
2019-07-31,XRP,0.3209,3105867920.0
2019-08-01,ADA,0.0589,759788651.0
2019-08-01,BNB,28.7733,9985881.0
2019-08-01,BTC,10399.6689,1650566.0
2019-08-01,DOGE,0.003,6833460760.0
2019-08-01,ETH,217.8084,27388482.0
2019-08-01,XRP,0.3179,2777133208.0
2019-08-02,ADA,0.0574,871877661.0
2019-08-02,BNB,28.0385,7027015.0
2019-08-02,BTC,10518.1748,1662750.0
2019-08-02,DOGE,0.0029,6377089652.0
2019-08-02,ETH,217.8716,28270969.0
2019-08-02,XRP,0.3124,2614419182.0
2019-08-03,ADA,0.0578,643138299.0
2019-08-03,BNB,27.8899,5511051.0
2019-08-03,BTC,10821.7266,1418691.0
2019-08-03,DOGE,0.0029,5430612192.0
2019-08-03,ETH,222.4903,25609196.0
2019-08-03,XRP,0.3168,2492192362.0
2019-08-04,ADA,0.0563,800404394.0
2019-08-04,BNB,27.5562,4966031.0
2019-08-04,BTC,10970.1846,1506893.0
2019-08-04,DOGE,0.0029,6548214728.0
2019-08-04,ETH,222.6697,23526066.0
2019-08-04,XRP,0.3198,2897981678.0
2019-08-05,ADA,0.0567,960858640.0
2019-08-05,BNB,28.0119,6559722.0
2019-08-05,BTC,11805.6533,2022420.0
2019-08-05,DOGE,0.0031,10054175283.0
2019-08-05,ETH,234.215,33153553.0
2019-08-05,XRP,0.3236,3719144173.0
2019-08-06,ADA,0.0534,904509519.0
2019-08-06,BNB,27.6381,6969186.0
2019-08-06,BTC,11478.1689,2059136.0
2019-08-06,DOGE,0.003,6707163476.0
2019-08-06,ETH,226.0206,33836478.0
2019-08-06,XRP,0.3113,3435639558.0
2019-08-07,ADA,0.0519,891810393.0
2019-08-07,BNB,29.3544,10719341.0
2019-08-07,BTC,11941.9688,1858570.0
2019-08-07,DOGE,0.003,8832769250.0
2019-08-07,ETH,226.391,31009811.0
2019-08-07,XRP,0.312,3101378937.0
2019-08-08,ADA,0.052,923063975.0
2019-08-08,BNB,30.8328,13115205.0
2019-08-08,BTC,11966.4072,1628023.0
2019-08-08,DOGE,0.0029,5803873404.0
2019-08-08,ETH,220.9419,30385937.0
2019-08-08,XRP,0.3077,2949044234.0
2019-08-09,ADA,0.0476,906688850.0
2019-08-09,BNB,29.9615,7439963.0
2019-08-09,BTC,11862.9365,1545991.0
2019-08-09,DOGE,0.0029,7413325774.0
2019-08-09,ETH,210.4889,33088769.0
2019-08-09,XRP,0.2973,3434203047.0
2019-08-10,ADA,0.052,1239813086.0
2019-08-10,BNB,29.6819,8380072.0
2019-08-10,BTC,11354.0244,1596382.0
2019-08-10,DOGE,0.0028,6305729444.0
2019-08-10,ETH,206.7335,31851381.0
2019-08-10,XRP,0.2987,3606908757.0
2019-08-11,ADA,0.055,1064482407.0
2019-08-11,BNB,30.0573,8781626.0
2019-08-11,BTC,11523.5791,1368878.0
2019-08-11,DOGE,0.0029,5600154000.0
2019-08-11,ETH,216.0929,29804805.0
2019-08-11,XRP,0.3019,2777840392.0
2019-08-12,ADA,0.0529,670947116.0
2019-08-12,BNB,30.1669,9227258.0
2019-08-12,BTC,11382.6162,1198951.0
2019-08-12,DOGE,0.0029,7484346762.0
2019-08-12,ETH,211.2881,26855826.0
2019-08-12,XRP,0.3003,2538303440.0
2019-08-13,ADA,0.0526,922922262.0
2019-08-13,BNB,29.4663,8207389.0
2019-08-13,BTC,10895.8301,1530999.0
2019-08-13,DOGE,0.0028,9666737743.0
2019-08-13,ETH,208.709,28490922.0
2019-08-13,XRP,0.2966,2876140943.0
2019-08-14,ADA,0.047,1394486856.0
2019-08-14,BNB,27.1056,8394362.0
2019-08-14,BTC,10051.7041,1988801.0
2019-08-14,DOGE,0.0027,12632013204.0
2019-08-14,ETH,186.6077,39893608.0
2019-08-14,XRP,0.2633,6815273490.0
2019-08-15,ADA,0.0475,912762989.0
2019-08-15,BNB,28.0434,8845992.0
2019-08-15,BTC,10311.5459,2220726.0
2019-08-15,DOGE,0.0026,12168425394.0
2019-08-15,ETH,188.5021,43486233.0
2019-08-15,XRP,0.2649,5069384053.0
2019-08-16,ADA,0.0468,944223900.0
2019-08-16,BNB,27.6446,7366906.0
2019-08-16,BTC,10374.3389,1949831.0
2019-08-16,DOGE,0.0027,7383733514.0
2019-08-16,ETH,185.4401,38470194.0
2019-08-16,XRP,0.262,4325762842.0
2019-08-17,ADA,0.0474,734855228.0
2019-08-17,BNB,27.4805,7135356.0
2019-08-17,BTC,10231.7441,1346597.0
2019-08-17,DOGE,0.0026,7085247834.0
2019-08-17,ETH,185.6877,29688003.0
2019-08-17,XRP,0.2657,3781906012.0
2019-08-18,ADA,0.0507,754043786.0
2019-08-18,BNB,27.9324,8215945.0
2019-08-18,BTC,10345.8105,1256529.0
2019-08-18,DOGE,0.0027,7650606649.0
2019-08-18,ETH,194.4935,30690029.0
2019-08-18,XRP,0.2826,4304136685.0
2019-08-19,ADA,0.0503,642312835.0
2019-08-19,BNB,28.809,8998941.0
2019-08-19,BTC,10916.0537,1469237.0
2019-08-19,DOGE,0.0028,7258159171.0
2019-08-19,ETH,203.0919,30257965.0
2019-08-19,XRP,0.2833,4382125880.0
2019-08-20,ADA,0.0492,653168323.0
2019-08-20,BNB,28.1675,7450989.0
2019-08-20,BTC,10763.2324,1398565.0
2019-08-20,DOGE,0.0028,7123580674.0
2019-08-20,ETH,196.5654,32601959.0
2019-08-20,XRP,0.2758,3831761773.0
2019-08-21,ADA,0.0471,926141697.0
2019-08-21,BNB,26.9937,7352382.0
2019-08-21,BTC,10138.0498,1920792.0
2019-08-21,DOGE,0.0027,7871745089.0
2019-08-21,ETH,186.8916,41605783.0
2019-08-21,XRP,0.2663,4373663715.0
2019-08-22,ADA,0.0494,1217634334.0
2019-08-22,BNB,27.0892,7138218.0
2019-08-22,BTC,10131.0557,1687633.0
2019-08-22,DOGE,0.0027,8078909050.0
2019-08-22,ETH,191.3329,39559549.0
2019-08-22,XRP,0.2709,3933332105.0
2019-08-23,ADA,0.0498,1086468717.0
2019-08-23,BNB,27.1705,7193000.0
2019-08-23,BTC,10407.9648,1501449.0
2019-08-23,DOGE,0.0027,7967492631.0
2019-08-23,ETH,194.7062,34195943.0
2019-08-23,XRP,0.2765,3613948492.0
2019-08-24,ADA,0.0502,1737146306.0
2019-08-24,BNB,26.4957,6206762.0
2019-08-24,BTC,10159.9609,1520777.0
2019-08-24,DOGE,0.0027,8379942484.0
2019-08-24,ETH,191.2896,32671609.0
2019-08-24,XRP,0.2726,3428252596.0
2019-08-25,ADA,0.0494,2116070392.0
2019-08-25,BNB,26.1318,6325477.0
2019-08-25,BTC,10138.5176,1396048.0
2019-08-25,DOGE,0.0027,8537838800.0
2019-08-25,ETH,186.8424,31181452.0
2019-08-25,XRP,0.2701,3571775802.0
2019-08-26,ADA,0.0497,1734845385.0
2019-08-26,BNB,26.1083,10636125.0
2019-08-26,BTC,10370.8203,1777936.0
2019-08-26,DOGE,0.0027,8575868149.0
2019-08-26,ETH,188.9294,38151750.0
2019-08-26,XRP,0.2708,4920439294.0
2019-08-27,ADA,0.0498,763289936.0
2019-08-27,BNB,25.689,7657582.0
2019-08-27,BTC,10185.5,1449375.0
2019-08-27,DOGE,0.0026,8110700227.0
2019-08-27,ETH,187.5167,32222883.0
2019-08-27,XRP,0.2696,3816291147.0
2019-08-28,ADA,0.0458,1426879624.0
2019-08-28,BNB,23.7029,8694844.0
2019-08-28,BTC,9754.4229,1804698.0
2019-08-28,DOGE,0.0025,9351378760.0
2019-08-28,ETH,173.89,38510583.0
2019-08-28,XRP,0.2575,4953458298.0
2019-08-29,ADA,0.0447,1206333671.0
2019-08-29,BNB,21.8896,9174403.0
2019-08-29,BTC,9510.2002,1792379.0
2019-08-29,DOGE,0.0025,11690411698.0
2019-08-29,ETH,169.5167,42058201.0
2019-08-29,XRP,0.257,4979656492.0
2019-08-30,ADA,0.0448,1159160722.0
2019-08-30,BNB,22.2189,8832743.0
2019-08-30,BTC,9598.1738,1416443.0
2019-08-30,DOGE,0.0025,9592742392.0
2019-08-30,ETH,168.8349,34214024.0
2019-08-30,XRP,0.2562,3891497475.0
2019-08-31,ADA,0.045,981679809.0
2019-08-31,BNB,21.2659,7880647.0
2019-08-31,BTC,9630.6641,1189410.0
2019-08-31,DOGE,0.0025,9528983168.0
2019-08-31,ETH,172.4698,33804253.0
2019-08-31,XRP,0.2592,3260529889.0
2019-09-01,ADA,0.0445,716802948.0
2019-09-01,BNB,21.5687,8056695.0
2019-09-01,BTC,9757.9707,1172924.0
2019-09-01,DOGE,0.0025,9126211052.0
2019-09-01,ETH,171.6294,32365077.0
2019-09-01,XRP,0.2581,3199252659.0
2019-09-02,ADA,0.0454,947045733.0
2019-09-02,BNB,22.7671,10428090.0
2019-09-02,BTC,10346.7607,1667005.0
2019-09-02,DOGE,0.0026,10015115267.0
2019-09-02,ETH,178.3474,36465062.0
2019-09-02,XRP,0.2608,4005723578.0
2019-09-03,ADA,0.0468,1363438638.0
2019-09-03,BNB,22.5145,8046639.0
2019-09-03,BTC,10623.54,1824714.0
2019-09-03,DOGE,0.0026,15625669551.0
2019-09-03,ETH,179.4993,38789721.0
2019-09-03,XRP,0.2631,4417988406.0
2019-09-04,ADA,0.0455,894992219.0
2019-09-04,BNB,21.7963,6831890.0
2019-09-04,BTC,10594.4932,1580318.0
2019-09-04,DOGE,0.0027,10268811547.0
2019-09-04,ETH,175.9929,33740684.0
2019-09-04,XRP,0.2599,4110474066.0
2019-09-05,ADA,0.0444,1075204907.0
2019-09-05,BNB,22.7611,11381452.0
2019-09-05,BTC,10575.5332,1375934.0
2019-09-05,DOGE,0.0025,12755867907.0
2019-09-05,ETH,174.2171,32083392.0
2019-09-05,XRP,0.2563,4097939609.0
2019-09-06,ADA,0.0444,1001421686.0
2019-09-06,BNB,22.1531,10839531.0
2019-09-06,BTC,10353.3027,1886990.0
2019-09-06,DOGE,0.0025,11788671523.0
2019-09-06,ETH,169.9562,39996263.0
2019-09-06,XRP,0.2523,4212745691.0
2019-09-07,ADA,0.0462,883958887.0
2019-09-07,BNB,22.549,9015078.0
2019-09-07,BTC,10517.2549,1455453.0
2019-09-07,DOGE,0.0025,13814718566.0
2019-09-07,ETH,178.2626,38098460.0
2019-09-07,XRP,0.2607,3693185056.0
2019-09-08,ADA,0.0467,1004920637.0
2019-09-08,BNB,22.5617,7757722.0
2019-09-08,BTC,10441.2764,1309281.0
2019-09-08,DOGE,0.0025,12597566816.0
2019-09-08,ETH,181.3555,35690543.0
2019-09-08,XRP,0.2631,3964809077.0
2019-09-09,ADA,0.0469,1373187274.0
2019-09-09,BNB,22.2874,6978999.0
2019-09-09,BTC,10334.9746,1702563.0
2019-09-09,DOGE,0.0025,14052096877.0
2019-09-09,ETH,181.1495,39928019.0
2019-09-09,XRP,0.2596,4459209848.0
2019-09-10,ADA,0.0465,1050092974.0
2019-09-10,BNB,21.9111,6378227.0
2019-09-10,BTC,10115.9756,1473591.0
2019-09-10,DOGE,0.0024,12249469781.0
2019-09-10,ETH,179.7872,34994025.0
2019-09-10,XRP,0.2587,3771211945.0
2019-09-11,ADA,0.045,1149754050.0
2019-09-11,BNB,20.8993,7035871.0
2019-09-11,BTC,10178.3721,1515769.0
2019-09-11,DOGE,0.0024,12633935663.0
2019-09-11,ETH,178.7255,40045429.0
2019-09-11,XRP,0.256,3877876380.0
2019-09-12,ADA,0.0455,950956487.0
2019-09-12,BNB,20.9223,9669769.0
2019-09-12,BTC,10410.127,1471986.0
2019-09-12,DOGE,0.0024,15882751284.0
2019-09-12,ETH,181.0161,32254620.0
2019-09-12,XRP,0.2548,3825258405.0
2019-09-13,ADA,0.0458,836164389.0
2019-09-13,BNB,20.8875,8202416.0
2019-09-13,BTC,10360.5469,1361884.0
2019-09-13,DOGE,0.0024,14085821470.0
2019-09-13,ETH,181.1097,32880847.0
2019-09-13,XRP,0.2556,3402379845.0
2019-09-14,ADA,0.0465,1111044980.0
2019-09-14,BNB,21.0716,7736908.0
2019-09-14,BTC,10358.0488,1300314.0
2019-09-14,DOGE,0.0024,14852044484.0
2019-09-14,ETH,188.1055,34558724.0
2019-09-14,XRP,0.2612,3848331655.0
2019-09-15,ADA,0.0468,881151920.0
2019-09-15,BNB,20.5989,7372039.0
2019-09-15,BTC,10347.7129,1163874.0
2019-09-15,DOGE,0.0025,14578327019.0
2019-09-15,ETH,189.7891,32788364.0
2019-09-15,XRP,0.2616,3286197210.0
2019-09-16,ADA,0.0471,966302336.0
2019-09-16,BNB,20.3985,7033182.0
2019-09-16,BTC,10276.7939,1475185.0
2019-09-16,DOGE,0.0025,12674251385.0
2019-09-16,ETH,197.1132,41813692.0
2019-09-16,XRP,0.261,3365615914.0
2019-09-17,ADA,0.049,1749118692.0
2019-09-17,BNB,21.0054,9959793.0
2019-09-17,BTC,10241.2725,1494404.0
2019-09-17,DOGE,0.0026,14928934427.0
2019-09-17,ETH,208.6087,49051590.0
2019-09-17,XRP,0.285,6951840281.0
2019-09-18,ADA,0.0533,2594291359.0
2019-09-18,BNB,22.2554,16600020.0
2019-09-18,BTC,10198.248,1585495.0
2019-09-18,DOGE,0.0027,16744013352.0
2019-09-18,ETH,211.393,43495447.0
2019-09-18,XRP,0.3138,8121969262.0
2019-09-19,ADA,0.0525,2463916305.0
2019-09-19,BNB,21.6146,11544255.0
2019-09-19,BTC,10266.415,1942031.0
2019-09-19,DOGE,0.0027,17151593436.0
2019-09-19,ETH,221.2809,47993628.0
2019-09-19,XRP,0.3024,7652324178.0
2019-09-20,ADA,0.0523,1844335373.0
2019-09-20,BNB,21.3715,9310952.0
2019-09-20,BTC,10181.6416,1447133.0
2019-09-20,DOGE,0.0027,16967595239.0
2019-09-20,ETH,218.05,36817118.0
2019-09-20,XRP,0.2945,5291096891.0
2019-09-21,ADA,0.0519,1578606843.0
2019-09-21,BNB,21.0822,8306278.0
2019-09-21,BTC,10019.7168,1339885.0
2019-09-21,DOGE,0.0026,18484759025.0
2019-09-21,ETH,215.5162,35929130.0
2019-09-21,XRP,0.2894,4376583055.0
2019-09-22,ADA,0.0491,1754230496.0
2019-09-22,BNB,20.5256,7490548.0
2019-09-22,BTC,10070.3926,1310739.0
2019-09-22,DOGE,0.0026,14659677388.0
2019-09-22,ETH,211.5454,36932287.0
2019-09-22,XRP,0.2789,4453727962.0
2019-09-23,ADA,0.0463,1521101453.0
2019-09-23,BNB,19.4855,7540724.0
2019-09-23,BTC,9729.3242,1556627.0
2019-09-23,DOGE,0.0025,14321560737.0
2019-09-23,ETH,201.9213,37116801.0
2019-09-23,XRP,0.2687,5526895792.0
2019-09-24,ADA,0.0376,3153191136.0
2019-09-24,BNB,16.0677,14282583.0
2019-09-24,BTC,8620.5664,2900376.0
2019-09-24,DOGE,0.0022,25156352690.0
2019-09-24,ETH,168.1107,69940444.0
2019-09-24,XRP,0.2352,8987997437.0
2019-09-25,ADA,0.0394,3203178284.0
2019-09-25,BNB,16.2584,11052589.0
2019-09-25,BTC,8486.9932,2562124.0
2019-09-25,DOGE,0.0022,26851606251.0
2019-09-25,ETH,170.8927,57150668.0
2019-09-25,XRP,0.2464,7307212864.0
2019-09-26,ADA,0.0382,2585438998.0
2019-09-26,BNB,15.4598,10193839.0
2019-09-26,BTC,8118.9678,2372002.0
2019-09-26,DOGE,0.0022,21793767322.0
2019-09-26,ETH,166.7271,47072641.0
2019-09-26,XRP,0.2438,5692393625.0
2019-09-27,ADA,0.0395,2040625782.0
2019-09-27,BNB,15.7903,8837624.0
2019-09-27,BTC,8251.8457,1988518.0
2019-09-27,DOGE,0.0022,21458659082.0
2019-09-27,ETH,174.711,45270840.0
2019-09-27,XRP,0.244,5236215039.0
2019-09-28,ADA,0.0388,1025195037.0
2019-09-28,BNB,15.8514,7816347.0
2019-09-28,BTC,8245.915,1714928.0
2019-09-28,DOGE,0.0022,16221824875.0
2019-09-28,ETH,174.5729,39498821.0
2019-09-28,XRP,0.2426,4032681252.0
2019-09-29,ADA,0.0375,1155392089.0
2019-09-29,BNB,15.3051,7168390.0
2019-09-29,BTC,8104.1855,1608382.0
2019-09-29,DOGE,0.0022,18831098206.0
2019-09-29,ETH,170.5035,38105312.0
2019-09-29,XRP,0.2414,3858393589.0
2019-09-30,ADA,0.0389,1472919825.0
2019-09-30,BNB,15.8627,7837837.0
2019-09-30,BTC,8293.8682,2063630.0
2019-09-30,DOGE,0.0024,23846149829.0
2019-09-30,ETH,179.8722,41990451.0
2019-09-30,XRP,0.2559,6493896696.0
2019-10-01,ADA,0.0385,995152736.0
2019-10-01,BNB,15.9032,7870465.0
2019-10-01,BTC,8343.2764,1834452.0
2019-10-01,DOGE,0.0024,16986510308.0
2019-10-01,ETH,177.3404,43285541.0
2019-10-01,XRP,0.2496,5286933941.0
2019-10-02,ADA,0.0394,933932424.0
2019-10-02,BNB,15.95,6652242.0
2019-10-02,BTC,8393.042,1563880.0
2019-10-02,DOGE,0.0024,17916559111.0
2019-10-02,ETH,180.7105,35059362.0
2019-10-02,XRP,0.2535,4311545878.0
2019-10-03,ADA,0.0384,967099901.0
2019-10-03,BNB,15.7268,7485376.0
2019-10-03,BTC,8259.9922,1654823.0
2019-10-03,DOGE,0.0023,15822943598.0
2019-10-03,ETH,175.1993,36423674.0
2019-10-03,XRP,0.2479,4211786480.0
2019-10-04,ADA,0.0397,1211341772.0
2019-10-04,BNB,15.7551,7712478.0
2019-10-04,BTC,8205.9395,1601213.0
2019-10-04,DOGE,0.0024,18153771709.0
2019-10-04,ETH,176.985,35307673.0
2019-10-04,XRP,0.2539,4248569188.0
2019-10-05,ADA,0.0397,934096195.0
2019-10-05,BNB,15.7236,7864998.0
2019-10-05,BTC,8151.5005,1496718.0
2019-10-05,DOGE,0.0023,16950945841.0
2019-10-05,ETH,176.3515,33099867.0
2019-10-05,XRP,0.2535,3725697702.0
2019-10-06,ADA,0.0393,969379299.0
2019-10-06,BNB,15.349,7600447.0
2019-10-06,BTC,7988.1558,1647543.0
2019-10-06,DOGE,0.0023,17090334228.0
2019-10-06,ETH,173.0591,33820176.0
2019-10-06,XRP,0.2577,3745905026.0
2019-10-07,ADA,0.0417,1658955893.0
2019-10-07,BNB,16.1343,9135404.0
2019-10-07,BTC,8245.623,2184158.0
2019-10-07,DOGE,0.0024,20133045288.0
2019-10-07,ETH,181.1863,43294195.0
2019-10-07,XRP,0.2757,7033333537.0
2019-10-08,ADA,0.0414,1367100664.0
2019-10-08,BNB,16.1082,8402365.0
2019-10-08,BTC,8228.7832,1894844.0
2019-10-08,DOGE,0.0023,21152021041.0
2019-10-08,ETH,182.0216,41018672.0
2019-10-08,XRP,0.2785,5451882327.0
2019-10-09,ADA,0.0426,1454353710.0
2019-10-09,BNB,17.8066,16601693.0
2019-10-09,BTC,8595.7402,2255180.0
2019-10-09,DOGE,0.0024,16695506542.0
2019-10-09,ETH,193.2933,47017274.0
2019-10-09,XRP,0.2816,5607506622.0
2019-10-10,ADA,0.0417,1241049275.0
2019-10-10,BNB,17.5712,13485766.0
2019-10-10,BTC,8586.4736,2051909.0
2019-10-10,DOGE,0.0023,21189652096.0
2019-10-10,ETH,191.6597,43702013.0
2019-10-10,XRP,0.2721,5085235134.0
2019-10-11,ADA,0.0406,1154714151.0
2019-10-11,BNB,16.7095,11655050.0
2019-10-11,BTC,8321.7568,2355798.0
2019-10-11,DOGE,0.0023,17385781770.0
2019-10-11,ETH,182.5697,50000212.0
2019-10-11,XRP,0.2711,4668997984.0
2019-10-12,ADA,0.0405,858605195.0
2019-10-12,BNB,17.2779,13225030.0
2019-10-12,BTC,8336.5557,1743243.0
2019-10-12,DOGE,0.0023,19439146213.0
2019-10-12,ETH,180.8266,41444826.0
2019-10-12,XRP,0.2732,4026729614.0
2019-10-13,ADA,0.0413,827205461.0
2019-10-13,BNB,18.308,15025684.0
2019-10-13,BTC,8321.0059,1659449.0
2019-10-13,DOGE,0.0024,25847764135.0
2019-10-13,ETH,182.0751,36980238.0
2019-10-13,XRP,0.2778,4237074985.0
2019-10-14,ADA,0.0418,982555744.0
2019-10-14,BNB,18.4595,13363044.0
2019-10-14,BTC,8374.6865,1809189.0
2019-10-14,DOGE,0.0025,24542366474.0
2019-10-14,ETH,186.9609,38920012.0
2019-10-14,XRP,0.2965,5684651541.0
2019-10-15,ADA,0.0398,1186968152.0
2019-10-15,BNB,18.5447,17551121.0
2019-10-15,BTC,8205.3691,1854933.0
2019-10-15,DOGE,0.0025,20310740473.0
2019-10-15,ETH,181.4061,42619614.0
2019-10-15,XRP,0.2887,5841884591.0
2019-10-16,ADA,0.0387,1151688495.0
2019-10-16,BNB,17.84,12873736.0
2019-10-16,BTC,8047.5269,1997091.0
2019-10-16,DOGE,0.0026,19334688083.0
2019-10-16,ETH,176.0135,43696901.0
2019-10-16,XRP,0.2846,5713808885.0
2019-10-17,ADA,0.0395,916650184.0
2019-10-17,BNB,18.5703,13487920.0
2019-10-17,BTC,8103.9111,1766191.0
2019-10-17,DOGE,0.0028,25143193981.0
2019-10-17,ETH,178.0284,37843621.0
2019-10-17,XRP,0.3023,5979505428.0
2019-10-18,ADA,0.0381,1040277400.0
2019-10-18,BNB,18.2542,11408040.0
2019-10-18,BTC,7973.2075,1963023.0
2019-10-18,DOGE,0.0027,22509102142.0
2019-10-18,ETH,173.6213,43579078.0
2019-10-18,XRP,0.295,6134351363.0
2019-10-19,ADA,0.0392,1030760741.0
2019-10-19,BNB,18.2885,11577119.0
2019-10-19,BTC,7988.5605,1727198.0
2019-10-19,DOGE,0.0027,25448241245.0
2019-10-19,ETH,172.913,37888724.0
2019-10-19,XRP,0.293,6035355810.0
2019-10-20,ADA,0.0395,838320130.0
2019-10-20,BNB,18.4379,12227996.0
2019-10-20,BTC,8222.0781,1885685.0
2019-10-20,DOGE,0.0027,27012714369.0
2019-10-20,ETH,175.5344,38745066.0
2019-10-20,XRP,0.2942,6133096003.0
2019-10-21,ADA,0.0393,941020748.0
2019-10-21,BNB,18.3055,10277237.0
2019-10-21,BTC,8243.7207,1924950.0
2019-10-21,DOGE,0.0028,29880475105.0
2019-10-21,ETH,174.921,38965139.0
2019-10-21,XRP,0.293,5493074517.0
2019-10-22,ADA,0.0388,1014450941.0
2019-10-22,BNB,18.1956,12911318.0
2019-10-22,BTC,8078.2031,2080089.0
2019-10-22,DOGE,0.0026,29443100890.0
2019-10-22,ETH,172.3009,40574099.0
2019-10-22,XRP,0.2916,5597302932.0
2019-10-23,ADA,0.0364,1325430405.0
2019-10-23,BNB,16.7112,12033391.0
2019-10-23,BTC,7514.6719,2920005.0
2019-10-23,DOGE,0.0025,31719939872.0
2019-10-23,ETH,162.4028,59265768.0
2019-10-23,XRP,0.2741,7926468506.0
2019-10-24,ADA,0.0377,1321500299.0
2019-10-24,BNB,16.8916,11855219.0
2019-10-24,BTC,7493.4888,2171046.0
2019-10-24,DOGE,0.0025,31989797470.0
2019-10-24,ETH,162.1685,45020552.0
2019-10-24,XRP,0.2785,5881980414.0
2019-10-25,ADA,0.0412,1950628417.0
2019-10-25,BNB,18.6161,18501170.0
2019-10-25,BTC,8660.7002,3314405.0
2019-10-25,DOGE,0.0027,36711356148.0
2019-10-25,ETH,181.5232,57064846.0
2019-10-25,XRP,0.2982,8340949082.0
2019-10-26,ADA,0.0405,3030091743.0
2019-10-26,BNB,18.8897,15464722.0
2019-10-26,BTC,9244.9727,4813022.0
2019-10-26,DOGE,0.0026,45222895360.0
2019-10-26,ETH,179.8355,76913549.0
2019-10-26,XRP,0.2937,10631517075.0
2019-10-27,ADA,0.0423,2896966891.0
2019-10-27,BNB,19.3456,15142883.0
2019-10-27,BTC,9551.7148,3412280.0
2019-10-27,DOGE,0.0027,37509931341.0
2019-10-27,ETH,184.2422,58705014.0
2019-10-27,XRP,0.2981,7507353191.0
2019-10-28,ADA,0.0424,2405549725.0
2019-10-28,BNB,19.7583,17100003.0
2019-10-28,BTC,9256.1484,3343535.0
2019-10-28,DOGE,0.0026,34857012009.0
2019-10-28,ETH,182.6628,56972375.0
2019-10-28,XRP,0.296,6964485373.0
2019-10-29,ADA,0.0434,1918723498.0
2019-10-29,BNB,20.4771,15510451.0
2019-10-29,BTC,9427.6875,3015244.0
2019-10-29,DOGE,0.0027,31787099911.0
2019-10-29,ETH,190.3426,55808649.0
2019-10-29,XRP,0.302,7040142850.0
2019-10-30,ADA,0.042,2085969650.0
2019-10-30,BNB,20.087,12460519.0
2019-10-30,BTC,9205.7266,3009706.0
2019-10-30,DOGE,0.0026,33689689412.0
2019-10-30,ETH,184.6922,56769612.0
2019-10-30,XRP,0.2966,6350337094.0
2019-10-31,ADA,0.0416,1569148452.0
2019-10-31,BNB,20.0002,12511146.0
2019-10-31,BTC,9199.585,2889658.0
2019-10-31,DOGE,0.0026,27572445535.0
2019-10-31,ETH,183.9669,52226453.0
2019-10-31,XRP,0.2964,5622025766.0
2019-11-01,ADA,0.0423,1437733831.0
2019-11-01,BNB,20.0215,9908212.0
2019-11-01,BTC,9261.1045,2626543.0
2019-11-01,DOGE,0.0026,29765289323.0
2019-11-01,ETH,183.9699,49712542.0
2019-11-01,XRP,0.2926,5372609100.0
2019-11-02,ADA,0.0426,1106305875.0
2019-11-02,BNB,20.267,13514094.0
2019-11-02,BTC,9324.7178,2278104.0
2019-11-02,DOGE,0.0026,24070203078.0
2019-11-02,ETH,183.9257,43974229.0
2019-11-02,XRP,0.2963,4928875435.0
2019-11-03,ADA,0.0419,919616882.0
2019-11-03,BNB,20.206,12747258.0
2019-11-03,BTC,9235.3545,2288187.0
2019-11-03,DOGE,0.0026,21954762901.0
2019-11-03,ETH,182.425,48021087.0
2019-11-03,XRP,0.2913,4743204309.0
2019-11-04,ADA,0.0432,1436777339.0
2019-11-04,BNB,20.738,14297560.0
2019-11-04,BTC,9412.6123,2780339.0
2019-11-04,DOGE,0.0026,24499042546.0
2019-11-04,ETH,186.3552,56622613.0
2019-11-04,XRP,0.2999,5493146278.0
2019-11-05,ADA,0.0443,1869447962.0
2019-11-05,BNB,20.7247,12723261.0
2019-11-05,BTC,9342.5273,2804231.0
2019-11-05,DOGE,0.0026,29900420460.0
2019-11-05,ETH,189.3042,52952755.0
2019-11-05,XRP,0.3013,6519982772.0
2019-11-06,ADA,0.045,1595854750.0
2019-11-06,BNB,20.8179,11600099.0
2019-11-06,BTC,9360.8799,2471338.0
2019-11-06,DOGE,0.0026,33566287451.0
2019-11-06,ETH,191.5938,53010361.0
2019-11-06,XRP,0.3101,5774423232.0
2019-11-07,ADA,0.0436,1455775671.0
2019-11-07,BNB,20.6469,10752377.0
2019-11-07,BTC,9267.5615,2449445.0
2019-11-07,DOGE,0.0027,35648208080.0
2019-11-07,ETH,187.9765,48310536.0
2019-11-07,XRP,0.2924,8309876230.0
2019-11-08,ADA,0.0423,1661475542.0
2019-11-08,BNB,19.6908,9374749.0
2019-11-08,BTC,8804.8809,2763585.0
2019-11-08,DOGE,0.0027,33184730051.0
2019-11-08,ETH,184.2115,49816555.0
2019-11-08,XRP,0.277,7317802465.0
2019-11-09,ADA,0.0424,974572782.0
2019-11-09,BNB,19.7354,8959139.0
2019-11-09,BTC,8813.582,1994493.0
2019-11-09,DOGE,0.0027,34323653959.0
2019-11-09,ETH,185.0287,39331293.0
2019-11-09,XRP,0.2802,5173707240.0
2019-11-10,ADA,0.044,1630914137.0
2019-11-10,BNB,20.4818,11703803.0
2019-11-10,BTC,9055.5264,2273520.0
2019-11-10,DOGE,0.0028,34859445405.0
2019-11-10,ETH,189.4773,46194373.0
2019-11-10,XRP,0.2802,5558226948.0
2019-11-11,ADA,0.0432,1339234857.0
2019-11-11,BNB,20.1331,10403467.0
2019-11-11,BTC,8757.7881,2313999.0
2019-11-11,DOGE,0.0027,31163222657.0
2019-11-11,ETH,185.4896,42468270.0
2019-11-11,XRP,0.2751,5226284667.0
2019-11-12,ADA,0.0438,1816897373.0
2019-11-12,BNB,20.8574,10914570.0
2019-11-12,BTC,8815.6621,2303828.0
2019-11-12,DOGE,0.0027,26608007804.0
2019-11-12,ETH,186.8434,41704369.0
2019-11-12,XRP,0.2724,5156657521.0
2019-11-13,ADA,0.0435,973344005.0
2019-11-13,BNB,21.2504,11872519.0
2019-11-13,BTC,8808.2627,1991966.0
2019-11-13,DOGE,0.0027,30012778115.0
2019-11-13,ETH,188.2587,39005751.0
2019-11-13,XRP,0.273,4684079519.0
2019-11-14,ADA,0.0431,1236002597.0
2019-11-14,BNB,21.2647,11191892.0
2019-11-14,BTC,8708.0947,2191609.0
2019-11-14,DOGE,0.0027,28865653498.0
2019-11-14,ETH,185.9996,42326236.0
2019-11-14,XRP,0.2704,4676480515.0
2019-11-15,ADA,0.044,1855482176.0
2019-11-15,BNB,20.3162,11101018.0
2019-11-15,BTC,8491.9922,2566754.0
2019-11-15,DOGE,0.0027,29690723270.0
2019-11-15,ETH,180.5212,48834594.0
2019-11-15,XRP,0.2617,5917170809.0
2019-11-16,ADA,0.0442,1398649502.0
2019-11-16,BNB,20.2827,10403804.0
2019-11-16,BTC,8550.7607,1929114.0
2019-11-16,DOGE,0.0027,26800844964.0
2019-11-16,ETH,183.3484,37032718.0
2019-11-16,XRP,0.2639,4529733975.0
2019-11-17,ADA,0.0454,1647575770.0
2019-11-17,BNB,20.2608,11104320.0
2019-11-17,BTC,8577.9756,2176346.0
2019-11-17,DOGE,0.0026,28133983995.0
2019-11-17,ETH,185.1192,39781526.0
2019-11-17,XRP,0.2653,4801352646.0
2019-11-18,ADA,0.0438,2433580147.0
2019-11-18,BNB,19.3169,11615755.0
2019-11-18,BTC,8309.2861,2597031.0
2019-11-18,DOGE,0.0026,28152735788.0
2019-11-18,ETH,180.5596,43130701.0
2019-11-18,XRP,0.2557,5683469975.0
2019-11-19,ADA,0.0425,2146386732.0
2019-11-19,BNB,18.7033,11063469.0
2019-11-19,BTC,8206.1455,2569247.0
2019-11-19,DOGE,0.0025,33578325126.0
2019-11-19,ETH,177.4556,42470916.0
2019-11-19,XRP,0.2565,5538734122.0
2019-11-20,ADA,0.0412,1696398691.0
2019-11-20,BNB,18.1723,11561121.0
2019-11-20,BTC,8027.2681,2586721.0
2019-11-20,DOGE,0.0026,30237192049.0
2019-11-20,ETH,175.6983,41012253.0
2019-11-20,XRP,0.2514,5247646983.0
2019-11-21,ADA,0.0384,1747167338.0
2019-11-21,BNB,16.8402,13564540.0
2019-11-21,BTC,7642.75,2945830.0
2019-11-21,DOGE,0.0024,39571072905.0
2019-11-21,ETH,161.4627,52930925.0
2019-11-21,XRP,0.2438,6507608350.0
2019-11-22,ADA,0.0371,2511848255.0
2019-11-22,BNB,15.5817,21913925.0
2019-11-22,BTC,7296.5776,4692928.0
2019-11-22,DOGE,0.0024,46409546288.0
2019-11-22,ETH,150.2682,79995315.0
2019-11-22,XRP,0.2316,8688389173.0
2019-11-23,ADA,0.0383,1538203041.0
2019-11-23,BNB,16.4195,15588845.0
2019-11-23,BTC,7397.7969,2839889.0
2019-11-23,DOGE,0.0025,44809506905.0
2019-11-23,ETH,153.4178,54030231.0
2019-11-23,XRP,0.2362,6268364174.0
2019-11-24,ADA,0.0356,1770222099.0
2019-11-24,BNB,15.2788,15208287.0
2019-11-24,BTC,7047.917,4318087.0
2019-11-24,DOGE,0.0024,42904777824.0
2019-11-24,ETH,142.8347,54487943.0
2019-11-24,XRP,0.2232,13138921768.0
2019-11-25,ADA,0.036,2682374256.0
2019-11-25,BNB,15.2674,15884232.0
2019-11-25,BTC,7146.1338,5973192.0
2019-11-25,DOGE,0.0023,56689004878.0
2019-11-25,ETH,146.4765,74843070.0
2019-11-25,XRP,0.2186,43065511764.0
2019-11-26,ADA,0.037,1552495580.0
2019-11-26,BNB,15.5273,13260126.0
2019-11-26,BTC,7218.3711,2927185.0
2019-11-26,DOGE,0.0023,43768655943.0
2019-11-26,ETH,148.9651,51344360.0
2019-11-26,XRP,0.2221,5954325346.0
2019-11-27,ADA,0.039,1967824064.0
2019-11-27,BNB,16.0983,15841537.0
2019-11-27,BTC,7531.6636,3185407.0
2019-11-27,DOGE,0.0023,42900935895.0
2019-11-27,ETH,153.0106,57369213.0
2019-11-27,XRP,0.2251,7148013414.0
2019-11-28,ADA,0.0392,1549971938.0
2019-11-28,BNB,15.6832,12402846.0
2019-11-28,BTC,7463.106,2552572.0
2019-11-28,DOGE,0.0023,42351678127.0
2019-11-28,ETH,151.7176,48422419.0
2019-11-28,XRP,0.2246,5540255586.0
2019-11-29,ADA,0.0414,2402196776.0
2019-11-29,BNB,16.2733,15367146.0
2019-11-29,BTC,7761.2437,2539502.0
2019-11-29,DOGE,0.0025,39845212550.0
2019-11-29,ETH,155.3042,48317435.0
2019-11-29,XRP,0.2302,5758748500.0
2019-11-30,ADA,0.0404,1587753317.0
2019-11-30,BNB,15.716,13580351.0
2019-11-30,BTC,7569.6299,2266715.0
2019-11-30,DOGE,0.0023,38605867301.0
2019-11-30,ETH,152.5397,43044213.0
2019-11-30,XRP,0.2265,5122144766.0
2019-12-01,ADA,0.0396,1506589467.0
2019-12-01,BNB,15.4963,13117192.0
2019-12-01,BTC,7424.2925,2521548.0
2019-12-01,DOGE,0.0023,33598520651.0
2019-12-01,ETH,151.1857,46980494.0
2019-12-01,XRP,0.2253,5219994554.0
2019-12-02,ADA,0.0381,1131734097.0
2019-12-02,BNB,15.1919,13218215.0
2019-12-02,BTC,7321.9883,2332978.0
2019-12-02,DOGE,0.0022,29880317383.0
2019-12-02,ETH,149.0592,44751100.0
2019-12-02,XRP,0.2196,5408090019.0
2019-12-03,ADA,0.0379,906107646.0
2019-12-03,BNB,15.3096,14365359.0
2019-12-03,BTC,7320.1455,2021474.0
2019-12-03,DOGE,0.0022,28195189558.0
2019-12-03,ETH,147.9564,41933833.0
2019-12-03,XRP,0.2199,4628409924.0
2019-12-04,ADA,0.0374,1381961641.0
2019-12-04,BNB,15.28,15550119.0
2019-12-04,BTC,7252.0347,2987333.0
2019-12-04,DOGE,0.0022,33130181330.0
2019-12-04,ETH,146.7477,53601759.0
2019-12-04,XRP,0.2163,6597299391.0
2019-12-05,ADA,0.0379,1055574783.0
2019-12-05,BNB,15.7628,16203357.0
2019-12-05,BTC,7448.3076,2526223.0
2019-12-05,DOGE,0.0022,30030496667.0
2019-12-05,ETH,149.249,45199033.0
2019-12-05,XRP,0.2229,6389031908.0
2019-12-06,ADA,0.0383,784238251.0
2019-12-06,BNB,15.7113,15065214.0
2019-12-06,BTC,7546.9966,2398897.0
2019-12-06,DOGE,0.0022,30068714918.0
2019-12-06,ETH,149.1944,43290932.0
2019-12-06,XRP,0.2255,5559533723.0
2019-12-07,ADA,0.0388,777956109.0
2019-12-07,BNB,15.6671,15490641.0
2019-12-07,BTC,7556.2378,2045134.0
2019-12-07,DOGE,0.0022,28221120834.0
2019-12-07,ETH,148.7682,39734533.0
2019-12-07,XRP,0.2284,4699432943.0
2019-12-08,ADA,0.0389,658647539.0
2019-12-08,BNB,15.6745,14272947.0
2019-12-08,BTC,7564.3452,2037177.0
2019-12-08,DOGE,0.0022,24773117916.0
2019-12-08,ETH,151.2647,42585786.0
2019-12-08,XRP,0.2304,4850158889.0
2019-12-09,ADA,0.0375,831756786.0
2019-12-09,BNB,15.4485,13590637.0
2019-12-09,BTC,7400.8994,2414845.0
2019-12-09,DOGE,0.0022,28395267939.0
2019-12-09,ETH,148.2252,45499739.0
2019-12-09,XRP,0.2255,5507422160.0
2019-12-10,ADA,0.0366,887006502.0
2019-12-10,BNB,14.9589,12876360.0
2019-12-10,BTC,7278.1196,2507383.0
2019-12-10,DOGE,0.0022,31670809171.0
2019-12-10,ETH,146.267,46897181.0
2019-12-10,XRP,0.2243,5312885372.0
2019-12-11,ADA,0.0367,1277103050.0
2019-12-11,BNB,14.8246,11528824.0
2019-12-11,BTC,7217.4272,2265418.0
2019-12-11,DOGE,0.0022,29340072709.0
2019-12-11,ETH,143.608,49002702.0
2019-12-11,XRP,0.2221,4827956036.0
2019-12-12,ADA,0.0367,1138418541.0
2019-12-12,BNB,14.8182,11200058.0
2019-12-12,BTC,7243.1343,2613106.0
2019-12-12,DOGE,0.0022,30273625744.0
2019-12-12,ETH,145.604,54190704.0
2019-12-12,XRP,0.2199,5856923476.0
2019-12-13,ADA,0.0371,1146860881.0
2019-12-13,BNB,14.8787,11928173.0
2019-12-13,BTC,7269.6846,2355774.0
2019-12-13,DOGE,0.0022,30276655207.0
2019-12-13,ETH,144.9447,50121238.0
2019-12-13,XRP,0.2208,5674650726.0
2019-12-14,ADA,0.0364,1096743801.0
2019-12-14,BNB,14.505,11933302.0
2019-12-14,BTC,7124.6738,2405307.0
2019-12-14,DOGE,0.0022,33110468778.0
2019-12-14,ETH,142.8692,49332294.0
2019-12-14,XRP,0.2174,4964164642.0
2019-12-15,ADA,0.0367,771812030.0
2019-12-15,BNB,14.4904,11571095.0
2019-12-15,BTC,7152.3018,2360237.0
2019-12-15,DOGE,0.0022,30869074655.0
2019-12-15,ETH,143.115,50554826.0
2019-12-15,XRP,0.2186,5357476203.0
2019-12-16,ADA,0.0343,1224476330.0
2019-12-16,BNB,13.5588,13198239.0
2019-12-16,BTC,6932.4805,2915734.0
2019-12-16,DOGE,0.0021,32234838406.0
2019-12-16,ETH,133.614,67300434.0
2019-12-16,XRP,0.2072,7172582756.0
2019-12-17,ADA,0.0318,1704967605.0
2019-12-17,BNB,12.3869,15096218.0
2019-12-17,BTC,6640.5151,3367782.0
2019-12-17,DOGE,0.002,42294315180.0
2019-12-17,ETH,122.6039,73873400.0
2019-12-17,XRP,0.1837,11210872992.0
2019-12-18,ADA,0.0345,1772960157.0
2019-12-18,BNB,13.5353,17339704.0
2019-12-18,BTC,7276.8027,4375070.0
2019-12-18,DOGE,0.0022,44959736550.0
2019-12-18,ETH,133.0922,89145111.0
2019-12-18,XRP,0.1962,10888297893.0
2019-12-19,ADA,0.0333,1319114394.0
2019-12-19,BNB,13.4458,13012652.0
2019-12-19,BTC,7202.8442,3596441.0
2019-12-19,DOGE,0.0021,37241907803.0
2019-12-19,ETH,129.3211,73960834.0
2019-12-19,XRP,0.1908,8322962481.0
2019-12-20,ADA,0.034,968586045.0
2019-12-20,BNB,13.5708,15022064.0
2019-12-20,BTC,7218.8164,3135391.0
2019-12-20,DOGE,0.0021,32329543637.0
2019-12-20,ETH,129.0661,63328767.0
2019-12-20,XRP,0.1953,9039046309.0
2019-12-21,ADA,0.0333,760040508.0
2019-12-21,BNB,13.3807,14410914.0
2019-12-21,BTC,7191.1587,2685597.0
2019-12-21,DOGE,0.0021,31997599253.0
2019-12-21,ETH,128.131,58136341.0
2019-12-21,XRP,0.1941,6227252968.0
2019-12-22,ADA,0.0345,721177600.0
2019-12-22,BNB,13.8359,14752359.0
2019-12-22,BTC,7511.5889,3079846.0
2019-12-22,DOGE,0.0021,33558745475.0
2019-12-22,ETH,132.3725,68904475.0
2019-12-22,XRP,0.197,6404771107.0
2019-12-23,ADA,0.0332,1100546704.0
2019-12-23,BNB,13.369,11901076.0
2019-12-23,BTC,7355.6284,3783740.0
2019-12-23,DOGE,0.0021,37486015816.0
2019-12-23,ETH,128.6141,74816824.0
2019-12-23,XRP,0.1909,7347700969.0
2019-12-24,ADA,0.0342,905455950.0
2019-12-24,BNB,13.4446,13192865.0
2019-12-24,BTC,7322.5322,3139846.0
2019-12-24,DOGE,0.0021,34664935674.0
2019-12-24,ETH,129.0639,61688980.0
2019-12-24,XRP,0.1922,6532726699.0
2019-12-25,ADA,0.0337,580792847.0
2019-12-25,BNB,13.1748,11591650.0
2019-12-25,BTC,7275.1558,2963442.0
2019-12-25,DOGE,0.0021,37934512200.0
2019-12-25,ETH,126.4546,66569478.0
2019-12-25,XRP,0.1907,5978119420.0
2019-12-26,ADA,0.0343,826045348.0
2019-12-26,BNB,13.2086,11936177.0
2019-12-26,BTC,7238.9668,3147826.0
2019-12-26,DOGE,0.0021,34939973042.0
2019-12-26,ETH,126.3612,68065755.0
2019-12-26,XRP,0.1904,6184725589.0
2019-12-27,ADA,0.0331,1283944775.0
2019-12-27,BNB,13.3627,12303887.0
2019-12-27,BTC,7290.0884,3124429.0
2019-12-27,DOGE,0.0021,36768991130.0
2019-12-27,ETH,127.2146,65239286.0
2019-12-27,XRP,0.1911,6023785782.0
2019-12-28,ADA,0.0336,684426042.0
2019-12-28,BNB,13.7054,14412251.0
2019-12-28,BTC,7317.9902,2919609.0
2019-12-28,DOGE,0.0021,31268990617.0
2019-12-28,ETH,128.3227,62882858.0
2019-12-28,XRP,0.1932,6048783952.0
2019-12-29,ADA,0.0343,691175576.0
2019-12-29,BNB,14.15,15926068.0
2019-12-29,BTC,7422.6528,3023886.0
2019-12-29,DOGE,0.0021,32451564208.0
2019-12-29,ETH,134.758,72046025.0
2019-12-29,XRP,0.1971,5970910072.0
2019-12-30,ADA,0.0336,653109433.0
2019-12-30,BNB,13.9474,13427239.0
2019-12-30,BTC,7292.9951,3136452.0
2019-12-30,DOGE,0.0021,35623751975.0
2019-12-30,ETH,132.6335,73864845.0
2019-12-30,XRP,0.1945,6414737347.0
2019-12-31,ADA,0.0328,770904178.0
2019-12-31,BNB,13.7276,12112659.0
2019-12-31,BTC,7193.5991,2942609.0
2019-12-31,DOGE,0.002,34255316774.0
2019-12-31,ETH,129.6109,68951527.0
2019-12-31,XRP,0.1929,5789506637.0
2020-01-01,ADA,0.0335,685886044.0
2020-01-01,BNB,13.6891,12636399.0
2020-01-01,BTC,7200.1743,2578502.0
2020-01-01,DOGE,0.002,25175080248.0
2020-01-01,ETH,130.802,60665970.0
2020-01-01,XRP,0.1927,5403800146.0
2020-01-02,ADA,0.0328,636436539.0
2020-01-02,BNB,13.027,12004014.0
2020-01-02,BTC,6985.4702,2977907.0
2020-01-02,DOGE,0.002,32389800022.0
2020-01-02,ETH,127.4102,63046056.0
2020-01-02,XRP,0.188,5771825783.0
2020-01-03,ADA,0.0342,882464705.0
2020-01-03,BNB,13.6605,12714357.0
2020-01-03,BTC,7344.8843,3827355.0
2020-01-03,DOGE,0.0021,29193467123.0
2020-01-03,ETH,134.1717,78085355.0
2020-01-03,XRP,0.1935,6562683579.0
2020-01-04,ADA,0.0346,853758628.0
2020-01-04,BNB,13.8915,13118109.0
2020-01-04,BTC,7410.6567,2488885.0
2020-01-04,DOGE,0.0022,42047112523.0
2020-01-04,ETH,135.0694,55015469.0
2020-01-04,XRP,0.1944,5141784951.0
2020-01-05,ADA,0.0347,618622133.0
2020-01-05,BNB,14.111,14354222.0
2020-01-05,BTC,7411.3174,2661480.0
2020-01-05,DOGE,0.0024,21757643422.0
2020-01-05,ETH,136.2768,55230799.0
2020-01-05,XRP,0.1955,5973639524.0
2020-01-06,ADA,0.0373,1019222076.0
2020-01-06,BNB,14.9578,15028968.0
2020-01-06,BTC,7769.2192,2995959.0
2020-01-06,DOGE,0.0025,22152826359.0
2020-01-06,ETH,144.3042,63017917.0
2020-01-06,XRP,0.2215,10390859835.0
2020-01-07,ADA,0.037,1391818008.0
2020-01-07,BNB,15.0092,12788685.0
2020-01-07,BTC,8163.6924,3523809.0
2020-01-07,DOGE,0.0024,21688181331.0
2020-01-07,ETH,143.544,64495592.0
2020-01-07,XRP,0.2139,10460591221.0
2020-01-08,ADA,0.0364,1350167262.0
2020-01-08,BNB,14.6029,12575022.0
2020-01-08,BTC,8079.8628,3919938.0
2020-01-08,DOGE,0.0023,33690155288.0
2020-01-08,ETH,141.2581,66454191.0
2020-01-08,XRP,0.209,8525870962.0
2020-01-09,ADA,0.0364,730569468.0
2020-01-09,BNB,14.4983,11704798.0
2020-01-09,BTC,7879.0713,3051881.0
2020-01-09,DOGE,0.0023,31334473672.0
2020-01-09,ETH,138.9792,55384728.0
2020-01-09,XRP,0.2049,6545326728.0
2020-01-10,ADA,0.0369,1287735071.0
2020-01-10,BNB,15.0258,13321934.0
2020-01-10,BTC,8166.5542,3516120.0
2020-01-10,DOGE,0.0024,37217043956.0
2020-01-10,ETH,143.9638,63104876.0
2020-01-10,XRP,0.2123,7977383273.0
2020-01-11,ADA,0.0368,1723977892.0
2020-01-11,BNB,14.9463,13492511.0
2020-01-11,BTC,8037.5376,3175247.0
2020-01-11,DOGE,0.0023,40710204002.0
2020-01-11,ETH,142.9271,65293482.0
2020-01-11,XRP,0.2119,7815951135.0
2020-01-12,ADA,0.0377,1500298803.0
2020-01-12,BNB,15.3221,15086079.0
2020-01-12,BTC,8192.4941,2795661.0
2020-01-12,DOGE,0.0024,33358343563.0
2020-01-12,ETH,145.8739,58462587.0
2020-01-12,XRP,0.2156,6938309053.0
2020-01-13,ADA,0.037,1522933922.0
2020-01-13,BNB,15.2273,13908318.0
2020-01-13,BTC,8144.1943,2760606.0
2020-01-13,DOGE,0.0024,35559730721.0
2020-01-13,ETH,144.2266,58092820.0
2020-01-13,XRP,0.2126,6215131388.0
2020-01-14,ADA,0.0417,3007206123.0
2020-01-14,BNB,16.6261,18002814.0
2020-01-14,BTC,8827.7646,5079631.0
2020-01-14,DOGE,0.0025,52079103515.0
2020-01-14,ETH,165.9554,100703702.0
2020-01-14,XRP,0.2347,11248364461.0
2020-01-15,ADA,0.0426,2616749456.0
2020-01-15,BNB,17.6548,21569565.0
2020-01-15,BTC,8807.0107,4553513.0
2020-01-15,DOGE,0.0024,54428161659.0
2020-01-15,ETH,166.2307,91280947.0
2020-01-15,XRP,0.2329,11122085937.0
2020-01-16,ADA,0.0414,1852726939.0
2020-01-16,BNB,17.0769,15249998.0
2020-01-16,BTC,8723.7861,3589494.0
2020-01-16,DOGE,0.0023,41844009387.0
2020-01-16,ETH,164.391,83551974.0
2020-01-16,XRP,0.2286,9042815796.0
2020-01-17,ADA,0.045,2362997320.0
2020-01-17,BNB,18.1352,19146698.0
2020-01-17,BTC,8929.0381,4073467.0
2020-01-17,DOGE,0.0025,47290295676.0
2020-01-17,ETH,170.78,87815294.0
2020-01-17,XRP,0.2388,10126826388.0
2020-01-18,ADA,0.0449,1988639569.0
2020-01-18,BNB,17.8239,14436648.0
2020-01-18,BTC,8942.8086,3616064.0
2020-01-18,DOGE,0.0025,43132805389.0
2020-01-18,ETH,175.3657,85132636.0
2020-01-18,XRP,0.2433,9828587822.0
2020-01-19,ADA,0.042,2172208939.0
2020-01-19,BNB,17.3693,15330862.0
2020-01-19,BTC,8706.2451,3930204.0
2020-01-19,DOGE,0.0024,44941850574.0
2020-01-19,ETH,166.9698,82130841.0
2020-01-19,XRP,0.2356,9388192218.0
2020-01-20,ADA,0.0439,1597808369.0
2020-01-20,BNB,17.3253,14148457.0
2020-01-20,BTC,8657.6426,3051913.0
2020-01-20,DOGE,0.0024,38762544337.0
2020-01-20,ETH,167.1205,66685588.0
2020-01-20,XRP,0.2333,7387763900.0
2020-01-21,ADA,0.046,2085626268.0
2020-01-21,BNB,18.1277,16324342.0
2020-01-21,BTC,8745.8945,2755283.0
2020-01-21,DOGE,0.0024,35488875185.0
2020-01-21,ETH,169.6972,57687291.0
2020-01-21,XRP,0.2372,7174944249.0
2020-01-22,ADA,0.0457,1470752655.0
2020-01-22,BNB,17.7984,13351477.0
2020-01-22,BTC,8680.876,2603447.0
2020-01-22,DOGE,0.0023,35666198983.0
2020-01-22,ETH,168.2942,54724585.0
2020-01-22,XRP,0.2361,6427080273.0
2020-01-23,ADA,0.0433,1731533053.0
2020-01-23,BNB,17.0214,12984211.0
2020-01-23,BTC,8406.5156,3065560.0
2020-01-23,DOGE,0.0023,40505563656.0
2020-01-23,ETH,162.9286,63812439.0
2020-01-23,XRP,0.2261,7077694067.0
2020-01-24,ADA,0.045,1722150313.0
2020-01-24,BNB,17.0474,12514606.0
2020-01-24,BTC,8445.4346,2888888.0
2020-01-24,DOGE,0.0023,38166027303.0
2020-01-24,ETH,163.0512,65363963.0
2020-01-24,XRP,0.223,7650375467.0
2020-01-25,ADA,0.0432,1326997180.0
2020-01-25,BNB,16.9761,12271125.0
2020-01-25,BTC,8367.8477,2347955.0
2020-01-25,DOGE,0.0023,36518121662.0
2020-01-25,ETH,161.2839,51195159.0
2020-01-25,XRP,0.2204,6229633936.0
2020-01-26,ADA,0.0446,1407765311.0
2020-01-26,BNB,17.4386,14258344.0
2020-01-26,BTC,8596.8301,2579751.0
2020-01-26,DOGE,0.0023,31869184885.0
2020-01-26,ETH,168.0771,55104838.0
2020-01-26,XRP,0.2307,6866323942.0
2020-01-27,ADA,0.0479,2024685814.0
2020-01-27,BNB,17.6913,12864175.0
2020-01-27,BTC,8909.8193,3215255.0
2020-01-27,DOGE,0.0024,37594345491.0
2020-01-27,ETH,170.9309,64379680.0
2020-01-27,XRP,0.2312,7449955763.0
2020-01-28,ADA,0.0529,3935085031.0
2020-01-28,BNB,18.1151,14219020.0
2020-01-28,BTC,9358.5898,3675633.0
2020-01-28,DOGE,0.0025,37358681598.0
2020-01-28,ETH,176.3703,66750887.0
2020-01-28,XRP,0.2385,8607145277.0
2020-01-29,ADA,0.0535,3496971968.0
2020-01-29,BNB,17.9128,12375230.0
2020-01-29,BTC,9316.6299,3293315.0
2020-01-29,DOGE,0.0024,33755739633.0
2020-01-29,ETH,175.0503,61269618.0
2020-01-29,XRP,0.2357,7989079098.0
2020-01-30,ADA,0.0561,2728909010.0
2020-01-30,BNB,18.5904,14237799.0
2020-01-30,BTC,9508.9932,3405071.0
2020-01-30,DOGE,0.0024,34413080172.0
2020-01-30,ETH,184.6905,68248183.0
2020-01-30,XRP,0.2436,8721885625.0
2020-01-31,ADA,0.0538,2430703556.0
2020-01-31,BNB,18.211,13455395.0
2020-01-31,BTC,9350.5293,3147682.0
2020-01-31,DOGE,0.0024,31962946039.0
2020-01-31,ETH,180.1602,65101050.0
2020-01-31,XRP,0.2392,7909321606.0
2020-02-01,ADA,0.0561,1972593971.0
2020-02-01,BNB,18.2183,13089128.0
2020-02-01,BTC,9392.875,2759821.0
2020-02-01,DOGE,0.0024,32506535267.0
2020-02-01,ETH,183.674,62990409.0
2020-02-01,XRP,0.2415,6595230553.0
2020-02-02,ADA,0.0558,2895110488.0
2020-02-02,BNB,18.4482,13888035.0
2020-02-02,BTC,9344.3652,3299928.0
2020-02-02,DOGE,0.0025,37095833661.0
2020-02-02,ETH,188.6175,74512824.0
2020-02-02,XRP,0.2507,9879513740.0
2020-02-03,ADA,0.057,1871888730.0
2020-02-03,BNB,18.4628,12335599.0
2020-02-03,BTC,9293.5215,3328566.0
2020-02-03,DOGE,0.0024,32318292017.0
2020-02-03,ETH,189.8651,65272014.0
2020-02-03,XRP,0.2546,8470484886.0
2020-02-04,ADA,0.056,1945371625.0
2020-02-04,BNB,18.1774,11747232.0
2020-02-04,BTC,9180.9629,3255997.0
2020-02-04,DOGE,0.0025,35872953730.0
2020-02-04,ETH,189.2506,61897780.0
2020-02-04,XRP,0.2668,10872806892.0
2020-02-05,ADA,0.0592,2332392418.0
2020-02-05,BNB,19.215,15690123.0
2020-02-05,BTC,9613.4238,3663841.0
2020-02-05,DOGE,0.0026,40953375208.0
2020-02-05,ETH,204.2302,72787627.0
2020-02-05,XRP,0.2775,12010205359.0
2020-02-06,ADA,0.0598,2286795172.0
2020-02-06,BNB,20.5953,19164831.0
2020-02-06,BTC,9729.8018,3867378.0
2020-02-06,DOGE,0.0027,40976862516.0
2020-02-06,ETH,212.3391,77355471.0
2020-02-06,XRP,0.2822,10910693611.0
2020-02-07,ADA,0.0598,2210311579.0
2020-02-07,BNB,22.0623,22007243.0
2020-02-07,BTC,9795.9434,3524185.0
2020-02-07,DOGE,0.0028,47047267190.0
2020-02-07,ETH,222.7261,74860767.0
2020-02-07,XRP,0.2793,8495766007.0
2020-02-08,ADA,0.0599,2268268380.0
2020-02-08,BNB,21.7824,17264744.0
2020-02-08,BTC,9865.1191,3565293.0
2020-02-08,DOGE,0.0032,64515292597.0
2020-02-08,ETH,223.1465,75023368.0
2020-02-08,XRP,0.2772,8588110084.0
2020-02-09,ADA,0.0618,2231809604.0
2020-02-09,BNB,24.3086,21542398.0
2020-02-09,BTC,10116.6738,3539492.0
2020-02-09,DOGE,0.0032,67717058088.0
2020-02-09,ETH,228.5786,65760130.0
2020-02-09,XRP,0.2825,8297191457.0
2020-02-10,ADA,0.0604,2269816677.0
2020-02-10,BNB,25.2183,28952937.0
2020-02-10,BTC,9856.6113,3995952.0
2020-02-10,DOGE,0.003,65499667875.0
2020-02-10,ETH,223.5227,72520635.0
2020-02-10,XRP,0.2741,8769189669.0
2020-02-11,ADA,0.0632,3219306117.0
2020-02-11,BNB,25.6374,22124942.0
2020-02-11,BTC,10208.2363,3688008.0
2020-02-11,DOGE,0.003,55819509738.0
2020-02-11,ETH,235.8512,71929658.0
2020-02-11,XRP,0.2801,8508847749.0
2020-02-12,ADA,0.0684,3225208594.0
2020-02-12,BNB,26.4668,18601770.0
2020-02-12,BTC,10326.0547,4207251.0
2020-02-12,DOGE,0.0031,58650810832.0
2020-02-12,ETH,265.4061,92481095.0
2020-02-12,XRP,0.3044,13444925228.0
2020-02-13,ADA,0.0686,3667474098.0
2020-02-13,BNB,25.4401,18238851.0
2020-02-13,BTC,10214.3799,4832018.0
2020-02-13,DOGE,0.003,55698593023.0
2020-02-13,ETH,268.0992,96237935.0
2020-02-13,XRP,0.3267,19815306248.0
2020-02-14,ADA,0.0706,2596823572.0
2020-02-14,BNB,26.297,17931149.0
2020-02-14,BTC,10312.1162,4202655.0
2020-02-14,DOGE,0.0031,44999753735.0
2020-02-14,ETH,284.2175,82888118.0
2020-02-14,XRP,0.3348,13370993487.0
2020-02-15,ADA,0.0639,2989608314.0
2020-02-15,BNB,24.1497,18835043.0
2020-02-15,BTC,9889.4248,4435552.0
2020-02-15,DOGE,0.0029,49563706603.0
2020-02-15,ETH,264.7286,89459375.0
2020-02-15,XRP,0.3062,13984113817.0
2020-02-16,ADA,0.0627,3302557673.0
2020-02-16,BNB,23.4664,20080888.0
2020-02-16,BTC,9934.4336,4366105.0
2020-02-16,DOGE,0.0028,54012954762.0
2020-02-16,ETH,259.8947,96779062.0
2020-02-16,XRP,0.295,13643645059.0
2020-02-17,ADA,0.06,3299019048.0
2020-02-17,BNB,23.5514,17781711.0
2020-02-17,BTC,9690.1426,4746917.0
2020-02-17,DOGE,0.0027,55170356173.0
2020-02-17,ETH,266.3634,97701399.0
2020-02-17,XRP,0.2866,12876581546.0
2020-02-18,ADA,0.0626,2950211745.0
2020-02-18,BNB,24.0582,16322503.0
2020-02-18,BTC,10141.9961,4660919.0
2020-02-18,DOGE,0.0028,50788603668.0
2020-02-18,ETH,281.9446,94030810.0
2020-02-18,XRP,0.2979,12484579928.0
2020-02-19,ADA,0.0576,2882157195.0
2020-02-19,BNB,22.3335,13354386.0
2020-02-19,BTC,9633.3867,4878037.0
2020-02-19,DOGE,0.0026,52168084696.0
2020-02-19,ETH,259.764,87307773.0
2020-02-19,XRP,0.2776,11154465863.0
2020-02-20,ADA,0.0583,3463155951.0
2020-02-20,BNB,22.2291,16134531.0
2020-02-20,BTC,9608.4756,4675587.0
2020-02-20,DOGE,0.0027,70653133381.0
2020-02-20,ETH,257.9495,90055737.0
2020-02-20,XRP,0.2724,11520083258.0
2020-02-21,ADA,0.0586,3077505842.0
2020-02-21,BNB,22.1849,17858172.0
2020-02-21,BTC,9686.4414,4225551.0
2020-02-21,DOGE,0.0026,59536469993.0
2020-02-21,ETH,265.6006,78567563.0
2020-02-21,XRP,0.2749,9553048200.0
2020-02-22,ADA,0.0583,2277610652.0
2020-02-22,BNB,21.9685,14966638.0
2020-02-22,BTC,9663.1816,3708719.0
2020-02-22,DOGE,0.0026,60033023498.0
2020-02-22,ETH,262.3317,64445247.0
2020-02-22,XRP,0.2759,7940043433.0
2020-02-23,ADA,0.0615,3096834756.0
2020-02-23,BNB,22.8289,19231656.0
2020-02-23,BTC,9924.5156,4149843.0
2020-02-23,DOGE,0.0027,67443249085.0
2020-02-23,ETH,273.7542,71545943.0
2020-02-23,XRP,0.2827,8184398393.0
2020-02-24,ADA,0.059,3452885248.0
2020-02-24,BNB,22.0441,16223854.0
2020-02-24,BTC,9650.1748,4671469.0
2020-02-24,DOGE,0.0026,61445462642.0
2020-02-24,ETH,265.2164,84462511.0
2020-02-24,XRP,0.2706,9134714841.0
2020-02-25,ADA,0.0564,3161935287.0
2020-02-25,BNB,20.3425,17508390.0
2020-02-25,BTC,9341.7051,4551124.0
2020-02-25,DOGE,0.0025,72108806308.0
2020-02-25,ETH,247.8176,88286233.0
2020-02-25,XRP,0.2534,10220903538.0
2020-02-26,ADA,0.0495,4187418697.0
2020-02-26,BNB,18.7991,23613293.0
2020-02-26,BTC,8820.5225,5716220.0
2020-02-26,DOGE,0.0023,86092680241.0
2020-02-26,ETH,225.6803,116251268.0
2020-02-26,XRP,0.2309,14181376467.0
2020-02-27,ADA,0.0497,3182137519.0
2020-02-27,BNB,19.1226,21236284.0
2020-02-27,BTC,8784.4941,5176188.0
2020-02-27,DOGE,0.0023,70057635944.0
2020-02-27,ETH,226.7534,113098742.0
2020-02-27,XRP,0.2371,11705972672.0
2020-02-28,ADA,0.0486,3166966400.0
2020-02-28,BNB,18.8548,24473042.0
2020-02-28,BTC,8672.4551,5143348.0
2020-02-28,DOGE,0.0023,67079272693.0
2020-02-28,ETH,226.7605,99503797.0
2020-02-28,XRP,0.2363,10446654839.0
2020-02-29,ADA,0.0475,1978802299.0
2020-02-29,BNB,19.5841,29831324.0
2020-02-29,BTC,8599.5088,4162144.0
2020-02-29,DOGE,0.0022,65608871845.0
2020-02-29,ETH,219.8485,82699202.0
2020-02-29,XRP,0.2312,8916138071.0
2020-03-01,ADA,0.0459,2105647128.0
2020-03-01,BNB,18.9632,20086929.0
2020-03-01,BTC,8562.4541,4128392.0
2020-03-01,DOGE,0.0023,71400967175.0
2020-03-01,ETH,218.9706,83023967.0
2020-03-01,XRP,0.2288,9118918768.0
2020-03-02,ADA,0.049,2177232693.0
2020-03-02,BNB,19.8141,21638542.0
2020-03-02,BTC,8869.6699,4831936.0
2020-03-02,DOGE,0.0023,70578380132.0
2020-03-02,ETH,230.5698,88066996.0
2020-03-02,XRP,0.2387,10329182008.0
2020-03-03,ADA,0.0488,2407117090.0
2020-03-03,BNB,19.6372,18111693.0
2020-03-03,BTC,8787.7861,4823367.0
2020-03-03,DOGE,0.0025,70023402740.0
2020-03-03,ETH,224.4796,88440892.0
2020-03-03,XRP,0.2344,10770043964.0
2020-03-04,ADA,0.049,2785596561.0
2020-03-04,BNB,19.9592,18232109.0
2020-03-04,BTC,8755.2461,3968673.0
2020-03-04,DOGE,0.0024,60300846557.0
2020-03-04,ETH,224.518,73789527.0
2020-03-04,XRP,0.2345,9725150402.0
2020-03-05,ADA,0.0511,2199340632.0
2020-03-05,BNB,20.802,20421224.0
2020-03-05,BTC,9078.7627,4372628.0
2020-03-05,DOGE,0.0025,41864635845.0
2020-03-05,ETH,229.2682,79388649.0
2020-03-05,XRP,0.2396,9598361639.0
2020-03-06,ADA,0.0514,1959936858.0
2020-03-06,BNB,21.2884,21099800.0
2020-03-06,BTC,9122.5459,4475383.0
2020-03-06,DOGE,0.0025,40171552672.0
2020-03-06,ETH,243.5253,79559587.0
2020-03-06,XRP,0.2441,9927716244.0
2020-03-07,ADA,0.0489,1847960296.0
2020-03-07,BNB,20.1796,16710190.0
2020-03-07,BTC,8909.9541,4064772.0
2020-03-07,DOGE,0.0024,36647834079.0
2020-03-07,ETH,237.8531,81696026.0
2020-03-07,XRP,0.2371,8897845122.0
2020-03-08,ADA,0.0433,2574138184.0
2020-03-08,BNB,16.9741,21524775.0
2020-03-08,BTC,8108.1162,4930011.0
2020-03-08,DOGE,0.0022,46519565231.0
2020-03-08,ETH,200.6891,106542051.0
2020-03-08,XRP,0.2069,12697933037.0
2020-03-09,ADA,0.0415,3027289001.0
2020-03-09,BNB,16.5707,25204047.0
2020-03-09,BTC,7923.6445,5923662.0
2020-03-09,DOGE,0.0022,61893858238.0
2020-03-09,ETH,201.9863,117064500.0
2020-03-09,XRP,0.2092,13370841538.0
2020-03-10,ADA,0.0415,2492144506.0
2020-03-10,BNB,16.8757,21350296.0
2020-03-10,BTC,7909.7295,5336964.0
2020-03-10,DOGE,0.0022,52302483840.0
2020-03-10,ETH,200.7672,91374120.0
2020-03-10,XRP,0.2122,10918243138.0
2020-03-11,ADA,0.0396,2599929149.0
2020-03-11,BNB,16.5248,17451497.0
2020-03-11,BTC,7911.4302,4889478.0
2020-03-11,DOGE,0.0022,49187555461.0
2020-03-11,ETH,194.8685,87160252.0
2020-03-11,XRP,0.2081,10236455611.0
2020-03-12,ADA,0.024,7509885602.0
2020-03-12,BNB,9.6002,46316025.0
2020-03-12,BTC,4970.7881,10859517.0
2020-03-12,DOGE,0.0015,109234079343.0
2020-03-12,ETH,112.3471,197020994.0
2020-03-12,XRP,0.1396,25408805121.0
2020-03-13,ADA,0.0284,7113865023.0
2020-03-13,BNB,10.8331,62876365.0
2020-03-13,BTC,5563.707,13328662.0
2020-03-13,DOGE,0.0017,125821047584.0
2020-03-13,ETH,133.2018,209191020.0
2020-03-13,XRP,0.1594,32384425237.0
2020-03-14,ADA,0.026,2501109382.0
2020-03-14,BNB,10.1404,29776102.0
2020-03-14,BTC,5200.3662,6952300.0
2020-03-14,DOGE,0.0017,68060685018.0
2020-03-14,ETH,123.306,103326539.0
2020-03-14,XRP,0.1473,15686176557.0
2020-03-15,ADA,0.0271,2481978415.0
2020-03-15,BNB,10.436,32209804.0
2020-03-15,BTC,5392.3149,6304878.0
2020-03-15,DOGE,0.0017,71104485603.0
2020-03-15,ETH,125.2143,101579864.0
2020-03-15,XRP,0.1539,14280792981.0
2020-03-16,ADA,0.0241,3937878984.0
2020-03-16,BNB,9.3861,33554089.0
2020-03-16,BTC,5014.48,9047404.0
2020-03-16,DOGE,0.0016,84643774383.0
2020-03-16,ETH,110.6059,144521300.0
2020-03-16,XRP,0.1411,18761218641.0
2020-03-17,ADA,0.0252,3004312737.0
2020-03-17,BNB,10.0772,28638086.0
2020-03-17,BTC,5225.6294,7391003.0
2020-03-17,DOGE,0.0016,64711786697.0
2020-03-17,ETH,113.9427,106083895.0
2020-03-17,XRP,0.1445,14769134963.0
2020-03-18,ADA,0.0253,3060736084.0
2020-03-18,BNB,10.1191,26142530.0
2020-03-18,BTC,5238.4385,7230934.0
2020-03-18,DOGE,0.0016,65259776974.0
2020-03-18,ETH,114.8423,101163570.0
2020-03-18,XRP,0.1431,13729049103.0
2020-03-19,ADA,0.0305,3919373979.0
2020-03-19,BNB,12.2796,33187789.0
2020-03-19,BTC,6191.1929,8237626.0
2020-03-19,DOGE,0.0018,142069007627.0
2020-03-19,ETH,136.5939,120040195.0
2020-03-19,XRP,0.165,15696683614.0
2020-03-20,ADA,0.0294,4839672654.0
2020-03-20,BNB,11.8759,36538758.0
2020-03-20,BTC,6198.7783,8782856.0
2020-03-20,DOGE,0.0018,106131149685.0
2020-03-20,ETH,132.7372,142841590.0
2020-03-20,XRP,0.1569,18783189904.0
2020-03-21,ADA,0.0294,3216117802.0
2020-03-21,BNB,12.058,32026444.0
2020-03-21,BTC,6185.0664,6870483.0
2020-03-21,DOGE,0.0018,93076646316.0
2020-03-21,ETH,132.8187,103028280.0
2020-03-21,XRP,0.1582,13074423070.0
2020-03-22,ADA,0.0271,2905188701.0
2020-03-22,BNB,11.1582,27663000.0
2020-03-22,BTC,5830.2549,6877858.0
2020-03-22,DOGE,0.0017,93175670480.0
2020-03-22,ETH,123.3212,101342771.0
2020-03-22,XRP,0.1502,12415485766.0
2020-03-23,ADA,0.0291,3179056571.0
2020-03-23,BNB,12.1177,29627335.0
2020-03-23,BTC,6416.3149,7245891.0
2020-03-23,DOGE,0.0018,92272518748.0
2020-03-23,ETH,134.9116,104882585.0
2020-03-23,XRP,0.1574,13450925641.0
2020-03-24,ADA,0.0302,2944914722.0
2020-03-24,BNB,12.4012,26894299.0
2020-03-24,BTC,6734.8037,7160106.0
2020-03-24,DOGE,0.0019,95696382614.0
2020-03-24,ETH,138.7614,105281901.0
2020-03-24,XRP,0.1623,13287612734.0
2020-03-25,ADA,0.0294,2832692863.0
2020-03-25,BNB,12.3243,23441136.0
2020-03-25,BTC,6681.063,6674104.0
2020-03-25,DOGE,0.0018,89077338840.0
2020-03-25,ETH,136.1959,98630676.0
2020-03-25,XRP,0.1616,12969558808.0
2020-03-26,ADA,0.0307,2656743047.0
2020-03-26,BNB,13.2176,22637884.0
2020-03-26,BTC,6716.4404,5258708.0
2020-03-26,DOGE,0.0018,88195377338.0
2020-03-26,ETH,138.3616,82156210.0
2020-03-26,XRP,0.175,12776343495.0
2020-03-27,ADA,0.0293,2918579973.0
2020-03-27,BNB,12.5233,21059239.0
2020-03-27,BTC,6469.7983,5345700.0
2020-03-27,DOGE,0.0018,92045412252.0
2020-03-27,ETH,133.9379,85086320.0
2020-03-27,XRP,0.1762,16171327032.0
2020-03-28,ADA,0.0298,2866486029.0
2020-03-28,BNB,12.1931,21000532.0
2020-03-28,BTC,6242.1938,5588616.0
2020-03-28,DOGE,0.0018,95601315361.0
2020-03-28,ETH,130.9865,92852350.0
2020-03-28,XRP,0.1758,15302536954.0
2020-03-29,ADA,0.0282,2514335758.0
2020-03-29,BNB,11.4412,19128556.0
2020-03-29,BTC,5922.043,4791200.0
2020-03-29,DOGE,0.0017,90899151594.0
2020-03-29,ETH,125.5837,79135517.0
2020-03-29,XRP,0.1638,12184194847.0
2020-03-30,ADA,0.0299,2733622895.0
2020-03-30,BNB,12.2868,24874671.0
2020-03-30,BTC,6429.8418,5770228.0
2020-03-30,DOGE,0.0018,89155868088.0
2020-03-30,ETH,132.9045,89094949.0
2020-03-30,XRP,0.1722,12379083860.0
2020-03-31,ADA,0.0306,2614206653.0
2020-03-31,BNB,12.5816,29611965.0
2020-03-31,BTC,6438.6445,5092138.0
2020-03-31,DOGE,0.0018,86248208417.0
2020-03-31,ETH,133.5936,82827688.0
2020-03-31,XRP,0.1746,12040707269.0
2020-04-01,ADA,0.0309,2991269776.0
2020-04-01,BNB,12.7416,26073877.0
2020-04-01,BTC,6606.7764,6106825.0
2020-04-01,DOGE,0.0019,87530062030.0
2020-04-01,ETH,135.6346,91839168.0
2020-04-01,XRP,0.1753,11710432946.0
2020-04-02,ADA,0.032,3345034715.0
2020-04-02,BNB,13.0666,30504617.0
2020-04-02,BTC,6793.6245,7015496.0
2020-04-02,DOGE,0.0019,88140065885.0
2020-04-02,ETH,142.0291,107885334.0
2020-04-02,XRP,0.1786,13169789125.0
2020-04-03,ADA,0.0323,2780551681.0
2020-04-03,BNB,13.373,30391574.0
2020-04-03,BTC,6733.3872,5788544.0
2020-04-03,DOGE,0.0019,86951885032.0
2020-04-03,ETH,142.0913,92789654.0
2020-04-03,XRP,0.1795,11739594453.0
2020-04-04,ADA,0.0325,2742562439.0
2020-04-04,BNB,13.8245,30138069.0
2020-04-04,BTC,6867.5273,4832305.0
2020-04-04,DOGE,0.0019,85558343792.0
2020-04-04,ETH,145.2194,82266274.0
2020-04-04,XRP,0.1817,9870722623.0
2020-04-05,ADA,0.032,2026237766.0
2020-04-05,BNB,13.7341,29048417.0
2020-04-05,BTC,6791.1294,4345435.0
2020-04-05,DOGE,0.0019,81800492297.0
2020-04-05,ETH,143.5466,78587650.0
2020-04-05,XRP,0.1794,9258170557.0
2020-04-06,ADA,0.0356,3288927658.0
2020-04-06,BNB,15.0845,32603896.0
2020-04-06,BTC,7271.7812,6449163.0
2020-04-06,DOGE,0.002,87461226268.0
2020-04-06,ETH,169.1359,127923079.0
2020-04-06,XRP,0.1955,12939921476.0
2020-04-07,ADA,0.0351,3336379692.0
2020-04-07,BNB,14.6815,30842569.0
2020-04-07,BTC,7176.4146,6165124.0
2020-04-07,DOGE,0.002,64797089797.0
2020-04-07,ETH,165.1019,131187711.0
2020-04-07,XRP,0.1921,13671252531.0
2020-04-08,ADA,0.0363,2778343409.0
2020-04-08,BNB,15.0561,28891122.0
2020-04-08,BTC,7334.0986,5121727.0
2020-04-08,DOGE,0.002,57794916345.0
2020-04-08,ETH,172.6417,98835374.0
2020-04-08,XRP,0.2009,10409982175.0
2020-04-09,ADA,0.0362,2386830592.0
2020-04-09,BNB,15.0626,29531504.0
2020-04-09,BTC,7302.0894,4767833.0
2020-04-09,DOGE,0.002,54406005344.0
2020-04-09,ETH,170.8071,87242816.0
2020-04-09,XRP,0.1983,9475724313.0
2020-04-10,ADA,0.0332,2889589446.0
2020-04-10,BNB,13.7377,28704311.0
2020-04-10,BTC,6865.4932,6353927.0
2020-04-10,DOGE,0.002,62047146737.0
2020-04-10,ETH,158.4124,113507147.0
2020-04-10,SOL,0.9511,91860481.0
2020-04-10,XRP,0.1875,11230327383.0
2020-04-11,ADA,0.0334,2268037197.0
2020-04-11,BNB,13.8043,26391343.0
2020-04-11,BTC,6859.083,4551933.0
2020-04-11,DOGE,0.002,81089142950.0
2020-04-11,ETH,158.216,85674571.0
2020-04-11,SOL,0.7768,56464176.0
2020-04-11,XRP,0.1881,9823744562.0
2020-04-12,ADA,0.0338,2181597652.0
2020-04-12,BNB,14.3751,28852156.0
2020-04-12,BTC,6971.0918,5129694.0
2020-04-12,DOGE,0.002,85373219794.0
2020-04-12,ETH,161.1424,93853132.0
2020-04-12,SOL,0.8825,43894151.0
2020-04-12,XRP,0.1901,10980920891.0
2020-04-13,ADA,0.0331,2537252865.0
2020-04-13,BNB,15.0344,30567260.0
2020-04-13,BTC,6845.0376,5641943.0
2020-04-13,DOGE,0.002,85430142248.0
2020-04-13,ETH,156.2796,105357876.0
2020-04-13,SOL,0.7778,23412878.0
2020-04-13,XRP,0.1877,12003800497.0
2020-04-14,ADA,0.033,2263399457.0
2020-04-14,BNB,15.5251,33193501.0
2020-04-14,BTC,6842.4277,4985136.0
2020-04-14,DOGE,0.002,96200412339.0
2020-04-14,ETH,157.5964,93423185.0
2020-04-14,SOL,0.6619,25301376.0
2020-04-14,XRP,0.1853,10196064607.0
2020-04-15,ADA,0.0319,2141611602.0
2020-04-15,BNB,14.5939,29166107.0
2020-04-15,BTC,6642.1099,4861153.0
2020-04-15,DOGE,0.0019,87579212941.0
2020-04-15,ETH,153.2869,92452480.0
2020-04-15,SOL,0.6467,20219986.0
2020-04-15,XRP,0.1813,10833211149.0
2020-04-16,ADA,0.0344,2944492120.0
2020-04-16,BNB,15.7027,30492790.0
2020-04-16,BTC,7116.8042,6573631.0
2020-04-16,DOGE,0.002,88688230432.0
2020-04-16,ETH,172.1574,133078636.0
2020-04-16,SOL,0.6908,30899735.0
2020-04-16,XRP,0.1901,13730650352.0
2020-04-17,ADA,0.0346,2296156919.0
2020-04-17,BNB,15.7351,25195187.0
2020-04-17,BTC,7096.1846,4581818.0
2020-04-17,DOGE,0.002,80253458081.0
2020-04-17,ETH,171.6386,97383026.0
2020-04-17,SOL,0.6607,14939295.0
2020-04-17,XRP,0.1902,9925283637.0
2020-04-18,ADA,0.0366,2459263345.0
2020-04-18,BNB,16.5932,28913139.0
2020-04-18,BTC,7257.665,4470748.0
2020-04-18,DOGE,0.0021,81604318944.0
2020-04-18,ETH,186.914,107858819.0
2020-04-18,SOL,0.6811,14362310.0
2020-04-18,XRP,0.1949,9840939793.0
2020-04-19,ADA,0.0358,2443696914.0
2020-04-19,BNB,16.1399,24966475.0
2020-04-19,BTC,7189.4248,4355176.0
2020-04-19,DOGE,0.0021,83856440257.0
2020-04-19,ETH,181.615,105421042.0
2020-04-19,SOL,0.607,15305016.0
2020-04-19,XRP,0.1909,9980491842.0
2020-04-20,ADA,0.0342,2759202407.0
2020-04-20,BNB,15.0854,26440814.0
2020-04-20,BTC,6881.9585,5484938.0
2020-04-20,DOGE,0.002,85628228861.0
2020-04-20,ETH,172.2972,123430245.0
2020-04-20,SOL,0.5388,15483353.0
2020-04-20,XRP,0.1835,12888843792.0
2020-04-21,ADA,0.0347,2488429913.0
2020-04-21,BNB,15.2058,25672338.0
2020-04-21,BTC,6880.3232,4736658.0
2020-04-21,DOGE,0.002,83030310053.0
2020-04-21,ETH,172.7377,95281851.0
2020-04-21,SOL,0.5877,16525752.0
2020-04-21,XRP,0.1843,10376767485.0
2020-04-22,ADA,0.0366,2157915853.0
2020-04-22,BNB,15.6932,25222460.0
2020-04-22,BTC,7117.2075,4671657.0
2020-04-22,DOGE,0.002,81429113577.0
2020-04-22,ETH,182.5996,98547141.0
2020-04-22,SOL,0.6916,27224369.0
2020-04-22,XRP,0.188,9489829518.0
2020-04-23,ADA,0.0406,4001185307.0
2020-04-23,BNB,16.0062,27923404.0
2020-04-23,BTC,7429.7246,5854966.0
2020-04-23,DOGE,0.002,87445213052.0
2020-04-23,ETH,185.0287,114986180.0
2020-04-23,SOL,0.6275,21491944.0
2020-04-23,XRP,0.1917,11846536867.0
2020-04-24,ADA,0.0419,4209272018.0
2020-04-24,BNB,16.0164,23430132.0
2020-04-24,BTC,7550.9009,4587072.0
2020-04-24,DOGE,0.0021,99649147021.0
2020-04-24,ETH,189.2369,88717114.0
2020-04-24,SOL,0.6342,14291375.0
2020-04-24,XRP,0.1937,9572394221.0
2020-04-25,ADA,0.0424,2396243336.0
2020-04-25,BNB,16.3054,22222383.0
2020-04-25,BTC,7569.936,4351627.0
2020-04-25,DOGE,0.0021,107287766901.0
2020-04-25,ETH,195.5153,93399183.0
2020-04-25,SOL,0.6433,11365732.0
2020-04-25,XRP,0.1951,8451460555.0
2020-04-26,ADA,0.0459,3282787997.0
2020-04-26,BNB,16.3838,24419073.0
2020-04-26,BTC,7679.8672,4306084.0
2020-04-26,DOGE,0.0024,119493474891.0
2020-04-26,ETH,197.3175,92923150.0
2020-04-26,SOL,0.6355,13093126.0
2020-04-26,XRP,0.1968,8599514841.0
2020-04-27,ADA,0.0466,3626307370.0
2020-04-27,BNB,16.4632,23679359.0
2020-04-27,BTC,7795.6011,4638789.0
2020-04-27,DOGE,0.0024,117211473253.0
2020-04-27,ETH,197.2247,94664578.0
2020-04-27,SOL,0.5724,12940769.0
2020-04-27,XRP,0.198,9055024126.0
2020-04-28,ADA,0.0472,3063549930.0
2020-04-28,BNB,16.4443,21956547.0
2020-04-28,BTC,7807.0586,4251020.0
2020-04-28,DOGE,0.0023,108980550427.0
2020-04-28,ETH,198.4154,91814992.0
2020-04-28,SOL,0.6613,11296355.0
2020-04-28,XRP,0.2155,11673866395.0
2020-04-29,ADA,0.0517,3723931997.0
2020-04-29,BNB,17.4938,26476000.0
2020-04-29,BTC,8801.0381,6840222.0
2020-04-29,DOGE,0.0025,117480429224.0
2020-04-29,ETH,216.9682,121665502.0
2020-04-29,SOL,0.7458,11800311.0
2020-04-29,XRP,0.2274,13375408273.0
2020-04-30,ADA,0.0478,5068232407.0
2020-04-30,BNB,17.034,29236624.0
2020-04-30,BTC,8658.5537,7733928.0
2020-04-30,DOGE,0.0024,122211959870.0
2020-04-30,ETH,207.6021,135303056.0
2020-04-30,SOL,0.691,7259863.0
2020-04-30,XRP,0.2128,14783083037.0
2020-05-01,ADA,0.0513,3307577894.0
2020-05-01,BNB,17.565,25814929.0
2020-05-01,BTC,8864.7666,4971184.0
2020-05-01,DOGE,0.0025,113427020257.0
2020-05-01,ETH,214.2191,97173038.0
2020-05-01,SOL,0.7288,5713922.0
2020-05-01,XRP,0.2192,10521767709.0
2020-05-02,ADA,0.051,2511823015.0
2020-05-02,BNB,17.5849,22403040.0
2020-05-02,BTC,8988.5967,4465034.0
2020-05-02,DOGE,0.0025,105592496700.0
2020-05-02,ETH,215.3254,84805963.0
2020-05-02,SOL,0.7159,4807196.0
2020-05-02,XRP,0.2239,9694175796.0
2020-05-03,ADA,0.0489,2859056910.0
2020-05-03,BNB,17.1263,22252856.0
2020-05-03,BTC,8897.4688,5293841.0
2020-05-03,DOGE,0.0025,105640208310.0
2020-05-03,ETH,210.9332,97040387.0
2020-05-03,SOL,0.6795,4897973.0
2020-05-03,XRP,0.2194,9946493243.0
2020-05-04,ADA,0.0497,3468179472.0
2020-05-04,BNB,17.1008,22838110.0
2020-05-04,BTC,8912.6543,5129650.0
2020-05-04,DOGE,0.0025,105382607658.0
2020-05-04,ETH,208.174,108574775.0
2020-05-04,SOL,0.6675,5159168.0
2020-05-04,XRP,0.219,11244798228.0
2020-05-05,ADA,0.0494,2594650924.0
2020-05-05,BNB,16.9198,21217060.0
2020-05-05,BTC,9003.0703,4792639.0
2020-05-05,DOGE,0.0025,98977903601.0
2020-05-05,ETH,206.7744,91910262.0
2020-05-05,SOL,0.6418,4436436.0
2020-05-05,XRP,0.2165,9720495720.0
2020-05-06,ADA,0.0498,2639444759.0
2020-05-06,BNB,16.657,21895700.0
2020-05-06,BTC,9268.7617,5326697.0
2020-05-06,DOGE,0.0025,99404251779.0
2020-05-06,ETH,204.0558,99695991.0
2020-05-06,SOL,0.6226,4300726.0
2020-05-06,XRP,0.2152,10033583060.0
2020-05-07,ADA,0.0511,2807492512.0
2020-05-07,BNB,17.0132,24391465.0
2020-05-07,BTC,9951.5186,6141043.0
2020-05-07,DOGE,0.0027,106790999598.0
2020-05-07,ETH,212.2894,111144236.0
2020-05-07,SOL,0.613,5474634.0
2020-05-07,XRP,0.2189,11797634020.0
2020-05-08,ADA,0.0523,3300914130.0
2020-05-08,BNB,17.2415,22163515.0
2020-05-08,BTC,9842.666,5260846.0
2020-05-08,DOGE,0.0026,111145660546.0
2020-05-08,ETH,212.9916,95990366.0
2020-05-08,SOL,0.6049,4113249.0
2020-05-08,XRP,0.2198,11190758574.0
2020-05-09,ADA,0.0517,2737787391.0
2020-05-09,BNB,16.936,21564870.0
2020-05-09,BTC,9593.8965,4853724.0
2020-05-09,DOGE,0.0026,112894636060.0
2020-05-09,ETH,211.6001,89558299.0
2020-05-09,SOL,0.6045,3520940.0
2020-05-09,XRP,0.2169,11727900298.0
2020-05-10,ADA,0.0477,4768252033.0
2020-05-10,BNB,15.2957,28515708.0
2020-05-10,BTC,8756.4307,7231860.0
2020-05-10,DOGE,0.0025,118259896486.0
2020-05-10,ETH,188.5996,133677802.0
2020-05-10,SOL,0.537,4334141.0
2020-05-10,XRP,0.1982,15478525808.0
2020-05-11,ADA,0.0481,4288844738.0
2020-05-11,BNB,15.0975,26803002.0
2020-05-11,BTC,8601.7959,6640457.0
2020-05-11,DOGE,0.0024,115062592326.0
2020-05-11,ETH,185.9128,107870986.0
2020-05-11,SOL,0.5153,4072562.0
2020-05-11,XRP,0.1941,12731415656.0
2020-05-12,ADA,0.0504,3389044854.0
2020-05-12,BNB,15.7411,25062364.0
2020-05-12,BTC,8804.4775,4786510.0
2020-05-12,DOGE,0.0025,106753775553.0
2020-05-12,ETH,189.3125,83986669.0
2020-05-12,SOL,0.5386,4082293.0
2020-05-12,XRP,0.1976,10405484155.0
2020-05-13,ADA,0.0515,2882281197.0
2020-05-13,BNB,16.1389,22276512.0
2020-05-13,BTC,9269.9873,4914585.0
2020-05-13,DOGE,0.0025,105465318933.0
2020-05-13,ETH,199.1933,85618662.0
2020-05-13,SOL,0.5505,4225814.0
2020-05-13,XRP,0.2015,9664035831.0
2020-05-14,ADA,0.0509,2838865116.0
2020-05-14,BNB,16.3578,23733746.0
2020-05-14,BTC,9733.7217,5797054.0
2020-05-14,DOGE,0.0026,110248113589.0
2020-05-14,ETH,202.9491,99288566.0
2020-05-14,SOL,0.5691,3598370.0
2020-05-14,XRP,0.2031,10604748085.0
2020-05-15,ADA,0.0505,2826711222.0
2020-05-15,BNB,15.7544,21637763.0
2020-05-15,BTC,9328.1973,5162713.0
2020-05-15,DOGE,0.0025,104182025962.0
2020-05-15,ETH,195.6227,84869215.0
2020-05-15,SOL,0.5598,3305160.0
2020-05-15,XRP,0.1989,10287648345.0
2020-05-16,ADA,0.0509,2432920007.0
2020-05-16,BNB,16.0518,21176055.0
2020-05-16,BTC,9377.0137,3856747.0
2020-05-16,DOGE,0.0025,101339626196.0
2020-05-16,ETH,200.6771,76635948.0
2020-05-16,SOL,0.5991,3839646.0
2020-05-16,XRP,0.2,8972815159.0
2020-05-17,ADA,0.0513,2248787990.0
2020-05-17,BNB,16.3146,20207315.0
2020-05-17,BTC,9670.7393,4144900.0
2020-05-17,DOGE,0.0025,101839663883.0
2020-05-17,ETH,207.1587,74678968.0
2020-05-17,SOL,0.613,4790344.0
2020-05-17,XRP,0.2013,8705690810.0
2020-05-18,ADA,0.0543,3370835426.0
2020-05-18,BNB,16.6363,20293843.0
2020-05-18,BTC,9726.5752,4300295.0
2020-05-18,DOGE,0.0025,104454170254.0
2020-05-18,ETH,214.5251,81163326.0
2020-05-18,SOL,0.6527,5078154.0
2020-05-18,XRP,0.2052,9594385099.0
2020-05-19,ADA,0.0564,3305308857.0
2020-05-19,BNB,17.1547,20500495.0
2020-05-19,BTC,9729.0381,4034755.0
2020-05-19,DOGE,0.0025,72060870352.0
2020-05-19,ETH,213.4511,67210673.0
2020-05-19,SOL,0.6245,3811751.0
2020-05-19,XRP,0.204,9671961995.0
2020-05-20,ADA,0.0569,3574692416.0
2020-05-20,BNB,16.888,18094588.0
2020-05-20,BTC,9522.9814,3837689.0
2020-05-20,DOGE,0.0025,71341870271.0
2020-05-20,ETH,210.0967,60591970.0
2020-05-20,SOL,0.5792,3976348.0
2020-05-20,XRP,0.2017,9586795581.0
2020-05-21,ADA,0.0522,4370660898.0
2020-05-21,BNB,16.1224,17590033.0
2020-05-21,BTC,9081.7617,4330235.0
2020-05-21,DOGE,0.0025,80854950474.0
2020-05-21,ETH,199.8836,66580354.0
2020-05-21,SOL,0.6089,4701834.0
2020-05-21,XRP,0.1955,8971118836.0
2020-05-22,ADA,0.0558,4018563775.0
2020-05-22,BNB,16.6396,18511107.0
2020-05-22,BTC,9182.5771,3246450.0
2020-05-22,DOGE,0.0025,85019932168.0
2020-05-22,ETH,207.1692,58124435.0
2020-05-22,SOL,0.6389,5339728.0
2020-05-22,XRP,0.2003,9245464745.0
2020-05-23,ADA,0.0553,2372965432.0
2020-05-23,BNB,16.5882,16944077.0
2020-05-23,BTC,9209.2871,3010859.0
2020-05-23,DOGE,0.0025,82106407703.0
2020-05-23,ETH,208.6944,51105717.0
2020-05-23,SOL,0.613,4304063.0
2020-05-23,XRP,0.1989,7341068655.0
2020-05-24,ADA,0.0526,2062369156.0
2020-05-24,BNB,16.0834,15596731.0
2020-05-24,BTC,8790.3682,3699368.0
2020-05-24,DOGE,0.0025,75938698604.0
2020-05-24,ETH,202.3703,58473486.0
2020-05-24,SOL,0.5491,5075677.0
2020-05-24,XRP,0.1954,7407430450.0
2020-05-25,ADA,0.054,3405131719.0
2020-05-25,BNB,16.4009,18002113.0
2020-05-25,BTC,8906.9346,3512786.0
2020-05-25,DOGE,0.0025,84515531755.0
2020-05-25,ETH,205.3197,50725974.0
2020-05-25,SOL,0.6009,7505246.0
2020-05-25,XRP,0.1973,8471187833.0
2020-05-26,ADA,0.0534,3036349723.0
2020-05-26,BNB,16.2125,16332276.0
2020-05-26,BTC,8835.0527,3348501.0
2020-05-26,DOGE,0.0025,74612217921.0
2020-05-26,ETH,201.9023,50320084.0
2020-05-26,SOL,0.5733,4691548.0
2020-05-26,XRP,0.194,8174722331.0
2020-05-27,ADA,0.0552,3355404058.0
2020-05-27,BNB,16.4933,17570017.0
2020-05-27,BTC,9181.0176,3566112.0
2020-05-27,DOGE,0.0025,74177996214.0
2020-05-27,ETH,208.8634,50899454.0
2020-05-27,SOL,0.591,4292691.0
2020-05-27,XRP,0.1979,7758699059.0
2020-05-28,ADA,0.0646,5701564953.0
2020-05-28,BNB,17.0593,18009590.0
2020-05-28,BTC,9525.751,3607807.0
2020-05-28,DOGE,0.0025,87247801603.0
2020-05-28,ETH,219.8404,55551520.0
2020-05-28,SOL,0.5752,4629687.0
2020-05-28,XRP,0.2006,8054310890.0
2020-05-29,ADA,0.0647,6087629126.0
2020-05-29,BNB,17.0416,17745427.0
2020-05-29,BTC,9439.124,3485137.0
2020-05-29,DOGE,0.0025,79180662151.0
2020-05-29,ETH,220.6751,55583141.0
2020-05-29,SOL,0.5794,3567144.0
2020-05-29,XRP,0.1983,7448309185.0
2020-05-30,ADA,0.077,7685183918.0
2020-05-30,BNB,17.7434,18654302.0
2020-05-30,BTC,9700.4141,3373359.0
2020-05-30,DOGE,0.0026,76752918761.0
2020-05-30,ETH,242.3456,62008133.0
2020-05-30,SOL,0.5879,4165602.0
2020-05-30,XRP,0.2062,8161912210.0
2020-05-31,ADA,0.0744,11417926357.0
2020-05-31,BNB,17.0405,17993250.0
2020-05-31,BTC,9461.0586,2935537.0
2020-05-31,DOGE,0.0026,73653518030.0
2020-05-31,ETH,230.9757,52970526.0
2020-05-31,SOL,0.57,3320867.0
2020-05-31,XRP,0.2029,8561300682.0
2020-06-01,ADA,0.0812,8399624367.0
2020-06-01,BNB,17.9149,19170866.0
2020-06-01,BTC,10167.2686,3461982.0
2020-06-01,DOGE,0.0026,73951017169.0
2020-06-01,ETH,246.9918,56486613.0
2020-06-01,SOL,0.5775,3740079.0
2020-06-01,XRP,0.2102,8099464028.0
2020-06-02,ADA,0.0785,7503987596.0
2020-06-02,BNB,17.2393,16585125.0
2020-06-02,BTC,9529.8037,4106827.0
2020-06-02,DOGE,0.0026,78141065388.0
2020-06-02,ETH,237.2191,58098653.0
2020-06-02,SOL,0.5647,2294720.0
2020-06-02,XRP,0.2028,9124292588.0
2020-06-03,ADA,0.0854,6535775132.0
2020-06-03,BNB,17.5454,15878720.0
2020-06-03,BTC,9656.7178,2589644.0
2020-06-03,DOGE,0.0026,73566249274.0
2020-06-03,ETH,244.1793,40387371.0
2020-06-03,SOL,0.5866,1495763.0
2020-06-03,XRP,0.2037,6559011936.0
2020-06-04,ADA,0.089,6667489041.0
2020-06-04,BNB,17.5659,14321206.0
2020-06-04,BTC,9800.6367,2644910.0
2020-06-04,DOGE,0.0026,73766089411.0
2020-06-04,ETH,244.4264,41609313.0
2020-06-04,SOL,0.5873,1535233.0
2020-06-04,XRP,0.205,6675856963.0
2020-06-05,ADA,0.0854,4186668753.0
2020-06-05,BNB,17.6888,14975172.0
2020-06-05,BTC,9665.5332,2432316.0
2020-06-05,DOGE,0.0026,72745234476.0
2020-06-05,ETH,241.222,38528677.0
2020-06-05,SOL,0.6612,6537184.0
2020-06-05,XRP,0.2041,6195389354.0
2020-06-06,ADA,0.086,2683082386.0
2020-06-06,BNB,17.5359,14108787.0
2020-06-06,BTC,9653.6797,2117164.0
2020-06-06,DOGE,0.0026,68027974972.0
2020-06-06,ETH,241.9313,33542056.0
2020-06-06,SOL,0.6224,2577031.0
2020-06-06,XRP,0.2031,5161960602.0
2020-06-07,ADA,0.0867,3659853787.0
2020-06-07,BNB,17.447,13158193.0
2020-06-07,BTC,9758.8525,2563339.0
2020-06-07,DOGE,0.0026,72199328930.0
2020-06-07,ETH,245.1673,38932129.0
2020-06-07,SOL,0.6166,1162521.0
2020-06-07,XRP,0.2034,5613027283.0
2020-06-08,ADA,0.0864,2462536946.0
2020-06-08,BNB,17.393,11606557.0
2020-06-08,BTC,9771.4893,2198881.0
2020-06-08,DOGE,0.0026,72422906854.0
2020-06-08,ETH,246.3099,32791143.0
2020-06-08,SOL,0.6683,2155029.0
2020-06-08,XRP,0.2038,5117065166.0
2020-06-09,ADA,0.0834,2555227028.0
2020-06-09,BNB,17.4354,11647373.0
2020-06-09,BTC,9795.7002,2421250.0
2020-06-09,DOGE,0.0026,68474191022.0
2020-06-09,ETH,244.9115,34488162.0
2020-06-09,SOL,0.658,1502012.0
2020-06-09,XRP,0.202,5485718555.0
2020-06-10,ADA,0.0835,3910228599.0
2020-06-10,BNB,17.4105,12567480.0
2020-06-10,BTC,9870.0947,2604490.0
2020-06-10,DOGE,0.0026,70722921484.0
2020-06-10,ETH,247.4449,35535138.0
2020-06-10,SOL,0.6449,1699890.0
2020-06-10,XRP,0.2029,5453071342.0
2020-06-11,ADA,0.0754,4269683923.0
2020-06-11,BNB,16.3089,13139632.0
2020-06-11,BTC,9321.7812,3244782.0
2020-06-11,DOGE,0.0025,74719736823.0
2020-06-11,ETH,231.7027,53329247.0
2020-06-11,SOL,0.5737,1955968.0
2020-06-11,XRP,0.1902,7119738196.0
2020-06-12,ADA,0.0796,3067338978.0
2020-06-12,BNB,16.6691,13251087.0
2020-06-12,BTC,9480.8438,2384868.0
2020-06-12,DOGE,0.0025,77349222438.0
2020-06-12,ETH,237.4932,37344036.0
2020-06-12,SOL,0.5939,1583385.0
2020-06-12,XRP,0.1939,5966449578.0
2020-06-13,ADA,0.079,2042699069.0
2020-06-13,BNB,16.8237,12944424.0
2020-06-13,BTC,9475.2773,1853700.0
2020-06-13,DOGE,0.0025,74607916618.0
2020-06-13,ETH,238.9088,29892677.0
2020-06-13,SOL,0.6089,1255876.0
2020-06-13,XRP,0.1931,5439623169.0
2020-06-14,ADA,0.0767,1858367379.0
2020-06-14,BNB,16.6562,11886763.0
2020-06-14,BTC,9386.7881,2023241.0
2020-06-14,DOGE,0.0025,69030059369.0
2020-06-14,ETH,234.1147,31776668.0
2020-06-14,SOL,0.5871,1487737.0
2020-06-14,XRP,0.1916,5341371159.0
2020-06-15,ADA,0.0784,4214139365.0
2020-06-15,BNB,16.3848,12567370.0
2020-06-15,BTC,9450.7021,2825156.0
2020-06-15,DOGE,0.0025,80194852615.0
2020-06-15,ETH,229.9289,45823293.0
2020-06-15,SOL,0.5706,1651948.0
2020-06-15,XRP,0.1931,6812581852.0
2020-06-16,ADA,0.0791,2738086734.0
2020-06-16,BNB,16.422,12027323.0
2020-06-16,BTC,9538.0244,2261007.0
2020-06-16,DOGE,0.0025,78895300703.0
2020-06-16,ETH,234.4162,33980796.0
2020-06-16,SOL,0.5856,1113468.0
2020-06-16,XRP,0.1913,6057902299.0
2020-06-17,ADA,0.0834,3531737722.0
2020-06-17,BNB,16.4025,11621580.0
2020-06-17,BTC,9480.2549,2128393.0
2020-06-17,DOGE,0.0025,74480286651.0
2020-06-17,ETH,233.0283,33049172.0
2020-06-17,SOL,0.5816,1157699.0
2020-06-17,XRP,0.1934,6840056832.0
2020-06-18,ADA,0.0822,2975670878.0
2020-06-18,BNB,16.2086,10883674.0
2020-06-18,BTC,9411.8408,1888056.0
2020-06-18,DOGE,0.0025,69331961373.0
2020-06-18,ETH,232.1012,28926183.0
2020-06-18,SOL,0.621,2173006.0
2020-06-18,XRP,0.191,5475077148.0
2020-06-19,ADA,0.0796,2658811918.0
2020-06-19,BNB,15.9071,10100532.0
2020-06-19,BTC,9288.0186,2113715.0
2020-06-19,DOGE,0.0024,71162624255.0
2020-06-19,ETH,227.1383,30582129.0
2020-06-19,SOL,0.6843,9611520.0
2020-06-19,XRP,0.1868,5874981692.0
2020-06-20,ADA,0.0793,2108005030.0
2020-06-20,BNB,16.0476,9890729.0
2020-06-20,BTC,9332.3408,1835610.0
2020-06-20,DOGE,0.0024,64681275684.0
2020-06-20,ETH,229.2743,27272274.0
2020-06-20,SOL,0.6436,2663811.0
2020-06-20,XRP,0.1885,5128333674.0
2020-06-21,ADA,0.0785,1936282306.0
2020-06-21,BNB,16.0012,9468323.0
2020-06-21,BTC,9303.6299,1647131.0
2020-06-21,DOGE,0.0024,69439215598.0
2020-06-21,ETH,228.9898,24457018.0
2020-06-21,SOL,0.6731,3325188.0
2020-06-21,XRP,0.1856,4814618214.0
2020-06-22,ADA,0.0836,2419222321.0
2020-06-22,BNB,16.4753,11043433.0
2020-06-22,BTC,9648.7178,2187235.0
2020-06-22,DOGE,0.0025,70141805366.0
2020-06-22,ETH,242.5332,37436471.0
2020-06-22,SOL,0.7268,2229335.0
2020-06-22,XRP,0.1893,6389105162.0
2020-06-23,ADA,0.083,2219153494.0
2020-06-23,BNB,16.4226,10105664.0
2020-06-23,BTC,9629.6582,1766047.0
2020-06-23,DOGE,0.0025,69084045971.0
2020-06-23,ETH,244.1422,27133907.0
2020-06-23,SOL,0.7083,1873988.0
2020-06-23,XRP,0.1887,5796084507.0
2020-06-24,ADA,0.0826,3659593366.0
2020-06-24,BNB,16.0268,10497434.0
2020-06-24,BTC,9313.6104,2035915.0
2020-06-24,DOGE,0.0024,73407711915.0
2020-06-24,ETH,235.7725,37387870.0
2020-06-24,SOL,0.737,3757227.0
2020-06-24,XRP,0.1843,6175895703.0
2020-06-25,ADA,0.0817,2534072491.0
2020-06-25,BNB,15.9227,8984020.0
2020-06-25,BTC,9264.8135,2009328.0
2020-06-25,DOGE,0.0024,66199153205.0
2020-06-25,ETH,232.9445,30094836.0
2020-06-25,SOL,0.7132,2455967.0
2020-06-25,XRP,0.1836,5747290004.0
2020-06-26,ADA,0.0806,2028010114.0
2020-06-26,BNB,15.7492,8673395.0
2020-06-26,BTC,9162.918,2001706.0
2020-06-26,DOGE,0.0024,64145436532.0
2020-06-26,ETH,229.668,31295125.0
2020-06-26,SOL,0.7411,2246071.0
2020-06-26,XRP,0.1827,6949610544.0
2020-06-27,ADA,0.0777,1907648393.0
2020-06-27,BNB,15.1853,10038403.0
2020-06-27,BTC,9045.3906,1909602.0
2020-06-27,DOGE,0.0023,65946392331.0
2020-06-27,ETH,222.9598,31029725.0
2020-06-27,SOL,0.7135,2356433.0
2020-06-27,XRP,0.1769,6462438747.0
2020-06-28,ADA,0.0804,2349380458.0
2020-06-28,BNB,15.4201,10364265.0
2020-06-28,BTC,9143.582,1592469.0
2020-06-28,DOGE,0.0023,74244984006.0
2020-06-28,ETH,225.3472,27539400.0
2020-06-28,SOL,0.7985,4273768.0
2020-06-28,XRP,0.1777,6412396895.0
2020-06-29,ADA,0.0839,3285961646.0
2020-06-29,BNB,15.5052,10832696.0
2020-06-29,BTC,9190.8545,1790970.0
2020-06-29,DOGE,0.0023,74645825413.0
2020-06-29,ETH,228.1949,29475530.0
2020-06-29,SOL,0.8525,2519539.0
2020-06-29,XRP,0.178,6544932322.0
2020-06-30,ADA,0.0831,2510800688.0
2020-06-30,BNB,15.4136,9834344.0
2020-06-30,BTC,9137.9932,1722019.0
2020-06-30,DOGE,0.0023,71397040132.0
2020-06-30,ETH,226.315,26927481.0
2020-06-30,SOL,0.8601,4519911.0
2020-06-30,XRP,0.1759,5744946127.0
2020-07-01,ADA,0.096,4288478020.0
2020-07-01,BNB,15.8295,10097493.0
2020-07-01,BTC,9228.3252,1730710.0
2020-07-01,DOGE,0.0024,64804254130.0
2020-07-01,ETH,231.1134,27967815.0
2020-07-01,SOL,0.8326,2128838.0
2020-07-01,XRP,0.177,6305880637.0
2020-07-02,ADA,0.0943,4411508487.0
2020-07-02,BNB,15.5385,9771857.0
2020-07-02,BTC,9123.4102,1790878.0
2020-07-02,DOGE,0.0024,46924661017.0
2020-07-02,ETH,229.3922,27081177.0
2020-07-02,SOL,0.7802,2242423.0
2020-07-02,XRP,0.1772,5944816741.0
2020-07-03,ADA,0.0965,4651928048.0
2020-07-03,BNB,15.292,9063034.0
2020-07-03,BTC,9087.3037,1439258.0
2020-07-03,DOGE,0.0023,48175797016.0
2020-07-03,ETH,225.3871,22667816.0
2020-07-03,SOL,0.7681,1490650.0
2020-07-03,XRP,0.1763,5538857241.0
2020-07-04,ADA,0.1,3253770795.0
2020-07-04,BNB,15.553,9407633.0
2020-07-04,BTC,9132.4883,1345803.0
2020-07-04,DOGE,0.0023,47301029172.0
2020-07-04,ETH,229.0741,22823662.0
2020-07-04,SOL,0.7804,2107073.0
2020-07-04,XRP,0.178,5619299787.0
2020-07-05,ADA,0.0982,2669070610.0
2020-07-05,BNB,15.4802,8946524.0
2020-07-05,BTC,9073.9424,1422029.0
2020-07-05,DOGE,0.0023,47700540235.0
2020-07-05,ETH,227.6646,23245478.0
2020-07-05,SOL,0.6917,5492575.0
2020-07-05,XRP,0.177,5477888728.0
2020-07-06,ADA,0.1052,3193869726.0
2020-07-06,BNB,16.2968,10568502.0
2020-07-06,BTC,9375.4746,1908091.0
2020-07-06,DOGE,0.0026,50498908352.0
2020-07-06,ETH,241.5102,36366649.0
2020-07-06,SOL,0.7079,1583218.0
2020-07-06,XRP,0.1886,7551288634.0
2020-07-07,ADA,0.1176,4895937753.0
2020-07-07,BNB,16.7702,11705079.0
2020-07-07,BTC,9252.2773,1495810.0
2020-07-07,DOGE,0.0031,91899776316.0
2020-07-07,ETH,239.0755,26943358.0
2020-07-07,SOL,0.753,2257547.0
2020-07-07,XRP,0.1848,5774397918.0
2020-07-08,ADA,0.1299,8937922519.0
2020-07-08,BNB,17.2277,12328079.0
2020-07-08,BTC,9428.333,2089697.0
2020-07-08,DOGE,0.0047,258276624094.0
2020-07-08,ETH,246.67,40104536.0
2020-07-08,SOL,0.7967,2786729.0
2020-07-08,XRP,0.2047,9176075591.0
2020-07-09,ADA,0.1243,5302787700.0
2020-07-09,BNB,16.8849,10642984.0
2020-07-09,BTC,9277.9678,1940156.0
2020-07-09,DOGE,0.0044,116287356232.0
2020-07-09,ETH,243.016,34685373.0
2020-07-09,SOL,0.8535,3126972.0
2020-07-09,XRP,0.2029,8916063856.0
2020-07-10,ADA,0.1183,4338146612.0
2020-07-10,BNB,17.2613,10093244.0
2020-07-10,BTC,9278.8076,1817048.0
2020-07-10,DOGE,0.0035,64132253109.0
2020-07-10,ETH,240.985,30215038.0
2020-07-10,SOL,0.9136,2031717.0
2020-07-10,XRP,0.1987,5848390952.0
2020-07-11,ADA,0.1252,3140521770.0
2020-07-11,BNB,17.6222,10597074.0
2020-07-11,BTC,9240.3467,1433919.0
2020-07-11,DOGE,0.0038,40750294533.0
2020-07-11,ETH,239.4582,23565983.0
2020-07-11,SOL,0.9246,1934639.0
2020-07-11,XRP,0.2012,4951805157.0
2020-07-12,ADA,0.1268,2682014010.0
2020-07-12,BNB,18.2365,12283897.0
2020-07-12,BTC,9276.5,1557954.0
2020-07-12,DOGE,0.0036,24121775371.0
2020-07-12,ETH,242.1317,27243004.0
2020-07-12,SOL,1.0167,4616206.0
2020-07-12,XRP,0.2005,4239822270.0
2020-07-13,ADA,0.1242,4461063234.0
2020-07-13,BNB,18.4096,14214942.0
2020-07-13,BTC,9243.6143,1895343.0
2020-07-13,DOGE,0.0032,45052566299.0
2020-07-13,ETH,239.6046,32502515.0
2020-07-13,SOL,1.1757,3454922.0
2020-07-13,XRP,0.1986,6028233983.0
2020-07-14,ADA,0.132,3405348454.0
2020-07-14,BNB,18.0829,11248031.0
2020-07-14,BTC,9243.2139,1956575.0
2020-07-14,DOGE,0.0033,31333761685.0
2020-07-14,ETH,240.2115,30629087.0
2020-07-14,SOL,1.1481,1927692.0
2020-07-14,XRP,0.1988,6022285665.0
2020-07-15,ADA,0.1304,2245015037.0
2020-07-15,BNB,17.5912,9615748.0
2020-07-15,BTC,9192.8369,1723595.0
2020-07-15,DOGE,0.0031,22495892242.0
2020-07-15,ETH,238.4235,25959387.0
2020-07-15,SOL,1.2896,2601764.0
2020-07-15,XRP,0.1971,5415292807.0
2020-07-16,ADA,0.1259,3365769053.0
2020-07-16,BNB,17.1438,11152195.0
2020-07-16,BTC,9132.2275,1720716.0
2020-07-16,DOGE,0.003,26196275230.0
2020-07-16,ETH,233.6409,24961631.0
2020-07-16,SOL,0.8724,8581174.0
2020-07-16,XRP,0.194,5441136982.0
2020-07-17,ADA,0.1225,1893970395.0
2020-07-17,BNB,17.085,8984412.0
2020-07-17,BTC,9151.3926,1523765.0
2020-07-17,DOGE,0.0031,24405544068.0
2020-07-17,ETH,232.7731,25174090.0
2020-07-17,SOL,0.9778,9177167.0
2020-07-17,XRP,0.1943,4818348860.0
2020-07-18,ADA,0.1225,1807147020.0
2020-07-18,BNB,17.1267,8723360.0
2020-07-18,BTC,9159.04,1337760.0
2020-07-18,DOGE,0.0035,58762124023.0
2020-07-18,ETH,235.4838,22920481.0
2020-07-18,SOL,0.9666,3024062.0
2020-07-18,XRP,0.1993,4365422551.0
2020-07-19,ADA,0.1237,1285329959.0
2020-07-19,BNB,17.9558,11881564.0
2020-07-19,BTC,9185.8174,1408585.0
2020-07-19,DOGE,0.0034,34519859898.0
2020-07-19,ETH,238.4875,26212597.0
2020-07-19,SOL,0.9203,2397646.0
2020-07-19,XRP,0.1991,4159955956.0
2020-07-20,ADA,0.1179,1494866439.0
2020-07-20,BNB,17.4847,11618372.0
2020-07-20,BTC,9164.2314,1501010.0
2020-07-20,DOGE,0.0032,25019643229.0
2020-07-20,ETH,236.1532,23716329.0
2020-07-20,SOL,0.8731,3478306.0
2020-07-20,XRP,0.1951,4351270101.0
2020-07-21,ADA,0.123,1699079641.0
2020-07-21,BNB,17.7154,10604008.0
2020-07-21,BTC,9374.8877,1927445.0
2020-07-21,DOGE,0.0033,23524414077.0
2020-07-21,ETH,245.0167,27780536.0
2020-07-21,SOL,0.9772,4399971.0
2020-07-21,XRP,0.199,4668396714.0
2020-07-22,ADA,0.1239,1273810895.0
2020-07-22,BNB,18.0919,10607498.0
2020-07-22,BTC,9525.3633,1735604.0
2020-07-22,DOGE,0.0033,16573283510.0
2020-07-22,ETH,262.1906,29375867.0
2020-07-22,SOL,1.0441,5071418.0
2020-07-22,XRP,0.2033,4600770924.0
2020-07-23,ADA,0.1238,1628689715.0
2020-07-23,BNB,18.6733,11792633.0
2020-07-23,BTC,9581.0723,1893984.0
2020-07-23,DOGE,0.0033,17826135356.0
2020-07-23,ETH,274.6891,37428900.0
2020-07-23,SOL,1.0498,2829395.0
2020-07-23,XRP,0.2076,6954779410.0
2020-07-24,ADA,0.1219,1630250724.0
2020-07-24,BNB,19.1529,12948891.0
2020-07-24,BTC,9536.8926,1735656.0
2020-07-24,DOGE,0.0032,18295097420.0
2020-07-24,ETH,279.2154,33902355.0
2020-07-24,SOL,0.9953,2001076.0
2020-07-24,XRP,0.204,6343359469.0
2020-07-25,ADA,0.1436,4390236994.0
2020-07-25,BNB,19.7764,12998194.0
2020-07-25,BTC,9677.1133,1716428.0
2020-07-25,DOGE,0.0032,19543412823.0
2020-07-25,ETH,304.0568,35470422.0
2020-07-25,SOL,1.2522,7968452.0
2020-07-25,XRP,0.2141,5725166818.0
2020-07-26,ADA,0.1481,5017274734.0
2020-07-26,BNB,19.521,12734058.0
2020-07-26,BTC,9905.167,2070434.0
2020-07-26,DOGE,0.0032,19348449432.0
2020-07-26,ETH,309.6436,38767061.0
2020-07-26,SOL,1.5651,6685236.0
2020-07-26,XRP,0.215,6736093194.0
2020-07-27,ADA,0.1388,5373831862.0
2020-07-27,BNB,19.6203,16584171.0
2020-07-27,BTC,10990.873,3217192.0
2020-07-27,DOGE,0.0032,26368159622.0
2020-07-27,ETH,321.5141,48658075.0
2020-07-27,SOL,1.7786,18462662.0
2020-07-27,XRP,0.2237,7880905812.0
2020-07-28,ADA,0.1486,4294002694.0
2020-07-28,BNB,20.1735,14098142.0
2020-07-28,BTC,10912.8232,2636032.0
2020-07-28,DOGE,0.0032,19732540521.0
2020-07-28,ETH,316.6573,39023606.0
2020-07-28,SOL,1.7841,5432886.0
2020-07-28,XRP,0.2303,7619935182.0
2020-07-29,ADA,0.1399,3230758704.0
2020-07-29,BNB,19.8956,10275666.0
2020-07-29,BTC,11100.4678,2217677.0
2020-07-29,DOGE,0.0032,17486588160.0
2020-07-29,ETH,318.1909,34189683.0
2020-07-29,SOL,1.6583,6240737.0
2020-07-29,XRP,0.2431,8321034157.0
2020-07-30,ADA,0.1406,1832114592.0
2020-07-30,BNB,20.0127,10015443.0
2020-07-30,BTC,11111.2139,2057133.0
2020-07-30,DOGE,0.0032,16560452889.0
2020-07-30,ETH,334.5866,35350153.0
2020-07-30,SOL,1.6868,3096371.0
2020-07-30,XRP,0.2445,6750960503.0
2020-07-31,ADA,0.1388,1661833201.0
2020-07-31,BNB,20.6681,11117643.0
2020-07-31,BTC,11323.4668,2045351.0
2020-07-31,DOGE,0.0032,16898388883.0
2020-07-31,ETH,345.5547,34815333.0
2020-07-31,SOL,1.5382,3134908.0
2020-07-31,XRP,0.2589,7162973488.0
2020-08-01,ADA,0.1436,2524685731.0
2020-08-01,BNB,21.5304,12289768.0
2020-08-01,BTC,11759.5928,2217396.0
2020-08-01,DOGE,0.0037,40847895738.0
2020-08-01,ETH,385.1997,36462280.0
2020-08-01,SOL,1.5266,3006584.0
2020-08-01,XRP,0.2895,10941475664.0
2020-08-02,ADA,0.1335,3155873411.0
2020-08-02,BNB,20.9449,14292296.0
2020-08-02,BTC,11053.6143,2479738.0
2020-08-02,DOGE,0.0033,30350578624.0
2020-08-02,ETH,370.6717,51014801.0
2020-08-02,SOL,1.7428,4140770.0
2020-08-02,XRP,0.2871,16654021487.0
2020-08-03,ADA,0.1373,1808561966.0
2020-08-03,BNB,22.055,12047554.0
2020-08-03,BTC,11246.3486,1802515.0
2020-08-03,DOGE,0.0034,19749634336.0
2020-08-03,ETH,386.2952,33224977.0
2020-08-03,SOL,1.8026,3237546.0
2020-08-03,XRP,0.3099,10778908443.0
2020-08-04,ADA,0.143,2629710903.0
2020-08-04,BNB,22.2826,10857446.0
2020-08-04,BTC,11205.8926,1896341.0
2020-08-04,DOGE,0.0035,21042837318.0
2020-08-04,ETH,389.8755,36131290.0
2020-08-04,SOL,1.8716,2936285.0
2020-08-04,XRP,0.3005,9139772445.0
2020-08-05,ADA,0.1427,1925994807.0
2020-08-05,BNB,23.3362,14744152.0
2020-08-05,BTC,11747.0225,2078080.0
2020-08-05,DOGE,0.0035,18919923282.0
2020-08-05,ETH,401.5906,32061177.0
2020-08-05,SOL,1.7545,3080997.0
2020-08-05,XRP,0.3033,6753498282.0
2020-08-06,ADA,0.144,1934171406.0
2020-08-06,BNB,22.7077,10857775.0
2020-08-06,BTC,11779.7734,1986519.0
2020-08-06,DOGE,0.0036,17681088833.0
2020-08-06,ETH,394.9619,28622065.0
2020-08-06,SOL,2.2063,5050680.0
2020-08-06,XRP,0.3036,6411361036.0
2020-08-07,ADA,0.1392,4459417024.0
2020-08-07,BNB,22.3115,14629645.0
2020-08-07,BTC,11601.4727,1993912.0
2020-08-07,DOGE,0.0035,19527317033.0
2020-08-07,ETH,379.5128,33600146.0
2020-08-07,SOL,2.0859,3867918.0
2020-08-07,XRP,0.2947,14519530795.0
2020-08-08,ADA,0.1458,2232989492.0
2020-08-08,BNB,22.8781,10332698.0
2020-08-08,BTC,11754.0459,1494980.0
2020-08-08,DOGE,0.0035,17809088566.0
2020-08-08,ETH,393.9874,23711574.0
2020-08-08,SOL,2.4736,4414262.0
2020-08-08,XRP,0.294,4611111819.0
2020-08-09,ADA,0.1452,2939041731.0
2020-08-09,BNB,22.4755,9641354.0
2020-08-09,BTC,11675.7393,1497944.0
2020-08-09,DOGE,0.0035,16465503617.0
2020-08-09,ETH,391.1205,24164079.0
2020-08-09,SOL,2.6652,4542890.0
2020-08-09,XRP,0.2887,4819933710.0
2020-08-10,ADA,0.1439,2167714178.0
2020-08-10,BNB,22.6138,10598146.0
2020-08-10,BTC,11878.1113,2198507.0
2020-08-10,DOGE,0.0035,19445035452.0
2020-08-10,ETH,395.8876,29518047.0
2020-08-10,SOL,3.1318,7300371.0
2020-08-10,XRP,0.2947,7156162346.0
2020-08-11,ADA,0.1374,4329815043.0
2020-08-11,BNB,21.2569,14623303.0
2020-08-11,BTC,11410.5254,2369723.0
2020-08-11,DOGE,0.0034,23140672367.0
2020-08-11,ETH,380.3841,33629744.0
2020-08-11,SOL,3.3034,11005614.0
2020-08-11,XRP,0.2844,15969467191.0
2020-08-12,ADA,0.1374,3162639577.0
2020-08-12,BNB,21.7514,11772933.0
2020-08-12,BTC,11584.9346,2163547.0
2020-08-12,DOGE,0.0035,20340380391.0
2020-08-12,ETH,391.0242,31734030.0
2020-08-12,SOL,3.7698,7550023.0
2020-08-12,XRP,0.2849,7024556010.0
2020-08-13,ADA,0.1412,3331925425.0
2020-08-13,BNB,22.0755,13588855.0
2020-08-13,BTC,11784.1377,2335529.0
2020-08-13,DOGE,0.0035,20842477652.0
2020-08-13,ETH,428.7418,43103574.0
2020-08-13,SOL,3.756,7517678.0
2020-08-13,XRP,0.2978,6922076239.0
2020-08-14,ADA,0.1383,2571472828.0
2020-08-14,BNB,23.0698,15491517.0
2020-08-14,BTC,11768.8711,2059497.0
2020-08-14,DOGE,0.0036,17223992743.0
2020-08-14,ETH,437.3978,34441392.0
2020-08-14,SOL,3.4094,5405061.0
2020-08-14,XRP,0.3004,7477588011.0
2020-08-15,ADA,0.1383,2483708640.0
2020-08-15,BNB,23.0218,11717024.0
2020-08-15,BTC,11865.6982,1968272.0
2020-08-15,DOGE,0.0035,18171709269.0
2020-08-15,ETH,433.3549,28651037.0
2020-08-15,SOL,3.1838,4132101.0
2020-08-15,XRP,0.2997,7543035486.0
2020-08-16,ADA,0.1385,2055061817.0
2020-08-16,BNB,23.4971,11544608.0
2020-08-16,BTC,11892.8037,1730742.0
2020-08-16,DOGE,0.0035,14936982161.0
2020-08-16,ETH,433.7866,28052541.0
2020-08-16,SOL,3.3857,3070401.0
2020-08-16,XRP,0.3035,6849684282.0
2020-08-17,ADA,0.1409,3020353450.0
2020-08-17,BNB,23.5101,11255007.0
2020-08-17,BTC,12254.4023,2303473.0
2020-08-17,DOGE,0.0036,21617575267.0
2020-08-17,ETH,429.5312,30794242.0
2020-08-17,SOL,3.0986,3460883.0
2020-08-17,XRP,0.3148,9534209761.0
2020-08-18,ADA,0.1374,2479083336.0
2020-08-18,BNB,23.0672,11234693.0
2020-08-18,BTC,11991.2334,2171856.0
2020-08-18,DOGE,0.0035,17806002084.0
2020-08-18,ETH,423.6693,28274373.0
2020-08-18,SOL,3.33,9114223.0
2020-08-18,XRP,0.3033,7011059752.0
2020-08-19,ADA,0.1293,2964910287.0
2020-08-19,BNB,22.3104,10073994.0
2020-08-19,BTC,11758.2832,2083880.0
2020-08-19,DOGE,0.0034,15568591436.0
2020-08-19,ETH,406.4638,32321186.0
2020-08-19,SOL,2.899,5118379.0
2020-08-19,XRP,0.2902,7454948060.0
2020-08-20,ADA,0.1336,2349843815.0
2020-08-20,BNB,23.0926,10409800.0
2020-08-20,BTC,11878.3721,1698486.0
2020-08-20,DOGE,0.0035,12586486163.0
2020-08-20,ETH,416.4398,24116409.0
2020-08-20,SOL,3.2083,4287822.0
2020-08-20,XRP,0.2926,5981188908.0
2020-08-21,ADA,0.1238,2933378510.0
2020-08-21,BNB,22.129,11095572.0
2020-08-21,BTC,11592.4893,2049812.0
2020-08-21,DOGE,0.0034,17866568861.0
2020-08-21,ETH,389.1263,30277560.0
2020-08-21,SOL,2.9437,4007496.0
2020-08-21,XRP,0.2807,6533438489.0
2020-08-22,ADA,0.1253,2363574792.0
2020-08-22,BNB,22.2398,9354994.0
2020-08-22,BTC,11681.8252,1731253.0
2020-08-22,DOGE,0.0034,13040340882.0
2020-08-22,ETH,395.8351,25596130.0
2020-08-22,SOL,3.0209,3408538.0
2020-08-22,XRP,0.2865,4945829159.0
2020-08-23,ADA,0.1216,1909899460.0
2020-08-23,BNB,21.8708,8320239.0
2020-08-23,BTC,11664.8477,1584424.0
2020-08-23,DOGE,0.0034,11565772976.0
2020-08-23,ETH,391.3845,20791074.0
2020-08-23,SOL,3.3224,3609225.0
2020-08-23,XRP,0.2854,4147460924.0
2020-08-24,ADA,0.1245,2233317686.0
2020-08-24,BNB,22.6059,8521410.0
2020-08-24,BTC,11774.5957,1756452.0
2020-08-24,DOGE,0.0034,13595822905.0
2020-08-24,ETH,408.1442,25306890.0
2020-08-24,SOL,3.345,4719066.0
2020-08-24,XRP,0.2892,4277888514.0
2020-08-25,ADA,0.1133,3811896378.0
2020-08-25,BNB,21.4754,10937045.0
2020-08-25,BTC,11366.1348,2314024.0
2020-08-25,DOGE,0.0033,23245480645.0
2020-08-25,ETH,384.001,32365647.0
2020-08-25,SOL,3.2648,4117895.0
2020-08-25,XRP,0.2779,5049512481.0
2020-08-26,ADA,0.1153,2730293918.0
2020-08-26,BNB,22.2773,11483115.0
2020-08-26,BTC,11488.3633,1955602.0
2020-08-26,DOGE,0.0033,24346567024.0
2020-08-26,ETH,386.4661,25790989.0
2020-08-26,SOL,3.5584,6224030.0
2020-08-26,XRP,0.2775,4305040527.0
2020-08-27,ADA,0.1068,3388143706.0
2020-08-27,BNB,23.0808,12833499.0
2020-08-27,BTC,11323.3975,2052424.0
2020-08-27,DOGE,0.0032,28050919334.0
2020-08-27,ETH,382.6326,27331118.0
2020-08-27,SOL,3.4451,6104787.0
2020-08-27,XRP,0.2645,5564792992.0
2020-08-28,ADA,0.1095,2518635028.0
2020-08-28,BNB,23.1338,11242703.0
2020-08-28,BTC,11542.5,1716017.0
2020-08-28,DOGE,0.0033,19601272204.0
2020-08-28,ETH,395.8747,23039298.0
2020-08-28,SOL,4.0114,6783900.0
2020-08-28,XRP,0.272,4331722628.0
2020-08-29,ADA,0.1167,2702942161.0
2020-08-29,BNB,23.0113,9295320.0
2020-08-29,BTC,11506.8652,1519580.0
2020-08-29,DOGE,0.0033,23811505529.0
2020-08-29,ETH,399.9215,21948567.0
2020-08-29,SOL,3.9688,3675149.0
2020-08-29,XRP,0.2745,3838266757.0
2020-08-30,ADA,0.1174,2529390287.0
2020-08-30,BNB,23.6449,9648637.0
2020-08-30,BTC,11711.5059,1687241.0
2020-08-30,DOGE,0.0033,24038130130.0
2020-08-30,ETH,428.3957,26171942.0
2020-08-30,SOL,4.4358,5009271.0
2020-08-30,XRP,0.283,4247557988.0
2020-08-31,ADA,0.1227,3696850803.0
2020-08-31,BNB,23.1931,9292059.0
2020-08-31,BTC,11680.8203,1907908.0
2020-08-31,DOGE,0.0032,26504115152.0
2020-08-31,ETH,435.0797,29361840.0
2020-08-31,SOL,4.782,4381001.0
2020-08-31,XRP,0.2818,4293628664.0
2020-09-01,ADA,0.1254,3598559945.0
2020-09-01,BNB,24.8221,18137100.0
2020-09-01,BTC,11970.4785,2281576.0
2020-09-01,DOGE,0.0033,25142432790.0
2020-09-01,ETH,477.0519,39540275.0
2020-09-01,SOL,4.3445,3900303.0
2020-09-01,XRP,0.2957,5853107359.0
2020-09-02,ADA,0.1156,3696746146.0
2020-09-02,BNB,24.6904,23402540.0
2020-09-02,BTC,11414.0342,2456398.0
2020-09-02,DOGE,0.0031,18144590509.0
2020-09-02,ETH,440.0405,44750095.0
2020-09-02,SOL,4.1645,5680384.0
2020-09-02,XRP,0.2765,7181535217.0
2020-09-03,ADA,0.0962,5058238646.0
2020-09-03,BNB,20.6199,27883599.0
2020-09-03,BTC,10245.2969,3116285.0
2020-09-03,DOGE,0.0028,21379211209.0
2020-09-03,ETH,385.6719,50879631.0
2020-09-03,SOL,3.5273,7505269.0
2020-09-03,XRP,0.2466,7491647010.0
2020-09-04,ADA,0.1024,5023417301.0
2020-09-04,BNB,21.0561,23267529.0
2020-09-04,BTC,10511.8135,2850615.0
2020-09-04,DOGE,0.0029,18432120669.0
2020-09-04,ETH,388.2411,43135835.0
2020-09-04,SOL,3.5458,5000104.0
2020-09-04,XRP,0.2559,7519977560.0
2020-09-05,ADA,0.0899,5350978251.0
2020-09-05,BNB,19.4788,20533590.0
2020-09-05,BTC,10169.5674,4416763.0
2020-09-05,DOGE,0.0028,22587341538.0
2020-09-05,ETH,335.2601,89124982.0
2020-09-05,SOL,2.5979,9647043.0
2020-09-05,XRP,0.2377,9090003247.0
2020-09-06,ADA,0.0931,4884808226.0
2020-09-06,BNB,23.1907,31938742.0
2020-09-06,BTC,10280.3516,3606050.0
2020-09-06,DOGE,0.0028,32133890530.0
2020-09-06,ETH,353.3623,78230419.0
2020-09-06,SOL,3.086,6602595.0
2020-09-06,XRP,0.2407,7279515303.0
2020-09-07,ADA,0.0933,4963099543.0
2020-09-07,BNB,22.3933,24810466.0
2020-09-07,BTC,10369.5635,3250195.0
2020-09-07,DOGE,0.0028,36503143218.0
2020-09-07,ETH,352.6735,61710379.0
2020-09-07,SOL,2.9285,5851067.0
2020-09-07,XRP,0.2422,7321908629.0
2020-09-08,ADA,0.091,6703394416.0
2020-09-08,BNB,23.1902,23950686.0
2020-09-08,BTC,10131.5166,3299696.0
2020-09-08,DOGE,0.0028,20734541133.0
2020-09-08,ETH,337.6021,53291738.0
2020-09-08,SOL,2.469,4116573.0
2020-09-08,XRP,0.2368,6835887856.0
2020-09-09,ADA,0.0933,6134159979.0
2020-09-09,BNB,24.5303,18600859.0
2020-09-09,BTC,10242.3477,2355739.0
2020-09-09,DOGE,0.0028,27725967883.0
2020-09-09,ETH,351.11,41434117.0
2020-09-09,SOL,3.6364,14397442.0
2020-09-09,XRP,0.2396,5021251771.0
2020-09-10,ADA,0.0972,8329281167.0
2020-09-10,BNB,24.5599,18581726.0
2020-09-10,BTC,10363.1387,5249997.0
2020-09-10,DOGE,0.0028,37175056790.0
2020-09-10,ETH,368.1019,85359882.0
2020-09-10,SOL,3.4698,8985401.0
2020-09-10,XRP,0.2435,5557258321.0
2020-09-11,ADA,0.097,7951390128.0
2020-09-11,BNB,25.4514,16529120.0
2020-09-11,BTC,10400.915,4345879.0
2020-09-11,DOGE,0.0028,47782431785.0
2020-09-11,ETH,374.6956,72849188.0
2020-09-11,SOL,3.4274,4986429.0
2020-09-11,XRP,0.2433,4507596421.0
2020-09-12,ADA,0.0976,7164227169.0
2020-09-12,BNB,28.5298,24115353.0
2020-09-12,BTC,10442.1709,3519391.0
2020-09-12,DOGE,0.0028,41548517253.0
2020-09-12,ETH,387.1831,34338807.0
2020-09-12,SOL,3.3327,3111184.0
2020-09-12,XRP,0.2478,4211812426.0
2020-09-13,ADA,0.0949,8135102907.0
2020-09-13,BNB,31.0586,36854113.0
2020-09-13,BTC,10323.7559,3536199.0
2020-09-13,DOGE,0.0028,44759810601.0
2020-09-13,ETH,365.57,41047949.0
2020-09-13,SOL,3.2258,4748022.0
2020-09-13,XRP,0.2418,4810493854.0
2020-09-14,ADA,0.0968,8801291375.0
2020-09-14,BNB,31.1786,32374478.0
2020-09-14,BTC,10680.8379,3319363.0
2020-09-14,DOGE,0.0028,45851212819.0
2020-09-14,ETH,377.2689,46483283.0
2020-09-14,SOL,3.2691,6515932.0
2020-09-14,XRP,0.2463,4855311437.0
2020-09-15,ADA,0.0935,8699084254.0
2020-09-15,BNB,27.2024,31681844.0
2020-09-15,BTC,10796.9512,3010984.0
2020-09-15,DOGE,0.0028,35379299841.0
2020-09-15,ETH,364.8392,44240269.0
2020-09-15,SOL,2.9391,4080314.0
2020-09-15,XRP,0.2438,5107775809.0
2020-09-16,ADA,0.0917,8973385889.0
2020-09-16,BNB,27.9646,23763604.0
2020-09-16,BTC,10974.9053,2803668.0
2020-09-16,DOGE,0.0028,52567409710.0
2020-09-16,ETH,365.8123,44032453.0
2020-09-16,SOL,2.5454,9507274.0
2020-09-16,XRP,0.2478,5734531474.0
2020-09-17,ADA,0.0942,8762981065.0
2020-09-17,BNB,26.9931,18989238.0
2020-09-17,BTC,10948.9902,3484505.0
2020-09-17,DOGE,0.0028,57322440871.0
2020-09-17,ETH,389.0192,51153079.0
2020-09-17,SOL,2.8919,8227267.0
2020-09-17,XRP,0.2522,6881213700.0
2020-09-18,ADA,0.0911,7677136223.0
2020-09-18,BNB,27.3995,17597048.0
2020-09-18,BTC,10944.5859,2406843.0
2020-09-18,DOGE,0.0028,52734732047.0
2020-09-18,ETH,384.3645,36705670.0
2020-09-18,SOL,3.1079,7564563.0
2020-09-18,XRP,0.2507,5114933981.0
2020-09-19,ADA,0.0917,6740301874.0
2020-09-19,BNB,27.2511,12154249.0
2020-09-19,BTC,11094.3467,2051874.0
2020-09-19,DOGE,0.0028,52629389909.0
2020-09-19,ETH,385.5444,28659497.0
2020-09-19,SOL,3.0289,3553767.0
2020-09-19,XRP,0.2517,4145485806.0
2020-09-20,ADA,0.0894,7635840628.0
2020-09-20,BNB,26.3921,13003781.0
2020-09-20,BTC,10938.2715,2258083.0
2020-09-20,DOGE,0.0028,52538487694.0
2020-09-20,ETH,371.0528,33127886.0
2020-09-20,SOL,2.8709,3210591.0
2020-09-20,XRP,0.2467,4422754094.0
2020-09-21,ADA,0.0804,7045956837.0
2020-09-21,BNB,23.2679,19877329.0
2020-09-21,BTC,10462.2598,2760876.0
2020-09-21,DOGE,0.0026,29944269171.0
2020-09-21,ETH,341.7861,50903968.0
2020-09-21,SOL,2.7825,7005510.0
2020-09-21,XRP,0.2321,7404895687.0
2020-09-22,ADA,0.0818,3876356520.0
2020-09-22,BNB,24.1007,14108428.0
2020-09-22,BTC,10538.46,2241484.0
2020-09-22,DOGE,0.0027,13730261461.0
2020-09-22,ETH,344.5032,36959247.0
2020-09-22,SOL,2.9155,6364741.0
2020-09-22,XRP,0.2334,4368078640.0
2020-09-23,ADA,0.0768,6527577584.0
2020-09-23,BNB,22.857,19543847.0
2020-09-23,BTC,10246.1865,2321709.0
2020-09-23,DOGE,0.0026,31135824615.0
2020-09-23,ETH,321.1163,40170326.0
2020-09-23,SOL,2.8368,5674314.0
2020-09-23,XRP,0.2212,7444155552.0
2020-09-24,ADA,0.0828,7203471406.0
2020-09-24,BNB,24.6138,19335361.0
2020-09-24,BTC,10760.0664,4381421.0
2020-09-24,DOGE,0.0026,42585987266.0
2020-09-24,ETH,349.3556,44980830.0
2020-09-24,SOL,3.1327,6062896.0
2020-09-24,XRP,0.2329,8316995179.0
2020-09-25,ADA,0.0968,9338723587.0
2020-09-25,BNB,24.6634,17944976.0
2020-09-25,BTC,10692.7168,3679943.0
2020-09-25,DOGE,0.0027,46173354140.0
2020-09-25,ETH,352.1833,40834102.0
2020-09-25,SOL,3.1886,4997517.0
2020-09-25,XRP,0.2419,7318587131.0
2020-09-26,ADA,0.0956,6794620703.0
2020-09-26,BNB,26.2212,18718747.0
2020-09-26,BTC,10750.7236,4358081.0
2020-09-26,DOGE,0.0027,39830742869.0
2020-09-26,ETH,355.4881,36707695.0
2020-09-26,SOL,3.1347,3514998.0
2020-09-26,XRP,0.2422,6562022063.0
2020-09-27,ADA,0.1013,7187461657.0
2020-09-27,BNB,26.1992,16632393.0
2020-09-27,BTC,10775.2695,4987901.0
2020-09-27,DOGE,0.0027,28340702727.0
2020-09-27,ETH,357.4385,38043262.0
2020-09-27,SOL,3.1529,3087387.0
2020-09-27,XRP,0.2428,5718232501.0
2020-09-28,ADA,0.1007,8195921638.0
2020-09-28,BNB,26.9796,19656019.0
2020-09-28,BTC,10709.6523,4459752.0
2020-09-28,DOGE,0.0027,38711294278.0
2020-09-28,ETH,355.1594,40146633.0
2020-09-28,SOL,2.9567,3703549.0
2020-09-28,XRP,0.2419,7123141142.0
2020-09-29,ADA,0.1012,6799773108.0
2020-09-29,BNB,28.843,21234096.0
2020-09-29,BTC,10844.6406,4295430.0
2020-09-29,DOGE,0.0027,40768385401.0
2020-09-29,ETH,359.7574,32243989.0
2020-09-29,SOL,2.9464,2993875.0
2020-09-29,XRP,0.2432,6706564819.0
2020-09-30,ADA,0.1011,6089476344.0
2020-09-30,BNB,29.2909,19342547.0
2020-09-30,BTC,10784.4912,4095796.0
2020-09-30,DOGE,0.0026,40564574864.0
2020-09-30,ETH,359.9379,32835141.0
2020-09-30,SOL,2.8979,2680481.0
2020-09-30,XRP,0.2418,6497900062.0
2020-10-01,ADA,0.0979,7599627683.0
2020-10-01,BNB,27.432,22969103.0
2020-10-01,BTC,10619.4521,3768851.0
2020-10-01,DOGE,0.0026,44417047636.0
2020-10-01,ETH,353.2059,41560693.0
2020-10-01,SOL,2.861,3783943.0
2020-10-01,XRP,0.2382,7240625639.0
2020-10-02,ADA,0.0929,8917026022.0
2020-10-02,BNB,27.2857,23416714.0
2020-10-02,BTC,10575.9746,4601132.0
2020-10-02,DOGE,0.0026,49647638218.0
2020-10-02,ETH,346.2389,41056593.0
2020-10-02,SOL,2.6261,6038095.0
2020-10-02,XRP,0.2341,7897766013.0
2020-10-03,ADA,0.0934,5920260494.0
2020-10-03,BNB,28.2023,17583972.0
2020-10-03,BTC,10549.3291,4233470.0
2020-10-03,DOGE,0.0026,44650395546.0
2020-10-03,ETH,346.5221,29031822.0
2020-10-03,SOL,2.5473,2416631.0
2020-10-03,XRP,0.2329,5417060079.0
2020-10-04,ADA,0.0963,7238962049.0
2020-10-04,BNB,28.9439,17778377.0
2020-10-04,BTC,10669.583,6678028.0
2020-10-04,DOGE,0.0026,35052947465.0
2020-10-04,ETH,352.579,30339183.0
2020-10-04,SOL,2.516,2812298.0
2020-10-04,XRP,0.2477,7612315884.0
2020-10-05,ADA,0.0975,6417127244.0
2020-10-05,BNB,28.6591,14851899.0
2020-10-05,BTC,10793.3398,4404344.0
2020-10-05,DOGE,0.0026,48959045628.0
2020-10-05,ETH,353.9568,33364264.0
2020-10-05,SOL,2.6576,3049951.0
2020-10-05,XRP,0.2508,8611495526.0
2020-10-06,ADA,0.0928,10753333818.0
2020-10-06,BNB,27.7145,18224691.0
2020-10-06,BTC,10604.4062,4019433.0
2020-10-06,DOGE,0.0026,40471036892.0
2020-10-06,ETH,340.8159,37647298.0
2020-10-06,SOL,2.1762,4475162.0
2020-10-06,XRP,0.2453,12508436194.0
2020-10-07,ADA,0.0938,6537858267.0
2020-10-07,BNB,27.7048,14241467.0
2020-10-07,BTC,10668.9688,3542935.0
2020-10-07,DOGE,0.0026,48371294605.0
2020-10-07,ETH,341.8087,34902329.0
2020-10-07,SOL,2.2918,5131239.0
2020-10-07,XRP,0.2485,7621795538.0
2020-10-08,ADA,0.0962,7181240037.0
2020-10-08,BNB,27.7053,15576569.0
2020-10-08,BTC,10915.6855,5800350.0
2020-10-08,DOGE,0.0026,42124844755.0
2020-10-08,ETH,350.7661,38376046.0
2020-10-08,SOL,2.3652,6313122.0
2020-10-08,XRP,0.2515,7894067165.0
2020-10-09,ADA,0.1019,7479843119.0
2020-10-09,BNB,28.445,16381929.0
2020-10-09,BTC,11064.458,2060572.0
2020-10-09,DOGE,0.0027,37712598973.0
2020-10-09,ETH,365.5905,35677903.0
2020-10-09,SOL,2.5399,4725837.0
2020-10-09,XRP,0.2535,8303384194.0
2020-10-10,ADA,0.105,8795201060.0
2020-10-10,BNB,28.3125,15061712.0
2020-10-10,BTC,11296.3613,2025252.0
2020-10-10,DOGE,0.0027,36396394519.0
2020-10-10,ETH,370.9676,36710712.0
2020-10-10,SOL,2.4061,3675209.0
2020-10-10,XRP,0.2543,7698714272.0
2020-10-11,ADA,0.1065,7485405236.0
2020-10-11,BNB,28.5556,14304838.0
2020-10-11,BTC,11384.1816,1754068.0
2020-10-11,DOGE,0.0027,40251481218.0
2020-10-11,ETH,375.1421,33545992.0
2020-10-11,SOL,2.4266,2955045.0
2020-10-11,XRP,0.2557,7242176147.0
2020-10-12,ADA,0.11,7464053600.0
2020-10-12,BNB,30.7147,23389684.0
2020-10-12,BTC,11555.3633,2264228.0
2020-10-12,DOGE,0.0027,37877585228.0
2020-10-12,ETH,387.7313,40923848.0
2020-10-12,SOL,2.5871,4750532.0
2020-10-12,XRP,0.2564,8258631040.0
2020-10-13,ADA,0.1089,7562720558.0
2020-10-13,BNB,30.7067,19541311.0
2020-10-13,BTC,11425.8994,2121620.0
2020-10-13,DOGE,0.0026,29208023078.0
2020-10-13,ETH,381.1908,37321851.0
2020-10-13,SOL,2.4049,4746846.0
2020-10-13,XRP,0.2563,8185812191.0
2020-10-14,ADA,0.1073,6647568630.0
2020-10-14,BNB,30.9121,14890532.0
2020-10-14,BTC,11429.5068,2108877.0
2020-10-14,DOGE,0.0026,33103311394.0
2020-10-14,ETH,379.484,36678345.0
2020-10-14,SOL,2.3146,4076772.0
2020-10-14,XRP,0.2494,7837049899.0
2020-10-15,ADA,0.1066,5272164849.0
2020-10-15,BNB,31.2959,16108700.0
2020-10-15,BTC,11495.3496,2130186.0
2020-10-15,DOGE,0.0026,32315545119.0
2020-10-15,ETH,377.4418,39646328.0
2020-10-15,SOL,2.2664,3676469.0
2020-10-15,XRP,0.2459,6720292544.0
2020-10-16,ADA,0.1041,5319436702.0
2020-10-16,BNB,29.9949,18231423.0
2020-10-16,BTC,11322.123,2264194.0
2020-10-16,DOGE,0.0026,45131022801.0
2020-10-16,ETH,366.229,40059047.0
2020-10-16,SOL,2.1494,6344942.0
2020-10-16,XRP,0.2404,6888586919.0
2020-10-17,ADA,0.1061,4448514861.0
2020-10-17,BNB,30.2482,12464413.0
2020-10-17,BTC,11358.1016,1684298.0
2020-10-17,DOGE,0.0026,48699103589.0
2020-10-17,ETH,368.8559,29689411.0
2020-10-17,SOL,2.2018,3003217.0
2020-10-17,XRP,0.2409,4870713624.0
2020-10-18,ADA,0.1074,4030721740.0
2020-10-18,BNB,30.6595,14378589.0
2020-10-18,BTC,11483.3594,1592157.0
2020-10-18,DOGE,0.0026,27957774858.0
2020-10-18,ETH,378.2137,29208629.0
2020-10-18,SOL,2.2143,2842549.0
2020-10-18,XRP,0.2422,5113926185.0
2020-10-19,ADA,0.1087,4515906502.0
2020-10-19,BNB,29.9251,12895981.0
2020-10-19,BTC,11742.0371,2032081.0
2020-10-19,DOGE,0.0026,35154271980.0
2020-10-19,ETH,379.9356,33719509.0
2020-10-19,SOL,2.0581,4008037.0
2020-10-19,XRP,0.246,5837035206.0
2020-10-20,ADA,0.1025,6907284587.0
2020-10-20,BNB,28.8034,17142886.0
2020-10-20,BTC,11916.335,2594407.0
2020-10-20,DOGE,0.0026,25212264756.0
2020-10-20,ETH,369.1369,37226261.0
2020-10-20,SOL,1.8887,6951468.0
2020-10-20,XRP,0.2436,6266607177.0
2020-10-21,ADA,0.1062,7339976575.0
2020-10-21,BNB,29.7724,17158731.0
2020-10-21,BTC,12823.6895,3385509.0
2020-10-21,DOGE,0.0026,17116773747.0
2020-10-21,ETH,392.19,51611020.0
2020-10-21,SOL,1.8904,10196643.0
2020-10-21,XRP,0.2516,9166383778.0
2020-10-22,ADA,0.1106,8440976171.0
2020-10-22,BNB,30.6582,17316996.0
2020-10-22,BTC,12965.8916,2678548.0
2020-10-22,DOGE,0.0027,16940283870.0
2020-10-22,ETH,413.773,38119566.0
2020-10-22,SOL,1.9557,5852604.0
2020-10-22,XRP,0.2568,11010150479.0
2020-10-23,ADA,0.1081,10278891256.0
2020-10-23,BNB,30.634,16795244.0
2020-10-23,BTC,12931.5391,2240644.0
2020-10-23,DOGE,0.0026,17701580575.0
2020-10-23,ETH,409.7667,34791071.0
2020-10-23,SOL,1.96,5865939.0
2020-10-23,XRP,0.2549,8340172715.0
2020-10-24,ADA,0.1081,8033259257.0
2020-10-24,BNB,30.5888,13320371.0
2020-10-24,BTC,13108.0625,1872307.0
2020-10-24,DOGE,0.0026,16930315886.0
2020-10-24,ETH,412.4576,29583014.0
2020-10-24,SOL,1.9118,3965747.0
2020-10-24,XRP,0.2564,6202155236.0
2020-10-25,ADA,0.1064,6795830131.0
2020-10-25,BNB,30.1075,13019919.0
2020-10-25,BTC,13031.1738,1872964.0
2020-10-25,DOGE,0.0027,22062717382.0
2020-10-25,ETH,406.2178,26808791.0
2020-10-25,SOL,1.7875,5086737.0
2020-10-25,XRP,0.2532,5864354426.0
2020-10-26,ADA,0.1031,8537802648.0
2020-10-26,BNB,31.1546,20036365.0
2020-10-26,BTC,13075.248,2253224.0
2020-10-26,DOGE,0.0027,45596213176.0
2020-10-26,ETH,393.8883,38477111.0
2020-10-26,SOL,1.6855,7948387.0
2020-10-26,XRP,0.2487,9612711870.0
2020-10-27,ADA,0.1028,8884070555.0
2020-10-27,BNB,31.6387,22629814.0
2020-10-27,BTC,13654.2188,2471755.0
2020-10-27,DOGE,0.0027,29483411318.0
2020-10-27,ETH,403.997,34506278.0
2020-10-27,SOL,1.7102,8410804.0
2020-10-27,XRP,0.2529,8990047786.0
2020-10-28,ADA,0.099,8857834247.0
2020-10-28,BNB,30.3635,15718865.0
2020-10-28,BTC,13271.2852,2702626.0
2020-10-28,DOGE,0.0026,28072724805.0
2020-10-28,ETH,388.6508,39306346.0
2020-10-28,SOL,1.4901,11469202.0
2020-10-28,XRP,0.2459,9662207785.0
2020-10-29,ADA,0.0954,9258670753.0
2020-10-29,BNB,29.8425,14285116.0
2020-10-29,BTC,13437.8828,4204494.0
2020-10-29,DOGE,0.0026,22832046813.0
2020-10-29,ETH,386.7301,33409548.0
2020-10-29,SOL,1.4289,5615464.0
2020-10-29,XRP,0.2423,22500253043.0
2020-10-30,ADA,0.0934,9165596816.0
2020-10-30,BNB,28.5084,18660281.0
2020-10-30,BTC,13546.5225,2257516.0
2020-10-30,DOGE,0.0026,24420360739.0
2020-10-30,ETH,382.82,35755859.0
2020-10-30,SOL,1.4413,5916966.0
2020-10-30,XRP,0.2392,9885285777.0
2020-10-31,ADA,0.0931,7120357779.0
2020-10-31,BNB,28.4312,12683137.0
2020-10-31,BTC,13780.9951,2199149.0
2020-10-31,DOGE,0.0026,21812622963.0
2020-10-31,ETH,386.5903,29170319.0
2020-10-31,SOL,1.5407,4186012.0
2020-10-31,XRP,0.2397,8762530691.0
2020-11-01,ADA,0.0982,6207581290.0
2020-11-01,BNB,28.4616,11898780.0
2020-11-01,BTC,13737.1094,1780131.0
2020-11-01,DOGE,0.0026,17633106192.0
2020-11-01,ETH,396.3582,26428484.0
2020-11-01,SOL,1.5998,4298903.0
2020-11-01,XRP,0.2398,7738802929.0
2020-11-02,ADA,0.0921,8874865452.0
2020-11-02,BNB,27.8839,14017560.0
2020-11-02,BTC,13550.4893,2270874.0
2020-11-02,DOGE,0.0025,19921483724.0
2020-11-02,ETH,383.1567,36532241.0
2020-11-02,SOL,1.4741,4318884.0
2020-11-02,XRP,0.2354,10249195180.0
2020-11-03,ADA,0.0934,9200388997.0
2020-11-03,BNB,26.857,17049587.0
2020-11-03,BTC,13950.3008,2141169.0
2020-11-03,DOGE,0.0025,24870116645.0
2020-11-03,ETH,387.6022,32477875.0
2020-11-03,SOL,1.4122,4628820.0
2020-11-03,XRP,0.2395,12744874578.0
2020-11-04,ADA,0.0954,10923235071.0
2020-11-04,BNB,26.9315,14257367.0
2020-11-04,BTC,14133.707,2484583.0
2020-11-04,DOGE,0.0025,20747197701.0
2020-11-04,ETH,402.142,37613773.0
2020-11-04,SOL,1.3923,8192692.0
2020-11-04,XRP,0.2378,14028108878.0
2020-11-05,ADA,0.097,5716812537.0
2020-11-05,BNB,27.6759,10812194.0
2020-11-05,BTC,15579.8486,2622382.0
2020-11-05,DOGE,0.0026,12079466627.0
2020-11-05,ETH,414.0674,37290337.0
2020-11-05,SOL,1.4052,6350710.0
2020-11-05,XRP,0.2458,12000801638.0
2020-11-06,ADA,0.1091,6578352875.0
2020-11-06,BNB,29.018,11823853.0
2020-11-06,BTC,15565.8809,2559305.0
2020-11-06,DOGE,0.0028,19662153912.0
2020-11-06,ETH,454.7193,36810194.0
2020-11-06,SOL,1.9137,11781902.0
2020-11-06,XRP,0.2584,12701314243.0
2020-11-07,ADA,0.1014,8501171909.0
2020-11-07,BNB,27.7381,13084352.0
2020-11-07,BTC,14833.7539,2361166.0
2020-11-07,DOGE,0.0027,16701691363.0
2020-11-07,ETH,435.7131,43315861.0
2020-11-07,SOL,2.032,25308568.0
2020-11-07,XRP,0.2496,13604130443.0
2020-11-08,ADA,0.1066,5869266819.0
2020-11-08,BNB,28.3051,11347308.0
2020-11-08,BTC,15479.5674,1720466.0
2020-11-08,DOGE,0.0027,8393408950.0
2020-11-08,ETH,453.5548,24897508.0
2020-11-08,SOL,2.1566,12024050.0
2020-11-08,XRP,0.2539,9312245501.0
2020-11-09,ADA,0.1053,7617117431.0
2020-11-09,BNB,28.018,11990759.0
2020-11-09,BTC,15332.3154,2227264.0
2020-11-09,DOGE,0.0027,10533463377.0
2020-11-09,ETH,444.1631,30854256.0
2020-11-09,SOL,2.0287,8976713.0
2020-11-09,XRP,0.2507,12280910710.0
2020-11-10,ADA,0.1058,6623063416.0
2020-11-10,BNB,28.1933,11021693.0
2020-11-10,BTC,15290.9023,1672559.0
2020-11-10,DOGE,0.0028,14396357750.0
2020-11-10,ETH,449.6796,26886657.0
2020-11-10,SOL,2.248,7193473.0
2020-11-10,XRP,0.2539,13740242113.0
2020-11-11,ADA,0.106,5960320265.0
2020-11-11,BNB,27.9562,10002993.0
2020-11-11,BTC,15701.3398,1896168.0
2020-11-11,DOGE,0.0028,11967771843.0
2020-11-11,ETH,462.9605,30403031.0
2020-11-11,SOL,2.0021,6931610.0
2020-11-11,XRP,0.2563,10969679742.0
2020-11-12,ADA,0.1045,6068161166.0
2020-11-12,BNB,27.6148,9635859.0
2020-11-12,BTC,16276.3438,2099720.0
2020-11-12,DOGE,0.0028,8646369641.0
2020-11-12,ETH,461.0053,27933145.0
2020-11-12,SOL,1.8991,6058563.0
2020-11-12,XRP,0.2549,9584952773.0
2020-11-13,ADA,0.1064,4491347041.0
2020-11-13,BNB,28.1822,10387326.0
2020-11-13,BTC,16317.8086,1936503.0
2020-11-13,DOGE,0.0028,10357231258.0
2020-11-13,ETH,474.6264,27793449.0
2020-11-13,SOL,2.0208,5751084.0
2020-11-13,XRP,0.2652,11271535774.0
2020-11-14,ADA,0.1042,4150342714.0
2020-11-14,BNB,27.9362,9096247.0
2020-11-14,BTC,16068.1387,1710323.0
2020-11-14,DOGE,0.0028,10939192497.0
2020-11-14,ETH,460.1498,22410174.0
2020-11-14,SOL,1.917,4243362.0
2020-11-14,XRP,0.2683,16523351186.0
2020-11-15,ADA,0.1005,3564113248.0
2020-11-15,BNB,27.621,9230156.0
2020-11-15,BTC,15955.5879,1482482.0
2020-11-15,DOGE,0.0028,9056462530.0
2020-11-15,ETH,447.5591,23032975.0
2020-11-15,SOL,2.0432,9113656.0
2020-11-15,XRP,0.2696,13402119697.0
2020-11-16,ADA,0.104,3850654825.0
2020-11-16,BNB,28.0641,9800392.0
2020-11-16,BTC,16716.1113,1886011.0
2020-11-16,DOGE,0.0029,18039945041.0
2020-11-16,ETH,459.9403,24875488.0
2020-11-16,SOL,2.2554,9823791.0
2020-11-16,XRP,0.2855,14379718524.0
2020-11-17,ADA,0.1096,5680370206.0
2020-11-17,BNB,28.5306,11227314.0
2020-11-17,BTC,17645.4062,2210595.0
2020-11-17,DOGE,0.0029,15882651202.0
2020-11-17,ETH,480.3601,30379414.0
2020-11-17,SOL,2.2022,7753302.0
2020-11-17,XRP,0.3024,19849231307.0
2020-11-18,ADA,0.1064,6509998024.0
2020-11-18,BNB,28.0762,11671497.0
2020-11-18,BTC,17804.0059,2755829.0
2020-11-18,DOGE,0.0029,17002428141.0
2020-11-18,ETH,479.4841,37290497.0
2020-11-18,SOL,2.115,6916996.0
2020-11-18,XRP,0.2942,19321463408.0
2020-11-19,ADA,0.1059,5579450482.0
2020-11-19,BNB,28.0941,10048988.0
2020-11-19,BTC,17817.0898,2075819.0
2020-11-19,DOGE,0.0029,13854566249.0
2020-11-19,ETH,471.6304,26448525.0
2020-11-19,SOL,2.0768,4890282.0
2020-11-19,XRP,0.3038,17219091400.0
2020-11-20,ADA,0.1182,5824047754.0
2020-11-20,BNB,28.892,11125465.0
2020-11-20,BTC,18621.3145,1986588.0
2020-11-20,DOGE,0.003,19321872269.0
2020-11-20,ETH,509.7446,36547605.0
2020-11-20,SOL,2.0954,5304015.0
2020-11-20,XRP,0.3281,19153450409.0
2020-11-21,ADA,0.1329,10418296516.0
2020-11-21,BNB,30.3913,13793580.0
2020-11-21,BTC,18642.2324,2126902.0
2020-11-21,DOGE,0.0035,46376303768.0
2020-11-21,ETH,549.4866,37775440.0
2020-11-21,SOL,2.3822,8516623.0
2020-11-21,XRP,0.4583,35358367512.0
2020-11-22,ADA,0.1448,15847141117.0
2020-11-22,BNB,29.9251,14245218.0
2020-11-22,BTC,18370.002,2247165.0
2020-11-22,DOGE,0.0033,36545632650.0
2020-11-22,ETH,558.0681,39362667.0
2020-11-22,SOL,2.1448,7653730.0
2020-11-22,XRP,0.4437,43041881676.0
2020-11-23,ADA,0.1535,14354806570.0
2020-11-23,BNB,30.9654,14005548.0
2020-11-23,BTC,18364.1211,2327425.0
2020-11-23,DOGE,0.0036,27840196554.0
2020-11-23,ETH,608.454,44822289.0
2020-11-23,SOL,2.2764,6803504.0
2020-11-23,XRP,0.614,33739379342.0
2020-11-24,ADA,0.1663,15429164121.0
2020-11-24,BNB,33.8032,24856560.0
2020-11-24,BTC,19107.4648,2693689.0
2020-11-24,DOGE,0.0042,63443397614.0
2020-11-24,ETH,603.8978,38552483.0
2020-11-24,SOL,2.268,11039237.0
2020-11-24,XRP,0.6921,47429634095.0
2020-11-25,ADA,0.1552,11427036925.0
2020-11-25,BNB,31.343,19127121.0
2020-11-25,BTC,18732.1211,2333444.0
2020-11-25,DOGE,0.0037,46809747310.0
2020-11-25,ETH,570.6866,35200566.0
2020-11-25,SOL,2.27,10956202.0
2020-11-25,XRP,0.6355,37089290374.0
2020-11-26,ADA,0.1383,18246780019.0
2020-11-26,BNB,28.2049,23385648.0
2020-11-26,BTC,17150.623,3579860.0
2020-11-26,DOGE,0.0033,54006243193.0
2020-11-26,ETH,518.8011,59953616.0
2020-11-26,SOL,1.903,17360789.0
2020-11-26,XRP,0.533,44414768545.0
2020-11-27,ADA,0.141,10676665979.0
2020-11-27,BNB,28.4752,12680988.0
2020-11-27,BTC,17108.4023,2272947.0
2020-11-27,DOGE,0.0033,28190235819.0
2020-11-27,ETH,517.4937,32524271.0
2020-11-27,SOL,1.8579,7162634.0
2020-11-27,XRP,0.5593,33460095639.0
2020-11-28,ADA,0.1648,11725877101.0
2020-11-28,BNB,29.1439,11607066.0
2020-11-28,BTC,17717.4141,1840056.0
2020-11-28,DOGE,0.0034,17043655971.0
2020-11-28,ETH,538.2298,27442263.0
2020-11-28,SOL,1.8889,6173787.0
2020-11-28,XRP,0.6256,27450381406.0
2020-11-29,ADA,0.1666,10389687919.0
2020-11-29,BNB,30.1176,11547169.0
2020-11-29,BTC,18177.4844,1712776.0
2020-11-29,DOGE,0.0034,13433866804.0
2020-11-29,ETH,575.7581,26083035.0
2020-11-29,SOL,1.9152,3205751.0
2020-11-29,XRP,0.6062,25388574072.0
2020-11-30,ADA,0.1713,12559772184.0
2020-11-30,BNB,31.3928,12410765.0
2020-11-30,BTC,19625.8359,2431921.0
2020-11-30,DOGE,0.0036,19324904367.0
2020-11-30,ETH,614.8425,32978961.0
2020-11-30,SOL,1.9669,4431649.0
2020-11-30,XRP,0.6643,26189057049.0
2020-12-01,ADA,0.156,13280658667.0
2020-12-01,BNB,30.1083,15537872.0
2020-12-01,BTC,18802.998,2639667.0
2020-12-01,DOGE,0.0033,24037062255.0
2020-12-01,ETH,587.3242,46275918.0
2020-12-01,SOL,1.9763,6500516.0
2020-12-01,XRP,0.6129,27712053712.0
2020-12-02,ADA,0.1586,8625262992.0
2020-12-02,BNB,30.2974,12259871.0
2020-12-02,BTC,19201.0918,1947165.0
2020-12-02,DOGE,0.0034,17399424899.0
2020-12-02,ETH,598.3524,28216304.0
2020-12-02,SOL,2.1154,7492588.0
2020-12-02,XRP,0.6299,20439782253.0
2020-12-03,ADA,0.1642,7843074859.0
2020-12-03,BNB,30.7044,10581456.0
2020-12-03,BTC,19445.3984,1642050.0
2020-12-03,DOGE,0.0034,13975213432.0
2020-12-03,ETH,616.7087,26181226.0
2020-12-03,SOL,2.1004,8620440.0
2020-12-03,XRP,0.6315,15652514685.0
2020-12-04,ADA,0.1482,8099120831.0
2020-12-04,BNB,29.0722,12473314.0
2020-12-04,BTC,18699.7656,1811380.0
2020-12-04,DOGE,0.0033,13663499834.0
2020-12-04,ETH,569.3542,28694950.0
2020-12-04,SOL,1.856,4859964.0
2020-12-04,XRP,0.5573,17279238365.0
2020-12-05,ADA,0.1597,6489090540.0
2020-12-05,BNB,29.7295,10356586.0
2020-12-05,BTC,19154.2305,1422268.0
2020-12-05,DOGE,0.0034,12772029060.0
2020-12-05,ETH,596.5955,22625064.0
2020-12-05,SOL,1.9788,3916961.0
2020-12-05,XRP,0.5844,14656691039.0
2020-12-06,ADA,0.1589,5577860351.0
2020-12-06,BNB,29.5408,8462663.0
2020-12-06,BTC,19345.1211,1307502.0
2020-12-06,DOGE,0.0034,12082814215.0
2020-12-06,ETH,601.909,18758472.0
2020-12-06,SOL,1.8542,3865301.0
2020-12-06,XRP,0.6199,16585035751.0
2020-12-07,ADA,0.1541,5121820878.0
2020-12-07,BNB,29.3781,8134364.0
2020-12-07,BTC,19191.6309,1401463.0
2020-12-07,DOGE,0.0033,11048418084.0
2020-12-07,ETH,591.8434,18113713.0
2020-12-07,SOL,1.8312,3508718.0
2020-12-07,XRP,0.6089,12675491313.0
2020-12-08,ADA,0.1409,6664147548.0
2020-12-08,BNB,27.6363,11711847.0
2020-12-08,BTC,18321.1445,1729820.0
2020-12-08,DOGE,0.0032,16578389786.0
2020-12-08,ETH,554.8278,25952053.0
2020-12-08,SOL,1.6654,6787785.0
2020-12-08,XRP,0.5588,14857259411.0
2020-12-09,ADA,0.1482,8914065947.0
2020-12-09,BNB,28.1293,11496569.0
2020-12-09,BTC,18553.916,1855154.0
2020-12-09,DOGE,0.0032,14485978802.0
2020-12-09,ETH,573.4791,27648636.0
2020-12-09,SOL,1.6623,6293144.0
2020-12-09,XRP,0.5836,21673735546.0
2020-12-10,ADA,0.142,5623832894.0
2020-12-10,BNB,27.6962,9528052.0
2020-12-10,BTC,18264.9922,1398694.0
2020-12-10,DOGE,0.0031,10866663172.0
2020-12-10,ETH,559.6785,20855869.0
2020-12-10,SOL,1.5742,3918292.0
2020-12-10,XRP,0.573,16921834935.0
2020-12-11,ADA,0.1394,5054568603.0
2020-12-11,BNB,27.361,10162644.0
2020-12-11,BTC,18058.9043,1546032.0
2020-12-11,DOGE,0.0031,13547561858.0
2020-12-11,ETH,545.7974,20335054.0
2020-12-11,SOL,1.4446,5727540.0
2020-12-11,XRP,0.5465,19594759502.0
2020-12-12,ADA,0.1445,3598094126.0
2020-12-12,BNB,28.1645,8484947.0
2020-12-12,BTC,18803.6562,1156827.0
2020-12-12,DOGE,0.0032,11212821323.0
2020-12-12,ETH,568.5673,15010637.0
2020-12-12,SOL,1.4909,4752280.0
2020-12-12,XRP,0.5064,21573924827.0
2020-12-13,ADA,0.154,4384309020.0
2020-12-13,BNB,29.1017,9131016.0
2020-12-13,BTC,19142.3828,1329535.0
2020-12-13,DOGE,0.0033,11506241309.0
2020-12-13,ETH,589.6632,15382303.0
2020-12-13,SOL,1.5655,5359045.0
2020-12-13,XRP,0.5115,16686962344.0
2020-12-14,ADA,0.158,3715874001.0
2020-12-14,BNB,30.0296,11170786.0
2020-12-14,BTC,19246.6445,1167684.0
2020-12-14,DOGE,0.0032,11215882659.0
2020-12-14,ETH,586.0112,13866352.0
2020-12-14,SOL,1.5916,5448481.0
2020-12-14,XRP,0.4977,14286252676.0
2020-12-15,ADA,0.1543,3934961202.0
2020-12-15,BNB,29.5473,9959904.0
2020-12-15,BTC,19417.0762,1377240.0
2020-12-15,DOGE,0.0032,11580718156.0
2020-12-15,ETH,589.3556,15825159.0
2020-12-15,SOL,1.7607,11058329.0
2020-12-15,XRP,0.4697,19273547498.0
2020-12-16,ADA,0.1676,5827947148.0
2020-12-16,BNB,30.4902,11382007.0
2020-12-16,BTC,21310.5977,2083893.0
2020-12-16,DOGE,0.0034,14926780148.0
2020-12-16,ETH,636.1818,24862779.0
2020-12-16,SOL,1.7836,10247618.0
2020-12-16,XRP,0.5686,26657642374.0
2020-12-17,ADA,0.1635,7271259457.0
2020-12-17,BNB,30.1841,15901928.0
2020-12-17,BTC,22805.1621,3129932.0
2020-12-17,DOGE,0.0037,46310096287.0
2020-12-17,ETH,642.869,39634099.0
2020-12-17,SOL,1.6786,9210749.0
2020-12-17,XRP,0.5767,37161034766.0
2020-12-18,ADA,0.165,6673327577.0
2020-12-18,BNB,30.9384,11605510.0
2020-12-18,BTC,23137.9609,1745525.0
2020-12-18,DOGE,0.0039,26386580856.0
2020-12-18,ETH,654.812,24062334.0
2020-12-18,SOL,1.6988,4638214.0
2020-12-18,XRP,0.5843,25564528807.0
2020-12-19,ADA,0.1647,3561839695.0
2020-12-19,BNB,33.2964,16063134.0
2020-12-19,BTC,23869.832,1612393.0
2020-12-19,DOGE,0.0039,25069310500.0
2020-12-19,ETH,659.2979,19461451.0
2020-12-19,SOL,1.6687,5450538.0
2020-12-19,XRP,0.5792,19318544842.0
2020-12-20,ADA,0.162,4501516559.0
2020-12-20,BNB,34.1603,17082987.0
2020-12-20,BTC,23477.2949,1611950.0
2020-12-20,DOGE,0.0046,109852107557.0
2020-12-20,ETH,638.2908,20955738.0
2020-12-20,SOL,1.5636,5815662.0
2020-12-20,XRP,0.5561,17285272309.0
2020-12-21,ADA,0.1527,7467130394.0
2020-12-21,BNB,32.2695,18066597.0
2020-12-21,BTC,22803.082,2010812.0
2020-12-21,DOGE,0.0048,138742442324.0
2020-12-21,ETH,609.8179,23645574.0
2020-12-21,SOL,1.5419,5404961.0
2020-12-21,XRP,0.5169,19059482735.0
2020-12-22,ADA,0.1562,7289076524.0
2020-12-22,BNB,33.4829,16842171.0
2020-12-22,BTC,23783.0293,1857275.0
2020-12-22,DOGE,0.0045,53080921040.0
2020-12-22,ETH,634.8542,23227208.0
2020-12-22,SOL,1.4903,7425800.0
2020-12-22,XRP,0.4484,33748224760.0
2020-12-23,ADA,0.1364,10883572234.0
2020-12-23,BNB,31.0979,18734829.0
2020-12-23,BTC,23241.3457,2200654.0
2020-12-23,DOGE,0.0038,54426991800.0
2020-12-23,ETH,583.7146,26145334.0
2020-12-23,SOL,1.2057,13914255.0
2020-12-23,XRP,0.2586,76540336761.0
2020-12-24,ADA,0.1529,9617109137.0
2020-12-24,BNB,32.5006,15023219.0
2020-12-24,BTC,23735.9492,1730740.0
2020-12-24,DOGE,0.0046,31379777673.0
2020-12-24,ETH,611.6072,23409493.0
2020-12-24,SOL,1.3624,6779862.0
2020-12-24,XRP,0.3378,49561012828.0
2020-12-25,ADA,0.1576,7107701055.0
2020-12-25,BNB,33.165,12694913.0
2020-12-25,BTC,24664.791,1705605.0
2020-12-25,DOGE,0.0046,29860305117.0
2020-12-25,ETH,626.4107,21584765.0
2020-12-25,SOL,1.4454,6475391.0
2020-12-25,XRP,0.3181,51309812422.0
2020-12-26,ADA,0.1578,7552529277.0
2020-12-26,BNB,33.4771,12977957.0
2020-12-26,BTC,26437.0371,1828217.0
2020-12-26,DOGE,0.0045,33762460917.0
2020-12-26,ETH,635.8358,23215309.0
2020-12-26,SOL,1.3242,5134014.0
2020-12-26,XRP,0.2947,33878639226.0
2020-12-27,ADA,0.1544,10221048947.0
2020-12-27,BNB,33.5118,16927910.0
2020-12-27,BTC,26272.2949,2530418.0
2020-12-27,DOGE,0.0045,33976779499.0
2020-12-27,ETH,682.6423,38224340.0
2020-12-27,SOL,1.303,9429113.0
2020-12-27,XRP,0.283,32682158148.0
2020-12-28,ADA,0.1767,9800839056.0
2020-12-28,BNB,35.8446,17059111.0
2020-12-28,BTC,27084.8086,1811227.0
2020-12-28,DOGE,0.0046,21698938177.0
2020-12-28,ETH,730.3973,33163546.0
2020-12-28,SOL,1.5157,8358036.0
2020-12-28,XRP,0.248,33835857740.0
2020-12-29,ADA,0.1922,15443420363.0
2020-12-29,BNB,38.9528,24102215.0
2020-12-29,BTC,27362.4375,1654310.0
2020-12-29,DOGE,0.0045,20257800635.0
2020-12-29,ETH,731.5201,25577810.0
2020-12-29,SOL,1.6743,15740638.0
2020-12-29,XRP,0.221,58698223809.0
2020-12-30,ADA,0.184,10049078160.0
2020-12-30,BNB,38.1363,13142943.0
2020-12-30,BTC,28840.9531,1778285.0
2020-12-30,DOGE,0.0046,20456104579.0
2020-12-30,ETH,751.619,23009763.0
2020-12-30,SOL,1.5355,8247457.0
2020-12-30,XRP,0.2118,41987068931.0
2020-12-31,ADA,0.1814,6241935424.0
2020-12-31,BNB,37.376,10812835.0
2020-12-31,BTC,29001.7207,1612145.0
2020-12-31,DOGE,0.0047,18261072350.0
2020-12-31,ETH,737.8034,18876095.0
2020-12-31,SOL,1.5109,8447466.0
2020-12-31,XRP,0.2198,24398805143.0
2021-01-01,ADA,0.1753,6399874724.0
2021-01-01,BNB,37.905,12113590.0
2021-01-01,BTC,29374.1523,1386603.0
2021-01-01,DOGE,0.0057,40274671302.0
2021-01-01,ETH,730.3676,18691964.0
2021-01-01,SOL,1.8421,13963830.0
2021-01-01,XRP,0.2374,24799234031.0
2021-01-02,ADA,0.1774,7940624955.0
2021-01-02,BNB,38.2416,13649154.0
2021-01-02,BTC,32127.2676,2112393.0
2021-01-02,DOGE,0.0106,322332813812.0
2021-01-02,ETH,774.535,25487256.0
2021-01-02,SOL,1.7993,17602125.0
2021-01-02,XRP,0.2217,21536436377.0
2021-01-03,ADA,0.205,11238605029.0
2021-01-03,BNB,41.149,18421079.0
2021-01-03,BTC,32782.0234,2399646.0
2021-01-03,DOGE,0.0098,277044693632.0
2021-01-03,ETH,975.5077,46335322.0
2021-01-03,SOL,2.1618,25476291.0
2021-01-03,XRP,0.2258,22625388648.0
2021-01-04,ADA,0.2248,14507341953.0
2021-01-04,BNB,40.9264,19739779.0
2021-01-04,BTC,31971.9141,2538587.0
2021-01-04,DOGE,0.0098,140513876389.0
2021-01-04,ETH,1040.233,54743489.0
2021-01-04,SOL,2.4851,24125982.0
2021-01-04,XRP,0.2367,25950634101.0
2021-01-05,ADA,0.2583,15861343830.0
2021-01-05,BNB,41.7346,15437333.0
2021-01-05,BTC,33992.4297,1987128.0
2021-01-05,DOGE,0.0099,69279844775.0
2021-01-05,ETH,1100.0061,37759729.0
2021-01-05,SOL,2.1572,23435383.0
2021-01-05,XRP,0.2268,23719920167.0
2021-01-06,ADA,0.3319,18593028066.0
2021-01-06,BNB,42.166,15202350.0
2021-01-06,BTC,36824.3633,2044555.0
2021-01-06,DOGE,0.0105,71659391167.0
2021-01-06,ETH,1207.1122,37030456.0
2021-01-06,SOL,1.9292,26054081.0
2021-01-06,XRP,0.2509,30103138781.0
2021-01-07,ADA,0.3,17165105347.0
2021-01-07,BNB,43.4495,19101830.0
2021-01-07,BTC,39371.043,2152906.0
2021-01-07,DOGE,0.0097,53443307176.0
2021-01-07,ETH,1225.6781,33016848.0
2021-01-07,SOL,2.3727,67377774.0
2021-01-07,XRP,0.326,48941568315.0
2021-01-08,ADA,0.3056,14923872503.0
2021-01-08,BNB,42.3953,15345126.0
2021-01-08,BTC,40797.6094,2159625.0
2021-01-08,DOGE,0.0098,40063189515.0
2021-01-08,ETH,1224.1971,36215431.0
2021-01-08,SOL,3.2199,64105403.0
2021-01-08,XRP,0.3232,30398878712.0
2021-01-09,ADA,0.333,10978693842.0
2021-01-09,BNB,43.9329,13430488.0
2021-01-09,BTC,40254.5469,1539805.0
2021-01-09,DOGE,0.0102,47659638987.0
2021-01-09,ETH,1281.0773,25941531.0
2021-01-09,SOL,3.3854,27148155.0
2021-01-09,XRP,0.3269,21976376020.0
2021-01-10,ADA,0.3049,12243267485.0
2021-01-10,BNB,42.4485,16525655.0
2021-01-10,BTC,38356.4414,2085197.0
2021-01-10,DOGE,0.0099,46509486375.0
2021-01-10,ETH,1262.2467,32178288.0
2021-01-10,SOL,3.4661,18108762.0
2021-01-10,XRP,0.3183,30306781858.0
2021-01-11,ADA,0.2755,17311767279.0
2021-01-11,BNB,38.3714,23213373.0
2021-01-11,BTC,35566.6562,3467308.0
2021-01-11,DOGE,0.0088,72207918394.0
2021-01-11,ETH,1090.1454,55711496.0
2021-01-11,SOL,3.1081,26665091.0
2021-01-11,XRP,0.2889,33877186901.0
2021-01-12,ADA,0.287,14067095909.0
2021-01-12,BNB,38.1116,14883905.0
2021-01-12,BTC,33922.9609,2204208.0
2021-01-12,DOGE,0.0081,41338021777.0
2021-01-12,ETH,1043.4346,35933831.0
2021-01-12,SOL,3.6134,20336727.0
2021-01-12,XRP,0.2921,22447457204.0
2021-01-13,ADA,0.3136,8472126469.0
2021-01-13,BNB,40.1359,13513694.0
2021-01-13,BTC,37316.3594,1858818.0
2021-01-13,DOGE,0.0086,27864324683.0
2021-01-13,ETH,1130.7394,26628411.0
2021-01-13,SOL,3.5138,16504977.0
2021-01-13,XRP,0.3056,15811938631.0
2021-01-14,ADA,0.3104,8655993268.0
2021-01-14,BNB,41.7937,12779653.0
2021-01-14,BTC,39187.3281,1623382.0
2021-01-14,DOGE,0.0094,45585722636.0
2021-01-14,ETH,1218.453,27420767.0
2021-01-14,SOL,3.2782,18084243.0
2021-01-14,XRP,0.2954,17862257373.0
2021-01-15,ADA,0.3025,10484860013.0
2021-01-15,BNB,40.919,13734932.0
2021-01-15,BTC,36825.3672,1840057.0
2021-01-15,DOGE,0.0094,42583619480.0
2021-01-15,ETH,1171.8346,30697199.0
2021-01-15,SOL,3.2502,13947537.0
2021-01-15,XRP,0.2804,17672264717.0
2021-01-16,ADA,0.3524,12700349482.0
2021-01-16,BNB,43.1718,13995661.0
2021-01-16,BTC,36178.1406,1595057.0
2021-01-16,DOGE,0.0093,27914784672.0
2021-01-16,ETH,1233.5376,26200450.0
2021-01-16,SOL,3.4471,19737313.0
2021-01-16,XRP,0.2802,14691050622.0
2021-01-17,ADA,0.3799,14788605509.0
2021-01-17,BNB,45.6846,14553599.0
2021-01-17,BTC,35791.2773,1462922.0
2021-01-17,DOGE,0.0091,28067496646.0
2021-01-17,ETH,1230.1722,23783688.0
2021-01-17,SOL,3.8181,22368951.0
2021-01-17,XRP,0.2774,12576633999.0
2021-01-18,ADA,0.3714,9370005459.0
2021-01-18,BNB,45.3532,12940785.0
2021-01-18,BTC,36630.0742,1351668.0
2021-01-18,DOGE,0.0092,22355866708.0
2021-01-18,ETH,1257.2795,20534380.0
2021-01-18,SOL,3.7955,18601352.0
2021-01-18,XRP,0.2848,11374527693.0
2021-01-19,ADA,0.3691,8011805211.0
2021-01-19,BNB,42.7855,17544218.0
2021-01-19,BTC,36069.8047,1587039.0
2021-01-19,DOGE,0.0091,27395321491.0
2021-01-19,ETH,1377.2959,34267099.0
2021-01-19,SOL,3.6419,12232127.0
2021-01-19,XRP,0.2943,18970000986.0
2021-01-20,ADA,0.3754,8741751611.0
2021-01-20,BNB,42.6069,16055947.0
2021-01-20,BTC,35547.75,1880135.0
2021-01-20,DOGE,0.0091,24305236238.0
2021-01-20,ETH,1382.274,33845699.0
2021-01-20,SOL,3.7236,12541340.0
2021-01-20,XRP,0.2965,15271725928.0
2021-01-21,ADA,0.3102,11501609409.0
2021-01-21,BNB,38.6458,16094452.0
2021-01-21,BTC,30825.6992,2453896.0
2021-01-21,DOGE,0.0082,26380092148.0
2021-01-21,ETH,1121.5709,40953687.0
2021-01-21,SOL,2.9905,14657829.0
2021-01-21,XRP,0.2689,16558950777.0
2021-01-22,ADA,0.3496,11631835405.0
2021-01-22,BNB,40.8576,13732410.0
2021-01-22,BTC,33005.7617,2339206.0
2021-01-22,DOGE,0.0085,21760911454.0
2021-01-22,ETH,1236.5122,35517917.0
2021-01-22,SOL,3.3462,18935160.0
2021-01-22,XRP,0.2728,16502135116.0
2021-01-23,ADA,0.3456,8045971843.0
2021-01-23,BNB,40.8155,11481160.0
2021-01-23,BTC,32067.6426,1507898.0
2021-01-23,DOGE,0.0086,17996705771.0
2021-01-23,ETH,1230.9906,22139808.0
2021-01-23,SOL,3.5041,7963350.0
2021-01-23,XRP,0.2718,11106143114.0
2021-01-24,ADA,0.3539,7176603718.0
2021-01-24,BNB,41.8816,10756179.0
2021-01-24,BTC,32289.3789,1506496.0
2021-01-24,DOGE,0.0087,18585077946.0
2021-01-24,ETH,1391.6094,26169818.0
2021-01-24,SOL,3.6344,9010416.0
2021-01-24,XRP,0.2735,9039672966.0
2021-01-25,ADA,0.3439,6804048940.0
2021-01-25,BNB,41.6237,12184704.0
2021-01-25,BTC,32366.3926,1850594.0
2021-01-25,DOGE,0.0084,21569947416.0
2021-01-25,ETH,1324.4148,32894361.0
2021-01-25,SOL,3.7,21636857.0
2021-01-25,XRP,0.2691,10871844825.0
2021-01-26,ADA,0.3442,7430251200.0
2021-01-26,BNB,41.6947,13108046.0
2021-01-26,BTC,32569.8496,1850037.0
2021-01-26,DOGE,0.0083,19524378508.0
2021-01-26,ETH,1357.0581,30634589.0
2021-01-26,SOL,4.0473,19475325.0
2021-01-26,XRP,0.2688,10381478025.0
2021-01-27,ADA,0.3131,8517838457.0
2021-01-27,BNB,40.9949,12675195.0
2021-01-27,BTC,30432.5469,2056245.0
2021-01-27,DOGE,0.0075,27371983640.0
2021-01-27,ETH,1253.1871,31435383.0
2021-01-27,SOL,3.6906,9536453.0
2021-01-27,XRP,0.2519,11673025922.0
2021-01-28,ADA,0.3461,8271588649.0
2021-01-28,BNB,42.5291,12552522.0
2021-01-28,BTC,33466.0977,2286408.0
2021-01-28,DOGE,0.0341,321897214520.0
2021-01-28,ETH,1332.4922,25994325.0
2021-01-28,SOL,3.8221,8218193.0
2021-01-28,XRP,0.2641,10576095565.0
2021-01-29,ADA,0.3481,9671928341.0
2021-01-29,BNB,42.8523,15209706.0
2021-01-29,BTC,34316.3867,3435518.0
2021-01-29,DOGE,0.0472,538639378813.0
2021-01-29,ETH,1382.5228,38778351.0
2021-01-29,SOL,3.8347,11488102.0
2021-01-29,XRP,0.2822,28462937462.0
2021-01-30,ADA,0.3626,7904089883.0
2021-01-30,BNB,44.7723,11921854.0
2021-01-30,BTC,34269.5234,1900868.0
2021-01-30,DOGE,0.0282,310036074923.0
2021-01-30,ETH,1376.1155,22248550.0
2021-01-30,SOL,4.2243,12636058.0
2021-01-30,XRP,0.4402,55463485236.0
2021-01-31,ADA,0.3449,7120018369.0
2021-01-31,BNB,44.276,11576148.0
2021-01-31,BTC,33114.3594,1593102.0
2021-01-31,DOGE,0.0372,229836489718.0
2021-01-31,ETH,1314.9862,19162827.0
2021-01-31,SOL,4.2641,18380305.0
2021-01-31,XRP,0.4923,49551406659.0
2021-02-01,ADA,0.402,9546693873.0
2021-02-01,BNB,51.6077,24355548.0
2021-02-01,BTC,33537.1758,1830816.0
2021-02-01,DOGE,0.0349,181196378707.0
2021-02-01,ETH,1369.0405,21336601.0
2021-02-01,SOL,4.6116,8535349.0
2021-02-01,XRP,0.3715,94141017563.0
2021-02-02,ADA,0.4262,15260880894.0
2021-02-02,BNB,51.0564,19717296.0
2021-02-02,BTC,35510.2891,1776628.0
2021-02-02,DOGE,0.0315,98061435249.0
2021-02-02,ETH,1515.1937,29987679.0
2021-02-02,SOL,5.2675,18748137.0
2021-02-02,XRP,0.3693,34544203888.0
2021-02-03,ADA,0.4414,8266643945.0
2021-02-03,BNB,52.2426,13667015.0
2021-02-03,BTC,37472.0898,1632330.0
2021-02-03,DOGE,0.0371,84775237824.0
2021-02-03,ETH,1660.9095,25211828.0
2021-02-03,SOL,5.716,8640030.0
2021-02-03,XRP,0.3935,22039447295.0
2021-02-04,ADA,0.4411,8055892668.0
2021-02-04,BNB,55.9251,16824374.0
2021-02-04,BTC,36926.0664,1864214.0
2021-02-04,DOGE,0.0533,244719128047.0
2021-02-04,ETH,1594.7627,27839171.0
2021-02-04,SOL,6.4261,16845376.0
2021-02-04,XRP,0.4464,29551863349.0
2021-02-05,ADA,0.5379,12658004509.0
2021-02-05,BNB,67.8456,21100794.0
2021-02-05,BTC,38144.3086,1536220.0
2021-02-05,DOGE,0.0469,130737405348.0
2021-02-05,ETH,1718.6509,23337275.0
2021-02-05,SOL,6.6817,13902432.0
2021-02-05,XRP,0.45,22728872652.0
2021-02-06,ADA,0.6279,12915405753.0
2021-02-06,BNB,72.7336,29072587.0
2021-02-06,BTC,39266.0117,1816483.0
2021-02-06,DOGE,0.0576,103239887299.0
2021-02-06,ETH,1677.8468,23764637.0
2021-02-06,SOL,6.1108,16751551.0
2021-02-06,XRP,0.4391,17366524861.0
2021-02-07,ADA,0.6632,16965336437.0
2021-02-07,BNB,68.5905,21776890.0
2021-02-07,BTC,38903.4414,1683672.0
2021-02-07,DOGE,0.0788,181018813140.0
2021-02-07,ETH,1614.2278,24711159.0
2021-02-07,SOL,6.7005,15737883.0
2021-02-07,XRP,0.418,17932591121.0
2021-02-08,ADA,0.6825,13269405346.0
2021-02-08,BNB,79.8315,26725956.0
2021-02-08,BTC,46196.4648,2196428.0
2021-02-08,DOGE,0.0788,162947995018.0
2021-02-08,ETH,1746.6168,27488734.0
2021-02-08,SOL,7.8833,19694194.0
2021-02-08,XRP,0.4477,18272678596.0
2021-02-09,ADA,0.7035,8365195188.0
2021-02-09,BNB,107.8993,41018343.0
2021-02-09,BTC,46481.1055,1975208.0
2021-02-09,DOGE,0.0701,104878563879.0
2021-02-09,ETH,1768.035,24988604.0
2021-02-09,SOL,7.8168,15484339.0
2021-02-09,XRP,0.472,20413037288.0
2021-02-10,ADA,0.9303,13616476961.0
2021-02-10,BNB,129.7372,53957738.0
2021-02-10,BTC,44918.1836,1943558.0
2021-02-10,DOGE,0.0729,93079017716.0
2021-02-10,ETH,1744.2434,24031098.0
2021-02-10,SOL,9.0722,13302144.0
2021-02-10,XRP,0.5034,27397921065.0
2021-02-11,ADA,0.9277,11454903157.0
2021-02-11,BNB,124.4343,22580317.0
2021-02-11,BTC,47909.332,1698811.0
2021-02-11,DOGE,0.0697,54804479432.0
2021-02-11,ETH,1783.798,20193708.0
2021-02-11,SOL,9.2154,5816386.0
2021-02-11,XRP,0.5248,17110674941.0
2021-02-12,ADA,0.9256,8681873802.0
2021-02-12,BNB,136.9484,21771907.0
2021-02-12,BTC,47504.8516,1611520.0
2021-02-12,DOGE,0.0701,59810240999.0
2021-02-12,ETH,1843.5326,20561089.0
2021-02-12,SOL,9.247,9893430.0
2021-02-12,XRP,0.6086,22921903357.0
2021-02-13,ADA,0.9057,8316568845.0
2021-02-13,BNB,133.4527,15861439.0
2021-02-13,BTC,47105.5156,1491342.0
2021-02-13,DOGE,0.0664,39398792679.0
2021-02-13,ETH,1814.1099,19491372.0
2021-02-13,SOL,8.7325,10468759.0
2021-02-13,XRP,0.629,22513839001.0
2021-02-14,ADA,0.8484,8438520478.0
2021-02-14,BNB,136.4265,16951232.0
2021-02-14,BTC,48717.2891,1462493.0
2021-02-14,DOGE,0.0625,63716962031.0
2021-02-14,ETH,1805.0841,17416981.0
2021-02-14,SOL,8.7389,10699340.0
2021-02-14,XRP,0.5942,17605305956.0
2021-02-15,ADA,0.861,10429457961.0
2021-02-15,BNB,129.5679,18638776.0
2021-02-15,BTC,47945.0586,1607463.0
2021-02-15,DOGE,0.0566,87377938230.0
2021-02-15,ETH,1779.791,21887744.0
2021-02-15,SOL,8.8617,12396510.0
2021-02-15,XRP,0.5489,19244345327.0
2021-02-16,ADA,0.871,7978200003.0
2021-02-16,BNB,130.0567,14807203.0
2021-02-16,BTC,49199.8711,1566053.0
2021-02-16,DOGE,0.0535,63704757143.0
2021-02-16,ETH,1781.0675,19240915.0
2021-02-16,SOL,8.2979,8631761.0
2021-02-16,XRP,0.5208,19795545226.0
2021-02-17,ADA,0.8909,6557073796.0
2021-02-17,BNB,164.6701,31798269.0
2021-02-17,BTC,52149.0078,1549800.0
2021-02-17,DOGE,0.0494,60275209412.0
2021-02-17,ETH,1848.4583,19451569.0
2021-02-17,SOL,8.2226,10939220.0
2021-02-17,XRP,0.5355,17427296338.0
2021-02-18,ADA,0.9141,5380079370.0
2021-02-18,BNB,195.9326,31189227.0
2021-02-18,BTC,51679.7969,1007255.0
2021-02-18,DOGE,0.0595,76450576516.0
2021-02-18,ETH,1937.4492,14584074.0
2021-02-18,SOL,8.9805,8608339.0
2021-02-18,XRP,0.5324,10558525253.0
2021-02-19,ADA,0.9276,4940313781.0
2021-02-19,BNB,332.616,54065179.0
2021-02-19,BTC,55888.1328,1136118.0
2021-02-19,DOGE,0.0551,53487573949.0
2021-02-19,ETH,1960.1648,13401329.0
2021-02-19,SOL,11.4657,22778964.0
2021-02-19,XRP,0.567,12162709428.0
2021-02-20,ADA,1.123,10200640652.0
2021-02-20,BNB,255.9537,37821369.0
2021-02-20,BTC,56099.5195,1214724.0
2021-02-20,DOGE,0.0544,58389756528.0
2021-02-20,ETH,1919.5341,18075267.0
2021-02-20,SOL,10.0027,14022746.0
2021-02-20,XRP,0.5175,15250273556.0
2021-02-21,ADA,1.1005,6399121660.0
2021-02-21,BNB,293.9236,28939371.0
2021-02-21,BTC,57539.9453,901940.0
2021-02-21,DOGE,0.056,43770865305.0
2021-02-21,ETH,1935.6011,12206311.0
2021-02-21,SOL,11.0855,12425439.0
2021-02-21,XRP,0.5486,11976294068.0
2021-02-22,ADA,1.0992,9609281429.0
2021-02-22,BNB,267.5098,29478430.0
2021-02-22,BTC,54207.3203,1698155.0
2021-02-22,DOGE,0.0537,62666492219.0
2021-02-22,ETH,1781.9929,23798998.0
2021-02-22,SOL,14.4548,39719458.0
2021-02-22,XRP,0.5717,32828216145.0
2021-02-23,ADA,0.9547,11733313705.0
2021-02-23,BNB,230.9942,35848308.0
2021-02-23,BTC,48824.4258,2173144.0
2021-02-23,DOGE,0.0474,50522142674.0
2021-02-23,ETH,1570.204,33135736.0
2021-02-23,SOL,15.2015,31921299.0
2021-02-23,XRP,0.4736,30321250226.0
2021-02-24,ADA,1.0517,8064734922.0
2021-02-24,BNB,254.3591,28126066.0
2021-02-24,BTC,49705.332,1281463.0
2021-02-24,DOGE,0.0566,73353578455.0
2021-02-24,ETH,1626.5757,19260709.0
2021-02-24,SOL,17.3027,21698321.0
2021-02-24,XRP,0.4718,16987971857.0
2021-02-25,ADA,1.0791,7643558588.0
2021-02-25,BNB,233.886,17358259.0
2021-02-25,BTC,47093.8516,1157403.0
2021-02-25,DOGE,0.0502,46982716491.0
2021-02-25,ETH,1475.7037,16589835.0
2021-02-25,SOL,13.816,26382810.0
2021-02-25,XRP,0.4345,13698561940.0
2021-02-26,ADA,1.2411,11992653791.0
2021-02-26,BNB,221.6804,18797987.0
2021-02-26,BTC,46339.7617,7573797.0
2021-02-26,DOGE,0.0505,33564252047.0
2021-02-26,ETH,1446.0337,21739464.0
2021-02-26,SOL,13.5879,21319442.0
2021-02-26,XRP,0.4279,15134970970.0
2021-02-27,ADA,1.3249,14448304442.0
2021-02-27,BNB,225.2494,12232090.0
2021-02-27,BTC,46188.4531,993992.0
2021-02-27,DOGE,0.0501,25681958360.0
2021-02-27,ETH,1459.9731,14207181.0
2021-02-27,SOL,13.2012,18759017.0
2021-02-27,XRP,0.4378,10864607481.0
2021-02-28,ADA,1.3081,12027405840.0
2021-02-28,BNB,209.5744,14933594.0
2021-02-28,BTC,45137.7695,1184017.0
2021-02-28,DOGE,0.0481,29303696181.0
2021-02-28,ETH,1416.049,19516999.0
2021-02-28,SOL,13.0892,22957259.0
2021-02-28,XRP,0.415,10424940181.0
2021-03-01,ADA,1.2924,7563773726.0
2021-03-01,BNB,254.6299,19668766.0
2021-03-01,BTC,49631.2422,1085834.0
2021-03-01,DOGE,0.0506,29534717429.0
2021-03-01,ETH,1564.7076,15359316.0
2021-03-01,SOL,14.9556,20490782.0
2021-03-01,XRP,0.4472,7931987613.0
2021-03-02,ADA,1.2256,6623999930.0
2021-03-02,BNB,239.5225,24558285.0
2021-03-02,BTC,48378.9883,982470.0
2021-03-02,DOGE,0.0503,26785291213.0
2021-03-02,ETH,1492.6088,15090136.0
2021-03-02,SOL,13.9589,12791092.0
2021-03-02,XRP,0.4368,7757106903.0
2021-03-03,ADA,1.2166,4058185703.0
2021-03-03,BNB,241.0914,24172194.0
2021-03-03,BTC,50538.2422,1053080.0
2021-03-03,DOGE,0.0506,21621549098.0
2021-03-03,ETH,1575.8531,14388892.0
2021-03-03,SOL,14.1156,10897931.0
2021-03-03,XRP,0.4503,7338343287.0
2021-03-04,ADA,1.1149,6426312296.0
2021-03-04,BNB,229.9451,24268142.0
2021-03-04,BTC,48561.168,1077895.0
2021-03-04,DOGE,0.05,23389886869.0
2021-03-04,ETH,1541.9143,14855637.0
2021-03-04,SOL,13.098,8884151.0
2021-03-04,XRP,0.4866,12386682789.0
2021-03-05,ADA,1.1685,6268682187.0
2021-03-05,BNB,226.3726,21953379.0
2021-03-05,BTC,48927.3047,993840.0
2021-03-05,DOGE,0.0496,23647192046.0
2021-03-05,ETH,1533.275,13739966.0
2021-03-05,SOL,12.6104,7214529.0
2021-03-05,XRP,0.4581,9360586375.0
2021-03-06,ADA,1.131,4728551224.0
2021-03-06,BNB,226.6669,19807414.0
2021-03-06,BTC,48912.3828,702553.0
2021-03-06,DOGE,0.051,29038176982.0
2021-03-06,ETH,1654.7416,13746112.0
2021-03-06,SOL,13.0365,9116859.0
2021-03-06,XRP,0.4651,5931657794.0
2021-03-07,ADA,1.1334,3710003704.0
2021-03-07,BNB,240.1792,21157406.0
2021-03-07,BTC,51206.6914,842418.0
2021-03-07,DOGE,0.0521,18139285158.0
2021-03-07,ETH,1723.1538,13817650.0
2021-03-07,SOL,13.8777,8470273.0
2021-03-07,XRP,0.4669,5064796751.0
2021-03-08,ADA,1.1181,3181525777.0
2021-03-08,BNB,240.3187,20875494.0
2021-03-08,BTC,52246.5234,930156.0
2021-03-08,DOGE,0.0619,57372206390.0
2021-03-08,ETH,1834.7279,15059994.0
2021-03-08,SOL,13.6022,8493167.0
2021-03-08,XRP,0.4736,7574775706.0
2021-03-09,ADA,1.1952,4449386528.0
2021-03-09,BNB,293.4632,29565091.0
2021-03-09,BTC,54824.1172,928647.0
2021-03-09,DOGE,0.058,42521464120.0
2021-03-09,ETH,1868.0488,12559224.0
2021-03-09,SOL,14.8463,9084213.0
2021-03-09,XRP,0.486,6215643350.0
2021-03-10,ADA,1.135,3714024564.0
2021-03-10,BNB,279.358,16268097.0
2021-03-10,BTC,56008.5508,1022979.0
2021-03-10,DOGE,0.056,27399643746.0
2021-03-10,ETH,1799.1663,13981017.0
2021-03-10,SOL,14.2311,7248281.0
2021-03-10,XRP,0.4632,7062862218.0
2021-03-11,ADA,1.1248,3230346127.0
2021-03-11,BNB,289.7908,16136234.0
2021-03-11,BTC,57805.1211,982133.0
2021-03-11,DOGE,0.0559,22057001519.0
2021-03-11,ETH,1826.1949,13149271.0
2021-03-11,SOL,15.9923,14336450.0
2021-03-11,XRP,0.453,7035214399.0
2021-03-12,ADA,1.0391,4065743431.0
2021-03-12,BNB,263.6858,15020962.0
2021-03-12,BTC,57332.0898,971357.0
2021-03-12,DOGE,0.0553,23266314219.0
2021-03-12,ETH,1772.1024,12660567.0
2021-03-12,SOL,14.5521,12732659.0
2021-03-12,XRP,0.4411,7540194974.0
2021-03-13,ADA,1.1033,5321319075.0
2021-03-13,BNB,276.1047,10516934.0
2021-03-13,BTC,61243.0859,990640.0
2021-03-13,DOGE,0.0624,29949915418.0
2021-03-13,ETH,1924.6854,12996768.0
2021-03-13,SOL,15.3088,9478387.0
2021-03-13,XRP,0.4599,6984350606.0
2021-03-14,ADA,1.0592,3529371386.0
2021-03-14,BNB,264.6367,7724830.0
2021-03-14,BTC,59302.3164,740295.0
2021-03-14,DOGE,0.0586,46971132094.0
2021-03-14,ETH,1854.5643,10430800.0
2021-03-14,SOL,14.5083,6219406.0
2021-03-14,XRP,0.4421,5676018309.0
2021-03-15,ADA,1.0335,4397948628.0
2021-03-15,BNB,254.6608,9771932.0
2021-03-15,BTC,55907.1992,1188029.0
2021-03-15,DOGE,0.0571,30456679362.0
2021-03-15,ETH,1791.7023,14647935.0
2021-03-15,SOL,14.1867,7232194.0
2021-03-15,XRP,0.4376,7121411881.0
2021-03-16,ADA,1.243,7645472189.0
2021-03-16,BNB,258.1007,9397665.0
2021-03-16,BTC,56804.9023,1051842.0
2021-03-16,DOGE,0.0586,23781662474.0
2021-03-16,ETH,1806.9718,13186985.0
2021-03-16,SOL,13.6228,8243813.0
2021-03-16,XRP,0.4626,15957652187.0
2021-03-17,ADA,1.3787,7287076826.0
2021-03-17,BNB,269.8549,8417215.0
2021-03-17,BTC,58870.8945,1023567.0
2021-03-17,DOGE,0.0577,14950248247.0
2021-03-17,ETH,1823.4493,13443158.0
2021-03-17,SOL,14.2202,6659282.0
2021-03-17,XRP,0.4724,9190535851.0
2021-03-18,ADA,1.239,9195141230.0
2021-03-18,BNB,261.7048,9346390.0
2021-03-18,BTC,57858.9219,963482.0
2021-03-18,DOGE,0.0574,15854476614.0
2021-03-18,ETH,1782.8551,13048646.0
2021-03-18,SOL,14.23,5556860.0
2021-03-18,XRP,0.4729,6905995557.0
2021-03-19,ADA,1.3022,6120769703.0
2021-03-19,BNB,264.0574,7094835.0
2021-03-19,BTC,58346.6523,840903.0
2021-03-19,DOGE,0.0583,16540046395.0
2021-03-19,ETH,1817.6241,11690700.0
2021-03-19,SOL,14.2048,4837466.0
2021-03-19,XRP,0.4712,5573457092.0
2021-03-20,ADA,1.2065,3577997037.0
2021-03-20,BNB,264.7417,7572486.0
2021-03-20,BTC,58313.6445,863635.0
2021-03-20,DOGE,0.059,17179737165.0
2021-03-20,ETH,1812.6346,12510891.0
2021-03-20,SOL,14.212,4788191.0
2021-03-20,XRP,0.527,12823519163.0
2021-03-21,ADA,1.1891,3417667269.0
2021-03-21,BNB,264.8862,6487933.0
2021-03-21,BTC,57523.4219,902996.0
2021-03-21,DOGE,0.0572,13271708958.0
2021-03-21,ETH,1788.217,12849338.0
2021-03-21,SOL,14.3322,4481469.0
2021-03-21,XRP,0.5198,10656745957.0
2021-03-22,ADA,1.1099,3656331505.0
2021-03-22,BNB,255.9002,9081320.0
2021-03-22,BTC,54529.1445,1036537.0
2021-03-22,DOGE,0.055,12680006967.0
2021-03-22,ETH,1691.334,13953067.0
2021-03-22,SOL,14.9193,17493800.0
2021-03-22,XRP,0.5499,17696548949.0
2021-03-23,ADA,1.1216,4109847615.0
2021-03-23,BNB,255.6897,7863001.0
2021-03-23,BTC,54738.9453,1030985.0
2021-03-23,DOGE,0.0536,19433523739.0
2021-03-23,ETH,1678.6501,13104719.0
2021-03-23,SOL,14.2048,7517207.0
2021-03-23,XRP,0.5566,13672768583.0
2021-03-24,ADA,1.075,3497005284.0
2021-03-24,BNB,249.8514,9548688.0
2021-03-24,BTC,52774.2656,1337152.0
2021-03-24,DOGE,0.0517,18075470105.0
2021-03-24,ETH,1593.4135,19598210.0
2021-03-24,SOL,13.6613,8697101.0
2021-03-24,XRP,0.4888,11141613858.0
2021-03-25,ADA,1.1016,5204097554.0
2021-03-25,BNB,234.8854,9854737.0
2021-03-25,BTC,51704.1602,1315171.0
2021-03-25,DOGE,0.0514,21073980382.0
2021-03-25,ETH,1595.3593,18585362.0
2021-03-25,SOL,13.0251,8927231.0
2021-03-25,XRP,0.5175,11713902783.0
2021-03-26,ADA,1.214,5210838129.0
2021-03-26,BNB,255.1046,8229117.0
2021-03-26,BTC,55137.3125,1027475.0
2021-03-26,DOGE,0.054,14388345439.0
2021-03-26,ETH,1702.842,13241696.0
2021-03-26,SOL,14.7794,10148389.0
2021-03-26,XRP,0.5671,10242154926.0
2021-03-27,ADA,1.1766,2640601682.0
2021-03-27,BNB,269.1023,9132807.0
2021-03-27,BTC,55973.5117,844445.0
2021-03-27,DOGE,0.0544,13863288563.0
2021-03-27,ETH,1716.4946,10546073.0
2021-03-27,SOL,16.5083,13561196.0
2021-03-27,XRP,0.5504,6693240749.0
2021-03-28,ADA,1.1911,2012392573.0
2021-03-28,BNB,269.1913,9387905.0
2021-03-28,BTC,55950.7461,852296.0
2021-03-28,DOGE,0.0537,8575235180.0
2021-03-28,ETH,1691.356,9814299.0
2021-03-28,SOL,18.0162,23652006.0
2021-03-28,XRP,0.5508,5075038363.0
2021-03-29,ADA,1.2025,2124332658.0
2021-03-29,BNB,275.2146,7512132.0
2021-03-29,BTC,57750.1992,997842.0
2021-03-29,DOGE,0.0541,9951882445.0
2021-03-29,ETH,1819.6849,12527757.0
2021-03-29,SOL,18.8548,11495667.0
2021-03-29,XRP,0.5679,6250804127.0
2021-03-30,ADA,1.2133,2074826914.0
2021-03-30,BNB,311.4265,12971346.0
2021-03-30,BTC,58917.6914,923562.0
2021-03-30,DOGE,0.0539,13523305658.0
2021-03-30,ETH,1846.0337,12195217.0
2021-03-30,SOL,19.2339,13727226.0
2021-03-30,XRP,0.5669,6759358168.0
2021-03-31,ADA,1.1933,2673728302.0
2021-03-31,BNB,302.0634,11737579.0
2021-03-31,BTC,58918.832,1112052.0
2021-03-31,DOGE,0.0537,12177149187.0
2021-03-31,ETH,1918.3621,15756620.0
2021-03-31,SOL,19.4652,10583539.0
2021-03-31,XRP,0.5739,8450996787.0
2021-04-01,ADA,1.1892,1942233303.0
2021-04-01,BNB,335.2129,11093480.0
2021-04-01,BTC,59095.8086,1043545.0
2021-04-01,DOGE,0.062,93828394853.0
2021-04-01,ETH,1977.2769,15634765.0
2021-04-01,SOL,19.0849,9103106.0
2021-04-01,XRP,0.5793,8156523025.0
2021-04-02,ADA,1.1965,2431261493.0
2021-04-02,BNB,339.0077,11653198.0
2021-04-02,BTC,59384.3125,988946.0
2021-04-02,DOGE,0.0577,37578474089.0
2021-04-02,ETH,2143.2256,16266375.0
2021-04-02,SOL,19.8102,6615860.0
2021-04-02,XRP,0.6166,8766017248.0
2021-04-03,ADA,1.1733,2859810647.0
2021-04-03,BNB,323.1335,9139147.0
2021-04-03,BTC,57603.8906,1035370.0
2021-04-03,DOGE,0.0558,20373654526.0
2021-04-03,ETH,2028.4225,15781485.0
2021-04-03,SOL,22.5523,21419467.0
2021-04-03,XRP,0.5909,11436488671.0
2021-04-04,ADA,1.1914,1818716396.0
2021-04-04,BNB,351.6244,9102538.0
2021-04-04,BTC,58758.5547,863698.0
2021-04-04,DOGE,0.0574,16340936031.0
2021-04-04,ETH,2093.1228,12424738.0
2021-04-04,SOL,24.0613,17727952.0
2021-04-04,XRP,0.6467,7134207408.0
2021-04-05,ADA,1.2143,2464579799.0
2021-04-05,BNB,367.7725,11074912.0
2021-04-05,BTC,59057.8789,1027911.0
2021-04-05,DOGE,0.0597,25359031078.0
2021-04-05,ETH,2107.8872,13705378.0
2021-04-05,SOL,22.9843,11489822.0
2021-04-05,XRP,0.9205,28697419533.0
2021-04-06,ADA,1.2554,5019484083.0
2021-04-06,BNB,403.5908,13076237.0
2021-04-06,BTC,58192.3594,1135167.0
2021-04-06,DOGE,0.0645,40469980544.0
2021-04-06,ETH,2118.3789,13794919.0
2021-04-06,SOL,24.9571,12857517.0
2021-04-06,XRP,1.0963,33710043047.0
2021-04-07,ADA,1.1751,4060247370.0
2021-04-07,BNB,374.6588,15951481.0
2021-04-07,BTC,56048.9375,1349630.0
2021-04-07,DOGE,0.059,48401790107.0
2021-04-07,ETH,1971.0773,18323113.0
2021-04-07,SOL,26.4781,25562511.0
2021-04-07,XRP,0.9176,23913192280.0
2021-04-08,ADA,1.2194,1899103578.0
2021-04-08,BNB,418.0384,10884925.0
2021-04-08,BTC,58323.9531,909641.0
2021-04-08,DOGE,0.0615,17168709042.0
2021-04-08,ETH,2088.5737,12119733.0
2021-04-08,SOL,27.034,13981967.0
2021-04-08,XRP,1.0528,12242485531.0
2021-04-09,ADA,1.2035,1394996194.0
2021-04-09,BNB,453.1785,10373783.0
2021-04-09,BTC,58245.0039,801016.0
2021-04-09,DOGE,0.0617,17191909616.0
2021-04-09,ETH,2072.1089,9561501.0
2021-04-09,SOL,27.7783,10169024.0
2021-04-09,XRP,1.0208,10026350964.0
2021-04-10,ADA,1.2188,2035905073.0
2021-04-10,BNB,472.5603,13036791.0
2021-04-10,BTC,59793.2344,973998.0
2021-04-10,DOGE,0.0638,21454978355.0
2021-04-10,ETH,2135.9421,11697996.0
2021-04-10,SOL,26.8414,10067851.0
2021-04-10,XRP,1.3744,18588109461.0
2021-04-11,ADA,1.2667,2870992405.0
2021-04-11,BNB,525.3856,10844270.0
2021-04-11,BTC,60204.9648,768712.0
2021-04-11,DOGE,0.0746,89038398836.0
2021-04-11,ETH,2157.657,9126954.0
2021-04-11,SOL,27.9319,8339527.0
2021-04-11,XRP,1.3605,15600445502.0
2021-04-12,ADA,1.3161,3736910247.0
2021-04-12,BNB,598.7227,24111858.0
2021-04-12,BTC,59893.4531,865348.0
2021-04-12,DOGE,0.0708,37979854564.0
2021-04-12,ETH,2139.3533,10156311.0
2021-04-12,SOL,28.5121,10830640.0
2021-04-12,XRP,1.4677,9004730992.0
2021-04-13,ADA,1.4118,4176655125.0
2021-04-13,BNB,549.5865,17165323.0
2021-04-13,BTC,63503.457,1102042.0
2021-04-13,DOGE,0.0934,76802556125.0
2021-04-13,ETH,2299.1877,12811761.0
2021-04-13,SOL,27.4356,9410560.0
2021-04-13,XRP,1.794,17348694361.0
2021-04-14,ADA,1.4554,6593359599.0
2021-04-14,BNB,549.5919,13559783.0
2021-04-14,BTC,63109.6953,1227256.0
2021-04-14,DOGE,0.1215,172631639040.0
2021-04-14,ETH,2435.105,14616546.0
2021-04-14,SOL,26.4751,12939164.0
2021-04-14,XRP,1.8392,15781459625.0
2021-04-15,ADA,1.4816,3602457868.0
2021-04-15,BNB,542.6321,8492056.0
2021-04-15,BTC,63314.0117,962731.0
2021-04-15,DOGE,0.1822,98331129253.0
2021-04-15,ETH,2519.1162,12832122.0
2021-04-15,SOL,27.8183,7956871.0
2021-04-15,XRP,1.7661,8722195945.0
2021-04-16,ADA,1.4169,4017211433.0
2021-04-16,BNB,510.2202,13496694.0
2021-04-16,BTC,61572.7891,1368998.0
2021-04-16,DOGE,0.3659,189714053865.0
2021-04-16,ETH,2431.9465,14883933.0
2021-04-16,SOL,25.3974,9475997.0
2021-04-16,XRP,1.5575,13222291223.0
2021-04-17,ADA,1.3849,2930254501.0
2021-04-17,BNB,520.4167,9983151.0
2021-04-17,BTC,60683.8203,1089891.0
2021-04-17,DOGE,0.2842,110543235159.0
2021-04-17,ETH,2344.895,13795845.0
2021-04-17,SOL,25.0999,8036709.0
2021-04-17,XRP,1.5601,9299117738.0
2021-04-18,ADA,1.2755,5844511460.0
2021-04-18,BNB,481.0342,13952865.0
2021-04-18,BTC,56216.1836,1733822.0
2021-04-18,DOGE,0.3205,73217410109.0
2021-04-18,ETH,2237.137,22661272.0
2021-04-18,SOL,32.3029,35759949.0
2021-04-18,XRP,1.406,16311502449.0
2021-04-19,ADA,1.198,4729693161.0
2021-04-19,BNB,505.0929,14138589.0
2021-04-19,BTC,55724.2656,1172647.0
2021-04-19,DOGE,0.4073,75227299255.0
2021-04-19,ETH,2166.1887,15723771.0
2021-04-19,SOL,31.6759,38487656.0
2021-04-19,XRP,1.315,13412104899.0
2021-04-20,ADA,1.2659,3835613622.0
2021-04-20,BNB,587.0291,15895164.0
2021-04-20,BTC,56473.0312,1201446.0
2021-04-20,DOGE,0.3195,88045841171.0
2021-04-20,ETH,2330.2109,16922710.0
2021-04-20,SOL,31.7701,24960869.0
2021-04-20,XRP,1.3833,11250002127.0
2021-04-21,ADA,1.2067,3379883845.0
2021-04-21,BNB,546.0236,15487062.0
2021-04-21,BTC,53906.0898,1018931.0
2021-04-21,DOGE,0.3069,41454634707.0
2021-04-21,ETH,2364.7517,16449536.0
2021-04-21,SOL,32.513,22425774.0
2021-04-21,XRP,1.2965,9676107135.0
2021-04-22,ADA,1.147,4091828006.0
2021-04-22,BNB,506.013,16487641.0
2021-04-22,BTC,51762.2734,1445041.0
2021-04-22,DOGE,0.261,45522323988.0
2021-04-22,ETH,2403.5352,22290460.0
2021-04-22,SOL,38.8798,42145912.0
2021-04-22,XRP,1.1597,12847950642.0
2021-04-23,ADA,1.1557,6226846055.0
2021-04-23,BNB,526.5652,16889755.0
2021-04-23,BTC,51093.6523,1696271.0
2021-04-23,DOGE,0.2485,65050222960.0
2021-04-23,ETH,2363.5862,23444854.0
2021-04-23,SOL,36.9784,43599274.0
2021-04-23,XRP,1.1697,17300681883.0
2021-04-24,ADA,1.1014,3238033525.0
2021-04-24,BNB,496.4151,8199257.0
2021-04-24,BTC,50050.8672,979294.0
2021-04-24,DOGE,0.2702,40921864266.0
2021-04-24,ETH,2211.6257,14403082.0
2021-04-24,SOL,40.7373,27036165.0
2021-04-24,XRP,1.0487,8187506188.0
2021-04-25,ADA,1.0883,2265722072.0
2021-04-25,BNB,505.0771,6769877.0
2021-04-25,BTC,49004.2539,941084.0
2021-04-25,DOGE,0.2511,27278433258.0
2021-04-25,ETH,2316.0596,13736415.0
2021-04-25,SOL,47.3676,33436356.0
2021-04-25,XRP,1.0323,8305696338.0
2021-04-26,ADA,1.234,2594033664.0
2021-04-26,BNB,534.5777,7618849.0
2021-04-26,BTC,54021.7539,1078899.0
2021-04-26,DOGE,0.2707,18911630638.0
2021-04-26,ETH,2534.4817,13891726.0
2021-04-26,SOL,43.9765,30868472.0
2021-04-26,XRP,1.3685,11265905886.0
2021-04-27,ADA,1.3069,2284360765.0
2021-04-27,BNB,568.4705,7125647.0
2021-04-27,BTC,55033.1172,898518.0
2021-04-27,DOGE,0.2722,13191658731.0
2021-04-27,ETH,2662.8652,12120767.0
2021-04-27,SOL,43.239,20927680.0
2021-04-27,XRP,1.401,9696738216.0
2021-04-28,ADA,1.3357,2232202362.0
2021-04-28,BNB,562.6326,6485200.0
2021-04-28,BTC,54824.7031,875528.0
2021-04-28,DOGE,0.3237,44686894274.0
2021-04-28,ETH,2746.3801,12477891.0
2021-04-28,SOL,44.826,22780410.0
2021-04-28,XRP,1.3586,6825201945.0
2021-04-29,ADA,1.308,3056210636.0
2021-04-29,BNB,599.7065,10981903.0
2021-04-29,BTC,53555.1094,860589.0
2021-04-29,DOGE,0.3052,16474002039.0
2021-04-29,ETH,2756.877,11817041.0
2021-04-29,SOL,42.4605,18187694.0
2021-04-29,XRP,1.3994,5454753931.0
2021-04-30,ADA,1.3524,1989777592.0
2021-04-30,BNB,624.0806,9199707.0
2021-04-30,BTC,57750.1758,907286.0
2021-04-30,DOGE,0.3376,15672399373.0
2021-04-30,ETH,2773.207,10737453.0
2021-04-30,SOL,42.956,12454056.0
2021-04-30,XRP,1.5917,8896830802.0
2021-05-01,ADA,1.3531,1500894011.0
2021-05-01,BNB,619.3472,6564500.0
2021-05-01,BTC,57828.0508,740755.0
2021-05-01,DOGE,0.393,25759995551.0
2021-05-01,ETH,2945.8928,9751273.0
2021-05-01,SOL,49.508,17361316.0
2021-05-01,XRP,1.651,4970712764.0
2021-05-02,ADA,1.3268,1503070294.0
2021-05-02,BNB,622.101,6052368.0
2021-05-02,BTC,56631.0781,674142.0
2021-05-02,DOGE,0.376,21381445028.0
2021-05-02,ETH,2952.0562,9495759.0
2021-05-02,SOL,46.891,12178720.0
2021-05-02,XRP,1.5626,4437129995.0
2021-05-03,ADA,1.362,1760904469.0
2021-05-03,BNB,675.6841,7806709.0
2021-05-03,BTC,57200.293,904071.0
2021-05-03,DOGE,0.4417,23831748942.0
2021-05-03,ETH,3431.0862,14331989.0
2021-05-03,SOL,45.9337,13262472.0
2021-05-03,XRP,1.556,4892376162.0
2021-05-04,ADA,1.2741,2623075452.0
2021-05-04,BNB,611.2003,9372010.0
2021-05-04,BTC,53333.5391,1285583.0
2021-05-04,DOGE,0.5413,70636849079.0
2021-05-04,ETH,3253.6294,19179211.0
2021-05-04,SOL,42.7296,15983700.0
2021-05-04,XRP,1.3924,9232960987.0
2021-05-05,ADA,1.4755,3251083678.0
2021-05-05,BNB,651.6627,6519399.0
2021-05-05,BTC,57424.0078,1205790.0
2021-05-05,DOGE,0.6576,64663874634.0
2021-05-05,ETH,3522.7832,13720458.0
2021-05-05,SOL,44.9236,11214200.0
2021-05-05,XRP,1.6145,8249213134.0
2021-05-06,ADA,1.6501,6472033194.0
2021-05-06,BNB,633.2804,6276841.0
2021-05-06,BTC,56396.5156,1232759.0
2021-05-06,DOGE,0.5808,32695884681.0
2021-05-06,ETH,3490.8804,12690322.0
2021-05-06,SOL,43.4557,9009111.0
2021-05-06,XRP,1.6006,10058552349.0
2021-05-07,ADA,1.6535,4429865134.0
2021-05-07,BNB,624.5633,5857079.0
2021-05-07,BTC,57356.4023,1193137.0
2021-05-07,DOGE,0.6848,41787447245.0
2021-05-07,ETH,3484.729,11365946.0
2021-05-07,SOL,43.155,11918535.0
2021-05-07,XRP,1.5818,6575336667.0
2021-05-08,ADA,1.6196,2444606975.0
2021-05-08,BNB,646.1008,6053129.0
2021-05-08,BTC,58803.7773,1111884.0
2021-05-08,DOGE,0.6364,40153296883.0
2021-05-08,ETH,3902.6477,12865238.0
2021-05-08,SOL,45.5615,9899945.0
2021-05-08,XRP,1.5626,4063494296.0
2021-05-09,ADA,1.7706,4555334993.0
2021-05-09,BNB,662.2286,6525017.0
2021-05-09,BTC,58232.3164,1131789.0
2021-05-09,DOGE,0.5701,80934028518.0
2021-05-09,ETH,3928.8447,12871033.0
2021-05-09,SOL,44.3302,11518183.0
2021-05-09,XRP,1.5353,5369059650.0
2021-05-10,ADA,1.6447,3929802515.0
2021-05-10,BNB,631.352,8168875.0
2021-05-10,BTC,55859.7969,1284941.0
2021-05-10,DOGE,0.45,36701874616.0
2021-05-10,ETH,3952.2939,15862127.0
2021-05-10,SOL,42.9096,11641397.0
2021-05-10,XRP,1.389,8050198987.0
2021-05-11,ADA,1.7641,3077287423.0
2021-05-11,BNB,672.3339,7236665.0
2021-05-11,BTC,56704.5742,1081190.0
2021-05-11,DOGE,0.4952,29414506363.0
2021-05-11,ETH,4168.7012,12636967.0
2021-05-11,SOL,44.5775,10627147.0
2021-05-11,XRP,1.4777,5395735982.0
2021-05-12,ADA,1.5528,3438018711.0
2021-05-12,BNB,588.1852,7330279.0
2021-05-12,BTC,49150.5352,1530307.0
2021-05-12,DOGE,0.3854,22371236705.0
2021-05-12,ETH,3785.8486,18231945.0
2021-05-12,SOL,42.4573,27125319.0
2021-05-12,XRP,1.2479,7430857679.0
2021-05-13,ADA,1.9337,7505641843.0
2021-05-13,BNB,571.4345,12979815.0
2021-05-13,BTC,49716.1914,1945466.0
2021-05-13,DOGE,0.4904,38059061271.0
2021-05-13,ETH,3715.1484,21102310.0
2021-05-13,SOL,40.9979,24802779.0
2021-05-13,XRP,1.3589,9094784988.0
2021-05-14,ADA,2.0048,3817946866.0
2021-05-14,BNB,603.1283,6193499.0
2021-05-14,BTC,49880.5352,1117420.0
2021-05-14,DOGE,0.5596,36572607415.0
2021-05-14,ETH,4079.0574,11810148.0
2021-05-14,SOL,42.7179,11802268.0
2021-05-14,XRP,1.4029,5396136955.0
2021-05-15,ADA,2.174,7137840982.0
2021-05-15,BNB,563.0417,6181416.0
2021-05-15,BTC,46760.1875,1265201.0
2021-05-15,DOGE,0.508,19365029775.0
2021-05-15,ETH,3638.1221,11660500.0
2021-05-15,SOL,43.4613,11514742.0
2021-05-15,XRP,1.4859,8965339803.0
2021-05-16,ADA,2.3091,5423792724.0
2021-05-16,BNB,562.8298,7191153.0
2021-05-16,BTC,46456.0586,1378676.0
2021-05-16,DOGE,0.5149,18531062950.0
2021-05-16,ETH,3587.5061,13201226.0
2021-05-16,SOL,47.2008,42180971.0
2021-05-16,XRP,1.4526,8540074839.0
2021-05-17,ADA,2.0322,5535929206.0
2021-05-17,BNB,511.9644,10007397.0
2021-05-17,BTC,43537.5117,1720439.0
2021-05-17,DOGE,0.4879,15025518918.0
2021-05-17,ETH,3282.3977,16470196.0
2021-05-17,SOL,46.8632,41651470.0
2021-05-17,XRP,1.4963,9071366550.0
2021-05-18,ADA,2.0037,3366250811.0
2021-05-18,BNB,508.0223,6984372.0
2021-05-18,BTC,42909.4023,1309442.0
2021-05-18,DOGE,0.4761,10087695113.0
2021-05-18,ETH,3380.0701,11957304.0
2021-05-18,SOL,55.911,36225244.0
2021-05-18,XRP,1.5907,9333514750.0
2021-05-19,ADA,1.4825,11004089254.0
2021-05-19,BNB,339.0255,25897592.0
2021-05-19,BTC,37002.4414,3414858.0
2021-05-19,DOGE,0.3331,45246413532.0
2021-05-19,ETH,2460.6792,34333168.0
2021-05-19,SOL,35.1072,78964613.0
2021-05-19,XRP,1.0703,19175210338.0
2021-05-20,ADA,1.8105,6511308576.0
2021-05-20,BNB,393.6128,18022381.0
2021-05-20,BTC,40782.7383,2164689.0
2021-05-20,DOGE,0.4002,31023665504.0
2021-05-20,ETH,2784.2942,24282932.0
2021-05-20,SOL,44.7427,55601158.0
2021-05-20,XRP,1.1855,11494081311.0
2021-05-21,ADA,1.5523,5833633229.0
2021-05-21,BNB,326.2963,19280578.0
2021-05-21,BTC,37304.6914,2199499.0
2021-05-21,DOGE,0.3594,20737995029.0
2021-05-21,ETH,2430.6213,22123590.0
2021-05-21,SOL,38.8129,45597321.0
2021-05-21,XRP,1.007,10922714245.0
2021-05-22,ADA,1.4636,4490502259.0
2021-05-22,BNB,299.5041,12925509.0
2021-05-22,BTC,37536.6328,1528567.0
2021-05-22,DOGE,0.3424,15314447053.0
2021-05-22,ETH,2295.7056,18334206.0
2021-05-22,SOL,31.3156,34447763.0
2021-05-22,XRP,0.9063,9654543230.0
2021-05-23,ADA,1.3254,7014787474.0
2021-05-23,BNB,262.9457,20294054.0
2021-05-23,BTC,34770.582,2256772.0
2021-05-23,DOGE,0.3081,23187984788.0
2021-05-23,ETH,2109.5798,26548283.0
2021-05-23,SOL,24.6887,78004457.0
2021-05-23,XRP,0.797,13570703512.0
2021-05-24,ADA,1.5495,4753778054.0
2021-05-24,BNB,345.3096,17567646.0
2021-05-24,BTC,38705.9805,1740289.0
2021-05-24,DOGE,0.3662,18628608966.0
2021-05-24,ETH,2643.5911,20312189.0
2021-05-24,SOL,31.2836,43050904.0
2021-05-24,XRP,0.9928,8298923838.0
2021-05-25,ADA,1.5554,3679596776.0
2021-05-25,BNB,344.114,16438383.0
2021-05-25,BTC,38402.2227,1463767.0
2021-05-25,DOGE,0.3463,16010744080.0
2021-05-25,ETH,2706.6289,18309984.0
2021-05-25,SOL,29.9971,30318630.0
2021-05-25,XRP,0.9762,8847873871.0
2021-05-26,ADA,1.7827,3724052763.0
2021-05-26,BNB,379.8543,11853381.0
2021-05-26,BTC,39294.1992,1306726.0
2021-05-26,DOGE,0.3537,9487869933.0
2021-05-26,ETH,2888.6987,14712426.0
2021-05-26,SOL,35.5398,30106833.0
2021-05-26,XRP,1.0337,6168930087.0
2021-05-27,ADA,1.646,2592257390.0
2021-05-27,BNB,367.6558,10786857.0
2021-05-27,BTC,38436.9688,1124203.0
2021-05-27,DOGE,0.3329,7466525671.0
2021-05-27,ETH,2736.4885,12195788.0
2021-05-27,SOL,33.5846,19335923.0
2021-05-27,XRP,0.9702,5363736536.0
2021-05-28,ADA,1.512,3553677884.0
2021-05-28,BNB,329.8799,13589263.0
2021-05-28,BTC,35697.6055,1546328.0
2021-05-28,DOGE,0.3112,10570060389.0
2021-05-28,ETH,2419.9062,16529200.0
2021-05-28,SOL,29.0393,20670473.0
2021-05-28,XRP,0.9001,6757587809.0
2021-05-29,ADA,1.4062,2775215257.0
2021-05-29,BNB,305.0522,10063911.0
2021-05-29,BTC,34616.0664,1306648.0
2021-05-29,DOGE,0.3031,8151201573.0
2021-05-29,ETH,2279.5142,14816192.0
2021-05-29,SOL,27.3764,13765856.0
2021-05-29,XRP,0.8318,6199029199.0
2021-05-30,ADA,1.5773,3154023384.0
2021-05-30,BNB,325.784,9964623.0
2021-05-30,BTC,35678.1289,886988.0
2021-05-30,DOGE,0.3022,6385819351.0
2021-05-30,ETH,2390.3054,10825654.0
2021-05-30,SOL,28.6027,12574415.0
2021-05-30,XRP,0.9066,4497048596.0
2021-05-31,ADA,1.7428,2576975623.0
2021-05-31,BNB,354.3293,10909883.0
2021-05-31,BTC,37332.8555,1044920.0
2021-05-31,DOGE,0.3258,7491573108.0
2021-05-31,ETH,2714.9453,11420997.0
2021-05-31,SOL,32.8162,16297614.0
2021-05-31,XRP,1.0466,5998392306.0
2021-06-01,ADA,1.7348,2377272707.0
2021-06-01,BNB,362.7946,9442739.0
2021-06-01,BTC,36684.9258,944241.0
2021-06-01,DOGE,0.3701,15661688968.0
2021-06-01,ETH,2633.5183,10390368.0
2021-06-01,SOL,30.9853,13943827.0
2021-06-01,XRP,1.011,5545409480.0
2021-06-02,ADA,1.7528,1970317724.0
2021-06-02,BNB,401.2623,11181839.0
2021-06-02,BTC,37575.1797,880125.0
2021-06-02,DOGE,0.4234,26986986811.0
2021-06-02,ETH,2706.125,10244637.0
2021-06-02,SOL,33.9563,14653162.0
2021-06-02,XRP,1.0244,3512307884.0
2021-06-03,ADA,1.8405,1871135311.0
2021-06-03,BNB,427.8079,10215305.0
2021-06-03,BTC,39208.7656,904409.0
2021-06-03,DOGE,0.4,17026325373.0
2021-06-03,ETH,2855.1265,10520798.0
2021-06-03,SOL,39.4709,24323134.0
2021-06-03,XRP,1.0453,3502615801.0
2021-06-04,ADA,1.7109,2678731071.0
2021-06-04,BNB,391.3953,12650766.0
2021-06-04,BTC,36894.4062,1133806.0
2021-06-04,DOGE,0.3763,15651402707.0
2021-06-04,ETH,2688.1951,12712560.0
2021-06-04,SOL,37.4151,28231392.0
2021-06-04,XRP,0.9702,4781017089.0
2021-06-05,ADA,1.659,1789840939.0
2021-06-05,BNB,390.4319,10132737.0
2021-06-05,BTC,35551.957,1011463.0
2021-06-05,DOGE,0.3722,9307504215.0
2021-06-05,ETH,2630.5769,11593150.0
2021-06-05,SOL,39.5854,28101944.0
2021-06-05,XRP,0.9233,3527779015.0
2021-06-06,ADA,1.6782,1041589566.0
2021-06-06,BNB,393.8202,5337252.0
2021-06-06,BTC,35862.3789,806233.0
2021-06-06,DOGE,0.3718,4939690126.0
2021-06-06,ETH,2715.0928,9322569.0
2021-06-06,SOL,42.3084,18776125.0
2021-06-06,XRP,0.9453,2441846029.0
2021-06-07,ADA,1.5641,1690627098.0
2021-06-07,BNB,357.3102,8192436.0
2021-06-07,BTC,33560.707,1003672.0
2021-06-07,DOGE,0.3311,9194909879.0
2021-06-07,ETH,2590.2632,11813514.0
2021-06-07,SOL,38.2623,24127060.0
2021-06-07,XRP,0.8612,4024958966.0
2021-06-08,ADA,1.588,2719244747.0
2021-06-08,BNB,354.0014,12686737.0
2021-06-08,BTC,33472.6328,1490831.0
2021-06-08,DOGE,0.3277,11958019575.0
2021-06-08,ETH,2517.4387,16647768.0
2021-06-08,SOL,41.5178,43041687.0
2021-06-08,XRP,0.8758,5128341148.0
2021-06-09,ADA,1.6248,2185661704.0
2021-06-09,BNB,375.7347,9430613.0
2021-06-09,BTC,37345.1211,1445247.0
2021-06-09,DOGE,0.3433,9187439657.0
2021-06-09,ETH,2608.2671,13831341.0
2021-06-09,SOL,42.0318,28997847.0
2021-06-09,XRP,0.92,4337757872.0
2021-06-10,ADA,1.5319,1544914527.0
2021-06-10,BNB,352.1832,7112812.0
2021-06-10,BTC,36702.5977,1187274.0
2021-06-10,DOGE,0.3264,6477720716.0
2021-06-10,ETH,2471.5186,11633992.0
2021-06-10,SOL,41.0987,14483355.0
2021-06-10,XRP,0.8692,3632464563.0
2021-06-11,ADA,1.4364,1724498517.0
2021-06-11,BNB,345.9337,6561731.0
2021-06-11,BTC,37334.3984,1036571.0
2021-06-11,DOGE,0.3194,5744151726.0
2021-06-11,ETH,2353.7688,10550129.0
2021-06-11,SOL,36.0461,14388986.0
2021-06-11,XRP,0.8485,2949945049.0
2021-06-12,ADA,1.4802,1892312289.0
2021-06-12,BNB,343.741,6245287.0
2021-06-12,BTC,35552.5156,1066710.0
2021-06-12,DOGE,0.3121,5144877166.0
2021-06-12,ETH,2372.4844,10842796.0
2021-06-12,SOL,36.4417,15067096.0
2021-06-12,XRP,0.8327,3280418001.0
2021-06-13,ADA,1.5584,1787719615.0
2021-06-13,BNB,366.649,5923596.0
2021-06-13,BTC,39097.8594,1040188.0
2021-06-13,DOGE,0.3244,4577477833.0
2021-06-13,ETH,2508.3916,10800923.0
2021-06-13,SOL,38.7704,11683869.0
2021-06-13,XRP,0.8832,3464646387.0
2021-06-14,ADA,1.5751,1615063973.0
2021-06-14,BNB,368.7928,6158514.0
2021-06-14,BTC,40218.4766,1072863.0
2021-06-14,DOGE,0.3321,4859635208.0
2021-06-14,ETH,2537.8911,10624796.0
2021-06-14,SOL,38.7131,12343936.0
2021-06-14,XRP,0.8929,3365697283.0
2021-06-15,ADA,1.5978,1597994630.0
2021-06-15,BNB,373.5662,6013756.0
2021-06-15,BTC,40406.2695,1148835.0
2021-06-15,DOGE,0.3284,5140264571.0
2021-06-15,ETH,2610.9368,11109147.0
2021-06-15,SOL,41.1536,14707934.0
2021-06-15,XRP,0.8898,4029917591.0
2021-06-16,ADA,1.4826,1443005980.0
2021-06-16,BNB,347.0334,4685858.0
2021-06-16,BTC,38347.0625,1022546.0
2021-06-16,DOGE,0.3078,4522082807.0
2021-06-16,ETH,2367.6636,10179625.0
2021-06-16,SOL,39.7036,14507920.0
2021-06-16,XRP,0.8319,3505391852.0
2021-06-17,ADA,1.4822,1168520492.0
2021-06-17,BNB,352.7385,3909870.0
2021-06-17,BTC,38053.5039,974856.0
2021-06-17,DOGE,0.3065,3656708286.0
2021-06-17,ETH,2372.002,9220748.0
2021-06-17,SOL,39.2646,10640009.0
2021-06-17,XRP,0.8414,3190577208.0
2021-06-18,ADA,1.4154,1504105606.0
2021-06-18,BNB,336.8097,4791847.0
2021-06-18,BTC,35787.2461,1011558.0
2021-06-18,DOGE,0.2935,6290936237.0
2021-06-18,ETH,2231.7332,10195134.0
2021-06-18,SOL,36.6488,11573733.0
2021-06-18,XRP,0.7976,3146299468.0
2021-06-19,ADA,1.3906,1315399690.0
2021-06-19,BNB,335.7128,3398243.0
2021-06-19,BTC,35615.8711,876218.0
2021-06-19,DOGE,0.2874,3491307979.0
2021-06-19,ETH,2178.499,8614121.0
2021-06-19,SOL,35.3534,7485574.0
2021-06-19,XRP,0.7617,2899458632.0
2021-06-20,ADA,1.4292,1622737478.0
2021-06-20,BNB,340.0672,5165669.0
2021-06-20,BTC,35698.2969,1027053.0
2021-06-20,DOGE,0.2809,6990045530.0
2021-06-20,ETH,2246.3645,10032179.0
2021-06-20,SOL,35.322,12813186.0
2021-06-20,XRP,0.7764,3952433635.0
2021-06-21,ADA,1.1775,3386684112.0
2021-06-21,BNB,270.9844,10745866.0
2021-06-21,BTC,31676.6934,1667126.0
2021-06-21,DOGE,0.1787,31564164815.0
2021-06-21,ETH,1888.4475,17869268.0
2021-06-21,SOL,26.6574,28522832.0
2021-06-21,XRP,0.6104,6633027847.0
2021-06-22,ADA,1.1533,5168828045.0
2021-06-22,BNB,261.8181,15619030.0
2021-06-22,BTC,32505.6602,1813972.0
2021-06-22,DOGE,0.191,31371089145.0
2021-06-22,ETH,1874.9501,18959039.0
2021-06-22,SOL,26.7719,47011311.0
2021-06-22,XRP,0.5451,8777220472.0
2021-06-23,ADA,1.2529,3935698781.0
2021-06-23,BNB,294.4903,10765358.0
2021-06-23,BTC,33723.0273,1373456.0
2021-06-23,DOGE,0.2322,21960577062.0
2021-06-23,ETH,1989.7363,14277600.0
2021-06-23,SOL,30.0489,36983156.0
2021-06-23,XRP,0.6265,6766025451.0
2021-06-24,ADA,1.3561,2483877565.0
2021-06-24,BNB,308.397,7534530.0
2021-06-24,BTC,34662.4375,955598.0
2021-06-24,DOGE,0.2628,14630560502.0
2021-06-24,ETH,1988.4563,10195268.0
2021-06-24,SOL,31.181,20562191.0
2021-06-24,XRP,0.672,4139756011.0
2021-06-25,ADA,1.2565,3456628114.0
2021-06-25,BNB,281.6209,8230822.0
2021-06-25,BTC,31637.7793,1271610.0
2021-06-25,DOGE,0.2392,23174132520.0
2021-06-25,ETH,1813.2173,12560180.0
2021-06-25,SOL,28.6989,22023597.0
2021-06-25,XRP,0.6133,5088580146.0
2021-06-26,ADA,1.2504,2592261633.0
2021-06-26,BNB,279.438,6877546.0
2021-06-26,BTC,32186.2773,1198815.0
2021-06-26,DOGE,0.2448,10823654032.0
2021-06-26,ETH,1829.2393,11282036.0
2021-06-26,SOL,29.7129,18858596.0
2021-06-26,XRP,0.6154,3994931684.0
2021-06-27,ADA,1.3352,1776193107.0
2021-06-27,BNB,290.567,5235928.0
2021-06-27,BTC,34649.6445,1024877.0
2021-06-27,DOGE,0.2645,8196337902.0
2021-06-27,ETH,1978.8947,10048779.0
2021-06-27,SOL,31.9294,15576660.0
2021-06-27,XRP,0.6469,3600584926.0
2021-06-28,ADA,1.3248,1730467938.0
2021-06-28,BNB,289.5341,5949484.0
2021-06-28,BTC,34434.3359,984265.0
2021-06-28,DOGE,0.2569,7525567634.0
2021-06-28,ETH,2079.6575,12268656.0
2021-06-28,SOL,32.9278,14383361.0
2021-06-28,XRP,0.6437,3609185447.0
2021-06-29,ADA,1.3684,1892515248.0
2021-06-29,BNB,300.2115,6483523.0
2021-06-29,BTC,35867.7773,1056699.0
2021-06-29,DOGE,0.2628,8344068837.0
2021-06-29,ETH,2160.7683,11484399.0
2021-06-29,SOL,33.8668,13932649.0
2021-06-29,XRP,0.7017,4739487429.0
2021-06-30,ADA,1.3835,1872908457.0
2021-06-30,BNB,303.2959,6276177.0
2021-06-30,BTC,35040.8359,971981.0
2021-06-30,DOGE,0.2542,8055243842.0
2021-06-30,ETH,2274.5476,11355250.0
2021-06-30,SOL,35.5564,16058546.0
2021-06-30,XRP,0.7064,4384471816.0
2021-07-01,ADA,1.3356,1499065212.0
2021-07-01,BNB,288.2184,4710992.0
2021-07-01,BTC,33572.1172,1127095.0
2021-07-01,DOGE,0.2445,10075471522.0
2021-07-01,ETH,2113.6055,13749823.0
2021-07-01,SOL,33.404,14209820.0
2021-07-01,XRP,0.6612,3862747062.0
2021-07-02,ADA,1.3944,1548633387.0
2021-07-02,BNB,287.4231,3944125.0
2021-07-02,BTC,33897.0469,1142547.0
2021-07-02,DOGE,0.2453,5387953339.0
2021-07-02,ETH,2150.0403,14788659.0
2021-07-02,SOL,34.0205,12942168.0
2021-07-02,XRP,0.6568,3139042781.0
2021-07-03,ADA,1.4068,1441599484.0
2021-07-03,BNB,298.2371,3734536.0
2021-07-03,BTC,34668.5469,703345.0
2021-07-03,DOGE,0.2464,3721489036.0
2021-07-03,ETH,2226.1143,7831297.0
2021-07-03,SOL,34.4788,9484663.0
2021-07-03,XRP,0.6729,2783256129.0
2021-07-04,ADA,1.4582,1238775399.0
2021-07-04,BNB,307.7321,4508453.0
2021-07-04,BTC,35287.7812,706316.0
2021-07-04,DOGE,0.2465,3949609208.0
2021-07-04,ETH,2321.7241,8091878.0
2021-07-04,SOL,34.3106,8843346.0
2021-07-04,XRP,0.6949,2712792505.0
2021-07-05,ADA,1.4049,1252376100.0
2021-07-05,BNB,302.378,4976784.0
2021-07-05,BTC,33746.0039,791844.0
2021-07-05,DOGE,0.2316,5474407405.0
2021-07-05,ETH,2198.5825,9143980.0
2021-07-05,SOL,32.9846,9514726.0
2021-07-05,XRP,0.6543,3173426974.0
2021-07-06,ADA,1.4181,1042062362.0
2021-07-06,BNB,320.9348,6865150.0
2021-07-06,BTC,34235.1953,774094.0
2021-07-06,DOGE,0.2344,5400176512.0
2021-07-06,ETH,2324.6794,8986986.0
2021-07-06,SOL,34.2691,10660789.0
2021-07-06,XRP,0.6654,2913966674.0
2021-07-07,ADA,1.4031,961719370.0
2021-07-07,BNB,327.5225,6311729.0
2021-07-07,BTC,33855.3281,732411.0
2021-07-07,DOGE,0.2241,5126150948.0
2021-07-07,ETH,2315.1619,9674635.0
2021-07-07,SOL,36.5914,14190577.0
2021-07-07,XRP,0.6516,3189159363.0
2021-07-08,ADA,1.3301,1187918507.0
2021-07-08,BNB,310.4271,6068365.0
2021-07-08,BTC,32877.3711,909756.0
2021-07-08,DOGE,0.2076,8620729377.0
2021-07-08,ETH,2120.0264,10937658.0
2021-07-08,SOL,33.2037,15004377.0
2021-07-08,XRP,0.6231,3769640192.0
2021-07-09,ADA,1.3495,1161130911.0
2021-07-09,BNB,316.4845,4292734.0
2021-07-09,BTC,33798.0117,811764.0
2021-07-09,DOGE,0.2199,13853065171.0
2021-07-09,ETH,2146.6924,10727934.0
2021-07-09,SOL,33.2646,9835385.0
2021-07-09,XRP,0.6368,3737544187.0
2021-07-10,ADA,1.3361,825220126.0
2021-07-10,BNB,316.1401,3731529.0
2021-07-10,BTC,33520.5195,685308.0
2021-07-10,DOGE,0.2139,5911177611.0
2021-07-10,ETH,2111.4036,8326946.0
2021-07-10,SOL,31.7886,9329327.0
2021-07-10,XRP,0.6255,2859280027.0
2021-07-11,ADA,1.3481,645557888.0
2021-07-11,BNB,322.0316,3694685.0
2021-07-11,BTC,34240.1875,587284.0
2021-07-11,DOGE,0.2159,3334954990.0
2021-07-11,ETH,2139.6648,6872752.0
2021-07-11,SOL,32.1778,6578434.0
2021-07-11,XRP,0.6359,2351642221.0
2021-07-12,ADA,1.3151,911514658.0
2021-07-12,BNB,316.3282,5103781.0
2021-07-12,BTC,33155.8477,733551.0
2021-07-12,DOGE,0.208,4679702298.0
2021-07-12,ETH,2036.7211,8723889.0
2021-07-12,SOL,30.8481,7166052.0
2021-07-12,XRP,0.6302,3028467991.0
2021-07-13,ADA,1.2651,983021927.0
2021-07-13,BNB,308.8112,3988715.0
2021-07-13,BTC,32702.0254,584699.0
2021-07-13,DOGE,0.2,5179374243.0
2021-07-13,ETH,1940.084,8567479.0
2021-07-13,SOL,29.1212,6793176.0
2021-07-13,XRP,0.6195,3003825197.0
2021-07-14,ADA,1.2623,1304853434.0
2021-07-14,BNB,309.4064,5322266.0
2021-07-14,BTC,32822.3477,651280.0
2021-07-14,DOGE,0.1973,6685306130.0
2021-07-14,ETH,1994.3313,8696058.0
2021-07-14,SOL,31.281,10609202.0
2021-07-14,XRP,0.6203,3135651808.0
2021-07-15,ADA,1.2232,1339043635.0
2021-07-15,BNB,315.244,7112313.0
2021-07-15,BTC,31780.7305,670234.0
2021-07-15,DOGE,0.1849,5649684681.0
2021-07-15,ETH,1911.1757,8208608.0
2021-07-15,SOL,28.4521,11595572.0
2021-07-15,XRP,0.5969,3396688741.0
2021-07-16,ADA,1.1737,1385811831.0
2021-07-16,BNB,302.9856,5571922.0
2021-07-16,BTC,31421.5391,754243.0
2021-07-16,DOGE,0.1723,6642085372.0
2021-07-16,ETH,1880.3829,7915712.0
2021-07-16,SOL,26.37,14210019.0
2021-07-16,XRP,0.5908,3220847666.0
2021-07-17,ADA,1.1723,1268624514.0
2021-07-17,BNB,300.4979,4321186.0
2021-07-17,BTC,31533.0684,599213.0
2021-07-17,DOGE,0.1861,12857598296.0
2021-07-17,ETH,1898.8252,7038185.0
2021-07-17,SOL,26.7217,10840995.0
2021-07-17,XRP,0.5824,3084058710.0
2021-07-18,ADA,1.1837,1144123047.0
2021-07-18,BNB,302.4805,4148432.0
2021-07-18,BTC,31796.8105,590876.0
2021-07-18,DOGE,0.1822,7816828554.0
2021-07-18,ETH,1895.5521,7275911.0
2021-07-18,SOL,26.7519,8610092.0
2021-07-18,XRP,0.5879,2666235969.0
2021-07-19,ADA,1.1211,946697733.0
2021-07-19,BNB,280.0186,5409478.0
2021-07-19,BTC,30817.832,663083.0
2021-07-19,DOGE,0.1736,6250528804.0
2021-07-19,ETH,1817.2966,7790547.0
2021-07-19,SOL,24.4476,14803734.0
2021-07-19,XRP,0.5576,3060511861.0
2021-07-20,ADA,1.0563,1687264285.0
2021-07-20,BNB,264.7824,6871509.0
2021-07-20,BTC,29807.3477,776596.0
2021-07-20,DOGE,0.1708,10594078739.0
2021-07-20,ETH,1787.5107,9716640.0
2021-07-20,SOL,23.4896,17601013.0
2021-07-20,XRP,0.5293,3828258987.0
2021-07-21,ADA,1.1681,1776257785.0
2021-07-21,BNB,292.5314,6692012.0
2021-07-21,BTC,32110.6934,878306.0
2021-07-21,DOGE,0.1903,23292416421.0
2021-07-21,ETH,1990.9708,10674873.0
2021-07-21,SOL,26.6231,20875504.0
2021-07-21,XRP,0.57,4579521671.0
2021-07-22,ADA,1.1862,1260143323.0
2021-07-22,BNB,293.6411,5091652.0
2021-07-22,BTC,32313.1055,605180.0
2021-07-22,DOGE,0.1913,8517599626.0
2021-07-22,ETH,2025.2028,8638878.0
2021-07-22,SOL,27.7021,13163884.0
2021-07-22,XRP,0.5922,4256176961.0
2021-07-23,ADA,1.2063,1007948439.0
2021-07-23,BNB,299.283,6180439.0
2021-07-23,BTC,33581.5508,671561.0
2021-07-23,DOGE,0.1948,7430827183.0
2021-07-23,ETH,2124.7766,7624516.0
2021-07-23,SOL,28.5139,14307251.0
2021-07-23,XRP,0.6092,3621210580.0
2021-07-24,ADA,1.2335,995343058.0
2021-07-24,BNB,302.0719,5444761.0
2021-07-24,BTC,34292.4453,631763.0
2021-07-24,DOGE,0.1973,8594548927.0
2021-07-24,ETH,2189.2188,7334784.0
2021-07-24,SOL,28.7026,12324685.0
2021-07-24,XRP,0.6098,3225817024.0
2021-07-25,ADA,1.2285,843595151.0
2021-07-25,BNB,302.4362,4468787.0
2021-07-25,BTC,35350.1875,590002.0
2021-07-25,DOGE,0.1979,6348385741.0
2021-07-25,ETH,2191.3738,6647193.0
2021-07-25,SOL,28.1688,10976978.0
2021-07-25,XRP,0.6064,2816438774.0
2021-07-26,ADA,1.2585,2387514025.0
2021-07-26,BNB,304.4782,8447505.0
2021-07-26,BTC,37337.5352,1366510.0
2021-07-26,DOGE,0.2044,23790478409.0
2021-07-26,ETH,2233.3667,13259947.0
2021-07-26,SOL,28.3066,26272060.0
2021-07-26,XRP,0.6256,6200720982.0
2021-07-27,ADA,1.2784,1678495045.0
2021-07-27,BNB,313.6026,5963665.0
2021-07-27,BTC,39406.9414,890639.0
2021-07-27,DOGE,0.2059,10830082760.0
2021-07-27,ETH,2298.3335,10036611.0
2021-07-27,SOL,28.0653,13383046.0
2021-07-27,XRP,0.6446,4343911073.0
2021-07-28,ADA,1.2835,1397213538.0
2021-07-28,BNB,313.4286,5189851.0
2021-07-28,BTC,39995.9062,967659.0
2021-07-28,DOGE,0.2054,10110948134.0
2021-07-28,ETH,2296.5454,8269509.0
2021-07-28,SOL,27.8154,11349199.0
2021-07-28,XRP,0.7254,8895175749.0
2021-07-29,ADA,1.2841,1142413414.0
2021-07-29,BNB,316.7495,4371203.0
2021-07-29,BTC,40008.4219,679036.0
2021-07-29,DOGE,0.2046,5714634357.0
2021-07-29,ETH,2380.9568,6851604.0
2021-07-29,SOL,31.2811,14322036.0
2021-07-29,XRP,0.748,4970414830.0
2021-07-30,ADA,1.309,1189302942.0
2021-07-30,BNB,322.9094,4920633.0
2021-07-30,BTC,42235.5469,783056.0
2021-07-30,DOGE,0.2088,7298028128.0
2021-07-30,ETH,2466.9614,8193419.0
2021-07-30,SOL,32.3939,19072398.0
2021-07-30,XRP,0.7521,4425527796.0
2021-07-31,ADA,1.3223,992461609.0
2021-07-31,BNB,333.5496,5150610.0
2021-07-31,BTC,41626.1953,619870.0
2021-07-31,DOGE,0.2083,6476823036.0
2021-07-31,ETH,2536.21,7097879.0
2021-07-31,SOL,36.8273,15943824.0
2021-07-31,XRP,0.7478,3493475736.0
2021-08-01,ADA,1.3177,1413480285.0
2021-08-01,BNB,333.484,5362748.0
2021-08-01,BTC,39974.8945,667630.0
2021-08-01,DOGE,0.2044,8371745231.0
2021-08-01,ETH,2561.8521,8859991.0
2021-08-01,SOL,34.2544,14323430.0
2021-08-01,XRP,0.7259,3483877783.0
2021-08-02,ADA,1.3101,1092762880.0
2021-08-02,BNB,331.1031,4072735.0
2021-08-02,BTC,39201.9453,652908.0
2021-08-02,DOGE,0.2036,5802897598.0
2021-08-02,ETH,2610.1533,8490978.0
2021-08-02,SOL,33.2224,12262794.0
2021-08-02,XRP,0.7392,3582913713.0
2021-08-03,ADA,1.365,1538926764.0
2021-08-03,BNB,322.7477,4230770.0
2021-08-03,BTC,38152.9805,686443.0
2021-08-03,DOGE,0.196,5723577724.0
2021-08-03,ETH,2502.3496,9070177.0
2021-08-03,SOL,33.9964,13961146.0
2021-08-03,XRP,0.7127,4008670147.0
2021-08-04,ADA,1.3766,1379985219.0
2021-08-04,BNB,334.9188,3819619.0
2021-08-04,BTC,39747.5039,638344.0
2021-08-04,DOGE,0.2015,5436005353.0
2021-08-04,ETH,2724.6199,9189795.0
2021-08-04,SOL,35.7636,11566433.0
2021-08-04,XRP,0.7305,3828005432.0
2021-08-05,ADA,1.3861,1242664119.0
2021-08-05,BNB,337.8739,4591025.0
2021-08-05,BTC,40869.5547,860911.0
2021-08-05,DOGE,0.201,5668418502.0
2021-08-05,ETH,2827.3289,10984901.0
2021-08-05,SOL,37.3551,15931870.0
2021-08-05,XRP,0.7332,3256403134.0
2021-08-06,ADA,1.4018,1343224065.0
2021-08-06,BNB,342.137,4746550.0
2021-08-06,BTC,42816.5,892798.0
2021-08-06,DOGE,0.2047,6510295152.0
2021-08-06,ETH,2890.9417,9176449.0
2021-08-06,SOL,39.4461,14936601.0
2021-08-06,XRP,0.7465,3273915474.0
2021-08-07,ADA,1.4707,1692523575.0
2021-08-07,BNB,355.7414,5349403.0
2021-08-07,BTC,44555.8008,898443.0
2021-08-07,DOGE,0.2603,24364440026.0
2021-08-07,ETH,3157.2388,10477974.0
2021-08-07,SOL,39.4035,13576974.0
2021-08-07,XRP,0.8163,4982534124.0
2021-08-08,ADA,1.4278,1385136469.0
2021-08-08,BNB,342.0648,4522927.0
2021-08-08,BTC,43798.1172,828864.0
2021-08-08,DOGE,0.24,29097805683.0
2021-08-08,ETH,3013.7327,9434692.0
2021-08-08,SOL,37.6738,9517757.0
2021-08-08,XRP,0.7787,5078402242.0
2021-08-09,ADA,1.4776,1232586822.0
2021-08-09,BNB,354.9668,4643878.0
2021-08-09,BTC,46365.4023,835409.0
2021-08-09,DOGE,0.2569,17936773500.0
2021-08-09,ETH,3167.8562,10096185.0
2021-08-09,SOL,38.7678,9725461.0
2021-08-09,XRP,0.8186,4568326640.0
2021-08-10,ADA,1.6726,2068976208.0
2021-08-10,BNB,371.9544,5781558.0
2021-08-10,BTC,45585.0312,735900.0
2021-08-10,DOGE,0.2573,13307745415.0
2021-08-10,ETH,3141.6912,8786739.0
2021-08-10,SOL,40.6398,11133931.0
2021-08-10,XRP,0.8512,4701748758.0
2021-08-11,ADA,1.798,3417101390.0
2021-08-11,BNB,391.757,6490428.0
2021-08-11,BTC,45593.6367,752730.0
2021-08-11,DOGE,0.2653,17839158244.0
2021-08-11,ETH,3164.2451,8447207.0
2021-08-11,SOL,41.7441,12168904.0
2021-08-11,XRP,1.0125,8112276607.0
2021-08-12,ADA,1.8239,3065343265.0
2021-08-12,BNB,385.819,5746394.0
2021-08-12,BTC,44428.2891,759057.0
2021-08-12,DOGE,0.2639,19948612105.0
2021-08-12,ETH,3043.4143,8347105.0
2021-08-12,SOL,41.0994,12842871.0
2021-08-12,XRP,0.9645,7893102286.0
2021-08-13,ADA,2.1361,3586487121.0
2021-08-13,BNB,410.9449,4195769.0
2021-08-13,BTC,47793.3203,664199.0
2021-08-13,DOGE,0.2868,12430238811.0
2021-08-13,ETH,3322.2117,7184631.0
2021-08-13,SOL,44.8945,12070399.0
2021-08-13,XRP,1.09,5895426686.0
2021-08-14,ADA,2.1917,3634624326.0
2021-08-14,BNB,409.0345,4946684.0
2021-08-14,BTC,47096.9453,662704.0
2021-08-14,DOGE,0.2931,15958282658.0
2021-08-14,ETH,3265.4434,6082133.0
2021-08-14,SOL,44.1129,8247807.0
2021-08-14,XRP,1.2804,9456186658.0
2021-08-15,ADA,2.1692,2749496118.0
2021-08-15,BNB,414.595,4404622.0
2021-08-15,BTC,47047.0039,658681.0
2021-08-15,DOGE,0.3414,23565334978.0
2021-08-15,ETH,3310.5042,6695719.0
2021-08-15,SOL,53.7452,26954178.0
2021-08-15,XRP,1.2882,8461033682.0
2021-08-16,ADA,2.0794,2154004848.0
2021-08-16,BNB,417.4709,6277256.0
2021-08-16,BTC,46004.4844,712471.0
2021-08-16,DOGE,0.3207,20832589605.0
2021-08-16,ETH,3156.5095,7311887.0
2021-08-16,SOL,62.4325,60855188.0
2021-08-16,XRP,1.191,7023423784.0
2021-08-17,ADA,1.9266,2004787356.0
2021-08-17,BNB,401.9089,6400977.0
2021-08-17,BTC,44695.3594,748430.0
2021-08-17,DOGE,0.2994,19034406028.0
2021-08-17,ETH,3014.8459,8461148.0
2021-08-17,SOL,64.2107,62976133.0
2021-08-17,XRP,1.0982,6938741793.0
2021-08-18,ADA,2.1086,2333016073.0
2021-08-18,BNB,398.2515,5745408.0
2021-08-18,BTC,44801.1875,718600.0
2021-08-18,DOGE,0.3037,20899507584.0
2021-08-18,ETH,3020.0898,7131989.0
2021-08-18,SOL,72.5433,62134048.0
2021-08-18,XRP,1.1461,6595764728.0
2021-08-19,ADA,2.4281,3412961912.0
2021-08-19,BNB,430.9889,5914806.0
2021-08-19,BTC,46717.5781,796366.0
2021-08-19,DOGE,0.3171,11857376656.0
2021-08-19,ETH,3182.7021,6141414.0
2021-08-19,SOL,72.7576,33912581.0
2021-08-19,XRP,1.2328,5501003508.0
2021-08-20,ADA,2.4577,3386620916.0
2021-08-20,BNB,454.9363,5388839.0
2021-08-20,BTC,49339.1758,703434.0
2021-08-20,DOGE,0.3275,10724848117.0
2021-08-20,ETH,3286.9353,6354132.0
2021-08-20,SOL,78.7246,23429214.0
2021-08-20,XRP,1.2632,5225014822.0
2021-08-21,ADA,2.4354,1934334221.0
2021-08-21,BNB,448.9203,4723914.0
2021-08-21,BTC,48905.4922,829870.0
2021-08-21,DOGE,0.3168,8208400798.0
2021-08-21,ETH,3226.084,5614850.0
2021-08-21,SOL,73.7562,20514844.0
2021-08-21,XRP,1.2165,4073637585.0
2021-08-22,ADA,2.7137,2478793815.0
2021-08-22,BNB,449.0535,4068258.0
2021-08-22,BTC,49321.6523,514398.0
2021-08-22,DOGE,0.315,7105076660.0
2021-08-22,ETH,3242.1155,4929892.0
2021-08-22,SOL,72.8039,13308815.0
2021-08-22,XRP,1.2277,3626241673.0
2021-08-23,ADA,2.9174,3345895560.0
2021-08-23,BNB,499.8906,7716668.0
2021-08-23,BTC,49546.1484,692386.0
2021-08-23,DOGE,0.3179,8922628679.0
2021-08-23,ETH,3319.2573,6179428.0
2021-08-23,SOL,75.708,18124023.0
2021-08-23,XRP,1.2473,5050990362.0
2021-08-24,ADA,2.7211,3452711549.0
2021-08-24,BNB,471.5955,6315664.0
2021-08-24,BTC,47706.1172,741229.0
2021-08-24,DOGE,0.2887,10887925597.0
2021-08-24,ETH,3172.4563,6345565.0
2021-08-24,SOL,70.6709,30473809.0
2021-08-24,XRP,1.1374,5371863708.0
2021-08-25,ADA,2.7381,2527594030.0
2021-08-25,BNB,502.7863,6542339.0
2021-08-25,BTC,48960.7891,666786.0
2021-08-25,DOGE,0.2922,8619162366.0
2021-08-25,ETH,3224.9153,5861465.0
2021-08-25,SOL,71.9516,21559513.0
2021-08-25,XRP,1.1725,4038297257.0
2021-08-26,ADA,2.5355,2585313889.0
2021-08-26,BNB,479.0061,6843156.0
2021-08-26,BTC,46942.2188,695888.0
2021-08-26,DOGE,0.2689,8963200891.0
2021-08-26,ETH,3100.3254,5614142.0
2021-08-26,SOL,75.3162,36022134.0
2021-08-26,XRP,1.0753,4570705996.0
2021-08-27,ADA,2.9442,2743411694.0
2021-08-27,BNB,494.4987,5183673.0
2021-08-27,BTC,49058.668,703465.0
2021-08-27,DOGE,0.2944,8090636721.0
2021-08-27,ETH,3270.6008,5653274.0
2021-08-27,SOL,88.087,37054150.0
2021-08-27,XRP,1.1885,4259812105.0
2021-08-28,ADA,2.8475,1932850576.0
2021-08-28,BNB,486.1969,3448688.0
2021-08-28,BTC,48902.4023,584186.0
2021-08-28,DOGE,0.2856,5373429432.0
2021-08-28,ETH,3244.4033,4225626.0
2021-08-28,SOL,96.7032,26680413.0
2021-08-28,XRP,1.1455,3191551216.0
2021-08-29,ADA,2.856,1852489927.0
2021-08-29,BNB,480.283,3671873.0
2021-08-29,BTC,48829.832,530202.0
2021-08-29,DOGE,0.2811,5241879290.0
2021-08-29,ETH,3227.0027,4120414.0
2021-08-29,SOL,94.4697,19374938.0
2021-08-29,XRP,1.1408,3029842938.0
2021-08-30,ADA,2.7332,1910298615.0
2021-08-30,BNB,459.4908,4367959.0
2021-08-30,BTC,47054.9844,676804.0
2021-08-30,DOGE,0.2721,6427146467.0
2021-08-30,ETH,3224.3743,5987805.0
2021-08-30,SOL,110.5448,47710103.0
2021-08-30,XRP,1.1014,3300404954.0
2021-08-31,ADA,2.7725,1834456038.0
2021-08-31,BNB,464.4187,5120485.0
2021-08-31,BTC,47166.6875,736332.0
2021-08-31,DOGE,0.2785,6270239737.0
2021-08-31,ETH,3433.7327,7944853.0
2021-08-31,SOL,108.4838,69972622.0
2021-08-31,XRP,1.1876,4966163758.0
2021-09-01,ADA,2.8708,1620695317.0
2021-09-01,BNB,490.0687,4700540.0
2021-09-01,BTC,48847.0273,801265.0
2021-09-01,DOGE,0.2944,6582211636.0
2021-09-01,ETH,3834.8281,7841522.0
2021-09-01,SOL,111.033,35795158.0
2021-09-01,XRP,1.2349,3997973807.0
2021-09-02,ADA,2.9634,2489011665.0
2021-09-02,BNB,483.9211,4803184.0
2021-09-02,BTC,49327.7227,800930.0
2021-09-02,DOGE,0.296,10072711688.0
2021-09-02,ETH,3790.99,6432989.0
2021-09-02,SOL,128.1024,39612061.0
2021-09-02,XRP,1.2563,4343551952.0
2021-09-03,ADA,2.9682,1766898371.0
2021-09-03,BNB,488.6047,4198736.0
2021-09-03,BTC,50025.375,863685.0
2021-09-03,DOGE,0.2963,8046791259.0
2021-09-03,ETH,3940.6147,6650679.0
2021-09-03,SOL,146.5831,51345457.0
2021-09-03,XRP,1.2914,4566225115.0
2021-09-04,ADA,2.8328,1650632449.0
2021-09-04,BNB,498.0784,4638325.0
2021-09-04,BTC,49944.625,750257.0
2021-09-04,DOGE,0.2994,7559398873.0
2021-09-04,ETH,3887.8284,5351821.0
2021-09-04,SOL,139.1131,28540978.0
2021-09-04,XRP,1.2558,3411715591.0
2021-09-05,ADA,2.9108,1463272194.0
2021-09-05,BNB,504.6199,3764495.0
2021-09-05,BTC,51753.4102,585907.0
2021-09-05,DOGE,0.3145,7608356323.0
2021-09-05,ETH,3952.1335,4648494.0
2021-09-05,SOL,142.0709,21094528.0
2021-09-05,XRP,1.3055,3123624990.0
2021-09-06,ADA,2.8319,1633451654.0
2021-09-06,BNB,495.925,4449054.0
2021-09-06,BTC,52633.5352,738771.0
2021-09-06,DOGE,0.3088,8459009857.0
2021-09-06,ETH,3928.3794,4753790.0
2021-09-06,SOL,164.3809,35126283.0
2021-09-06,XRP,1.3894,5328788265.0
2021-09-07,ADA,2.5025,4675476501.0
2021-09-07,BNB,417.5088,10710403.0
2021-09-07,BTC,46811.1289,1393046.0
2021-09-07,DOGE,0.2537,22279649520.0
2021-09-07,ETH,3426.3943,11420561.0
2021-09-07,SOL,173.1489,98577819.0
2021-09-07,XRP,1.1251,10052829125.0
2021-09-08,ADA,2.475,3245560885.0
2021-09-08,BNB,415.1132,7084644.0
2021-09-08,BTC,46091.3906,1063274.0
2021-09-08,DOGE,0.2571,12548357844.0
2021-09-08,ETH,3497.3152,9075084.0
2021-09-08,SOL,191.0414,69028042.0
2021-09-08,XRP,1.1007,6693687894.0
2021-09-09,ADA,2.5177,2395690364.0
2021-09-09,BNB,421.27,5678401.0
2021-09-09,BTC,46391.4219,833617.0
2021-09-09,DOGE,0.2526,6980251550.0
2021-09-09,ETH,3427.3401,7036960.0
2021-09-09,SOL,188.1958,67356831.0
2021-09-09,XRP,1.0894,4747244881.0
2021-09-10,ADA,2.3859,2569442364.0
2021-09-10,BNB,401.6218,5743552.0
2021-09-10,BTC,44883.9102,872354.0
2021-09-10,DOGE,0.24,7670641322.0
2021-09-10,ETH,3211.5059,6961212.0
2021-09-10,SOL,179.8652,39404639.0
2021-09-10,XRP,1.0573,7307764173.0
2021-09-11,ADA,2.6339,3291869442.0
2021-09-11,BNB,405.5274,3864735.0
2021-09-11,BTC,45201.457,763246.0
2021-09-11,DOGE,0.2414,4955174574.0
2021-09-11,ETH,3270.2781,5695883.0
2021-09-11,SOL,178.8679,30007563.0
2021-09-11,XRP,1.0799,3691519874.0
2021-09-12,ADA,2.5817,3141823586.0
2021-09-12,BNB,416.6832,4012423.0
2021-09-12,BTC,46063.2695,605297.0
2021-09-12,DOGE,0.2506,5663178796.0
2021-09-12,ETH,3410.1345,4929545.0
2021-09-12,SOL,174.5376,17260651.0
2021-09-12,XRP,1.1196,3039636451.0
2021-09-13,ADA,2.4007,2588479457.0
2021-09-13,BNB,399.0634,5499787.0
2021-09-13,BTC,44963.0742,911191.0
2021-09-13,DOGE,0.2359,7456851311.0
2021-09-13,ETH,3285.5117,6915682.0
2021-09-13,SOL,169.2695,38031238.0
2021-09-13,XRP,1.0647,4125105428.0
2021-09-14,ADA,2.3956,1642446227.0
2021-09-14,BNB,414.2362,3858825.0
2021-09-14,BTC,47092.4922,820771.0
2021-09-14,DOGE,0.2407,4021240235.0
2021-09-14,ETH,3429.1697,5577275.0
2021-09-14,SOL,158.0948,36685319.0
2021-09-14,XRP,1.0966,3081245301.0
2021-09-15,ADA,2.5016,1673261060.0
2021-09-15,BNB,431.423,4262240.0
2021-09-15,BTC,48176.3477,632769.0
2021-09-15,DOGE,0.2477,3957209158.0
2021-09-15,ETH,3615.2827,4853992.0
2021-09-15,SOL,159.1174,24566390.0
2021-09-15,XRP,1.1214,2672707523.0
2021-09-16,ADA,2.421,1372633593.0
2021-09-16,BNB,424.6492,4052733.0
2021-09-16,BTC,47783.3594,664756.0
2021-09-16,DOGE,0.2426,4700164752.0
2021-09-16,ETH,3571.2949,5626503.0
2021-09-16,SOL,152.4741,21086659.0
2021-09-16,XRP,1.0915,2903002391.0
2021-09-17,ADA,2.3464,1043647141.0
2021-09-17,BNB,406.6328,3729759.0
2021-09-17,BTC,47267.5195,607769.0
2021-09-17,DOGE,0.2399,9364264622.0
2021-09-17,ETH,3398.5388,5214701.0
2021-09-17,SOL,147.5931,31679886.0
2021-09-17,XRP,1.0656,2805866540.0
2021-09-18,ADA,2.37,894004612.0
2021-09-18,BNB,410.8093,3189679.0
2021-09-18,BTC,48278.3633,591893.0
2021-09-18,DOGE,0.2414,4139227338.0
2021-09-18,ETH,3432.0183,4660587.0
2021-09-18,SOL,169.1842,32006608.0
2021-09-18,XRP,1.0757,2146400678.0
2021-09-19,ADA,2.2823,974796637.0
2021-09-19,BNB,408.4716,3043822.0
2021-09-19,BTC,47260.2188,570622.0
2021-09-19,DOGE,0.2331,3829271173.0
2021-09-19,ETH,3329.448,4282274.0
2021-09-19,SOL,152.5167,21968286.0
2021-09-19,XRP,1.0484,2049294413.0
2021-09-20,ADA,2.064,2875956186.0
2021-09-20,BNB,361.9659,6476030.0
2021-09-20,BTC,42843.8008,1024882.0
2021-09-20,DOGE,0.2071,10836879494.0
2021-09-20,ETH,2958.9934,9250336.0
2021-09-20,SOL,132.1345,42560186.0
2021-09-20,XRP,0.9172,6297034286.0
2021-09-21,ADA,1.987,3051506375.0
2021-09-21,BNB,344.5346,5936022.0
2021-09-21,BTC,40693.6758,1196773.0
2021-09-21,DOGE,0.201,8789682913.0
2021-09-21,ETH,2764.4312,10998669.0
2021-09-21,SOL,123.9504,42306875.0
2021-09-21,XRP,0.8763,5463684744.0
2021-09-22,ADA,2.2662,2151899283.0
2021-09-22,BNB,379.4403,4424711.0
2021-09-22,BTC,43574.5078,875276.0
2021-09-22,DOGE,0.2249,8967753863.0
2021-09-22,ETH,3077.8679,7713815.0
2021-09-22,SOL,147.9243,33478099.0
2021-09-22,XRP,1.0041,4794421212.0
2021-09-23,ADA,2.3309,1485911864.0
2021-09-23,BNB,383.8204,4107084.0
2021-09-23,BTC,44895.0977,762757.0
2021-09-23,DOGE,0.2248,5202023100.0
2021-09-23,ETH,3155.5237,5867898.0
2021-09-23,SOL,149.7536,22631928.0
2021-09-23,XRP,1.002,3726660863.0
2021-09-24,ADA,2.2813,2658303171.0
2021-09-24,BNB,355.3163,5857198.0
2021-09-24,BTC,42839.75,999991.0
2021-09-24,DOGE,0.2095,8990910854.0
2021-09-24,ETH,2931.6692,8730665.0
2021-09-24,SOL,139.3956,27636090.0
2021-09-24,XRP,0.9459,4677994356.0
2021-09-25,ADA,2.3015,2642175960.0
2021-09-25,BNB,349.8801,3968401.0
2021-09-25,BTC,42716.5938,739870.0
2021-09-25,DOGE,0.2086,5114706223.0
2021-09-25,ETH,2925.5657,6471496.0
2021-09-25,SOL,136.1789,14959047.0
2021-09-25,XRP,0.9413,3258124182.0
2021-09-26,ADA,2.2085,1875953083.0
2021-09-26,BNB,344.1818,5690385.0
2021-09-26,BTC,43208.5391,709610.0
2021-09-26,DOGE,0.205,5597727704.0
2021-09-26,ETH,3062.2654,6914086.0
2021-09-26,SOL,135.6994,19706671.0
2021-09-26,XRP,0.9447,3325884281.0
2021-09-27,ADA,2.1359,1399939633.0
2021-09-27,BNB,336.1912,4482737.0
2021-09-27,BTC,42235.7305,733503.0
2021-09-27,DOGE,0.2003,4186002268.0
2021-09-27,ETH,2934.1389,6531406.0
2021-09-27,SOL,136.7284,20970379.0
2021-09-27,XRP,0.9237,3263644563.0
2021-09-28,ADA,2.0391,1516779188.0
2021-09-28,BNB,333.0326,3886499.0
2021-09-28,BTC,41034.543,736329.0
2021-09-28,DOGE,0.1968,4401847684.0
2021-09-28,ETH,2807.2966,6018274.0
2021-09-28,SOL,131.5372,18417167.0
2021-09-28,XRP,0.8937,3154330622.0
2021-09-29,ADA,2.0657,1389118910.0
2021-09-29,BNB,367.9896,6483046.0
2021-09-29,BTC,41564.3633,736264.0
2021-09-29,DOGE,0.1989,4659874320.0
2021-09-29,ETH,2853.1433,5524944.0
2021-09-29,SOL,135.3515,17939261.0
2021-09-29,XRP,0.9283,3832798065.0
2021-09-30,ADA,2.1145,1239858037.0
2021-09-30,BNB,387.0573,4640748.0
2021-09-30,BTC,43790.8945,711145.0
2021-09-30,DOGE,0.2042,4488845596.0
2021-09-30,ETH,3001.679,5883729.0
2021-09-30,SOL,141.069,15909770.0
2021-09-30,XRP,0.9526,3203024911.0
2021-10-01,ADA,2.2581,1432963453.0
2021-10-01,BNB,421.6432,5128728.0
2021-10-01,BTC,48116.9414,890552.0
2021-10-01,DOGE,0.223,6436793148.0
2021-10-01,ETH,3307.5161,6744525.0
2021-10-01,SOL,161.6824,27136467.0
2021-10-01,XRP,1.0426,4916129271.0
2021-10-02,ADA,2.2515,1292957138.0
2021-10-02,BNB,428.0983,4066677.0
2021-10-02,BTC,47711.4883,641656.0
2021-10-02,DOGE,0.2191,5321238475.0
2021-10-02,ETH,3391.6943,5661675.0
2021-10-02,SOL,169.093,20531058.0
2021-10-02,XRP,1.0387,3740281714.0
2021-10-03,ADA,2.2529,1034992570.0
2021-10-03,BNB,430.5088,3416653.0
2021-10-03,BTC,48199.9531,552659.0
2021-10-03,DOGE,0.2217,4826505416.0
2021-10-03,ETH,3418.3586,4539186.0
2021-10-03,SOL,172.5892,18249002.0
2021-10-03,XRP,1.0552,3313324784.0
2021-10-04,ADA,2.1892,1027299980.0
2021-10-04,BNB,425.7489,3868881.0
2021-10-04,BTC,49112.9023,679723.0
2021-10-04,DOGE,0.2409,15295912559.0
2021-10-04,ETH,3380.0891,5250499.0
2021-10-04,SOL,166.7319,18646940.0
2021-10-04,XRP,1.043,3033795355.0
2021-10-05,ADA,2.2331,935942118.0
2021-10-05,BNB,442.7061,3448852.0
2021-10-05,BTC,51514.8125,696380.0
2021-10-05,DOGE,0.252,18365219811.0
2021-10-05,ETH,3518.5186,4727158.0
2021-10-05,SOL,164.1158,15483500.0
2021-10-05,XRP,1.0855,2995353889.0
2021-10-06,ADA,2.2122,1229254282.0
2021-10-06,BNB,435.4014,4608035.0
2021-10-06,BTC,55361.4492,885720.0
2021-10-06,DOGE,0.2551,18263836525.0
2021-10-06,ETH,3580.562,6103854.0
2021-10-06,SOL,154.1077,21152168.0
2021-10-06,XRP,1.0777,3531823463.0
2021-10-07,ADA,2.277,1434029310.0
2021-10-07,BNB,438.7617,4473931.0
2021-10-07,BTC,53805.9844,684085.0
2021-10-07,DOGE,0.2429,12086614629.0
2021-10-07,ETH,3587.9749,5320640.0
2021-10-07,SOL,154.2812,16717445.0
2021-10-07,XRP,1.068,2988738732.0
2021-10-08,ADA,2.2372,883917342.0
2021-10-08,BNB,419.1021,6389967.0
2021-10-08,BTC,53967.8477,644845.0
2021-10-08,DOGE,0.2439,8005368617.0
2021-10-08,ETH,3563.7593,4551943.0
2021-10-08,SOL,158.9492,17501495.0
2021-10-08,XRP,1.0629,2424791535.0
2021-10-09,ADA,2.2666,861666635.0
2021-10-09,BNB,421.5495,3332628.0
2021-10-09,BTC,54968.2227,591091.0
2021-10-09,DOGE,0.2466,6021955228.0
2021-10-09,ETH,3575.7168,3553703.0
2021-10-09,SOL,156.8258,9705185.0
2021-10-09,XRP,1.1599,4176614514.0
2021-10-10,ADA,2.1972,926961381.0
2021-10-10,BNB,405.0693,3547710.0
2021-10-10,BTC,54771.5781,721684.0
2021-10-10,DOGE,0.2298,6379586605.0
2021-10-10,ETH,3425.8528,4720503.0
2021-10-10,SOL,148.0487,10516575.0
2021-10-10,XRP,1.1385,4537653897.0
2021-10-11,ADA,2.1734,1097917761.0
2021-10-11,BNB,413.4562,3562944.0
2021-10-11,BTC,57484.7891,741715.0
2021-10-11,DOGE,0.2315,6322212953.0
2021-10-11,ETH,3545.354,5240433.0
2021-10-11,SOL,144.8581,12783508.0
2021-10-11,XRP,1.1379,3535298859.0
2021-10-12,ADA,2.1192,1636391085.0
2021-10-12,BNB,443.8675,7079374.0
2021-10-12,BTC,56041.0586,733101.0
2021-10-12,DOGE,0.2262,8314557026.0
2021-10-12,ETH,3492.5732,5185168.0
2021-10-12,SOL,152.7371,18685650.0
2021-10-12,XRP,1.1019,3593697078.0
2021-10-13,ADA,2.1891,1410930247.0
2021-10-13,BNB,470.7497,10938184.0
2021-10-13,BTC,57401.0977,726193.0
2021-10-13,DOGE,0.2326,6266820158.0
2021-10-13,ETH,3606.2017,4495388.0
2021-10-13,SOL,148.176,14207604.0
2021-10-13,XRP,1.1284,3257411219.0
2021-10-14,ADA,2.1704,1000662219.0
2021-10-14,BNB,472.0224,5268435.0
2021-10-14,BTC,57321.5234,638779.0
2021-10-14,DOGE,0.2323,5756664745.0
2021-10-14,ETH,3786.0142,5135612.0
2021-10-14,SOL,149.7568,13008432.0
2021-10-14,XRP,1.1323,2812532581.0
2021-10-15,ADA,2.2147,1544220474.0
2021-10-15,BNB,473.7026,5920463.0
2021-10-15,BTC,61593.9492,840668.0
2021-10-15,DOGE,0.2338,7861185168.0
2021-10-15,ETH,3862.6348,5428119.0
2021-10-15,SOL,162.5962,24419936.0
2021-10-15,XRP,1.1406,4703816837.0
2021-10-16,ADA,2.1777,1108984578.0
2021-10-16,BNB,465.6425,4089161.0
2021-10-16,BTC,60892.1797,562485.0
2021-10-16,DOGE,0.2373,6497693850.0
2021-10-16,ETH,3830.3821,4328053.0
2021-10-16,SOL,157.5388,9721431.0
2021-10-16,XRP,1.1351,3327071210.0
2021-10-17,ADA,2.157,947991372.0
2021-10-17,BNB,470.6255,3498402.0
2021-10-17,BTC,61553.6172,471660.0
2021-10-17,DOGE,0.2379,5872866017.0
2021-10-17,ETH,3847.1045,4135081.0
2021-10-17,SOL,159.7438,13576978.0
2021-10-17,XRP,1.0935,2951636462.0
2021-10-18,ADA,2.1283,1218995248.0
2021-10-18,BNB,485.111,4122366.0
2021-10-18,BTC,62026.0781,613541.0
2021-10-18,DOGE,0.2473,20233521915.0
2021-10-18,ETH,3748.7603,4637854.0
2021-10-18,SOL,157.2313,10804967.0
2021-10-18,XRP,1.0838,2939603810.0
2021-10-19,ADA,2.113,1453448785.0
2021-10-19,BNB,488.1489,3778527.0
2021-10-19,BTC,64261.9922,629784.0
2021-10-19,DOGE,0.2458,6818753870.0
2021-10-19,ETH,3877.6509,4125889.0
2021-10-19,SOL,156.017,8979164.0
2021-10-19,XRP,1.0921,2367971792.0
2021-10-20,ADA,2.186,1383205467.0
2021-10-20,BNB,501.0203,3773132.0
2021-10-20,BTC,65992.8359,618082.0
2021-10-20,DOGE,0.2541,7292837005.0
2021-10-20,ETH,4155.9922,4893734.0
2021-10-20,SOL,175.9469,18842659.0
2021-10-20,XRP,1.1423,2971810158.0
2021-10-21,ADA,2.1366,1856699485.0
2021-10-21,BNB,471.2569,6539519.0
2021-10-21,BTC,62210.1719,737952.0
2021-10-21,DOGE,0.2424,7189090754.0
2021-10-21,ETH,4054.3228,6960635.0
2021-10-21,SOL,190.3184,36075409.0
2021-10-21,XRP,1.0893,3704829778.0
2021-10-22,ADA,2.1542,1293231716.0
2021-10-22,BNB,478.6432,4100651.0
2021-10-22,BTC,60692.2656,633262.0
2021-10-22,DOGE,0.2442,7492701402.0
2021-10-22,ETH,3970.1819,4894722.0
2021-10-22,SOL,196.4315,38114152.0
2021-10-22,XRP,1.0884,3028744692.0
2021-10-23,ADA,2.1668,976519982.0
2021-10-23,BNB,485.9064,2409650.0
2021-10-23,BTC,61393.6172,437872.0
2021-10-23,DOGE,0.2517,5969359746.0
2021-10-23,ETH,4171.6636,3543320.0
2021-10-23,SOL,197.7039,16457293.0
2021-10-23,XRP,1.0945,2043106545.0
2021-10-24,ADA,2.1234,1030827752.0
2021-10-24,BNB,476.6331,2614573.0
2021-10-24,BTC,60930.8359,448315.0
2021-10-24,DOGE,0.277,19053596121.0
2021-10-24,ETH,4087.9031,3664002.0
2021-10-24,SOL,202.362,16866100.0
2021-10-24,XRP,1.0843,2066132747.0
2021-10-25,ADA,2.1441,1118465906.0
2021-10-25,BNB,484.6451,2760346.0
2021-10-25,BTC,63039.8242,492782.0
2021-10-25,DOGE,0.2647,12710509049.0
2021-10-25,ETH,4217.877,3792365.0
2021-10-25,SOL,210.1043,23023690.0
2021-10-25,XRP,1.0952,2370126985.0
2021-10-26,ADA,2.1388,1310601395.0
2021-10-26,BNB,478.0251,3109029.0
2021-10-26,BTC,60363.793,577813.0
2021-10-26,DOGE,0.2557,9828195780.0
2021-10-26,ETH,4131.1021,4153302.0
2021-10-26,SOL,199.8073,15986436.0
2021-10-26,XRP,1.1081,3549656674.0
2021-10-27,ADA,1.9132,2643898454.0
2021-10-27,BNB,449.008,5211691.0
2021-10-27,BTC,58482.3867,746500.0
2021-10-27,DOGE,0.2377,21131822161.0
2021-10-27,ETH,3930.2573,6671199.0
2021-10-27,SOL,183.7746,24773243.0
2021-10-27,XRP,0.9955,6463327354.0
2021-10-28,ADA,1.9882,2260678961.0
2021-10-28,BNB,492.0155,5339173.0
2021-10-28,BTC,60622.1367,746544.0
2021-10-28,DOGE,0.3004,67764342339.0
2021-10-28,ETH,4287.3188,6054636.0
2021-10-28,SOL,194.864,17776290.0
2021-10-28,XRP,1.0588,5221109084.0
2021-10-29,ADA,2.0122,1433490255.0
2021-10-29,BNB,529.6221,5036518.0
2021-10-29,BTC,62227.9648,592288.0
2021-10-29,DOGE,0.2879,20380763716.0
2021-10-29,ETH,4414.7466,5202483.0
2021-10-29,SOL,200.1828,12332249.0
2021-10-29,XRP,1.0815,3281845357.0
2021-10-30,ADA,1.9574,1182142107.0
2021-10-30,BNB,527.9212,4157617.0
2021-10-30,BTC,61888.832,519608.0
2021-10-30,DOGE,0.2683,13554693969.0
2021-10-30,ETH,4325.6504,3378796.0
2021-10-30,SOL,195.4161,8864203.0
2021-10-30,XRP,1.0839,3008696100.0
2021-10-31,ADA,1.965,1244857176.0
2021-10-31,BNB,524.3644,3959631.0
2021-10-31,BTC,61318.957,525795.0
2021-10-31,DOGE,0.2802,15072951833.0
2021-10-31,ETH,4288.0742,4080657.0
2021-10-31,SOL,202.421,12732692.0
2021-10-31,XRP,1.1132,4139050161.0
2021-11-01,ADA,1.95,1358633936.0
2021-11-01,BNB,551.2559,4599641.0
2021-11-01,BTC,61004.4062,592590.0
2021-11-01,DOGE,0.2717,10249057642.0
2021-11-01,ETH,4324.627,4158807.0
2021-11-01,SOL,203.5451,15513087.0
2021-11-01,XRP,1.0929,3345168156.0
2021-11-02,ADA,1.9714,1247848515.0
2021-11-02,BNB,554.4476,4330631.0
2021-11-02,BTC,63226.4023,597008.0
2021-11-02,DOGE,0.2731,8554503248.0
2021-11-02,ETH,4584.7988,4535520.0
2021-11-02,SOL,220.2396,13712735.0
2021-11-02,XRP,1.1362,3176985022.0
2021-11-03,ADA,2.0637,2288464357.0
2021-11-03,BNB,568.5788,4515911.0
2021-11-03,BTC,62970.0469,573681.0
2021-11-03,DOGE,0.2694,7762904565.0
2021-11-03,ETH,4607.1938,4605941.0
2021-11-03,SOL,242.8988,24804366.0
2021-11-03,XRP,1.2088,5399425113.0
2021-11-04,ADA,1.9849,1663179209.0
2021-11-04,BNB,559.7373,4038466.0
2021-11-04,BTC,61452.2305,530751.0
2021-11-04,DOGE,0.2633,7227885852.0
2021-11-04,ETH,4537.3242,4058613.0
2021-11-04,SOL,247.3878,17948730.0
2021-11-04,XRP,1.202,4334527886.0
2021-11-05,ADA,1.9862,1145325270.0
2021-11-05,BNB,608.6481,6039501.0
2021-11-05,BTC,61125.6758,500691.0
2021-11-05,DOGE,0.2615,5965993568.0
2021-11-05,ETH,4486.2432,3362725.0
2021-11-05,SOL,236.4743,11641309.0
2021-11-05,XRP,1.1615,3075628391.0
2021-11-06,ADA,2.0066,938423658.0
2021-11-06,BNB,636.114,4370171.0
2021-11-06,BTC,61527.4805,472877.0
2021-11-06,DOGE,0.2619,5168143343.0
2021-11-06,ETH,4521.5811,3191157.0
2021-11-06,SOL,258.9343,14945024.0
2021-11-06,XRP,1.1525,2282257978.0
2021-11-07,ADA,2.0219,925832196.0
2021-11-07,BNB,650.454,4638557.0
2021-11-07,BTC,63326.9883,390462.0
2021-11-07,DOGE,0.2663,4340249212.0
2021-11-07,ETH,4620.5547,2930682.0
2021-11-07,SOL,249.8235,10506897.0
2021-11-07,XRP,1.2175,2779845795.0
2021-11-08,ADA,2.1244,1486227763.0
2021-11-08,BNB,654.315,4322249.0
2021-11-08,BTC,67566.8281,608666.0
2021-11-08,DOGE,0.2824,14497081346.0
2021-11-08,ETH,4812.0874,4008842.0
2021-11-08,SOL,248.4672,13460169.0
2021-11-08,XRP,1.2824,4326104785.0
2021-11-09,ADA,2.2735,3235848704.0
2021-11-09,BNB,635.1906,3461937.0
2021-11-09,BTC,66971.8281,632475.0
2021-11-09,DOGE,0.2735,8604126427.0
2021-11-09,ETH,4735.0688,4399972.0
2021-11-09,SOL,239.2131,11785764.0
2021-11-09,XRP,1.2589,4139256319.0
2021-11-10,ADA,2.1018,3062359637.0
2021-11-10,BNB,615.2781,5938775.0
2021-11-10,BTC,64995.2305,749760.0
2021-11-10,DOGE,0.2557,11030200415.0
2021-11-10,ETH,4636.1743,4906666.0
2021-11-10,SOL,233.7795,16567756.0
2021-11-10,XRP,1.1934,6226189589.0
2021-11-11,ADA,2.0855,1725069970.0
2021-11-11,BNB,629.8923,3717544.0
2021-11-11,BTC,64949.9609,552435.0
2021-11-11,DOGE,0.2612,6236551703.0
2021-11-11,ETH,4730.3843,3791066.0
2021-11-11,SOL,234.2408,11498669.0
2021-11-11,XRP,1.2184,4025316697.0
2021-11-12,ADA,2.0458,1377547619.0
2021-11-12,BNB,626.6425,3525397.0
2021-11-12,BTC,64155.9414,562456.0
2021-11-12,DOGE,0.2594,6025147147.0
2021-11-12,ETH,4667.1152,3924493.0
2021-11-12,SOL,228.5021,13225501.0
2021-11-12,XRP,1.1894,3556792877.0
2021-11-13,ADA,2.0531,985108169.0
2021-11-13,BNB,650.1041,3239744.0
2021-11-13,BTC,64469.5273,472692.0
2021-11-13,DOGE,0.2617,3530060155.0
2021-11-13,ETH,4651.4604,3108150.0
2021-11-13,SOL,241.825,9605277.0
2021-11-13,XRP,1.1919,2423903186.0
2021-11-14,ADA,2.0409,748444514.0
2021-11-14,BNB,650.9181,3228366.0
2021-11-14,BTC,65466.8398,383738.0
2021-11-14,DOGE,0.2629,4809809328.0
2021-11-14,ETH,4626.3589,2631219.0
2021-11-14,SOL,238.4255,7151968.0
2021-11-14,XRP,1.1886,1859390377.0
2021-11-15,ADA,2.0156,700111006.0
2021-11-15,BNB,633.0486,3391332.0
2021-11-15,BTC,63557.8711,480802.0
2021-11-15,DOGE,0.2565,4009173608.0
2021-11-15,ETH,4557.5039,3571220.0
2021-11-15,SOL,237.5536,10164236.0
2021-11-15,XRP,1.1714,2433379715.0
2021-11-16,ADA,1.8772,1811597643.0
2021-11-16,BNB,589.8229,6396763.0
2021-11-16,BTC,60161.2461,778646.0
2021-11-16,DOGE,0.2372,9478669931.0
2021-11-16,ETH,4216.3652,6502639.0
2021-11-16,SOL,219.239,16228757.0
2021-11-16,XRP,1.0909,4426640944.0
2021-11-17,ADA,1.8755,1530100662.0
2021-11-17,BNB,578.0928,4678916.0
2021-11-17,BTC,60368.0117,648993.0
2021-11-17,DOGE,0.2375,6498903659.0
2021-11-17,ETH,4287.5938,5173872.0
2021-11-17,SOL,218.7152,13636477.0
2021-11-17,XRP,1.0963,3376803611.0
2021-11-18,ADA,1.7883,1404580527.0
2021-11-18,BNB,532.2376,5480854.0
2021-11-18,BTC,56942.1367,726849.0
2021-11-18,DOGE,0.2214,8404718175.0
2021-11-18,ETH,4000.6509,5344943.0
2021-11-18,SOL,195.4874,20007501.0
2021-11-18,XRP,1.042,5177159729.0
2021-11-19,ADA,1.8648,1017745873.0
2021-11-19,BNB,581.5308,4266531.0
2021-11-19,BTC,58119.5781,665910.0
2021-11-19,DOGE,0.2331,5560136994.0
2021-11-19,ETH,4298.3066,4798697.0
2021-11-19,SOL,215.28,15940286.0
2021-11-19,XRP,1.0915,3404861453.0
2021-11-20,ADA,1.9217,849575679.0
2021-11-20,BNB,603.84,3868902.0
2021-11-20,BTC,59697.1953,512993.0
2021-11-20,DOGE,0.233,3455891480.0
2021-11-20,ETH,4409.9312,3503062.0
2021-11-20,SOL,218.0153,9190360.0
2021-11-20,XRP,1.0976,2346688010.0
2021-11-21,ADA,1.8398,680878177.0
2021-11-21,BNB,585.2943,3511976.0
2021-11-21,BTC,58730.4766,444802.0
2021-11-21,DOGE,0.2263,3321682852.0
2021-11-21,ETH,4269.7329,3301104.0
2021-11-21,SOL,231.2826,11399388.0
2021-11-21,XRP,1.0602,2088210929.0
2021-11-22,ADA,1.7766,889943554.0
2021-11-22,BNB,559.127,4027656.0
2021-11-22,BTC,56289.2891,622430.0
2021-11-22,DOGE,0.2197,4195969104.0
2021-11-22,ETH,4088.4578,4831215.0
2021-11-22,SOL,215.7373,15084361.0
2021-11-22,XRP,1.0366,2744074846.0
2021-11-23,ADA,1.7505,1008537246.0
2021-11-23,BNB,591.4396,4949676.0
2021-11-23,BTC,57569.0742,651145.0
2021-11-23,DOGE,0.2265,8420211067.0
2021-11-23,ETH,4340.7637,5098987.0
2021-11-23,SOL,221.8369,10497639.0
2021-11-23,XRP,1.0671,2903657043.0
2021-11-24,ADA,1.6864,1176209856.0
2021-11-24,BNB,581.3953,5017960.0
2021-11-24,BTC,56280.4258,650947.0
2021-11-24,DOGE,0.2218,8825269145.0
2021-11-24,ETH,4239.9814,5150503.0
2021-11-24,SOL,214.9215,10673356.0
2021-11-24,XRP,1.0421,3024699989.0
2021-11-25,ADA,1.6513,1860672880.0
2021-11-25,BNB,603.7302,4202586.0
2021-11-25,BTC,57274.6797,598589.0
2021-11-25,DOGE,0.2163,6216666709.0
2021-11-25,ETH,4274.7432,4375785.0
2021-11-25,SOL,206.253,12541484.0
2021-11-25,XRP,1.0319,3011115011.0
2021-11-26,ADA,1.5284,1970185988.0
2021-11-26,BNB,585.1473,7270827.0
2021-11-26,BTC,53569.7656,780492.0
2021-11-26,DOGE,0.2009,11109397517.0
2021-11-26,ETH,4030.9089,6520067.0
2021-11-26,SOL,191.5117,17649689.0
2021-11-26,XRP,0.9363,4585317183.0
2021-11-27,ADA,1.5461,1009333505.0
2021-11-27,BNB,600.3368,4140225.0
2021-11-27,BTC,54815.0781,557526.0
2021-11-27,DOGE,0.2053,4469437791.0
2021-11-27,ETH,4096.9121,4031254.0
2021-11-27,SOL,193.1022,7473655.0
2021-11-27,XRP,0.9472,2544881284.0
2021-11-28,ADA,1.5929,1403922068.0
2021-11-28,BNB,611.3668,4468147.0
2021-11-28,BTC,57248.457,491138.0
2021-11-28,DOGE,0.2075,4952742800.0
2021-11-28,ETH,4294.4536,3714821.0
2021-11-28,SOL,200.6767,10131801.0
2021-11-28,XRP,0.9688,2689533434.0
2021-11-29,ADA,1.6025,1124232312.0
2021-11-29,BNB,624.3101,3885574.0
2021-11-29,BTC,57806.5664,559986.0
2021-11-29,DOGE,0.2152,8689382143.0
2021-11-29,ETH,4445.105,4293819.0
2021-11-29,SOL,204.3194,10329575.0
2021-11-29,XRP,0.992,2940956066.0
2021-11-30,ADA,1.5549,1166741113.0
2021-11-30,BNB,622.6699,4467105.0
2021-11-30,BTC,57005.4258,643949.0
2021-11-30,DOGE,0.2147,8837929180.0
2021-11-30,ETH,4631.479,6180823.0
2021-11-30,SOL,208.671,13841827.0
2021-11-30,XRP,0.9988,2953506818.0
2021-12-01,ADA,1.5477,1076579725.0
2021-12-01,BNB,627.9716,4469253.0
2021-12-01,BTC,57229.8281,644038.0
2021-12-01,DOGE,0.2095,4716430640.0
2021-12-01,ETH,4586.9902,6024610.0
2021-12-01,SOL,229.7992,15373294.0
2021-12-01,XRP,0.9909,2594116157.0
2021-12-02,ADA,1.7154,2166364523.0
2021-12-02,BNB,619.4702,3839988.0
2021-12-02,BTC,56477.8164,573322.0
2021-12-02,DOGE,0.2097,8960766515.0
2021-12-02,ETH,4511.3022,4766400.0
2021-12-02,SOL,233.993,17411217.0
2021-12-02,XRP,0.9723,2314968623.0
2021-12-03,ADA,1.5566,1718564451.0
2021-12-03,BNB,594.636,4176250.0
2021-12-03,BTC,53598.2461,742359.0
2021-12-03,DOGE,0.2,6304962947.0
2021-12-03,ETH,4220.7061,6131579.0
2021-12-03,SOL,211.2244,19226287.0
2021-12-03,XRP,0.9222,2943485656.0
2021-12-04,ADA,1.4207,2869200685.0
2021-12-04,BNB,569.0773,7834472.0
2021-12-04,BTC,49200.7031,1247659.0
2021-12-04,DOGE,0.1789,24536986067.0
2021-12-04,ETH,4119.5874,9340498.0
2021-12-04,SOL,201.1248,29581159.0
2021-12-04,XRP,0.847,8229713466.0
2021-12-05,ADA,1.3781,2202171622.0
2021-12-05,BNB,557.7831,4292413.0
2021-12-05,BTC,49368.8477,753475.0
2021-12-05,DOGE,0.1713,9607492126.0
2021-12-05,ETH,4198.3228,6081729.0
2021-12-05,SOL,196.1683,17345273.0
2021-12-05,XRP,0.8056,4411001639.0
2021-12-06,ADA,1.4254,1853559197.0
2021-12-06,BNB,589.2562,6054249.0
2021-12-06,BTC,50582.625,745460.0
2021-12-06,DOGE,0.1784,10633291791.0
2021-12-06,ETH,4358.7373,6476536.0
2021-12-06,SOL,194.1992,19020947.0
2021-12-06,XRP,0.8283,4162746183.0
2021-12-07,ADA,1.3819,1599480654.0
2021-12-07,BNB,579.6899,3644974.0
2021-12-07,BTC,50700.0859,664236.0
2021-12-07,DOGE,0.1768,6137196892.0
2021-12-07,ETH,4315.0615,5183290.0
2021-12-07,SOL,190.5969,13414960.0
2021-12-07,XRP,0.8186,3322947165.0
2021-12-08,ADA,1.3971,1262851600.0
2021-12-08,BNB,607.5928,3695735.0
2021-12-08,BTC,50504.7969,563901.0
2021-12-08,DOGE,0.1792,5664010125.0
2021-12-08,ETH,4439.3579,4213293.0
2021-12-08,SOL,194.6217,11701913.0
2021-12-08,XRP,0.8633,3520146265.0
2021-12-09,ADA,1.2904,1294587930.0
2021-12-09,BNB,571.649,3731233.0
2021-12-09,BTC,47672.1211,620983.0
2021-12-09,DOGE,0.1695,6319411823.0
2021-12-09,ETH,4119.8159,5411924.0
2021-12-09,SOL,181.1781,10863246.0
2021-12-09,XRP,0.8613,5289635948.0
2021-12-10,ADA,1.2117,1420508071.0
2021-12-10,BNB,552.9669,3779515.0
2021-12-10,BTC,47243.3047,655458.0
2021-12-10,DOGE,0.1644,5141954131.0
2021-12-10,ETH,3908.4961,7167615.0
2021-12-10,SOL,167.9548,12612119.0
2021-12-10,XRP,0.8011,4078276929.0
2021-12-11,ADA,1.3542,1250828967.0
2021-12-11,BNB,564.3225,3233881.0
2021-12-11,BTC,49362.5078,522175.0
2021-12-11,DOGE,0.169,4099711672.0
2021-12-11,ETH,4084.4524,4683982.0
2021-12-11,SOL,171.9495,10920906.0
2021-12-11,XRP,0.8393,2450783597.0
2021-12-12,ADA,1.3473,1093434409.0
2021-12-12,BNB,570.824,2290786.0
2021-12-12,BTC,50098.3359,437923.0
2021-12-12,DOGE,0.1699,3491252260.0
2021-12-12,ETH,4134.4531,3400112.0
2021-12-12,SOL,173.4317,6900750.0
2021-12-12,XRP,0.8413,1935116991.0
2021-12-13,ADA,1.2253,1182351224.0
2021-12-13,BNB,521.0116,3648609.0
2021-12-13,BTC,46737.4805,688243.0
2021-12-13,DOGE,0.1576,6146441528.0
2021-12-13,ETH,3784.2268,6342073.0
2021-12-13,SOL,155.2131,16413550.0
2021-12-13,XRP,0.7829,3204820135.0
2021-12-14,ADA,1.2228,1305329629.0
2021-12-14,BNB,511.2294,4366750.0
2021-12-14,BTC,46612.6328,743117.0
2021-12-14,DOGE,0.1802,35588244393.0
2021-12-14,ETH,3745.4404,6364207.0
2021-12-14,SOL,153.3414,16982004.0
2021-12-14,XRP,0.7962,4367732538.0
2021-12-15,ADA,1.3118,1245622828.0
2021-12-15,BNB,541.027,3844165.0
2021-12-15,BTC,48896.7227,747327.0
2021-12-15,DOGE,0.1811,13618885776.0
2021-12-15,ETH,4018.3887,6572582.0
2021-12-15,SOL,178.3408,21216614.0
2021-12-15,XRP,0.8274,3732116493.0
2021-12-16,ADA,1.2405,1042544298.0
2021-12-16,BNB,526.2465,2851944.0
2021-12-16,BTC,47665.4258,572074.0
2021-12-16,DOGE,0.1735,6099536365.0
2021-12-16,ETH,3962.4697,5003327.0
2021-12-16,SOL,176.9547,15632934.0
2021-12-16,XRP,0.8062,2701767333.0
2021-12-17,ADA,1.2199,1128076306.0
2021-12-17,BNB,525.7063,3433087.0
2021-12-17,BTC,46202.1445,712147.0
2021-12-17,DOGE,0.169,6074901038.0
2021-12-17,ETH,3879.4866,5965620.0
2021-12-17,SOL,175.5033,15450926.0
2021-12-17,XRP,0.7993,2957902446.0
2021-12-18,ADA,1.2425,851477169.0
2021-12-18,BNB,533.8914,2424791.0
2021-12-18,BTC,46848.7773,557075.0
2021-12-18,DOGE,0.1724,3822466826.0
2021-12-18,ETH,3960.8601,4930973.0
2021-12-18,SOL,182.8351,9245477.0
2021-12-18,XRP,0.8274,2183922572.0
2021-12-19,ADA,1.2447,980344451.0
2021-12-19,BNB,529.972,2263483.0
2021-12-19,BTC,46707.0156,538550.0
2021-12-19,DOGE,0.1696,3190416714.0
2021-12-19,ETH,3922.5925,4121709.0
2021-12-19,SOL,180.0981,9321112.0
2021-12-19,XRP,0.835,1887495914.0
2021-12-20,ADA,1.2382,1102618620.0
2021-12-20,BNB,523.1625,2804827.0
2021-12-20,BTC,46880.2773,660446.0
2021-12-20,DOGE,0.1673,5451962126.0
2021-12-20,ETH,3933.8445,5488191.0
2021-12-20,SOL,173.6718,11418012.0
2021-12-20,XRP,0.8798,5213552697.0
2021-12-21,ADA,1.2809,897115148.0
2021-12-21,BNB,528.711,2764643.0
2021-12-21,BTC,48936.6133,552874.0
2021-12-21,DOGE,0.1712,3630186464.0
2021-12-21,ETH,4020.26,4076491.0
2021-12-21,SOL,180.0925,10112067.0
2021-12-21,XRP,0.9476,3956068622.0
2021-12-22,ADA,1.328,1151173069.0
2021-12-22,BNB,533.645,2993234.0
2021-12-22,BTC,48628.5117,502750.0
2021-12-22,DOGE,0.1732,5383730382.0
2021-12-22,ETH,3982.0996,3496084.0
2021-12-22,SOL,178.5971,10578164.0
2021-12-22,XRP,0.9547,3474602463.0
2021-12-23,ADA,1.4747,1402683169.0
2021-12-23,BNB,548.7258,3402656.0
2021-12-23,BTC,50784.5391,555757.0
2021-12-23,DOGE,0.1845,6420303071.0
2021-12-23,ETH,4108.0156,4383448.0
2021-12-23,SOL,190.0363,11532713.0
2021-12-23,XRP,0.9933,4286011712.0
2021-12-24,ADA,1.3924,960809691.0
2021-12-24,BNB,541.902,3095134.0
2021-12-24,BTC,50822.1953,479474.0
2021-12-24,DOGE,0.1866,9931386255.0
2021-12-24,ETH,4047.9829,3154433.0
2021-12-24,SOL,190.2732,12018704.0
2021-12-24,XRP,0.912,4237418648.0
2021-12-25,ADA,1.4535,691714167.0
2021-12-25,BNB,547.3262,2385027.0
2021-12-25,BTC,50429.8594,377369.0
2021-12-25,DOGE,0.1907,5299795030.0
2021-12-25,ETH,4093.281,2661627.0
2021-12-25,SOL,193.1209,7473088.0
2021-12-25,XRP,0.9248,1889071658.0
2021-12-26,ADA,1.456,763574871.0
2021-12-26,BNB,546.995,2882526.0
2021-12-26,BTC,50809.5156,412607.0
2021-12-26,DOGE,0.19,3424240055.0
2021-12-26,ETH,4067.3281,2752973.0
2021-12-26,SOL,198.0007,9955088.0
2021-12-26,XRP,0.9212,1438050201.0
2021-12-27,ADA,1.5129,1250063618.0
2021-12-27,BNB,562.6415,3875215.0
2021-12-27,BTC,50640.418,480335.0
2021-12-27,DOGE,0.1877,3552241228.0
2021-12-27,ETH,4037.5476,2829529.0
2021-12-27,SOL,195.4295,9210967.0
2021-12-27,XRP,0.9262,1931561603.0
2021-12-28,ADA,1.4023,1506129571.0
2021-12-28,BNB,534.928,5218618.0
2021-12-28,BTC,47588.8555,702483.0
2021-12-28,DOGE,0.1741,5479507130.0
2021-12-28,ETH,3800.8931,4551423.0
2021-12-28,SOL,177.4256,15928159.0
2021-12-28,XRP,0.853,2675372798.0
2021-12-29,ADA,1.3308,1139734622.0
2021-12-29,BNB,514.0008,4201016.0
2021-12-29,BTC,46444.7109,646989.0
2021-12-29,DOGE,0.1678,4909416770.0
2021-12-29,ETH,3628.5317,4333035.0
2021-12-29,SOL,170.6576,12749105.0
2021-12-29,XRP,0.8167,2510363211.0
2021-12-30,ADA,1.3604,950297144.0
2021-12-30,BNB,518.9097,3759043.0
2021-12-30,BTC,47178.125,565654.0
2021-12-30,DOGE,0.1713,3497905953.0
2021-12-30,ETH,3713.8521,3480316.0
2021-12-30,SOL,172.7512,8918247.0
2021-12-30,XRP,0.8396,2239507077.0
2021-12-31,ADA,1.3102,970557695.0
2021-12-31,BNB,511.7083,3948519.0
2021-12-31,BTC,46306.4453,798467.0
2021-12-31,DOGE,0.1705,3779658684.0
2021-12-31,ETH,3682.6328,3844338.0
2021-12-31,SOL,170.2991,9206855.0
2021-12-31,XRP,0.8312,2089770374.0
2022-01-01,ADA,1.377,618224476.0
2022-01-01,BNB,527.3527,3076778.0
2022-01-01,BTC,47686.8125,515502.0
2022-01-01,DOGE,0.173,2146017268.0
2022-01-01,ETH,3769.697,2593363.0
2022-01-01,SOL,178.5179,6076591.0
2022-01-01,XRP,0.8495,1361391597.0
2022-01-02,ADA,1.3776,640173683.0
2022-01-02,BNB,531.3967,2751760.0
2022-01-02,BTC,47345.2188,590378.0
2022-01-02,DOGE,0.1744,2242174389.0
2022-01-02,ETH,3829.5649,2580312.0
2022-01-02,SOL,176.3828,5643346.0
2022-01-02,XRP,0.8591,1319997049.0
2022-01-03,ADA,1.3216,723844693.0
2022-01-03,BNB,512.136,3805929.0
2022-01-03,BTC,46458.1172,711859.0
2022-01-03,DOGE,0.1701,2974345059.0
2022-01-03,ETH,3761.3804,3211794.0
2022-01-03,SOL,170.2977,7902501.0
2022-01-03,XRP,0.8329,1715685435.0
2022-01-04,ADA,1.3117,773560128.0
2022-01-04,BNB,507.5061,4336656.0
2022-01-04,BTC,45897.5742,925859.0
2022-01-04,DOGE,0.1688,3210386494.0
2022-01-04,ETH,3794.0566,3698133.0
2022-01-04,SOL,167.9389,8927445.0
2022-01-04,XRP,0.8247,1835975437.0
2022-01-05,ADA,1.236,1145741990.0
2022-01-05,BNB,475.0569,6042976.0
2022-01-05,BTC,43569.0039,845810.0
2022-01-05,DOGE,0.1594,6235647078.0
2022-01-05,ETH,3550.387,5087146.0
2022-01-05,SOL,155.0997,13692865.0
2022-01-05,XRP,0.7744,2909162349.0
2022-01-06,ADA,1.2798,1218235148.0
2022-01-06,BNB,473.2756,9297392.0
2022-01-06,BTC,43160.9297,699893.0
2022-01-06,DOGE,0.1602,4464966473.0
2022-01-06,ETH,3418.4082,7106756.0
2022-01-06,SOL,150.4314,13941061.0
2022-01-06,XRP,0.7813,2770888597.0
2022-01-07,ADA,1.2115,1445843726.0
2022-01-07,BNB,447.7885,10302124.0
2022-01-07,BTC,41557.9023,2026007.0
2022-01-07,DOGE,0.155,6253166062.0
2022-01-07,ETH,3193.2104,7670706.0
2022-01-07,SOL,136.4028,21453147.0
2022-01-07,XRP,0.7631,3052947233.0
2022-01-08,ADA,1.1875,1262349263.0
2022-01-08,BNB,430.2462,9455376.0
2022-01-08,BTC,41733.9414,672507.0
2022-01-08,DOGE,0.152,3846144586.0
2022-01-08,ETH,3091.9727,5186893.0
2022-01-08,SOL,142.5135,19156088.0
2022-01-08,XRP,0.7477,2396844020.0
2022-01-09,ADA,1.1739,927342146.0
2022-01-09,BNB,438.8031,7629533.0
2022-01-09,BTC,41911.6016,508079.0
2022-01-09,DOGE,0.1511,2706028732.0
2022-01-09,ETH,3157.7515,3906160.0
2022-01-09,SOL,140.839,11354269.0
2022-01-09,XRP,0.7545,1567256943.0
2022-01-10,ADA,1.1281,1313433509.0
2022-01-10,BNB,424.9338,9780497.0
2022-01-10,BTC,41821.2617,767653.0
2022-01-10,DOGE,0.1434,5327079876.0
2022-01-10,ETH,3083.0979,6336401.0
2022-01-10,SOL,135.9549,15011469.0
2022-01-10,XRP,0.7393,2724128714.0
2022-01-11,ADA,1.1851,919686427.0
2022-01-11,BNB,463.5183,9925424.0
2022-01-11,BTC,42735.8555,616055.0
2022-01-11,DOGE,0.1534,10615764166.0
2022-01-11,ETH,3238.1116,4697629.0
2022-01-11,SOL,140.1839,11086850.0
2022-01-11,XRP,0.7706,2462340327.0
2022-01-12,ADA,1.3045,1265791420.0
2022-01-12,BNB,487.0074,8483106.0
2022-01-12,BTC,43949.1016,762244.0
2022-01-12,DOGE,0.1617,5542824134.0
2022-01-12,ETH,3372.2583,4941161.0
2022-01-12,SOL,151.7031,14781092.0
2022-01-12,XRP,0.7995,2471456457.0
2022-01-13,ADA,1.2332,1640099328.0
2022-01-13,BNB,475.0291,8738428.0
2022-01-13,BTC,42591.5703,1119732.0
2022-01-13,DOGE,0.172,13379330351.0
2022-01-13,ETH,3248.2886,4708469.0
2022-01-13,SOL,146.01,14910095.0
2022-01-13,XRP,0.7683,2054664723.0
2022-01-14,ADA,1.2909,1437712786.0
2022-01-14,BNB,489.8674,6353221.0
2022-01-14,BTC,43099.6992,547043.0
2022-01-14,DOGE,0.1835,31512047839.0
2022-01-14,ETH,3310.0015,4097568.0
2022-01-14,SOL,146.159,12468070.0
2022-01-14,XRP,0.7743,2035539297.0
2022-01-15,ADA,1.2963,746558206.0
2022-01-15,BNB,494.9881,3567795.0
2022-01-15,BTC,43177.3984,425485.0
2022-01-15,DOGE,0.1851,10147227749.0
2022-01-15,ETH,3330.5308,2888428.0
2022-01-15,SOL,147.8012,7599884.0
2022-01-15,XRP,0.7814,1317001423.0
2022-01-16,ADA,1.4073,1731518148.0
2022-01-16,BNB,498.4279,3555034.0
2022-01-16,BTC,43113.8789,415228.0
2022-01-16,DOGE,0.1772,6224038127.0
2022-01-16,ETH,3350.9219,2836812.0
2022-01-16,SOL,147.8565,7932384.0
2022-01-16,XRP,0.779,1290290852.0
2022-01-17,ADA,1.5941,3315359374.0
2022-01-17,BNB,475.7099,4487206.0
2022-01-17,BTC,42250.5508,513387.0
2022-01-17,DOGE,0.1711,6394456503.0
2022-01-17,ETH,3212.3049,3842820.0
2022-01-17,SOL,139.926,10632564.0
2022-01-17,XRP,0.7627,1843930248.0
2022-01-18,ADA,1.4655,2925244900.0
2022-01-18,BNB,472.0051,4463637.0
2022-01-18,BTC,42375.6328,529012.0
2022-01-18,DOGE,0.1655,5920134149.0
2022-01-18,ETH,3164.0251,4116324.0
2022-01-18,SOL,141.5872,10237056.0
2022-01-18,XRP,0.7526,2006387220.0
2022-01-19,ADA,1.3418,2462546520.0
2022-01-19,BNB,462.8221,3846107.0
2022-01-19,BTC,41744.3281,553166.0
2022-01-19,DOGE,0.1624,5758987289.0
2022-01-19,ETH,3095.8259,4259743.0
2022-01-19,SOL,135.7924,10638766.0
2022-01-19,XRP,0.7397,1954887798.0
2022-01-20,ADA,1.2581,1340331272.0
2022-01-20,BNB,440.0054,4276634.0
2022-01-20,BTC,40680.418,501028.0
2022-01-20,DOGE,0.1552,3023566814.0
2022-01-20,ETH,3001.1201,3547316.0
2022-01-20,SOL,127.2053,7736309.0
2022-01-20,XRP,0.7194,1739558892.0
2022-01-21,ADA,1.1232,2679433296.0
2022-01-21,BNB,383.0739,9520934.0
2022-01-21,BTC,36457.3164,1179790.0
2022-01-21,DOGE,0.1426,8153827102.0
2022-01-21,ETH,2557.9316,10475765.0
2022-01-21,SOL,111.9661,33685999.0
2022-01-21,XRP,0.6357,4956064492.0
2022-01-22,ADA,1.0667,3684649918.0
2022-01-22,BNB,358.0962,11803903.0
2022-01-22,BTC,35030.25,1133717.0
2022-01-22,DOGE,0.1329,12743615947.0
2022-01-22,ETH,2405.1812,11379472.0
2022-01-22,SOL,94.1784,42891658.0
2022-01-22,XRP,0.596,6063100406.0
2022-01-23,ADA,1.1224,2105032376.0
2022-01-23,BNB,383.934,7258631.0
2022-01-23,BTC,36276.8047,717207.0
2022-01-23,DOGE,0.1419,7093004674.0
2022-01-23,ETH,2535.0391,6501474.0
2022-01-23,SOL,99.5782,25589851.0
2022-01-23,XRP,0.6288,2945395276.0
2022-01-24,ADA,1.0666,3035179878.0
2022-01-24,BNB,371.369,8646042.0
2022-01-24,BTC,36654.3281,1141930.0
2022-01-24,DOGE,0.1378,10499960898.0
2022-01-24,ETH,2440.3523,11564234.0
2022-01-24,SOL,91.6502,50895051.0
2022-01-24,XRP,0.6121,4508747625.0
2022-01-25,ADA,1.0436,1692573978.0
2022-01-25,BNB,384.6194,6046657.0
2022-01-25,BTC,36954.0039,715164.0
2022-01-25,DOGE,0.143,9420322645.0
2022-01-25,ETH,2455.9351,6588031.0
2022-01-25,SOL,94.7204,30010998.0
2022-01-25,XRP,0.6176,2803149415.0
2022-01-26,ADA,1.079,2259023304.0
2022-01-26,BNB,375.7555,5926656.0
2022-01-26,BTC,36852.1211,850008.0
2022-01-26,DOGE,0.1438,8714909853.0
2022-01-26,ETH,2468.0303,8601965.0
2022-01-26,SOL,92.238,34445510.0
2022-01-26,XRP,0.6221,3700717351.0
2022-01-27,ADA,1.0435,1456563814.0
2022-01-27,BNB,390.0883,5006160.0
2022-01-27,BTC,37138.2344,674276.0
2022-01-27,DOGE,0.1412,4309525637.0
2022-01-27,ETH,2423.0012,6655598.0
2022-01-27,SOL,89.6325,28047260.0
2022-01-27,XRP,0.6088,2605479223.0
2022-01-28,ADA,1.0506,1148432973.0
2022-01-28,BNB,386.0844,4125654.0
2022-01-28,BTC,37784.332,588573.0
2022-01-28,DOGE,0.1417,3576745628.0
2022-01-28,ETH,2547.092,5758028.0
2022-01-28,SOL,91.3129,23612196.0
2022-01-28,XRP,0.6125,2151805784.0
2022-01-29,ADA,1.0596,861785949.0
2022-01-29,BNB,389.1328,3419426.0
2022-01-29,BTC,38138.1797,450839.0
2022-01-29,DOGE,0.1431,2779406396.0
2022-01-29,ETH,2597.0847,4301771.0
2022-01-29,SOL,96.2235,17951230.0
2022-01-29,XRP,0.6169,1554210899.0
2022-01-30,ADA,1.0375,721064198.0
2022-01-30,BNB,377.6129,3414423.0
2022-01-30,BTC,37917.6016,386194.0
2022-01-30,DOGE,0.1395,2609694886.0
2022-01-30,ETH,2603.4666,3649450.0
2022-01-30,SOL,93.2977,11901036.0
2022-01-30,XRP,0.6032,1443809718.0
2022-01-31,ADA,1.0523,879657626.0
2022-01-31,BNB,375.2773,3695342.0
2022-01-31,BTC,38483.125,538801.0
2022-01-31,DOGE,0.1418,2907564570.0
2022-01-31,ETH,2688.2788,5125300.0
2022-01-31,SOL,99.7388,18933991.0
2022-01-31,XRP,0.6191,2045611281.0
2022-02-01,ADA,1.0886,1038515449.0
2022-02-01,BNB,385.4638,3612914.0
2022-02-01,BTC,38743.2734,523665.0
2022-02-01,DOGE,0.1426,2870570096.0
2022-02-01,ETH,2792.1172,4725749.0
2022-02-01,SOL,109.979,32446803.0
2022-02-01,XRP,0.6292,1880116057.0
2022-02-02,ADA,1.0289,1055532278.0
2022-02-02,BNB,367.4717,3512787.0
2022-02-02,BTC,36952.9844,518367.0
2022-02-02,DOGE,0.1372,3520928979.0
2022-02-02,ETH,2682.854,5172216.0
2022-02-02,SOL,101.8376,32384746.0
2022-02-02,XRP,0.6015,1966366555.0
2022-02-03,ADA,1.0564,826996005.0
2022-02-03,BNB,370.8777,3242966.0
2022-02-03,BTC,37154.6016,500383.0
2022-02-03,DOGE,0.1375,2788306890.0
2022-02-03,ETH,2679.1626,4761004.0
2022-02-03,SOL,101.459,25812895.0
2022-02-03,XRP,0.6077,1715184730.0
2022-02-04,ADA,1.1356,1037982171.0
2022-02-04,BNB,399.0296,4288115.0
2022-02-04,BTC,41500.875,708713.0
2022-02-04,DOGE,0.1475,3937146880.0
2022-02-04,ETH,2983.5869,6363892.0
2022-02-04,SOL,112.1742,27826975.0
2022-02-04,XRP,0.6559,2352850455.0
2022-02-05,ADA,1.1273,1209844977.0
2022-02-05,BNB,414.2,4922769.0
2022-02-05,BTC,41441.1641,474235.0
2022-02-05,DOGE,0.1471,3989434966.0
2022-02-05,ETH,3014.6482,4346144.0
2022-02-05,SOL,113.8943,20523145.0
2022-02-05,XRP,0.6671,2638762539.0
2022-02-06,ADA,1.1445,796404018.0
2022-02-06,BNB,419.5456,3402715.0
2022-02-06,BTC,42412.4336,380598.0
2022-02-06,DOGE,0.1538,4922963798.0
2022-02-06,ETH,3057.4761,3096024.0
2022-02-06,SOL,115.2998,12909282.0
2022-02-06,XRP,0.6836,1601909140.0
2022-02-07,ADA,1.1973,1759965793.0
2022-02-07,BNB,433.2293,4052529.0
2022-02-07,BTC,43840.2852,653323.0
2022-02-07,DOGE,0.1656,10818821945.0
2022-02-07,ETH,3142.4707,4836024.0
2022-02-07,SOL,117.3551,21315170.0
2022-02-07,XRP,0.8278,5070435794.0
2022-02-08,ADA,1.1787,1923498252.0
2022-02-08,BNB,408.7768,5496899.0
2022-02-08,BTC,44118.4453,749786.0
2022-02-08,DOGE,0.1584,7513121148.0
2022-02-08,ETH,3122.6086,5487745.0
2022-02-08,SOL,113.5955,23508107.0
2022-02-08,XRP,0.8782,7013692674.0
2022-02-09,ADA,1.1948,1037366255.0
2022-02-09,BNB,422.4655,3791422.0
2022-02-09,BTC,44338.7969,524279.0
2022-02-09,DOGE,0.1591,4893514960.0
2022-02-09,ETH,3239.457,4306681.0
2022-02-09,SOL,114.0194,16173005.0
2022-02-09,XRP,0.8706,4319036077.0
2022-02-10,ADA,1.1525,1570750340.0
2022-02-10,BNB,415.1192,4909165.0
2022-02-10,BTC,43565.1133,737793.0
2022-02-10,DOGE,0.1519,6936846047.0
2022-02-10,ETH,3077.4822,6053483.0
2022-02-10,SOL,106.2028,23862434.0
2022-02-10,XRP,0.83,4258987939.0
2022-02-11,ADA,1.0803,1291958274.0
2022-02-11,BNB,400.4224,4282114.0
2022-02-11,BTC,42407.9375,635610.0
2022-02-11,DOGE,0.1448,5362420519.0
2022-02-11,ETH,2927.3835,5480621.0
2022-02-11,SOL,96.3819,23291239.0
2022-02-11,XRP,0.7602,4401592024.0
2022-02-12,ADA,1.0582,1324127698.0
2022-02-12,BNB,403.3897,3402457.0
2022-02-12,BTC,42244.4688,429699.0
2022-02-12,DOGE,0.1444,4173673884.0
2022-02-12,ETH,2917.3628,3857716.0
2022-02-12,SOL,95.9182,17958176.0
2022-02-12,XRP,0.8224,4203823775.0
2022-02-13,ADA,1.0458,1019493784.0
2022-02-13,BNB,398.8868,2886809.0
2022-02-13,BTC,42197.5156,349347.0
2022-02-13,DOGE,0.1489,10614882394.0
2022-02-13,ETH,2883.4634,3140308.0
2022-02-13,SOL,93.2441,12333376.0
2022-02-13,XRP,0.8103,3090561789.0
2022-02-14,ADA,1.0503,1201202663.0
2022-02-14,BNB,403.6608,3143936.0
2022-02-14,BTC,42586.918,489065.0
2022-02-14,DOGE,0.146,6150851490.0
2022-02-14,ETH,2933.479,4146800.0
2022-02-14,SOL,96.4333,18533399.0
2022-02-14,XRP,0.8022,2993326549.0
2022-02-15,ADA,1.1076,1237082220.0
2022-02-15,BNB,432.4094,5871481.0
2022-02-15,BTC,44575.2031,509738.0
2022-02-15,DOGE,0.1518,4447529448.0
2022-02-15,ETH,3179.8772,4377923.0
2022-02-15,SOL,104.8733,20353855.0
2022-02-15,XRP,0.8523,2639468700.0
2022-02-16,ADA,1.085,948334474.0
2022-02-16,BNB,427.9181,3904458.0
2022-02-16,BTC,43961.8594,450221.0
2022-02-16,DOGE,0.1491,3391050913.0
2022-02-16,ETH,3127.8301,3949194.0
2022-02-16,SOL,101.9329,18727563.0
2022-02-16,XRP,0.839,2580351843.0
2022-02-17,ADA,1.0199,1071998217.0
2022-02-17,BNB,402.45,4085012.0
2022-02-17,BTC,40538.0117,647458.0
2022-02-17,DOGE,0.1386,5206580571.0
2022-02-17,ETH,2881.4819,5504184.0
2022-02-17,SOL,93.4104,20045923.0
2022-02-17,XRP,0.7672,3647187463.0
2022-02-18,ADA,0.9971,1292474800.0
2022-02-18,BNB,399.5692,3890470.0
2022-02-18,BTC,40030.9766,582299.0
2022-02-18,DOGE,0.1388,4063020864.0
2022-02-18,ETH,2785.7275,5653164.0
2022-02-18,SOL,90.0655,18533707.0
2022-02-18,XRP,0.7859,3706744097.0
2022-02-19,ADA,0.9977,1107140848.0
2022-02-19,BNB,400.0436,2980664.0
2022-02-19,BTC,40122.1562,342368.0
2022-02-19,DOGE,0.1412,4644155838.0
2022-02-19,ETH,2763.7012,3536628.0
2022-02-19,SOL,91.4967,11854048.0
2022-02-19,XRP,0.8225,4042954069.0
2022-02-20,ADA,0.9329,1531798301.0
2022-02-20,BNB,380.8259,3759580.0
2022-02-20,BTC,38431.3789,477229.0
2022-02-20,DOGE,0.1369,3581104034.0
2022-02-20,ETH,2628.6484,4428678.0
2022-02-20,SOL,90.9014,21044559.0
2022-02-20,XRP,0.7783,3908329110.0
2022-02-21,ADA,0.8582,2414570069.0
2022-02-21,BNB,356.6613,6068816.0
2022-02-21,BTC,37075.2812,789755.0
2022-02-21,DOGE,0.1285,7111628276.0
2022-02-21,ETH,2573.8162,7244648.0
2022-02-21,SOL,83.1232,34802581.0
2022-02-21,XRP,0.7035,5089829950.0
2022-02-22,ADA,0.889,2315478412.0
2022-02-22,BNB,374.3075,5442611.0
2022-02-22,BTC,38286.0273,665860.0
2022-02-22,DOGE,0.1316,5412017591.0
2022-02-22,ETH,2639.2993,6198691.0
2022-02-22,SOL,86.4654,23669056.0
2022-02-22,XRP,0.7228,4896833992.0
2022-02-23,ADA,0.8692,2099000330.0
2022-02-23,BNB,366.5395,4487123.0
2022-02-23,BTC,37296.5703,585820.0
2022-02-23,DOGE,0.1278,4595160538.0
2022-02-23,ETH,2590.3596,5166324.0
2022-02-23,SOL,84.9028,27018695.0
2022-02-23,XRP,0.6987,3850018063.0
2022-02-24,ADA,0.8534,4252708293.0
2022-02-24,BNB,361.2346,8229974.0
2022-02-24,BTC,38332.6094,1210035.0
2022-02-24,DOGE,0.1238,16528775778.0
2022-02-24,ETH,2598.0671,11282365.0
2022-02-24,SOL,89.1947,58900093.0
2022-02-24,XRP,0.6963,7391937396.0
2022-02-25,ADA,0.898,1840584096.0
2022-02-25,BNB,374.9149,4905206.0
2022-02-25,BTC,39214.2188,676938.0
2022-02-25,DOGE,0.1276,6311227141.0
2022-02-25,ETH,2764.5356,6224880.0
2022-02-25,SOL,92.5988,33145589.0
2022-02-25,XRP,0.7689,4500845039.0
2022-02-26,ADA,0.8879,1238779850.0
2022-02-26,BNB,373.6388,3530706.0
2022-02-26,BTC,39105.1484,446682.0
2022-02-26,DOGE,0.1276,4195755985.0
2022-02-26,ETH,2781.1118,4215813.0
2022-02-26,SOL,90.1416,19092656.0
2022-02-26,XRP,0.751,4063655760.0
2022-02-27,ADA,0.8583,1489523955.0
2022-02-27,BNB,360.531,4440272.0
2022-02-27,BTC,37709.7852,621858.0
2022-02-27,DOGE,0.1231,4815241048.0
2022-02-27,ETH,2621.8018,6160213.0
2022-02-27,SOL,85.5191,23533031.0
2022-02-27,XRP,0.722,3785556796.0
2022-02-28,ADA,0.9598,1853667897.0
2022-02-28,BNB,395.6124,4722676.0
2022-02-28,BTC,43193.2344,826287.0
2022-02-28,DOGE,0.1332,5750817950.0
2022-02-28,ETH,2919.2012,6599793.0
2022-02-28,SOL,99.5203,34745385.0
2022-02-28,XRP,0.782,3905053062.0
2022-03-01,ADA,0.9623,1848394959.0
2022-03-01,BNB,408.4823,7063509.0
2022-03-01,BTC,44354.6367,732258.0
2022-03-01,DOGE,0.1339,6544852951.0
2022-03-01,ETH,2972.4851,6310351.0
2022-03-01,SOL,98.6536,32697681.0
2022-03-01,XRP,0.7849,3666603968.0
2022-03-02,ADA,0.9387,1345192702.0
2022-03-02,BNB,409.0003,5002125.0
2022-03-02,BTC,43924.1172,664398.0
2022-03-02,DOGE,0.133,5335260591.0
2022-03-02,ETH,2950.1184,5639271.0
2022-03-02,SOL,100.6496,37760623.0
2022-03-02,XRP,0.7685,3124345924.0
2022-03-03,ADA,0.9027,1092587068.0
2022-03-03,BNB,402.5507,3969732.0
2022-03-03,BTC,42451.7891,588144.0
2022-03-03,DOGE,0.1296,3998097198.0
2022-03-03,ETH,2834.469,4618572.0
2022-03-03,SOL,95.5392,24171353.0
2022-03-03,XRP,0.7522,2942115061.0
2022-03-04,ADA,0.8429,1322960326.0
2022-03-04,BNB,374.2809,4650420.0
2022-03-04,BTC,39137.6055,728616.0
2022-03-04,DOGE,0.1226,5307613230.0
2022-03-04,ETH,2617.156,5539196.0
2022-03-04,SOL,88.246,29381845.0
2022-03-04,XRP,0.7127,3311205628.0
2022-03-05,ADA,0.8657,848931602.0
2022-03-05,BNB,384.8734,3432981.0
2022-03-05,BTC,39400.5859,430854.0
2022-03-05,DOGE,0.125,2672817967.0
2022-03-05,ETH,2664.8311,3029223.0
2022-03-05,SOL,89.6478,16031193.0
2022-03-05,XRP,0.7549,3043914405.0
2022-03-06,ADA,0.8238,813381795.0
2022-03-06,BNB,375.0112,3480683.0
2022-03-06,BTC,38419.9844,513931.0
2022-03-06,DOGE,0.1208,3315986846.0
2022-03-06,ETH,2555.0374,3472739.0
2022-03-06,SOL,84.5422,17358929.0
2022-03-06,XRP,0.726,2565162036.0
2022-03-07,ADA,0.7974,1304566964.0
2022-03-07,BNB,381.3446,5397537.0
2022-03-07,BTC,38062.0391,749990.0
2022-03-07,DOGE,0.1171,4380810642.0
2022-03-07,ETH,2497.7712,5842848.0
2022-03-07,SOL,82.1301,28925439.0
2022-03-07,XRP,0.7233,4037432593.0
2022-03-08,ADA,0.8012,1193075852.0
2022-03-08,BNB,381.9586,4410269.0
2022-03-08,BTC,38737.2695,665421.0
2022-03-08,DOGE,0.117,4199081504.0
2022-03-08,ETH,2576.7476,5403293.0
2022-03-08,SOL,82.2548,25685637.0
2022-03-08,XRP,0.721,2645445857.0
2022-03-09,ADA,0.8493,1154924749.0
2022-03-09,BNB,393.5558,6163191.0
2022-03-09,BTC,41982.9258,768982.0
2022-03-09,DOGE,0.1216,4269808785.0
2022-03-09,ETH,2729.7834,5192231.0
2022-03-09,SOL,88.2021,29759630.0
2022-03-09,XRP,0.7672,3139284522.0
2022-03-10,ADA,0.8063,1120714559.0
2022-03-10,BNB,372.159,5658356.0
2022-03-10,BTC,39437.4609,788034.0
2022-03-10,DOGE,0.1169,4394416302.0
2022-03-10,ETH,2608.0486,5096714.0
2022-03-10,SOL,82.9391,26482089.0
2022-03-10,XRP,0.7375,3280072297.0
2022-03-11,ADA,0.7901,1002873075.0
2022-03-11,BNB,372.1841,4166864.0
2022-03-11,BTC,38794.9727,679596.0
2022-03-11,DOGE,0.1156,3362635186.0
2022-03-11,ETH,2559.563,4837708.0
2022-03-11,SOL,80.745,22945504.0
2022-03-11,XRP,0.8022,4336215793.0
2022-03-12,ADA,0.7907,624285241.0
2022-03-12,BNB,372.7304,3250118.0
2022-03-12,BTC,38904.0117,375705.0
2022-03-12,DOGE,0.1151,2043470383.0
2022-03-12,ETH,2574.7542,2537328.0
2022-03-12,SOL,81.5538,12706830.0
2022-03-12,XRP,0.7866,4742425787.0
2022-03-13,ADA,0.791,976031394.0
2022-03-13,BNB,361.8498,3432396.0
2022-03-13,BTC,37849.6641,457091.0
2022-03-13,DOGE,0.1116,3345908095.0
2022-03-13,ETH,2518.9446,3426832.0
2022-03-13,SOL,78.9361,16682393.0
2022-03-13,XRP,0.7614,2812535128.0
2022-03-14,ADA,0.8039,1150332696.0
2022-03-14,BNB,373.4662,3897182.0
2022-03-14,BTC,39666.7539,613162.0
2022-03-14,DOGE,0.114,7208299951.0
2022-03-14,ETH,2590.696,4340300.0
2022-03-14,SOL,81.1733,20654578.0
2022-03-14,XRP,0.7747,2855836692.0
2022-03-15,ADA,0.8,1040163865.0
2022-03-15,BNB,371.6288,3661289.0
2022-03-15,BTC,39338.7852,608407.0
2022-03-15,DOGE,0.1128,3552051915.0
2022-03-15,ETH,2620.1497,4908539.0
2022-03-15,SOL,82.9551,19623251.0
2022-03-15,XRP,0.7668,2386831147.0
2022-03-16,ADA,0.8384,1471175966.0
2022-03-16,BNB,385.5282,4639982.0
2022-03-16,BTC,41143.9297,962886.0
2022-03-16,DOGE,0.1169,4594817651.0
2022-03-16,ETH,2772.0557,6462753.0
2022-03-16,SOL,87.9036,26971326.0
2022-03-16,XRP,0.7935,3125762790.0
2022-03-17,ADA,0.8368,1087178907.0
2022-03-17,BNB,391.8247,4174462.0
2022-03-17,BTC,40951.3789,537457.0
2022-03-17,DOGE,0.1165,3543619915.0
2022-03-17,ETH,2814.8545,4506544.0
2022-03-17,SOL,87.8768,27766843.0
2022-03-17,XRP,0.7935,2346593317.0
2022-03-18,ADA,0.8534,928844842.0
2022-03-18,BNB,397.6455,4191029.0
2022-03-18,BTC,41801.1562,823460.0
2022-03-18,DOGE,0.1193,3443770721.0
2022-03-18,ETH,2945.343,5374885.0
2022-03-18,SOL,89.822,30564409.0
2022-03-18,XRP,0.7983,2318454173.0
2022-03-19,ADA,0.9011,1224639073.0
2022-03-19,BNB,399.8535,3832781.0
2022-03-19,BTC,42190.6523,466095.0
2022-03-19,DOGE,0.1236,5082842803.0
2022-03-19,ETH,2946.2571,3929210.0
2022-03-19,SOL,92.4182,21117866.0
2022-03-19,XRP,0.8194,2497511318.0
2022-03-20,ADA,0.8771,1083069205.0
2022-03-20,BNB,390.7684,3414282.0
2022-03-20,BTC,41247.8242,487976.0
2022-03-20,DOGE,0.1192,3592928507.0
2022-03-20,ETH,2860.4592,4434507.0
2022-03-20,SOL,88.6149,14513746.0
2022-03-20,XRP,0.8061,1897479615.0
2022-03-21,ADA,0.9168,1345442927.0
2022-03-21,BNB,396.4478,4180478.0
2022-03-21,BTC,41077.9961,599239.0
2022-03-21,DOGE,0.1193,3682673125.0
2022-03-21,ETH,2897.9766,5247149.0
2022-03-21,SOL,88.7572,18010226.0
2022-03-21,XRP,0.8382,2965206000.0
2022-03-22,ADA,0.9764,1740544790.0
2022-03-22,BNB,404.3149,4439904.0
2022-03-22,BTC,42358.8086,755561.0
2022-03-22,DOGE,0.1225,4984504487.0
2022-03-22,ETH,2973.1311,5660880.0
2022-03-22,SOL,90.513,20767710.0
2022-03-22,XRP,0.8371,2831897984.0
2022-03-23,ADA,1.1075,3113083158.0
2022-03-23,BNB,408.6098,4027439.0
2022-03-23,BTC,42892.957,588510.0
2022-03-23,DOGE,0.1297,7700191226.0
2022-03-23,ETH,3031.0671,5281562.0
2022-03-23,SOL,95.1027,22075799.0
2022-03-23,XRP,0.8379,2478111721.0
2022-03-24,ADA,1.13,3248647117.0
2022-03-24,BNB,414.127,4422439.0
2022-03-24,BTC,43960.9336,706150.0
2022-03-24,DOGE,0.1365,14777934013.0
2022-03-24,ETH,3108.062,5814074.0
2022-03-24,SOL,102.2237,35232992.0
2022-03-24,XRP,0.843,2703516886.0
2022-03-25,ADA,1.0979,2033840612.0
2022-03-25,BNB,410.8112,4085249.0
2022-03-25,BTC,44348.7305,689409.0
2022-03-25,DOGE,0.131,6735868462.0
2022-03-25,ETH,3106.6714,5481914.0
2022-03-25,SOL,98.6581,22050870.0
2022-03-25,XRP,0.8251,1939167877.0
2022-03-26,ADA,1.1506,1222995633.0
2022-03-26,BNB,415.9198,2602041.0
2022-03-26,BTC,44500.8281,380902.0
2022-03-26,DOGE,0.1359,4492610526.0
2022-03-26,ETH,3143.179,2824027.0
2022-03-26,SOL,101.7642,12606298.0
2022-03-26,XRP,0.8328,1268558860.0
2022-03-27,ADA,1.1821,1118467895.0
2022-03-27,BNB,430.5033,3483145.0
2022-03-27,BTC,46820.4922,601465.0
2022-03-27,DOGE,0.1447,9984105613.0
2022-03-27,ETH,3291.5776,4080678.0
2022-03-27,SOL,107.0842,14683115.0
2022-03-27,XRP,0.8573,1755568936.0
2022-03-28,ADA,1.1702,1968969039.0
2022-03-28,BNB,430.3909,4945968.0
2022-03-28,BTC,47128.0039,771562.0
2022-03-28,DOGE,0.1427,10352632816.0
2022-03-28,ETH,3336.6345,6180015.0
2022-03-28,SOL,106.4653,27024275.0
2022-03-28,XRP,0.8633,3713019060.0
2022-03-29,ADA,1.1911,1479120620.0
2022-03-29,BNB,434.5057,4574615.0
2022-03-29,BTC,47465.7305,661468.0
2022-03-29,DOGE,0.1445,6652415834.0
2022-03-29,ETH,3401.9878,5741738.0
2022-03-29,SOL,111.7103,27323126.0
2022-03-29,XRP,0.858,2470885886.0
2022-03-30,ADA,1.1904,1196623219.0
2022-03-30,BNB,442.6848,4928421.0
2022-03-30,BTC,47062.6641,623294.0
2022-03-30,DOGE,0.1432,6174885141.0
2022-03-30,ETH,3385.158,4520470.0
2022-03-30,SOL,120.6995,32379346.0
2022-03-30,XRP,0.8608,2128998475.0
2022-03-31,ADA,1.1419,1529011375.0
2022-03-31,BNB,428.9161,6137644.0
2022-03-31,BTC,45538.6758,731849.0
2022-03-31,DOGE,0.1378,7655572839.0
2022-03-31,ETH,3281.6428,5389220.0
2022-03-31,SOL,122.6615,33549491.0
2022-03-31,XRP,0.8146,3206245264.0
2022-04-01,ADA,1.1654,1448214967.0
2022-04-01,BNB,446.6043,6086387.0
2022-04-01,BTC,46281.6445,824574.0
2022-04-01,DOGE,0.1413,6209744385.0
2022-04-01,ETH,3449.5522,6082815.0
2022-04-01,SOL,134.4309,32989485.0
2022-04-01,XRP,0.8277,2527227232.0
2022-04-02,ADA,1.156,1058918292.0
2022-04-02,BNB,436.9554,5201680.0
2022-04-02,BTC,45868.9492,639574.0
2022-04-02,DOGE,0.1389,4912486510.0
2022-04-02,ETH,3445.0593,6842134.0
2022-04-02,SOL,132.1989,25674853.0
2022-04-02,XRP,0.8249,1968953473.0
2022-04-03,ADA,1.1859,823587202.0
2022-04-03,BNB,450.3489,4726855.0
2022-04-03,BTC,46453.5664,547092.0
2022-04-03,DOGE,0.1465,7151776891.0
2022-04-03,ETH,3522.8335,4352692.0
2022-04-03,SOL,136.7753,18906683.0
2022-04-03,XRP,0.8429,1599711535.0
2022-04-04,ADA,1.2129,2018046038.0
2022-04-04,BNB,447.5249,5025097.0
2022-04-04,BTC,46622.6758,697081.0
2022-04-04,DOGE,0.1486,15165855379.0
2022-04-04,ETH,3521.2412,5171463.0
2022-04-04,SOL,132.4126,21358365.0
2022-04-04,XRP,0.8273,2267835383.0
2022-04-05,ADA,1.1708,1014780557.0
2022-04-05,BNB,445.1726,5096113.0
2022-04-05,BTC,45555.9922,650641.0
2022-04-05,DOGE,0.1729,30249144538.0
2022-04-05,ETH,3411.7925,4889366.0
2022-04-05,SOL,126.8622,17656336.0
2022-04-05,XRP,0.8176,1894113522.0
2022-04-06,ADA,1.0528,1624587266.0
2022-04-06,BNB,420.1464,5529601.0
2022-04-06,BTC,43206.7383,911742.0
2022-04-06,DOGE,0.1434,26001436085.0
2022-04-06,ETH,3171.6919,8081669.0
2022-04-06,SOL,112.8834,29065475.0
2022-04-06,XRP,0.7613,3319427494.0
2022-04-07,ADA,1.0919,1043780409.0
2022-04-07,BNB,436.7968,4865060.0
2022-04-07,BTC,43503.8477,599992.0
2022-04-07,DOGE,0.1461,9724648855.0
2022-04-07,ETH,3233.2747,5179114.0
2022-04-07,SOL,118.7965,20464264.0
2022-04-07,XRP,0.788,2066984590.0
2022-04-08,ADA,1.0263,902340681.0
2022-04-08,BNB,421.6772,4628952.0
2022-04-08,BTC,42287.6641,643592.0
2022-04-08,DOGE,0.1425,11812083641.0
2022-04-08,ETH,3192.074,5500202.0
2022-04-08,SOL,109.8009,21647045.0
2022-04-08,XRP,0.7541,2233281866.0
2022-04-09,ADA,1.045,613289429.0
2022-04-09,BNB,427.153,3275426.0
2022-04-09,BTC,42782.1367,375175.0
2022-04-09,DOGE,0.1443,3631230333.0
2022-04-09,ETH,3261.9163,3037513.0
2022-04-09,SOL,112.9728,10641947.0
2022-04-09,XRP,0.7636,1320489903.0
2022-04-10,ADA,1.0309,607568136.0
2022-04-10,BNB,418.5907,3369122.0
2022-04-10,BTC,42207.6719,418276.0
2022-04-10,DOGE,0.1495,12918913063.0
2022-04-10,ETH,3211.8669,3246416.0
2022-04-10,SOL,111.7424,11456994.0
2022-04-10,XRP,0.7566,1383713396.0
2022-04-11,ADA,0.9204,1519152538.0
2022-04-11,BNB,394.0869,5564211.0
2022-04-11,BTC,39521.9023,859015.0
2022-04-11,DOGE,0.1347,11256103454.0
2022-04-11,ETH,2981.0522,7343650.0
2022-04-11,SOL,99.3391,22876170.0
2022-04-11,XRP,0.695,3406650445.0
2022-04-12,ADA,0.9551,1126666841.0
2022-04-12,BNB,413.8739,5171928.0
2022-04-12,BTC,40127.1836,772332.0
2022-04-12,DOGE,0.1381,8793024256.0
2022-04-12,ETH,3030.3765,6677622.0
2022-04-12,SOL,103.3064,22428508.0
2022-04-12,XRP,0.7166,2776986732.0
2022-04-13,ADA,0.9747,812256225.0
2022-04-13,BNB,423.1302,4566097.0
2022-04-13,BTC,41166.7305,672657.0
2022-04-13,DOGE,0.1401,6358714132.0
2022-04-13,ETH,3118.3442,5159300.0
2022-04-13,SOL,105.0019,15960089.0
2022-04-13,XRP,0.7239,2319347954.0
2022-04-14,ADA,0.9324,870870896.0
2022-04-14,BNB,414.6637,3895891.0
2022-04-14,BTC,39935.5156,609533.0
2022-04-14,DOGE,0.1439,12222538269.0
2022-04-14,ETH,3019.9094,5239038.0
2022-04-14,SOL,100.7078,16747224.0
2022-04-14,XRP,0.7268,2361644715.0
2022-04-15,ADA,0.9547,601911375.0
2022-04-15,BNB,417.2937,2978526.0
2022-04-15,BTC,40553.4648,536498.0
2022-04-15,DOGE,0.146,7809445469.0
2022-04-15,ETH,3040.9165,3701730.0
2022-04-15,SOL,101.3098,10370562.0
2022-04-15,XRP,0.7857,3687352281.0
2022-04-16,ADA,0.9526,491763716.0
2022-04-16,BNB,417.4785,2449184.0
2022-04-16,BTC,40424.4844,416410.0
2022-04-16,DOGE,0.1437,4063816402.0
2022-04-16,ETH,3062.3103,2862777.0
2022-04-16,SOL,102.2573,7578326.0
2022-04-16,XRP,0.7818,1953028740.0
2022-04-17,ADA,0.9175,575903567.0
2022-04-17,BNB,407.3777,2671493.0
2022-04-17,BTC,39716.9531,480592.0
2022-04-17,DOGE,0.1395,4563651607.0
2022-04-17,ETH,2993.4033,3495383.0
2022-04-17,SOL,100.4097,10535917.0
2022-04-17,XRP,0.7532,1793697349.0
2022-04-18,ADA,0.9367,1179872705.0
2022-04-18,BNB,416.9684,4618259.0
2022-04-18,BTC,40826.2148,825577.0
2022-04-18,DOGE,0.1403,6484741836.0
2022-04-18,ETH,3057.6067,6092798.0
2022-04-18,SOL,102.1585,18071265.0
2022-04-18,XRP,0.768,2779129758.0
2022-04-19,ADA,0.9533,815184585.0
2022-04-19,BNB,422.3871,4390411.0
2022-04-19,BTC,41502.75,609675.0
2022-04-19,DOGE,0.1427,4762987789.0
2022-04-19,ETH,3104.1064,4560422.0
2022-04-19,SOL,108.582,15766049.0
2022-04-19,XRP,0.7751,2366550693.0
2022-04-20,ADA,0.9373,883683598.0
2022-04-20,BNB,418.3542,4864697.0
2022-04-20,BTC,41374.3789,672385.0
2022-04-20,DOGE,0.1409,7584876541.0
2022-04-20,ETH,3077.7458,5051542.0
2022-04-20,SOL,105.497,16697456.0
2022-04-20,XRP,0.7522,2391586201.0
2022-04-21,ADA,0.9105,956766854.0
2022-04-21,BNB,405.0215,5407817.0
2022-04-21,BTC,40527.3633,872812.0
2022-04-21,DOGE,0.1364,5430644318.0
2022-04-21,ETH,2987.4807,6956895.0
2022-04-21,SOL,101.7761,18064861.0
2022-04-21,XRP,0.7332,2714616437.0
2022-04-22,ADA,0.9072,800072417.0
2022-04-22,BNB,406.9875,4658005.0
2022-04-22,BTC,39740.3203,704869.0
2022-04-22,DOGE,0.1364,3704323734.0
2022-04-22,ETH,2964.8357,5660616.0
2022-04-22,SOL,100.6121,12670386.0
2022-04-22,XRP,0.7192,2615711214.0
2022-04-23,ADA,0.8885,504216253.0
2022-04-23,BNB,401.6525,3372280.0
2022-04-23,BTC,39486.7305,408695.0
2022-04-23,DOGE,0.1342,2605314840.0
2022-04-23,ETH,2938.114,3102996.0
2022-04-23,SOL,100.7444,8171692.0
2022-04-23,XRP,0.7077,1882875777.0
2022-04-24,ADA,0.8863,550154637.0
2022-04-24,BNB,399.1054,3063022.0
2022-04-24,BTC,39469.293,455149.0
2022-04-24,DOGE,0.1319,3309057688.0
2022-04-24,ETH,2922.7327,3317727.0
2022-04-24,SOL,99.2358,8245674.0
2022-04-24,XRP,0.6987,1586025604.0
2022-04-25,ADA,0.8987,1268360277.0
2022-04-25,BNB,404.3503,4725378.0
2022-04-25,BTC,40458.3086,876105.0
2022-04-25,DOGE,0.158,32779542215.0
2022-04-25,ETH,3009.3936,7420994.0
2022-04-25,SOL,101.2476,15195285.0
2022-04-25,XRP,0.6944,3423390355.0
2022-04-26,ADA,0.8276,1232472591.0
2022-04-26,BNB,385.4831,4337321.0
2022-04-26,BTC,38117.4609,906910.0
2022-04-26,DOGE,0.1378,32874421579.0
2022-04-26,ETH,2808.2983,6784196.0
2022-04-26,SOL,95.7822,13583685.0
2022-04-26,XRP,0.6417,3367076110.0
2022-04-27,ADA,0.8406,1103162147.0
2022-04-27,BNB,391.4458,3864104.0
2022-04-27,BTC,39241.1211,789504.0
2022-04-27,DOGE,0.1397,12636872073.0
2022-04-27,ETH,2888.9297,6029667.0
2022-04-27,SOL,98.3789,12742234.0
2022-04-27,XRP,0.6523,2640463792.0
2022-04-28,ADA,0.8439,991003477.0
2022-04-28,BNB,406.7182,5203557.0
2022-04-28,BTC,39773.8281,852412.0
2022-04-28,DOGE,0.1374,8045379704.0
2022-04-28,ETH,2936.9409,6279842.0
2022-04-28,SOL,98.1857,13312847.0
2022-04-28,XRP,0.6444,2399372930.0
2022-04-29,ADA,0.805,1086646650.0
2022-04-29,BNB,393.0622,4905610.0
2022-04-29,BTC,38609.8242,799874.0
2022-04-29,DOGE,0.135,11519156471.0
2022-04-29,ETH,2815.6018,6666795.0
2022-04-29,SOL,94.0113,13132192.0
2022-04-29,XRP,0.6114,3209315104.0
2022-04-30,ADA,0.7567,1147148244.0
2022-04-30,BNB,377.7678,3884941.0
2022-04-30,BTC,37714.875,633589.0
2022-04-30,DOGE,0.1276,7185902068.0
2022-04-30,ETH,2730.1868,4952387.0
2022-04-30,SOL,85.0959,15195013.0
2022-04-30,XRP,0.5871,2809141767.0
2022-05-01,ADA,0.7903,1174739393.0
2022-05-01,BNB,390.282,3981344.0
2022-05-01,BTC,38469.0938,701934.0
2022-05-01,DOGE,0.1328,7469220325.0
2022-05-01,ETH,2827.7561,5422225.0
2022-05-01,SOL,89.6715,15910841.0
2022-05-01,XRP,0.6078,2727672147.0
2022-05-02,ADA,0.7815,1030448217.0
2022-05-02,BNB,389.6707,3562182.0
2022-05-02,BTC,38529.3281,854483.0
2022-05-02,DOGE,0.1309,5873487987.0
2022-05-02,ETH,2857.4104,6512800.0
2022-05-02,SOL,87.581,14446283.0
2022-05-02,XRP,0.6143,2746653383.0
2022-05-03,ADA,0.7711,842449011.0
2022-05-03,BNB,383.4758,3379295.0
2022-05-03,BTC,37750.4531,723884.0
2022-05-03,DOGE,0.1295,4290507498.0
2022-05-03,ETH,2783.4763,4679793.0
2022-05-03,SOL,85.8424,11788919.0
2022-05-03,XRP,0.6048,2414517528.0
2022-05-04,ADA,0.8969,1690213104.0
2022-05-04,BNB,402.5027,4259591.0
2022-05-04,BTC,39698.3711,925842.0
2022-05-04,DOGE,0.1358,6170803116.0
2022-05-04,ETH,2940.6448,6184613.0
2022-05-04,SOL,92.7709,15397674.0
2022-05-04,XRP,0.6465,3030840260.0
2022-05-05,ADA,0.7912,2277853799.0
2022-05-05,BNB,378.7736,6308484.0
2022-05-05,BTC,36575.1406,1178567.0
2022-05-05,DOGE,0.1284,9795737179.0
2022-05-05,ETH,2749.2131,8236148.0
2022-05-05,SOL,84.596,21348278.0
2022-05-05,XRP,0.5989,3645884520.0
2022-05-06,ADA,0.7834,1675200835.0
2022-05-06,BNB,379.3043,4837200.0
2022-05-06,BTC,36040.9219,1048685.0
2022-05-06,DOGE,0.1279,6559807741.0
2022-05-06,ETH,2694.9797,7802507.0
2022-05-06,SOL,81.7641,19386036.0
2022-05-06,XRP,0.6026,3324548846.0
2022-05-07,ADA,0.7619,1052077496.0
2022-05-07,BNB,365.6841,4178361.0
2022-05-07,BTC,35501.9531,686607.0
2022-05-07,DOGE,0.1275,5852517015.0
2022-05-07,ETH,2636.093,5071625.0
2022-05-07,SOL,78.9834,14421927.0
2022-05-07,XRP,0.5823,2147194159.0
2022-05-08,ADA,0.7396,1467254533.0
2022-05-08,BNB,355.3987,5278144.0
2022-05-08,BTC,34059.2656,1079384.0
2022-05-08,DOGE,0.1242,5868857439.0
2022-05-08,ETH,2517.46,8263198.0
2022-05-08,SOL,75.2202,19139821.0
2022-05-08,XRP,0.5665,2656632916.0
2022-05-09,ADA,0.6101,3779984710.0
2022-05-09,BNB,299.3489,9832586.0
2022-05-09,BTC,30296.9531,2091151.0
2022-05-09,DOGE,0.1048,12910463048.0
2022-05-09,ETH,2245.4304,16181115.0
2022-05-09,SOL,63.2697,43844071.0
2022-05-09,XRP,0.4929,6689410363.0
2022-05-10,ADA,0.629,3772228427.0
2022-05-10,BNB,319.327,10054283.0
2022-05-10,BTC,31022.9062,1927964.0
2022-05-10,DOGE,0.1085,15884164337.0
2022-05-10,ETH,2343.511,16301225.0
2022-05-10,SOL,66.7662,55073012.0
2022-05-10,XRP,0.5136,6728197510.0
2022-05-11,ADA,0.5128,5250679064.0
2022-05-11,BNB,269.9628,14337602.0
2022-05-11,BTC,28936.3555,2432540.0
2022-05-11,DOGE,0.0846,30219647115.0
2022-05-11,ETH,2072.1086,22075773.0
2022-05-11,SOL,50.2108,88283938.0
2022-05-11,XRP,0.4134,12797665907.0
2022-05-12,ADA,0.4737,5906674787.0
2022-05-12,BNB,269.4073,17594145.0
2022-05-12,BTC,29047.752,2306174.0
2022-05-12,DOGE,0.0827,31825719219.0
2022-05-12,ETH,1961.7015,21646252.0
2022-05-12,SOL,44.6836,100062845.0
2022-05-12,XRP,0.3852,12048242211.0
2022-05-13,ADA,0.5289,3679749520.0
2022-05-13,BNB,290.5842,9546703.0
2022-05-13,BTC,29283.1035,1462998.0
2022-05-13,DOGE,0.0883,16351571182.0
2022-05-13,ETH,2014.4182,12319238.0
2022-05-13,SOL,48.5936,58736403.0
2022-05-13,XRP,0.4234,6965548847.0
2022-05-14,ADA,0.5394,2185382682.0
2022-05-14,BNB,297.3876,6337085.0
2022-05-14,BTC,30101.2656,949457.0
2022-05-14,DOGE,0.0898,10050335858.0
2022-05-14,ETH,2056.2739,7517016.0
2022-05-14,SOL,52.4172,38959303.0
2022-05-14,XRP,0.4278,4726686205.0
2022-05-15,ADA,0.5975,1824989597.0
2022-05-15,BNB,312.0077,5163617.0
2022-05-15,BTC,31305.1133,825276.0
2022-05-15,DOGE,0.0928,7021539598.0
2022-05-15,ETH,2145.7068,6918973.0
2022-05-15,SOL,58.8113,31351744.0
2022-05-15,XRP,0.4474,3191306331.0
2022-05-16,ADA,0.5567,2320241000.0
2022-05-16,BNB,297.7101,5892256.0
2022-05-16,BTC,29862.918,1092120.0
2022-05-16,DOGE,0.0878,6904768421.0
2022-05-16,ETH,2022.726,10609224.0
2022-05-16,SOL,53.6465,38535854.0
2022-05-16,XRP,0.4225,4352891776.0
2022-05-17,ADA,0.5781,1617671752.0
2022-05-17,BNB,305.9634,5178716.0
2022-05-17,BTC,30425.8574,956472.0
2022-05-17,DOGE,0.0902,6216400831.0
2022-05-17,ETH,2090.4092,8854692.0
2022-05-17,SOL,57.1256,31927797.0
2022-05-17,XRP,0.4376,3652874598.0
2022-05-18,ADA,0.5056,1846847124.0
2022-05-18,BNB,287.4388,5288398.0
2022-05-18,BTC,28720.2715,1089310.0
2022-05-18,DOGE,0.0836,6673813083.0
2022-05-18,ETH,1916.6561,9256207.0
2022-05-18,SOL,49.7562,35082368.0
2022-05-18,XRP,0.4062,3938621828.0
2022-05-19,ADA,0.5333,1761098443.0
2022-05-19,BNB,306.7916,5368084.0
2022-05-19,BTC,30314.334,1114108.0
2022-05-19,DOGE,0.0867,7077729649.0
2022-05-19,ETH,2018.3362,9282026.0
2022-05-19,SOL,52.214,37499621.0
2022-05-19,XRP,0.42,3707955064.0
2022-05-20,ADA,0.5179,1395250121.0
2022-05-20,BNB,302.3592,5809880.0
2022-05-20,BTC,29200.7402,1053034.0
2022-05-20,DOGE,0.084,6174981062.0
2022-05-20,ETH,1961.3157,8102970.0
2022-05-20,SOL,49.5385,36955079.0
2022-05-20,XRP,0.4111,4188086934.0
2022-05-21,ADA,0.5283,810202621.0
2022-05-21,BNB,312.466,4220417.0
2022-05-21,BTC,29432.2266,586936.0
2022-05-21,DOGE,0.0845,3969146370.0
2022-05-21,ETH,1974.5183,4328561.0
2022-05-21,SOL,50.318,19466051.0
2022-05-21,XRP,0.4147,2111876861.0
2022-05-22,ADA,0.5426,902554440.0
2022-05-22,BNB,319.609,5019563.0
2022-05-22,BTC,30323.7227,713353.0
2022-05-22,DOGE,0.0861,4355450162.0
2022-05-22,ETH,2043.1702,5354974.0
2022-05-22,SOL,52.7552,20960226.0
2022-05-22,XRP,0.4223,2121843685.0
2022-05-23,ADA,0.5126,1468975449.0
2022-05-23,BNB,316.7606,7034159.0
2022-05-23,BTC,29098.9102,1081946.0
2022-05-23,DOGE,0.0833,6094496880.0
2022-05-23,ETH,1972.1819,8333171.0
2022-05-23,SOL,49.0569,33872320.0
2022-05-23,XRP,0.4047,3457178167.0
2022-05-24,ADA,0.5212,1301025756.0
2022-05-24,BNB,328.1893,6102523.0
2022-05-24,BTC,29655.5859,897521.0
2022-05-24,DOGE,0.0836,5528841647.0
2022-05-24,ETH,1978.9828,6597889.0
2022-05-24,SOL,49.6533,30373924.0
2022-05-24,XRP,0.4087,3411321582.0
2022-05-25,ADA,0.5139,1146218899.0
2022-05-25,BNB,325.7348,6166002.0
2022-05-25,BTC,29562.3613,931085.0
2022-05-25,DOGE,0.083,5059164403.0
2022-05-25,ETH,1944.8279,6871840.0
2022-05-25,SOL,47.9824,27188706.0
2022-05-25,XRP,0.4058,3911624309.0
2022-05-26,ADA,0.4809,1891426384.0
2022-05-26,BNB,304.9639,8808957.0
2022-05-26,BTC,29267.2246,1256502.0
2022-05-26,DOGE,0.0783,9097414116.0
2022-05-26,ETH,1803.9133,13004329.0
2022-05-26,SOL,43.4912,50791745.0
2022-05-26,XRP,0.3932,5319864127.0
2022-05-27,ADA,0.4555,2025026391.0
2022-05-27,BNB,300.972,8615796.0
2022-05-27,BTC,28627.5742,1277859.0
2022-05-27,DOGE,0.0813,16106935991.0
2022-05-27,ETH,1724.9229,14766318.0
2022-05-27,SOL,40.9813,55058173.0
2022-05-27,XRP,0.3818,5047886983.0
2022-05-28,ADA,0.4648,965777567.0
2022-05-28,BNB,307.8154,4780896.0
2022-05-28,BTC,28814.9004,1232681.0
2022-05-28,DOGE,0.0818,6543818993.0
2022-05-28,ETH,1757.9418,13205658.0
2022-05-28,SOL,44.3432,28286794.0
2022-05-28,XRP,0.3863,2239729118.0
2022-05-29,ADA,0.4811,923395282.0
2022-05-29,BNB,305.9751,3950763.0
2022-05-29,BTC,29445.957,614478.0
2022-05-29,DOGE,0.0827,4776654730.0
2022-05-29,ETH,1812.031,5873275.0
2022-05-29,SOL,44.9096,29344345.0
2022-05-29,XRP,0.389,1935344208.0
2022-05-30,ADA,0.5701,2078708734.0
2022-05-30,BNB,321.7529,6415971.0
2022-05-30,BTC,31726.3906,1238023.0
2022-05-30,DOGE,0.0879,7860349315.0
2022-05-30,ETH,1996.4413,9807856.0
2022-05-30,SOL,47.1794,36219526.0
2022-05-30,XRP,0.4182,3358518001.0
2022-05-31,ADA,0.6253,5228355631.0
2022-05-31,BNB,320.4851,5340445.0
2022-05-31,BTC,31792.3105,1054916.0
2022-05-31,DOGE,0.0859,7831416765.0
2022-05-31,ETH,1942.328,9454178.0
2022-05-31,SOL,45.7678,32974936.0
2022-05-31,XRP,0.4219,4120877301.0
2022-06-01,ADA,0.5527,2540221930.0
2022-06-01,BNB,300.5041,5868889.0
2022-06-01,BTC,29799.0801,1380439.0
2022-06-01,DOGE,0.0811,10249070054.0
2022-06-01,ETH,1823.5693,11536604.0
2022-06-01,SOL,40.2697,35328006.0
2022-06-01,XRP,0.3981,3943117795.0
2022-06-02,ADA,0.5878,2139626240.0
2022-06-02,BNB,308.1018,3986283.0
2022-06-02,BTC,30467.4883,954577.0
2022-06-02,DOGE,0.0828,5249487731.0
2022-06-02,ETH,1834.1505,9304057.0
2022-06-02,SOL,40.8913,38003690.0
2022-06-02,XRP,0.4053,3204518061.0
2022-06-03,ADA,0.5597,1626325974.0
2022-06-03,BNB,298.3979,3737329.0
2022-06-03,BTC,29704.3906,881201.0
2022-06-03,DOGE,0.0804,5014038261.0
2022-06-03,ETH,1775.0786,8381602.0
2022-06-03,SOL,38.2592,35250486.0
2022-06-03,XRP,0.3908,3287370496.0
2022-06-04,ADA,0.5661,989034480.0
2022-06-04,BNB,301.6311,2671989.0
2022-06-04,BTC,29832.9141,556043.0
2022-06-04,DOGE,0.0818,4283964642.0
2022-06-04,ETH,1801.6095,4816777.0
2022-06-04,SOL,38.9314,29044972.0
2022-06-04,XRP,0.3923,1775563087.0
2022-06-05,ADA,0.5671,843125862.0
2022-06-05,BNB,298.9347,2607938.0
2022-06-05,BTC,29906.6621,577266.0
2022-06-05,DOGE,0.0812,3479350719.0
2022-06-05,ETH,1805.205,4902704.0
2022-06-05,SOL,38.4805,25949027.0
2022-06-05,XRP,0.3954,1837217249.0
2022-06-06,ADA,0.6093,2326868605.0
2022-06-06,BNB,295.396,4979556.0
2022-06-06,BTC,31370.6719,1018382.0
2022-06-06,DOGE,0.0825,6103323594.0
2022-06-06,ETH,1859.2897,8884292.0
2022-06-06,SOL,42.4331,46073842.0
2022-06-06,XRP,0.403,3031687963.0
2022-06-07,ADA,0.6154,2356960611.0
2022-06-07,BNB,290.3411,6036911.0
2022-06-07,BTC,31155.4785,1308629.0
2022-06-07,DOGE,0.0805,6329943263.0
2022-06-07,ETH,1814.0483,13241145.0
2022-06-07,SOL,39.4376,50074715.0
2022-06-07,XRP,0.4077,4088044214.0
2022-06-08,ADA,0.6416,2551138300.0
2022-06-08,BNB,288.6161,3938213.0
2022-06-08,BTC,30214.3555,1000917.0
2022-06-08,DOGE,0.0794,4129538286.0
2022-06-08,ETH,1793.5723,10058962.0
2022-06-08,SOL,38.8434,31177375.0
2022-06-08,XRP,0.4006,2953231346.0
2022-06-09,ADA,0.6329,1842384039.0
2022-06-09,BNB,289.9196,2762781.0
2022-06-09,BTC,30111.998,720377.0
2022-06-09,DOGE,0.0793,3462158963.0
2022-06-09,ETH,1789.826,6711872.0
2022-06-09,SOL,39.9726,31668513.0
2022-06-09,XRP,0.4003,2277693482.0
2022-06-10,ADA,0.5742,2037597941.0
2022-06-10,BNB,286.0467,4764249.0
2022-06-10,BTC,29083.8047,1026945.0
2022-06-10,DOGE,0.0755,5718991440.0
2022-06-10,ETH,1665.0422,11113676.0
2022-06-10,SOL,37.0898,31734963.0
2022-06-10,XRP,0.3817,3731740366.0
2022-06-11,ADA,0.5528,2229211843.0
2022-06-11,BNB,269.487,4528461.0
2022-06-11,BTC,28360.8105,960712.0
2022-06-11,DOGE,0.0699,7113298766.0
2022-06-11,ETH,1529.6635,13811593.0
2022-06-11,SOL,33.8211,32136872.0
2022-06-11,XRP,0.359,3095609106.0
2022-06-12,ADA,0.4969,2967912859.0
2022-06-12,BNB,255.9509,5392443.0
2022-06-12,BTC,26762.6484,1276526.0
2022-06-12,DOGE,0.0643,11007164517.0
2022-06-12,ETH,1445.2166,16236373.0
2022-06-12,SOL,30.7433,46535924.0
2022-06-12,XRP,0.3455,3965591221.0
2022-06-13,ADA,0.4631,5510070422.0
2022-06-13,BNB,222.5058,11107894.0
2022-06-13,BTC,22487.3887,3033014.0
2022-06-13,DOGE,0.0539,27174599128.0
2022-06-13,ETH,1204.5828,37492475.0
2022-06-13,SOL,28.1924,91412534.0
2022-06-13,XRP,0.3108,8233341644.0
2022-06-14,ADA,0.4844,4626909070.0
2022-06-14,BNB,223.2213,9081693.0
2022-06-14,BTC,22206.793,2292703.0
2022-06-14,DOGE,0.0556,16349858272.0
2022-06-14,ETH,1211.6628,27505858.0
2022-06-14,SOL,29.7146,78001514.0
2022-06-14,XRP,0.3221,6137243507.0
2022-06-15,ADA,0.5333,4378666752.0
2022-06-15,BNB,233.3967,9616276.0
2022-06-15,BTC,22572.8398,2432658.0
2022-06-15,DOGE,0.063,17814041967.0
2022-06-15,ETH,1233.2064,30440970.0
2022-06-15,SOL,34.4879,74662613.0
2022-06-15,XRP,0.3437,6525577253.0
2022-06-16,ADA,0.475,2581428011.0
2022-06-16,BNB,209.5387,7078466.0
2022-06-16,BTC,20381.6504,1530002.0
2022-06-16,DOGE,0.055,13165415939.0
2022-06-16,ETH,1067.7307,17708277.0
2022-06-16,SOL,29.9897,63652082.0
2022-06-16,XRP,0.3121,4735400346.0
2022-06-17,ADA,0.4874,1790571643.0
2022-06-17,BNB,215.8918,5134697.0
2022-06-17,BTC,20471.4824,1325376.0
2022-06-17,DOGE,0.057,6734458801.0
2022-06-17,ETH,1086.5193,13429570.0
2022-06-17,SOL,30.7429,41750624.0
2022-06-17,XRP,0.3214,4298804471.0
2022-06-18,ADA,0.4562,2661441374.0
2022-06-18,BNB,197.043,8017191.0
2022-06-18,BTC,19017.6426,2208972.0
2022-06-18,DOGE,0.053,12305628179.0
2022-06-18,ETH,993.6368,21794087.0
2022-06-18,SOL,31.8079,56728633.0
2022-06-18,XRP,0.3081,4554479606.0
2022-06-19,ADA,0.4844,2167808257.0
2022-06-19,BNB,214.9205,6203477.0
2022-06-19,BTC,20553.2715,1718945.0
2022-06-19,DOGE,0.0604,19308629208.0
2022-06-19,ETH,1127.6565,19328122.0
2022-06-19,SOL,34.2437,58562591.0
2022-06-19,XRP,0.3261,3555920648.0
2022-06-20,ADA,0.4923,2226996664.0
2022-06-20,BNB,216.9343,5696836.0
2022-06-20,BTC,20599.5371,1496075.0
2022-06-20,DOGE,0.0602,8292517149.0
2022-06-20,ETH,1127.6425,17505275.0
2022-06-20,SOL,35.4171,55294699.0
2022-06-20,XRP,0.3233,3673739194.0
2022-06-21,ADA,0.4792,2126084611.0
2022-06-21,BNB,219.4986,5310806.0
2022-06-21,BTC,20710.5977,1398811.0
2022-06-21,DOGE,0.0656,16042145084.0
2022-06-21,ETH,1124.8246,13897358.0
2022-06-21,SOL,36.1212,49557946.0
2022-06-21,XRP,0.3286,3796358097.0
2022-06-22,ADA,0.4586,1785945334.0
2022-06-22,BNB,214.2619,4905137.0
2022-06-22,BTC,19987.0293,1429667.0
2022-06-22,DOGE,0.0617,10267526280.0
2022-06-22,ETH,1051.4219,14276471.0
2022-06-22,SOL,34.1216,44931113.0
2022-06-22,XRP,0.3226,3298804054.0
2022-06-23,ADA,0.4803,1481504583.0
2022-06-23,BNB,228.9538,5016477.0
2022-06-23,BTC,21085.877,1241973.0
2022-06-23,DOGE,0.064,6780511756.0
2022-06-23,ETH,1143.3867,12819690.0
2022-06-23,SOL,38.1752,43653413.0
2022-06-23,XRP,0.3355,2763752426.0
2022-06-24,ADA,0.4992,1894789510.0
2022-06-24,BNB,240.2383,4694829.0
2022-06-24,BTC,21231.6562,1175499.0
2022-06-24,DOGE,0.0671,7668336677.0
2022-06-24,ETH,1226.8447,13841648.0
2022-06-24,SOL,42.212,41834670.0
2022-06-24,XRP,0.3676,6129435555.0
2022-06-25,ADA,0.4989,1302385740.0
2022-06-25,BNB,239.6907,3819730.0
2022-06-25,BTC,21502.3379,854444.0
2022-06-25,DOGE,0.0685,6316100974.0
2022-06-25,ETH,1243.4469,10038182.0
2022-06-25,SOL,42.3328,30030925.0
2022-06-25,XRP,0.3676,2481641532.0
2022-06-26,ADA,0.4897,1720665230.0
2022-06-26,BNB,233.8587,3522964.0
2022-06-26,BTC,21027.2949,857322.0
2022-06-26,DOGE,0.0732,12076052945.0
2022-06-26,ETH,1199.8317,10081921.0
2022-06-26,SOL,39.4081,28895710.0
2022-06-26,XRP,0.3589,2200037572.0
2022-06-27,ADA,0.4858,1461521596.0
2022-06-27,BNB,233.654,3599918.0
2022-06-27,BTC,20735.4785,1011103.0
2022-06-27,DOGE,0.0722,13320368581.0
2022-06-27,ETH,1193.6807,10465299.0
2022-06-27,SOL,38.4513,32596845.0
2022-06-27,XRP,0.3532,2801454806.0
2022-06-28,ADA,0.4697,1543120731.0
2022-06-28,BNB,226.9273,4768604.0
2022-06-28,BTC,20280.6348,1054283.0
2022-06-28,DOGE,0.066,8108221478.0
2022-06-28,ETH,1144.5792,12251844.0
2022-06-28,SOL,35.3264,38553188.0
2022-06-28,XRP,0.3373,3079856672.0
2022-06-29,ADA,0.4655,1652711482.0
2022-06-29,BNB,219.2845,4845806.0
2022-06-29,BTC,20104.0234,1171544.0
2022-06-29,DOGE,0.0695,8533839267.0
2022-06-29,ETH,1098.9438,14000976.0
2022-06-29,SOL,33.8739,40349752.0
2022-06-29,XRP,0.329,3327471193.0
2022-06-30,ADA,0.4588,1970064755.0
2022-06-30,BNB,219.3001,4965124.0
2022-06-30,BTC,19784.7266,1327652.0
2022-06-30,DOGE,0.0661,8574403270.0
2022-06-30,ETH,1067.2988,15319754.0
2022-06-30,SOL,33.5884,39354688.0
2022-06-30,XRP,0.3314,4394191048.0
2022-07-01,ADA,0.4481,1777815706.0
2022-07-01,BNB,216.0155,5713554.0
2022-07-01,BTC,19269.3672,1596708.0
2022-07-01,DOGE,0.0662,7139274137.0
2022-07-01,ETH,1059.7673,16512543.0
2022-07-01,SOL,32.8031,43514453.0
2022-07-01,XRP,0.3137,3982266993.0
2022-07-02,ADA,0.4564,1084367189.0
2022-07-02,BNB,218.0352,3519437.0
2022-07-02,BTC,19242.2559,940660.0
2022-07-02,DOGE,0.0667,5286362828.0
2022-07-02,ETH,1066.5128,9315972.0
2022-07-02,SOL,33.3594,22948613.0
2022-07-02,XRP,0.3156,1928523810.0
2022-07-03,ADA,0.4556,964622644.0
2022-07-03,BNB,218.9803,3308634.0
2022-07-03,BTC,19297.0762,849394.0
2022-07-03,DOGE,0.0672,4181042174.0
2022-07-03,ETH,1073.767,7969372.0
2022-07-03,SOL,33.3859,18141168.0
2022-07-03,XRP,0.3217,2264717605.0
2022-07-04,ADA,0.4696,1721569688.0
2022-07-04,BNB,231.5741,4488293.0
2022-07-04,BTC,20231.2617,1067390.0
2022-07-04,DOGE,0.0695,5463800121.0
2022-07-04,ETH,1151.0591,11876792.0
2022-07-04,SOL,36.785,29664312.0
2022-07-04,XRP,0.3288,3097558201.0
2022-07-05,ADA,0.4576,1675377441.0
2022-07-05,BNB,230.8464,5674906.0
2022-07-05,BTC,20190.1152,1323199.0
2022-07-05,DOGE,0.0672,6004328281.0
2022-07-05,ETH,1134.541,14274952.0
2022-07-05,SOL,35.3956,44332034.0
2022-07-05,XRP,0.3254,3474094511.0
2022-07-06,ADA,0.4622,1346991752.0
2022-07-06,BNB,238.4999,5311178.0
2022-07-06,BTC,20548.2461,1197131.0
2022-07-06,DOGE,0.0686,5816696879.0
2022-07-06,ETH,1186.974,12951873.0
2022-07-06,SOL,37.0736,38048365.0
2022-07-06,XRP,0.3323,3309764469.0
2022-07-07,ADA,0.4778,1295712689.0
2022-07-07,BNB,241.5445,4587717.0
2022-07-07,BTC,21637.5879,1193061.0
2022-07-07,DOGE,0.0706,5700737021.0
2022-07-07,ETH,1237.5934,11498765.0
2022-07-07,SOL,38.5183,30872798.0
2022-07-07,XRP,0.3422,3031214817.0
2022-07-08,ADA,0.4673,1770399685.0
2022-07-08,BNB,240.7507,5572645.0
2022-07-08,BTC,21731.1172,2296239.0
2022-07-08,DOGE,0.0693,6416243008.0
2022-07-08,ETH,1222.5062,13346295.0
2022-07-08,SOL,38.2867,38807052.0
2022-07-08,XRP,0.3416,4300507193.0
2022-07-09,ADA,0.4788,1392821149.0
2022-07-09,BNB,243.2411,3501273.0
2022-07-09,BTC,21592.207,1372770.0
2022-07-09,DOGE,0.0695,3657960339.0
2022-07-09,ETH,1216.9783,7248571.0
2022-07-09,SOL,38.072,20747532.0
2022-07-09,XRP,0.345,1746756022.0
2022-07-10,ADA,0.4632,1321864604.0
2022-07-10,BNB,234.6556,3754848.0
2022-07-10,BTC,20860.4492,1375273.0
2022-07-10,DOGE,0.0673,4457281496.0
2022-07-10,ETH,1168.4016,9401355.0
2022-07-10,SOL,36.6976,19459563.0
2022-07-10,XRP,0.3257,2804216217.0
2022-07-11,ADA,0.4355,1693706476.0
2022-07-11,BNB,225.8585,4520823.0
2022-07-11,BTC,19970.5566,1209293.0
2022-07-11,DOGE,0.0618,5273107719.0
2022-07-11,ETH,1097.2366,10995059.0
2022-07-11,SOL,33.4636,27797846.0
2022-07-11,XRP,0.3143,3315517221.0
2022-07-12,ADA,0.4179,1693869360.0
2022-07-12,BNB,220.4646,5171052.0
2022-07-12,BTC,19323.9141,1335662.0
2022-07-12,DOGE,0.0601,4967165735.0
2022-07-12,ETH,1038.1917,12120385.0
2022-07-12,SOL,32.7576,27974771.0
2022-07-12,XRP,0.3117,3108761731.0
2022-07-13,ADA,0.4381,2230679525.0
2022-07-13,BNB,230.5248,6210943.0
2022-07-13,BTC,20212.0742,1634787.0
2022-07-13,DOGE,0.062,7207163411.0
2022-07-13,ETH,1113.5872,16435703.0
2022-07-13,SOL,34.9109,37613146.0
2022-07-13,XRP,0.3237,4003273059.0
2022-07-14,ADA,0.441,1953347256.0
2022-07-14,BNB,238.1645,6757354.0
2022-07-14,BTC,20569.9199,1514772.0
2022-07-14,DOGE,0.0624,5578909939.0
2022-07-14,ETH,1191.5262,14006104.0
2022-07-14,SOL,37.1078,35575722.0
2022-07-14,XRP,0.3332,10163889268.0
2022-07-15,ADA,0.4425,1671445787.0
2022-07-15,BNB,238.574,4825590.0
2022-07-15,BTC,20836.3281,1243289.0
2022-07-15,DOGE,0.063,5938229187.0
2022-07-15,ETH,1233.1292,14119728.0
2022-07-15,SOL,37.4159,33841923.0
2022-07-15,XRP,0.3345,4520257434.0
2022-07-16,ADA,0.4572,1428185748.0
2022-07-16,BNB,249.5939,4130654.0
2022-07-16,BTC,21190.3164,1146890.0
2022-07-16,DOGE,0.0643,4350408908.0
2022-07-16,ETH,1352.6265,13576560.0
2022-07-16,SOL,39.5741,29057415.0
2022-07-16,XRP,0.3509,3682721840.0
2022-07-17,ADA,0.4474,1555679659.0
2022-07-17,BNB,247.8485,4239936.0
2022-07-17,BTC,20779.3438,1103394.0
2022-07-17,DOGE,0.0631,3956724781.0
2022-07-17,ETH,1338.6357,12012014.0
2022-07-17,SOL,38.6447,28980307.0
2022-07-17,XRP,0.3434,3182996681.0
2022-07-18,ADA,0.4925,3075077951.0
2022-07-18,BNB,264.886,6162365.0
2022-07-18,BTC,22485.6895,1777774.0
2022-07-18,DOGE,0.0677,8340781024.0
2022-07-18,ETH,1578.7179,17381459.0
2022-07-18,SOL,43.7462,40994128.0
2022-07-18,XRP,0.3662,4444258975.0
2022-07-19,ADA,0.5158,3021856157.0
2022-07-19,BNB,268.8173,7163993.0
2022-07-19,BTC,23389.4336,2084924.0
2022-07-19,DOGE,0.069,8001552921.0
2022-07-19,ETH,1542.9752,17987022.0
2022-07-19,SOL,44.8999,56354054.0
2022-07-19,XRP,0.3732,4298214809.0
2022-07-20,ADA,0.491,3175852317.0
2022-07-20,BNB,258.3388,6483805.0
2022-07-20,BTC,23231.7324,1848013.0
2022-07-20,DOGE,0.0701,14537586002.0
2022-07-20,ETH,1520.2007,15091895.0
2022-07-20,SOL,42.0937,48007747.0
2022-07-20,XRP,0.3605,4257659785.0
2022-07-21,ADA,0.5001,1858039415.0
2022-07-21,BNB,265.4626,4595961.0
2022-07-21,BTC,23164.6289,1451826.0
2022-07-21,DOGE,0.07,7038797201.0
2022-07-21,ETH,1576.7495,12690384.0
2022-07-21,SOL,43.1906,44602285.0
2022-07-21,XRP,0.367,3276768771.0
2022-07-22,ADA,0.4839,1618253717.0
2022-07-22,BNB,262.8774,4465117.0
2022-07-22,BTC,22714.9785,1383297.0
2022-07-22,DOGE,0.0676,7096430352.0
2022-07-22,ETH,1537.4052,12310418.0
2022-07-22,SOL,40.6185,37516723.0
2022-07-22,XRP,0.3586,3206943356.0
2022-07-23,ADA,0.5174,1618168742.0
2022-07-23,BNB,259.463,4271023.0
2022-07-23,BTC,22465.4785,1069276.0
2022-07-23,DOGE,0.0681,6281520869.0
2022-07-23,ETH,1549.2975,9681040.0
2022-07-23,SOL,40.041,28756458.0
2022-07-23,XRP,0.3595,2402628431.0
2022-07-24,ADA,0.5138,1772229133.0
2022-07-24,BNB,261.8649,3487091.0
2022-07-24,BTC,22609.1641,1042298.0
2022-07-24,DOGE,0.0677,5450674926.0
2022-07-24,ETH,1599.4767,10764677.0
2022-07-24,SOL,41.0066,27197114.0
2022-07-24,XRP,0.3593,2541042268.0
2022-07-25,ADA,0.4762,1568782680.0
2022-07-25,BNB,245.1485,4100553.0
2022-07-25,BTC,21361.7012,1665343.0
2022-07-25,DOGE,0.0623,7199506118.0
2022-07-25,ETH,1445.3834,14241934.0
2022-07-25,SOL,36.712,39928285.0
2022-07-25,XRP,0.3373,3580940357.0
2022-07-26,ADA,0.4676,1610895882.0
2022-07-26,BNB,248.9584,3722628.0
2022-07-26,BTC,21239.7539,1347693.0
2022-07-26,DOGE,0.0625,6662528727.0
2022-07-26,ETH,1441.8068,12649797.0
2022-07-26,SOL,36.1909,37642747.0
2022-07-26,XRP,0.3378,3287196729.0
2022-07-27,ADA,0.5106,2170936048.0
2022-07-27,BNB,271.5044,5176750.0
2022-07-27,BTC,22930.5488,1385006.0
2022-07-27,DOGE,0.067,7448480451.0
2022-07-27,ETH,1636.2327,14061279.0
2022-07-27,SOL,40.3078,45381385.0
2022-07-27,XRP,0.3591,3659076311.0
2022-07-28,ADA,0.5133,2736790432.0
2022-07-28,BNB,277.2939,5945289.0
2022-07-28,BTC,23843.8867,1686486.0
2022-07-28,DOGE,0.0691,9419792299.0
2022-07-28,ETH,1725.4681,15782036.0
2022-07-28,SOL,42.8453,57296918.0
2022-07-28,XRP,0.3734,4927816980.0
2022-07-29,ADA,0.5233,3059551402.0
2022-07-29,BNB,293.9533,8716776.0
2022-07-29,BTC,23804.6328,1507574.0
2022-07-29,DOGE,0.0689,10113160002.0
2022-07-29,ETH,1727.407,13459209.0
2022-07-29,SOL,41.927,49290684.0
2022-07-29,XRP,0.3687,4629853576.0
2022-07-30,ADA,0.5256,2374320480.0
2022-07-30,BNB,287.5361,5491154.0
2022-07-30,BTC,23656.207,1189887.0
2022-07-30,DOGE,0.0696,10920850590.0
2022-07-30,ETH,1695.9695,9184704.0
2022-07-30,SOL,43.7559,45258854.0
2022-07-30,XRP,0.3878,4557618974.0
2022-07-31,ADA,0.517,1692696452.0
2022-07-31,BNB,283.5795,4631970.0
2022-07-31,BTC,23336.8965,1009286.0
2022-07-31,DOGE,0.0683,7634081606.0
2022-07-31,ETH,1681.5173,8445191.0
2022-07-31,SOL,42.4002,31996475.0
2022-07-31,XRP,0.3805,3573505106.0
2022-08-01,ADA,0.5141,1260184369.0
2022-08-01,BNB,283.5395,4634831.0
2022-08-01,BTC,23314.1992,1108730.0
2022-08-01,DOGE,0.0687,6461814248.0
2022-08-01,ETH,1635.1958,9901794.0
2022-08-01,SOL,41.7865,25896410.0
2022-08-01,XRP,0.38,2788047182.0
2022-08-02,ADA,0.4968,1428945013.0
2022-08-02,BNB,283.821,6230491.0
2022-08-02,BTC,22978.1172,1235491.0
2022-08-02,DOGE,0.0667,5047564139.0
2022-08-02,ETH,1632.9454,12508735.0
2022-08-02,SOL,39.7545,30316740.0
2022-08-02,XRP,0.372,3312784637.0
2022-08-03,ADA,0.501,1104772375.0
2022-08-03,BNB,298.3568,7151118.0
2022-08-03,BTC,22846.5078,1150643.0
2022-08-03,DOGE,0.0662,4332946159.0
2022-08-03,ETH,1618.8745,10369067.0
2022-08-03,SOL,38.5444,59991185.0
2022-08-03,XRP,0.3699,2989594837.0
2022-08-04,ADA,0.4997,1000171418.0
2022-08-04,BNB,310.7061,6200674.0
2022-08-04,BTC,22630.957,1109994.0
2022-08-04,DOGE,0.0674,3807440815.0
2022-08-04,ETH,1608.2058,8996013.0
2022-08-04,SOL,38.8307,31808286.0
2022-08-04,XRP,0.3714,2469080277.0
2022-08-05,ADA,0.5175,1037350723.0
2022-08-05,BNB,315.1855,5028979.0
2022-08-05,BTC,23289.3145,1240107.0
2022-08-05,DOGE,0.0698,4819274989.0
2022-08-05,ETH,1732.2546,10706562.0
2022-08-05,SOL,40.561,29556919.0
2022-08-05,XRP,0.3766,2618463673.0
2022-08-06,ADA,0.5113,725438498.0
2022-08-06,BNB,315.0689,3654786.0
2022-08-06,BTC,22961.2793,695878.0
2022-08-06,DOGE,0.0687,4047807316.0
2022-08-06,ETH,1691.6581,6950525.0
2022-08-06,SOL,40.057,16251783.0
2022-08-06,XRP,0.3716,1342299332.0
2022-08-07,ADA,0.5275,939794968.0
2022-08-07,BNB,322.9211,3136922.0
2022-08-07,BTC,23175.8906,685489.0
2022-08-07,DOGE,0.0689,2971606103.0
2022-08-07,ETH,1699.3508,6032945.0
2022-08-07,SOL,40.6056,15123633.0
2022-08-07,XRP,0.3725,1366828559.0
2022-08-08,ADA,0.5366,1458815022.0
2022-08-08,BNB,324.8004,4060258.0
2022-08-08,BTC,23809.4863,1200175.0
2022-08-08,DOGE,0.0701,5698142948.0
2022-08-08,ETH,1775.5161,9485368.0
2022-08-08,SOL,42.1706,26500729.0
2022-08-08,XRP,0.3788,2721404839.0
2022-08-09,ADA,0.5141,1238554252.0
2022-08-09,BNB,324.9123,3505570.0
2022-08-09,BTC,23164.3184,1016897.0
2022-08-09,DOGE,0.0691,8843792716.0
2022-08-09,ETH,1703.025,9611497.0
2022-08-09,SOL,40.3726,22175024.0
2022-08-09,XRP,0.3681,11134583164.0
2022-08-10,ADA,0.5371,1519774027.0
2022-08-10,BNB,328.4712,5291846.0
2022-08-10,BTC,23947.6426,1371218.0
2022-08-10,DOGE,0.0712,6056222144.0
2022-08-10,ETH,1851.7427,12697487.0
2022-08-10,SOL,42.3659,32793704.0
2022-08-10,XRP,0.3811,4547055082.0
2022-08-11,ADA,0.5313,1542145605.0
2022-08-11,BNB,323.8002,4668242.0
2022-08-11,BTC,23957.5293,1549702.0
2022-08-11,DOGE,0.0709,7950213132.0
2022-08-11,ETH,1881.2241,12665682.0
2022-08-11,SOL,42.8218,40524920.0
2022-08-11,XRP,0.3806,2859959045.0
2022-08-12,ADA,0.5408,995441205.0
2022-08-12,BNB,327.5147,2994198.0
2022-08-12,BTC,24402.8184,1117322.0
2022-08-12,DOGE,0.0723,4428921854.0
2022-08-12,ETH,1957.2465,8771579.0
2022-08-12,SOL,45.3348,24886998.0
2022-08-12,XRP,0.38,2429167379.0
2022-08-13,ADA,0.5598,1661608734.0
2022-08-13,BNB,323.8701,3062068.0
2022-08-13,BTC,24424.0684,941176.0
2022-08-13,DOGE,0.0728,6126955780.0
2022-08-13,ETH,1981.3365,8095028.0
2022-08-13,SOL,46.4853,30462051.0
2022-08-13,XRP,0.378,1561841984.0
2022-08-14,ADA,0.5703,2069428094.0
2022-08-14,BNB,317.9866,2944080.0
2022-08-14,BTC,24319.334,945508.0
2022-08-14,DOGE,0.0817,18734968646.0
2022-08-14,ETH,1936.802,7260812.0
2022-08-14,SOL,44.9166,23622350.0
2022-08-14,XRP,0.3765,2004278702.0
2022-08-15,ADA,0.5512,1589537852.0
2022-08-15,BNB,319.8873,3568610.0
2022-08-15,BTC,24136.9727,1455174.0
2022-08-15,DOGE,0.0767,11144649109.0
2022-08-15,ETH,1904.2281,10686709.0
2022-08-15,SOL,43.8232,31130833.0
2022-08-15,XRP,0.3758,2785996929.0
2022-08-16,ADA,0.5579,1315948805.0
2022-08-16,BNB,316.4237,3043617.0
2022-08-16,BTC,23883.291,1162054.0
2022-08-16,DOGE,0.087,22392921221.0
2022-08-16,ETH,1878.1394,8326101.0
2022-08-16,SOL,43.1588,26216018.0
2022-08-16,XRP,0.3772,2466461761.0
2022-08-17,ADA,0.537,1928127733.0
2022-08-17,BNB,306.6364,3625741.0
2022-08-17,BTC,23335.998,1325490.0
2022-08-17,DOGE,0.0802,12429483740.0
2022-08-17,ETH,1832.9996,11079385.0
2022-08-17,SOL,40.4031,33085932.0
2022-08-17,XRP,0.3797,3709431612.0
2022-08-18,ADA,0.5126,1254069108.0
2022-08-18,BNB,298.1412,3494366.0
2022-08-18,BTC,23212.7383,1023042.0
2022-08-18,DOGE,0.0751,8276537337.0
2022-08-18,ETH,1847.0078,8120893.0
2022-08-18,SOL,39.5452,22395837.0
2022-08-18,XRP,0.371,2501007535.0
2022-08-19,ADA,0.451,2870267739.0
2022-08-19,BNB,279.7187,5714024.0
2022-08-19,BTC,20877.5527,1940343.0
2022-08-19,DOGE,0.0679,14211918877.0
2022-08-19,ETH,1612.9873,16061105.0
2022-08-19,SOL,35.8903,50751040.0
2022-08-19,XRP,0.335,4911330475.0
2022-08-20,ADA,0.4514,1756023085.0
2022-08-20,BNB,283.6931,4636586.0
2022-08-20,BTC,21166.0605,1303770.0
2022-08-20,DOGE,0.0695,7726479922.0
2022-08-20,ETH,1577.0038,11626212.0
2022-08-20,SOL,35.2697,34126222.0
2022-08-20,XRP,0.3375,2512916443.0
2022-08-21,ADA,0.4635,1329475326.0
2022-08-21,BNB,302.0563,4135672.0
2022-08-21,BTC,21534.1211,1072823.0
2022-08-21,DOGE,0.0694,6068653594.0
2022-08-21,ETH,1619.319,9787585.0
2022-08-21,SOL,36.5332,26881612.0
2022-08-21,XRP,0.3453,2419959999.0
2022-08-22,ADA,0.4614,1564844693.0
2022-08-22,BNB,300.5591,4869935.0
2022-08-22,BTC,21398.9082,1479818.0
2022-08-22,DOGE,0.0684,6629723516.0
2022-08-22,ETH,1622.5059,11437295.0
2022-08-22,SOL,35.4744,32131548.0
2022-08-22,XRP,0.3447,2905280707.0
2022-08-23,ADA,0.4652,1210114006.0
2022-08-23,BNB,299.0299,3461058.0
2022-08-23,BTC,21528.0879,1480776.0
2022-08-23,DOGE,0.0688,4878239765.0
2022-08-23,ETH,1662.7699,11018988.0
2022-08-23,SOL,35.6463,23979498.0
2022-08-23,XRP,0.3471,2681411049.0
2022-08-24,ADA,0.4581,1079911212.0
2022-08-24,BNB,296.4497,3155361.0
2022-08-24,BTC,21395.0195,1493911.0
2022-08-24,DOGE,0.068,5081252528.0
2022-08-24,ETH,1657.0592,10126936.0
2022-08-24,SOL,34.9579,27070429.0
2022-08-24,XRP,0.3461,2766102503.0
2022-08-25,ADA,0.465,1129760060.0
2022-08-25,BNB,301.5836,3228057.0
2022-08-25,BTC,21600.9043,1436453.0
2022-08-25,DOGE,0.0691,6799406283.0
2022-08-25,ETH,1696.457,8735144.0
2022-08-25,SOL,35.3165,23459416.0
2022-08-25,XRP,0.3495,2777093507.0
2022-08-26,ADA,0.4309,3015296983.0
2022-08-26,BNB,279.5982,4327915.0
2022-08-26,BTC,20260.0195,2089178.0
2022-08-26,DOGE,0.0636,9760782741.0
2022-08-26,ETH,1507.7828,17717213.0
2022-08-26,SOL,31.7264,41475654.0
2022-08-26,XRP,0.3384,4886611433.0
2022-08-27,ADA,0.4497,1630186886.0
2022-08-27,BNB,277.8016,3465313.0
2022-08-27,BTC,20041.7383,1502700.0
2022-08-27,DOGE,0.0636,5990024884.0
2022-08-27,ETH,1491.395,12150256.0
2022-08-27,SOL,31.5424,24249311.0
2022-08-27,XRP,0.3353,2745873402.0
2022-08-28,ADA,0.43,1207634340.0
2022-08-28,BNB,276.2509,2744915.0
2022-08-28,BTC,19616.8145,1242139.0
2022-08-28,DOGE,0.0618,4775937405.0
2022-08-28,ETH,1430.5474,8964102.0
2022-08-28,SOL,30.3923,18508039.0
2022-08-28,XRP,0.3231,1846434121.0
2022-08-29,ADA,0.4507,1304509918.0
2022-08-29,BNB,286.2214,3525807.0
2022-08-29,BTC,20297.9941,1607935.0
2022-08-29,DOGE,0.0639,4930662789.0
2022-08-29,ETH,1553.0374,11568194.0
2022-08-29,SOL,32.4653,27472826.0
2022-08-29,XRP,0.3338,2936327361.0
2022-08-30,ADA,0.4522,1415514353.0
2022-08-30,BNB,281.4254,3480926.0
2022-08-30,BTC,19796.8086,1741865.0
2022-08-30,DOGE,0.0615,5346358969.0
2022-08-30,ETH,1523.8389,14329458.0
2022-08-30,SOL,31.4121,27422904.0
2022-08-30,XRP,0.3269,2901616232.0
2022-08-31,ADA,0.4467,1167661704.0
2022-08-31,BNB,279.2381,3411020.0
2022-08-31,BTC,20049.7637,1657138.0
2022-08-31,DOGE,0.0613,5050524766.0
2022-08-31,ETH,1553.6849,13253447.0
2022-08-31,SOL,31.473,24443492.0
2022-08-31,XRP,0.3279,2692154578.0
2022-09-01,ADA,0.4575,1274062619.0
2022-09-01,BNB,278.4172,3429814.0
2022-09-01,BTC,20127.1406,1499569.0
2022-09-01,DOGE,0.0624,5271041784.0
2022-09-01,ETH,1586.1768,10360937.0
2022-09-01,SOL,31.5857,21100927.0
2022-09-01,XRP,0.3332,2626476427.0
2022-09-02,ADA,0.4546,1156754038.0
2022-09-02,BNB,277.4161,2909181.0
2022-09-02,BTC,19969.7715,1458404.0
2022-09-02,DOGE,0.0616,4436651553.0
2022-09-02,ETH,1577.2205,11227650.0
2022-09-02,SOL,31.2279,21121349.0
2022-09-02,XRP,0.3313,2715016029.0
2022-09-03,ADA,0.4804,1620760725.0
2022-09-03,BNB,277.7756,1764382.0
2022-09-03,BTC,19832.0879,1190649.0
2022-09-03,DOGE,0.0627,4739263892.0
2022-09-03,ETH,1556.8727,6112784.0
2022-09-03,SOL,31.1095,10110478.0
2022-09-03,XRP,0.33,1433822392.0
2022-09-04,ADA,0.5031,1804805599.0
2022-09-04,BNB,278.8419,1836218.0
2022-09-04,BTC,19986.7129,1263132.0
2022-09-04,DOGE,0.0632,3954772373.0
2022-09-04,ETH,1577.6416,5631282.0
2022-09-04,SOL,32.107,12238926.0
2022-09-04,XRP,0.3318,1301709165.0
2022-09-05,ADA,0.4991,1295227277.0
2022-09-05,BNB,276.6859,2404437.0
2022-09-05,BTC,19812.3711,1454317.0
2022-09-05,DOGE,0.0627,3696627148.0
2022-09-05,ETH,1617.1832,8076105.0
2022-09-05,SOL,32.1946,15921547.0
2022-09-05,XRP,0.333,2285706845.0
2022-09-06,ADA,0.4631,2120674183.0
2022-09-06,BNB,262.6684,4468206.0
2022-09-06,BTC,18837.668,2304106.0
2022-09-06,DOGE,0.059,7993586171.0
2022-09-06,ETH,1561.7485,14692544.0
2022-09-06,SOL,30.8917,38722452.0
2022-09-06,XRP,0.3222,4150613510.0
2022-09-07,ADA,0.4793,1446219687.0
2022-09-07,BNB,278.7613,3457203.0
2022-09-07,BTC,19290.3242,1826810.0
2022-09-07,DOGE,0.0611,5315223047.0
2022-09-07,ETH,1629.9064,12000913.0
2022-09-07,SOL,32.7109,23821187.0
2022-09-07,XRP,0.3374,3345923938.0
2022-09-08,ADA,0.4793,1351562419.0
2022-09-08,BNB,280.5775,3102449.0
2022-09-08,BTC,19329.834,1665533.0
2022-09-08,DOGE,0.061,4396734814.0
2022-09-08,ETH,1635.3477,10775107.0
2022-09-08,SOL,33.6086,29101757.0
2022-09-08,XRP,0.3402,3130752506.0
2022-09-09,ADA,0.5029,1707880903.0
2022-09-09,BNB,293.4071,3884296.0
2022-09-09,BTC,21381.1523,2266928.0
2022-09-09,DOGE,0.064,7622679625.0
2022-09-09,ETH,1719.0854,11775054.0
2022-09-09,SOL,34.7398,34143608.0
2022-09-09,XRP,0.3575,4161453736.0
2022-09-10,ADA,0.5124,1943059469.0
2022-09-10,BNB,296.9691,2866276.0
2022-09-10,BTC,21680.5391,1702621.0
2022-09-10,DOGE,0.0648,6377380937.0
2022-09-10,ETH,1776.2037,7392693.0
2022-09-10,SOL,35.1267,20814495.0
2022-09-10,XRP,0.3577,2380325987.0
2022-09-11,ADA,0.5098,1383624446.0
2022-09-11,BNB,295.1619,2374409.0
2022-09-11,BTC,21769.2559,1584526.0
2022-09-11,DOGE,0.0637,5143955431.0
2022-09-11,ETH,1761.8,7074754.0
2022-09-11,SOL,34.966,21655807.0
2022-09-11,XRP,0.3551,1831825111.0
2022-09-12,ADA,0.5015,1708335939.0
2022-09-12,BNB,293.6587,3400630.0
2022-09-12,BTC,22370.4492,2244572.0
2022-09-12,DOGE,0.0639,6003141145.0
2022-09-12,ETH,1713.7653,10321362.0
2022-09-12,SOL,37.4242,45462582.0
2022-09-12,XRP,0.3594,2997919793.0
2022-09-13,ADA,0.4689,2142358917.0
2022-09-13,BNB,277.5769,4096003.0
2022-09-13,BTC,20296.707,2517212.0
2022-09-13,DOGE,0.0601,7677576206.0
2022-09-13,ETH,1580.788,14591977.0
2022-09-13,SOL,33.4308,53399283.0
2022-09-13,XRP,0.3337,4326221856.0
2022-09-14,ADA,0.4814,1532122550.0
2022-09-14,BNB,279.3859,3423272.0
2022-09-14,BTC,20241.0898,1871064.0
2022-09-14,DOGE,0.0612,6041133791.0
2022-09-14,ETH,1634.755,10947910.0
2022-09-14,SOL,34.0916,29438485.0
2022-09-14,XRP,0.3421,3589302788.0
2022-09-15,ADA,0.4656,1471569745.0
2022-09-15,BNB,270.8069,3988689.0
2022-09-15,BTC,19701.2109,1847044.0
2022-09-15,DOGE,0.0588,5565075807.0
2022-09-15,ETH,1471.6935,18309707.0
2022-09-15,SOL,33.0477,34476782.0
2022-09-15,XRP,0.3263,4662608619.0
2022-09-16,ADA,0.4741,1178508658.0
2022-09-16,BNB,274.6546,2925320.0
2022-09-16,BTC,19772.584,1523491.0
2022-09-16,DOGE,0.0604,4088034495.0
2022-09-16,ETH,1432.4478,11703606.0
2022-09-16,SOL,32.2089,23780803.0
2022-09-16,XRP,0.3567,3857649444.0
2022-09-17,ADA,0.4872,1050616273.0
2022-09-17,BNB,279.2493,2008784.0
2022-09-17,BTC,20127.5762,1239963.0
2022-09-17,DOGE,0.0622,3369299397.0
2022-09-17,ETH,1469.7417,7346936.0
2022-09-17,SOL,33.7508,14853061.0
2022-09-17,XRP,0.377,4301260306.0
2022-09-18,ADA,0.4472,1515079630.0
2022-09-18,BNB,266.3132,2964319.0
2022-09-18,BTC,19419.5059,1609453.0
2022-09-18,DOGE,0.0575,4614136498.0
2022-09-18,ETH,1335.3291,11804045.0
2022-09-18,SOL,31.0599,22371967.0
2022-09-18,XRP,0.3583,6937218888.0
2022-09-19,ADA,0.4535,1712158342.0
2022-09-19,BNB,272.0698,3948343.0
2022-09-19,BTC,19544.1289,2055707.0
2022-09-19,DOGE,0.0586,5140046202.0
2022-09-19,ETH,1377.5414,13584139.0
2022-09-19,SOL,32.6853,29713134.0
2022-09-19,XRP,0.3871,7204423913.0
2022-09-20,ADA,0.4419,1232589983.0
2022-09-20,BNB,266.3696,3174923.0
2022-09-20,BTC,18890.7891,1947581.0
2022-09-20,DOGE,0.0584,5048689485.0
2022-09-20,ETH,1324.3882,11116316.0
2022-09-20,SOL,31.433,26086529.0
2022-09-20,XRP,0.4152,9422513589.0
2022-09-21,ADA,0.4412,2773990832.0
2022-09-21,BNB,264.7921,3992481.0
2022-09-21,BTC,18547.4004,2499746.0
2022-09-21,DOGE,0.0574,7072987105.0
2022-09-21,ETH,1252.6078,16480424.0
2022-09-21,SOL,30.8264,38722884.0
2022-09-21,XRP,0.3968,8570716772.0
2022-09-22,ADA,0.459,1661316922.0
2022-09-22,BNB,275.5003,3061142.0
2022-09-22,BTC,19413.5508,2118920.0
2022-09-22,DOGE,0.0596,4056089047.0
2022-09-22,ETH,1327.6802,13905101.0
2022-09-22,SOL,32.4089,25724490.0
2022-09-22,XRP,0.4851,10134539905.0
2022-09-23,ADA,0.4618,2220186610.0
2022-09-23,BNB,276.6263,3143658.0
2022-09-23,BTC,19297.6387,2015587.0
2022-09-23,DOGE,0.0633,11128319577.0
2022-09-23,ETH,1328.2595,14132107.0
2022-09-23,SOL,33.6766,29174394.0
2022-09-23,XRP,0.5072,15377004922.0
2022-09-24,ADA,0.4516,1289037794.0
2022-09-24,BNB,275.1354,2974182.0
2022-09-24,BTC,18937.0117,1380875.0
2022-09-24,DOGE,0.0632,15332376563.0
2022-09-24,ETH,1317.9933,9179265.0
2022-09-24,SOL,33.4627,26079578.0
2022-09-24,XRP,0.4887,7188129556.0
2022-09-25,ADA,0.4462,1185231554.0
2022-09-25,BNB,274.0612,2337193.0
2022-09-25,BTC,18802.0977,1242413.0
2022-09-25,DOGE,0.0612,6008862427.0
2022-09-25,ETH,1294.2168,9119532.0
2022-09-25,SOL,32.3354,18881183.0
2022-09-25,XRP,0.4926,6946821788.0
2022-09-26,ADA,0.4468,1411708367.0
2022-09-26,BNB,275.9279,2598466.0
2022-09-26,BTC,19222.6719,2296705.0
2022-09-26,DOGE,0.0611,5298990253.0
2022-09-26,ETH,1335.3202,12008018.0
2022-09-26,SOL,33.8806,27635725.0
2022-09-26,XRP,0.4677,6235887723.0
2022-09-27,ADA,0.4419,1545785818.0
2022-09-27,BNB,272.4016,3404647.0
2022-09-27,BTC,19110.5469,3064875.0
2022-09-27,DOGE,0.0606,5567285184.0
2022-09-27,ETH,1330.1277,13435251.0
2022-09-27,SOL,32.7501,37365476.0
2022-09-27,XRP,0.4488,6325065219.0
2022-09-28,ADA,0.4373,1414724754.0
2022-09-28,BNB,281.7812,3043025.0
2022-09-28,BTC,19426.7207,2731871.0
2022-09-28,DOGE,0.0606,4575809380.0
2022-09-28,ETH,1337.4109,14202800.0
2022-09-28,SOL,33.2354,30043848.0
2022-09-28,XRP,0.4507,5925571791.0
2022-09-29,ADA,0.4382,1217754908.0
2022-09-29,BNB,283.789,2822125.0
2022-09-29,BTC,19573.0508,2096650.0
2022-09-29,DOGE,0.0607,3773511399.0
2022-09-29,ETH,1335.6523,10329721.0
2022-09-29,SOL,33.9524,28016356.0
2022-09-29,XRP,0.4854,6783327123.0
2022-09-30,ADA,0.4344,1294790538.0
2022-09-30,BNB,284.1923,3186158.0
2022-09-30,BTC,19431.7891,2263057.0
2022-09-30,DOGE,0.0617,5986484449.0
2022-09-30,ETH,1327.9786,10730670.0
2022-09-30,SOL,33.2124,36455761.0
2022-09-30,XRP,0.4798,7879449376.0
2022-10-01,ADA,0.4303,738580036.0
2022-10-01,BNB,282.8719,2097683.0
2022-10-01,BTC,19312.0957,969317.0
2022-10-01,DOGE,0.0606,5738288541.0
2022-10-01,ETH,1311.6444,4748209.0
2022-10-01,SOL,32.4694,17646670.0
2022-10-01,XRP,0.4751,3249895483.0
2022-10-02,ADA,0.4196,964858023.0
2022-10-02,BNB,284.4331,1955973.0
2022-10-02,BTC,19044.1074,1090414.0
2022-10-02,DOGE,0.0593,3342469942.0
2022-10-02,ETH,1276.0935,5938712.0
2022-10-02,SOL,32.0557,16602698.0
2022-10-02,XRP,0.4489,3395674753.0
2022-10-03,ADA,0.428,1062966748.0
2022-10-03,BNB,287.032,2440727.0
2022-10-03,BTC,19623.5801,1553474.0
2022-10-03,DOGE,0.0604,3242026313.0
2022-10-03,ETH,1323.4392,7671732.0
2022-10-03,SOL,32.9676,19206848.0
2022-10-03,XRP,0.4629,4002230727.0
2022-10-04,ADA,0.4358,1017090874.0
2022-10-04,BNB,296.2985,2681641.0
2022-10-04,BTC,20336.8438,1764643.0
2022-10-04,DOGE,0.066,12528793759.0
2022-10-04,ETH,1362.1266,7444077.0
2022-10-04,SOL,34.1225,21017149.0
2022-10-04,XRP,0.4802,4565470425.0
2022-10-05,ADA,0.4313,1025079932.0
2022-10-05,BNB,294.1377,2233095.0
2022-10-05,BTC,20160.7168,1647947.0
2022-10-05,DOGE,0.0647,9370900403.0
2022-10-05,ETH,1352.8372,7225150.0
2022-10-05,SOL,34.0739,19250820.0
2022-10-05,XRP,0.4897,5065583951.0
2022-10-06,ADA,0.4287,1001000251.0
2022-10-06,BNB,286.6342,3524040.0
2022-10-06,BTC,19955.4434,1739446.0
2022-10-06,DOGE,0.0634,6115040821.0
2022-10-06,ETH,1351.7095,8902442.0
2022-10-06,SOL,33.3428,21362616.0
2022-10-06,XRP,0.4932,3879161875.0
2022-10-07,ADA,0.4243,972956931.0
2022-10-07,BNB,283.1827,3363928.0
2022-10-07,BTC,19546.8496,1495244.0
2022-10-07,DOGE,0.0624,4802470200.0
2022-10-07,ETH,1332.517,7550838.0
2022-10-07,SOL,33.0015,19672232.0
2022-10-07,XRP,0.5183,5069638260.0
2022-10-08,ADA,0.4217,701297320.0
2022-10-08,BNB,276.4696,2187246.0
2022-10-08,BTC,19416.5684,846567.0
2022-10-08,DOGE,0.0617,2744160261.0
2022-10-08,ETH,1315.5005,4412523.0
2022-10-08,SOL,32.5779,11265944.0
2022-10-08,XRP,0.5171,3424903560.0
2022-10-09,ADA,0.4231,662487660.0
2022-10-09,BNB,278.2381,2049866.0
2022-10-09,BTC,19446.4258,865828.0
2022-10-09,DOGE,0.0622,2546500321.0
2022-10-09,ETH,1322.6042,4148051.0
2022-10-09,SOL,32.9139,12330661.0
2022-10-09,XRP,0.5341,3350192111.0
2022-10-10,ADA,0.4018,1299613555.0
2022-10-10,BNB,271.8061,2410549.0
2022-10-10,BTC,19141.4844,1432753.0
2022-10-10,DOGE,0.0595,4277383961.0
2022-10-10,ETH,1291.3376,6810373.0
2022-10-10,SOL,31.9708,20039888.0
2022-10-10,XRP,0.497,4746519893.0
2022-10-11,ADA,0.3905,1658409379.0
2022-10-11,BNB,271.3714,2153143.0
2022-10-11,BTC,19051.418,1507055.0
2022-10-11,DOGE,0.0603,4911674062.0
2022-10-11,ETH,1279.5757,7248376.0
2022-10-11,SOL,30.7769,23818925.0
2022-10-11,XRP,0.4854,4746100657.0
2022-10-12,ADA,0.3813,1234374175.0
2022-10-12,BNB,270.971,2018394.0
2022-10-12,BTC,19157.4453,1302375.0
2022-10-12,DOGE,0.0599,3325480575.0
2022-10-12,ETH,1294.9064,6452697.0
2022-10-12,SOL,31.1655,15726599.0
2022-10-12,XRP,0.4884,2815542225.0
2022-10-13,ADA,0.3776,2804893135.0
2022-10-13,BNB,271.8514,4136378.0
2022-10-13,BTC,19382.9043,2281384.0
2022-10-13,DOGE,0.0597,7816462340.0
2022-10-13,ETH,1288.1239,13584903.0
2022-10-13,SOL,30.5445,42641098.0
2022-10-13,XRP,0.4808,5907135222.0
2022-10-14,ADA,0.3669,1534969053.0
2022-10-14,BNB,269.5672,3001645.0
2022-10-14,BTC,19185.6562,2004224.0
2022-10-14,DOGE,0.0586,4138455329.0
2022-10-14,ETH,1297.4221,10107557.0
2022-10-14,SOL,30.0074,27869223.0
2022-10-14,XRP,0.489,4466864718.0
2022-10-15,ADA,0.3637,960958083.0
2022-10-15,BNB,268.4041,1831844.0
2022-10-15,BTC,19067.6348,849200.0
2022-10-15,DOGE,0.0586,3110415912.0
2022-10-15,ETH,1274.8717,5332703.0
2022-10-15,SOL,29.5753,18523045.0
2022-10-15,XRP,0.4815,1749509709.0
2022-10-16,ADA,0.3703,910572590.0
2022-10-16,BNB,272.52,2067168.0
2022-10-16,BTC,19268.0938,933612.0
2022-10-16,DOGE,0.0589,2753951262.0
2022-10-16,ETH,1306.2966,5735011.0
2022-10-16,SOL,30.1688,20166162.0
2022-10-16,XRP,0.477,2157104106.0
2022-10-17,ADA,0.3723,967495195.0
2022-10-17,BNB,275.5126,2159048.0
2022-10-17,BTC,19550.7578,1405191.0
2022-10-17,DOGE,0.0599,2907507310.0
2022-10-17,ETH,1331.7136,7059468.0
2022-10-17,SOL,31.2249,21099859.0
2022-10-17,XRP,0.4799,3077334729.0
2022-10-18,ADA,0.3618,1204213579.0
2022-10-18,BNB,273.2146,2195837.0
2022-10-18,BTC,19334.416,1581636.0
2022-10-18,DOGE,0.0598,4002211846.0
2022-10-18,ETH,1310.447,7949003.0
2022-10-18,SOL,30.1643,23706575.0
2022-10-18,XRP,0.466,2962200684.0
2022-10-19,ADA,0.35,1229889993.0
2022-10-19,BNB,271.9814,1830129.0
2022-10-19,BTC,19139.5352,1171679.0
2022-10-19,DOGE,0.0587,4893246107.0
2022-10-19,ETH,1285.7443,6494832.0
2022-10-19,SOL,28.9008,24126321.0
2022-10-19,XRP,0.4512,3179036049.0
2022-10-20,ADA,0.3403,1461232071.0
2022-10-20,BNB,269.2713,2004654.0
2022-10-20,BTC,19053.7402,1285521.0
2022-10-20,DOGE,0.0595,4054498684.0
2022-10-20,ETH,1283.2009,7020812.0
2022-10-20,SOL,28.0851,28622712.0
2022-10-20,XRP,0.4481,3822928191.0
2022-10-21,ADA,0.3491,1471239979.0
2022-10-21,BNB,270.0384,2198990.0
2022-10-21,BTC,19172.4688,1693016.0
2022-10-21,DOGE,0.0593,3788512571.0
2022-10-21,ETH,1299.9464,8009996.0
2022-10-21,SOL,28.1087,34409598.0
2022-10-21,XRP,0.4611,3567381135.0
2022-10-22,ADA,0.3514,984193380.0
2022-10-22,BNB,270.4795,1447279.0
2022-10-22,BTC,19208.1895,838415.0
2022-10-22,DOGE,0.0597,2670808006.0
2022-10-22,ETH,1314.2992,5459430.0
2022-10-22,SOL,28.0139,16928561.0
2022-10-22,XRP,0.4655,1900996645.0
2022-10-23,ADA,0.3621,1088657880.0
2022-10-23,BNB,276.0082,1752722.0
2022-10-23,BTC,19567.0078,1130924.0
2022-10-23,DOGE,0.0603,3024567588.0
2022-10-23,ETH,1363.447,7267984.0
2022-10-23,SOL,29.2701,21631552.0
2022-10-23,XRP,0.469,2027521090.0
2022-10-24,ADA,0.3579,1089528837.0
2022-10-24,BNB,273.9774,1956171.0
2022-10-24,BTC,19345.5723,1561196.0
2022-10-24,DOGE,0.0595,3807592268.0
2022-10-24,ETH,1344.9985,9734449.0
2022-10-24,SOL,28.3101,23582614.0
2022-10-24,XRP,0.4538,2850325849.0
2022-10-25,ADA,0.402,3023858705.0
2022-10-25,BNB,284.4325,3304951.0
2022-10-25,BTC,20095.8574,2376685.0
2022-10-25,DOGE,0.0629,7561986064.0
2022-10-25,ETH,1461.6654,17355060.0
2022-10-25,SOL,30.94,43188206.0
2022-10-25,XRP,0.4615,3479551664.0
2022-10-26,ADA,0.4035,1888159413.0
2022-10-26,BNB,290.377,3503467.0
2022-10-26,BTC,20770.4414,2835566.0
2022-10-26,DOGE,0.0728,18640489893.0
2022-10-26,ETH,1566.5667,20877215.0
2022-10-26,SOL,31.2847,39986764.0
2022-10-26,XRP,0.4694,3068912733.0
2022-10-27,ADA,0.3887,1849998153.0
2022-10-27,BNB,286.8441,3048785.0
2022-10-27,BTC,20285.8359,2446294.0
2022-10-27,DOGE,0.077,34443697325.0
2022-10-27,ETH,1514.3749,15064631.0
2022-10-27,SOL,30.6306,41657488.0
2022-10-27,XRP,0.4624,3665301552.0
2022-10-28,ADA,0.4045,1528370814.0
2022-10-28,BNB,298.0142,3599682.0
2022-10-28,BTC,20595.3516,2136148.0
2022-10-28,DOGE,0.0839,37814235560.0
2022-10-28,ETH,1555.4779,12841470.0
2022-10-28,SOL,32.1113,33116229.0
2022-10-28,XRP,0.474,2535950291.0
2022-10-29,ADA,0.4198,2037152811.0
2022-10-29,BNB,304.218,4593321.0
2022-10-29,BTC,20818.4766,1939135.0
2022-10-29,DOGE,0.1216,99978146728.0
2022-10-29,ETH,1619.6985,13347024.0
2022-10-29,SOL,32.8571,35484902.0
2022-10-29,XRP,0.4704,2986261902.0
2022-10-30,ADA,0.406,1422407992.0
2022-10-30,BNB,313.7548,4626384.0
2022-10-30,BTC,20635.6035,1525826.0
2022-10-30,DOGE,0.1178,67134631330.0
2022-10-30,ETH,1590.7833,8756738.0
2022-10-30,SOL,32.9659,22184094.0
2022-10-30,XRP,0.4585,2104489698.0
2022-10-31,ADA,0.4063,1402762447.0
2022-10-31,BNB,326.3607,6644200.0
2022-10-31,BTC,20495.7734,2228189.0
2022-10-31,DOGE,0.127,45772100364.0
2022-10-31,ETH,1572.7145,12276176.0
2022-10-31,SOL,32.611,36012498.0
2022-10-31,XRP,0.4659,3137928516.0
2022-11-01,ADA,0.4014,1127046521.0
2022-11-01,BNB,324.5794,4094870.0
2022-11-01,BTC,20485.2734,1943801.0
2022-11-01,DOGE,0.1426,55250174838.0
2022-11-01,ETH,1579.7046,9183560.0
2022-11-01,SOL,32.2484,22614835.0
2022-11-01,XRP,0.4646,2741052166.0
2022-11-02,ADA,0.3861,1920243757.0
2022-11-02,BNB,320.1505,4407395.0
2022-11-02,BTC,20159.5039,2755632.0
2022-11-02,DOGE,0.1278,36577074587.0
2022-11-02,ETH,1519.7118,15301729.0
2022-11-02,SOL,30.7881,37904276.0
2022-11-02,XRP,0.4509,3064832822.0
2022-11-03,ADA,0.3894,1142981816.0
2022-11-03,BNB,329.717,4594347.0
2022-11-03,BTC,20209.9883,2138979.0
2022-11-03,DOGE,0.1226,20968532195.0
2022-11-03,ETH,1531.5417,9303273.0
2022-11-03,SOL,30.8439,26981299.0
2022-11-03,XRP,0.4551,2388136518.0
2022-11-04,ADA,0.4215,2158340176.0
2022-11-04,BNB,354.4064,5470782.0
2022-11-04,BTC,21147.2305,3029840.0
2022-11-04,DOGE,0.1263,23416239030.0
2022-11-04,ETH,1645.0934,12647893.0
2022-11-04,SOL,33.7809,40389849.0
2022-11-04,XRP,0.5044,5500008077.0
2022-11-05,ADA,0.4267,1644163770.0
2022-11-05,BNB,349.2537,3526360.0
2022-11-05,BTC,21282.6914,1778255.0
2022-11-05,DOGE,0.1244,15334451165.0
2022-11-05,ETH,1627.968,6761173.0
2022-11-05,SOL,36.7658,67198278.0
2022-11-05,XRP,0.4933,2465273181.0
2022-11-06,ADA,0.403,1230365425.0
2022-11-06,BNB,339.3894,3369303.0
2022-11-06,BTC,20926.4863,1676473.0
2022-11-06,DOGE,0.1146,11489892523.0
2022-11-06,ETH,1572.2347,7398860.0
2022-11-06,SOL,32.6836,50484264.0
2022-11-06,XRP,0.4707,1998884821.0
2022-11-07,ADA,0.4043,1372228485.0
2022-11-07,BNB,337.0146,5375193.0
2022-11-07,BTC,20602.8164,2597259.0
2022-11-07,DOGE,0.1113,12021466930.0
2022-11-07,ETH,1568.5913,9741201.0
2022-11-07,SOL,29.6013,85978964.0
2022-11-07,XRP,0.4659,3419372438.0
2022-11-08,ADA,0.3718,3819360654.0
2022-11-08,BNB,327.6903,16450300.0
2022-11-08,BTC,18541.2715,6417708.0
2022-11-08,DOGE,0.0884,40106758674.0
2022-11-08,ETH,1332.8356,31547780.0
2022-11-08,SOL,24.1529,253389650.0
2022-11-08,XRP,0.4062,9808874355.0
2022-11-09,ADA,0.3178,4551552668.0
2022-11-09,BNB,266.8531,11959610.0
2022-11-09,BTC,15880.7803,6479855.0
2022-11-09,DOGE,0.0743,37796069205.0
2022-11-09,ETH,1100.1698,35325904.0
2022-11-09,SOL,13.9409,333394723.0
2022-11-09,XRP,0.3332,10933797779.0
2022-11-10,ADA,0.369,3668813374.0
2022-11-10,BNB,304.08,8094170.0
2022-11-10,BTC,17586.7715,4730958.0
2022-11-10,DOGE,0.0898,26972485176.0
2022-11-10,ETH,1299.4646,21994445.0
2022-11-10,SOL,17.6814,230998656.0
2022-11-10,XRP,0.3957,7844793102.0
2022-11-11,ADA,0.3547,1677973476.0
2022-11-11,BNB,289.8206,5607520.0
2022-11-11,BTC,17034.293,3279949.0
2022-11-11,DOGE,0.0849,15376003202.0
2022-11-11,ETH,1287.2211,16252483.0
2022-11-11,SOL,16.3267,134252654.0
2022-11-11,XRP,0.3842,4477847547.0
2022-11-12,ADA,0.3391,1149071854.0
2022-11-12,BNB,282.3413,4212637.0
2022-11-12,BTC,16799.1855,1768996.0
2022-11-12,DOGE,0.088,20927878777.0
2022-11-12,ETH,1255.2683,8735155.0
2022-11-12,SOL,14.539,59627455.0
2022-11-12,XRP,0.3637,2562538395.0
2022-11-13,ADA,0.3301,1228727599.0
2022-11-13,BNB,276.5794,3456898.0
2022-11-13,BTC,16353.3652,1663828.0
2022-11-13,DOGE,0.0849,11185659374.0
2022-11-13,ETH,1221.8192,8771719.0
2022-11-13,SOL,13.1645,66906482.0
2022-11-13,XRP,0.3403,3127028558.0
2022-11-14,ADA,0.3318,1460481521.0
2022-11-14,BNB,278.5784,5532842.0
2022-11-14,BTC,16618.1992,2986499.0
2022-11-14,DOGE,0.0859,14120782574.0
2022-11-14,ETH,1241.6042,12103724.0
2022-11-14,SOL,14.0014,97520086.0
2022-11-14,XRP,0.3764,6378426972.0
2022-11-15,ADA,0.337,926000588.0
2022-11-15,BNB,276.874,4031765.0
2022-11-15,BTC,16884.6133,2167621.0
2022-11-15,DOGE,0.087,7359745469.0
2022-11-15,ETH,1251.7362,9425318.0
2022-11-15,SOL,14.3013,58278546.0
2022-11-15,XRP,0.3885,5061679383.0
2022-11-16,ADA,0.3324,842363327.0
2022-11-16,BNB,272.0816,3340234.0
2022-11-16,BTC,16669.4395,2035192.0
2022-11-16,DOGE,0.0856,8329061491.0
2022-11-16,ETH,1215.6025,9821929.0
2022-11-16,SOL,14.2855,34125212.0
2022-11-16,XRP,0.3763,3494820968.0
2022-11-17,ADA,0.3249,733513176.0
2022-11-17,BNB,267.9113,3190523.0
2022-11-17,BTC,16687.5176,1670046.0
2022-11-17,DOGE,0.0848,5446283081.0
2022-11-17,ETH,1200.8086,8097583.0
2022-11-17,SOL,13.6387,49360867.0
2022-11-17,XRP,0.3825,3466788569.0
2022-11-18,ADA,0.3262,684409539.0
2022-11-18,BNB,273.92,2501853.0
2022-11-18,BTC,16697.7773,1608730.0
2022-11-18,DOGE,0.0847,3985801443.0
2022-11-18,ETH,1212.3003,6582456.0
2022-11-18,SOL,13.2475,26963060.0
2022-11-18,XRP,0.3831,2467424458.0
2022-11-19,ADA,0.3285,487206457.0
2022-11-19,BNB,272.3977,2024434.0
2022-11-19,BTC,16711.5469,963778.0
2022-11-19,DOGE,0.0846,2916276036.0
2022-11-19,ETH,1218.4268,4906939.0
2022-11-19,SOL,12.851,24456767.0
2022-11-19,XRP,0.3847,1485326968.0
2022-11-20,ADA,0.3123,773680176.0
2022-11-20,BNB,264.2351,2726215.0
2022-11-20,BTC,16291.832,1308225.0
2022-11-20,DOGE,0.0772,6466316054.0
2022-11-20,ETH,1142.4667,8447514.0
2022-11-20,SOL,12.2528,41493401.0
2022-11-20,XRP,0.3619,3194304564.0
2022-11-21,ADA,0.3045,1320824971.0
2022-11-21,BNB,254.1683,4307582.0
2022-11-21,BTC,15787.2842,2370863.0
2022-11-21,DOGE,0.0747,8834860258.0
2022-11-21,ETH,1108.353,12703623.0
2022-11-21,SOL,11.8462,42587358.0
2022-11-21,XRP,0.3648,5902768037.0
2022-11-22,ADA,0.3119,974492994.0
2022-11-22,BNB,266.3243,3005467.0
2022-11-22,BTC,16189.7695,1897916.0
2022-11-22,DOGE,0.0785,7088885955.0
2022-11-22,ETH,1135.1735,10606899.0
2022-11-22,SOL,12.4356,42572711.0
2022-11-22,XRP,0.3761,3626596322.0
2022-11-23,ADA,0.3183,1024140721.0
2022-11-23,BNB,297.8474,6447049.0
2022-11-23,BTC,16610.707,1984195.0
2022-11-23,DOGE,0.0818,6477201464.0
2022-11-23,ETH,1183.1996,9501927.0
2022-11-23,SOL,14.3515,59917403.0
2022-11-23,XRP,0.3816,2882906446.0
2022-11-24,ADA,0.3165,699906153.0
2022-11-24,BNB,300.4278,4058139.0
2022-11-24,BTC,16604.4648,1573615.0
2022-11-24,DOGE,0.0815,4422218909.0
2022-11-24,ETH,1203.9832,8061884.0
2022-11-24,SOL,14.5824,42528080.0
2022-11-24,XRP,0.402,3133490598.0
2022-11-25,ADA,0.315,651998027.0
2022-11-25,BNB,300.5777,3157405.0
2022-11-25,BTC,16521.8418,1130519.0
2022-11-25,DOGE,0.0895,11427596850.0
2022-11-25,ETH,1198.9259,4573517.0
2022-11-25,SOL,14.0631,23015343.0
2022-11-25,XRP,0.4084,3107719755.0
2022-11-26,ADA,0.3138,656799826.0
2022-11-26,BNB,311.3885,3922929.0
2022-11-26,BTC,16464.2812,1093276.0
2022-11-26,DOGE,0.089,10136913635.0
2022-11-26,ETH,1205.8979,4207786.0
2022-11-26,SOL,14.1592,23537485.0
2022-11-26,XRP,0.3966,1550049682.0
2022-11-27,ADA,0.3125,537352871.0
2022-11-27,BNB,307.4293,2581989.0
2022-11-27,BTC,16444.627,1243196.0
2022-11-27,DOGE,0.0987,19909076914.0
2022-11-27,ETH,1195.127,3754394.0
2022-11-27,SOL,14.1158,15942132.0
2022-11-27,XRP,0.3968,1587663570.0
2022-11-28,ADA,0.3067,876253070.0
2022-11-28,BNB,293.5273,3934316.0
2022-11-28,BTC,16217.3223,1710703.0
2022-11-28,DOGE,0.0951,14461431458.0
2022-11-28,ETH,1170.0862,6217843.0
2022-11-28,SOL,13.4045,33381544.0
2022-11-28,XRP,0.3903,3020828683.0
2022-11-29,ADA,0.3094,595532842.0
2022-11-29,BNB,295.4982,3338267.0
2022-11-29,BTC,16444.9824,1433975.0
2022-11-29,DOGE,0.1019,13278229102.0
2022-11-29,ETH,1216.9012,6277753.0
2022-11-29,SOL,13.3697,19848782.0
2022-11-29,XRP,0.3985,2431444242.0
2022-11-30,ADA,0.3189,854818640.0
2022-11-30,BNB,300.7943,3356514.0
2022-11-30,BTC,17168.5664,1719630.0
2022-11-30,DOGE,0.1069,12994802490.0
2022-11-30,ETH,1295.6886,7592044.0
2022-11-30,SOL,14.1154,23491601.0
2022-11-30,XRP,0.4087,2283448339.0
2022-12-01,ADA,0.3145,653539461.0
2022-12-01,BNB,292.0162,4907558.0
2022-12-01,BTC,16967.1328,1349397.0
2022-12-01,DOGE,0.1016,8777358434.0
2022-12-01,ETH,1276.2739,5373404.0
2022-12-01,SOL,13.481,17224287.0
2022-12-01,XRP,0.3967,1870623152.0
2022-12-02,ADA,0.3194,593613049.0
2022-12-02,BNB,293.5275,2910303.0
2022-12-02,BTC,17088.6602,1143431.0
2022-12-02,DOGE,0.1021,7596957544.0
2022-12-02,ETH,1294.3033,4800765.0
2022-12-02,SOL,13.7156,17866460.0
2022-12-02,XRP,0.3963,1964057254.0
2022-12-03,ADA,0.3197,714881981.0
2022-12-03,BNB,290.5631,2184059.0
2022-12-03,BTC,16908.2363,959164.0
2022-12-03,DOGE,0.0998,6332294525.0
2022-12-03,ETH,1243.3348,4562415.0
2022-12-03,SOL,13.3025,12126638.0
2022-12-03,XRP,0.3881,1279155424.0
2022-12-04,ADA,0.3228,540509158.0
2022-12-04,BNB,292.2883,2167179.0
2022-12-04,BTC,17130.4863,982139.0
2022-12-04,DOGE,0.1043,7280167568.0
2022-12-04,ETH,1280.2566,4041478.0
2022-12-04,SOL,13.7182,10336800.0
2022-12-04,XRP,0.3907,1154134261.0
2022-12-05,ADA,0.3195,634530390.0
2022-12-05,BNB,288.4743,2446030.0
2022-12-05,BTC,16974.8262,1308354.0
2022-12-05,DOGE,0.1015,10360557741.0
2022-12-05,ETH,1259.6768,4858675.0
2022-12-05,SOL,13.8311,24252622.0
2022-12-05,XRP,0.3896,2284949351.0
2022-12-06,ADA,0.3185,510736380.0
2022-12-06,BNB,290.3545,2101847.0
2022-12-06,BTC,17089.5039,1163868.0
2022-12-06,DOGE,0.1003,5331659457.0
2022-12-06,ETH,1271.6538,4002043.0
2022-12-06,SOL,14.2889,19594281.0
2022-12-06,XRP,0.3921,2076842179.0
2022-12-07,ADA,0.3103,722565591.0
2022-12-07,BNB,284.2844,2670989.0
2022-12-07,BTC,16848.127,1167810.0
2022-12-07,DOGE,0.0958,6497357199.0
2022-12-07,ETH,1232.4375,4667340.0
2022-12-07,SOL,13.5197,16504477.0
2022-12-07,XRP,0.3837,2188957735.0
2022-12-08,ADA,0.3148,521397638.0
2022-12-08,BNB,290.5372,2225688.0
2022-12-08,BTC,17233.4746,1189348.0
2022-12-08,DOGE,0.0985,5002124253.0
2022-12-08,ETH,1281.1163,4860815.0
2022-12-08,SOL,13.6892,14311910.0
2022-12-08,XRP,0.3945,1952621318.0
2022-12-09,ADA,0.3117,509938120.0
2022-12-09,BNB,286.0904,2251875.0
2022-12-09,BTC,17133.1523,1186497.0
2022-12-09,DOGE,0.0967,4380548052.0
2022-12-09,ETH,1264.2848,4513369.0
2022-12-09,SOL,13.5802,15598683.0
2022-12-09,XRP,0.3892,1782637154.0
2022-12-10,ADA,0.3126,304997169.0
2022-12-10,BNB,288.1252,1526195.0
2022-12-10,BTC,17128.7246,741841.0
2022-12-10,DOGE,0.0965,2510862678.0
2022-12-10,ETH,1266.3842,2592025.0
2022-12-10,SOL,13.577,8049917.0
2022-12-10,XRP,0.3867,857580007.0
2022-12-11,ADA,0.3077,393712207.0
2022-12-11,BNB,284.3904,1747012.0
2022-12-11,BTC,17104.1934,825674.0
2022-12-11,DOGE,0.0929,3235212121.0
2022-12-11,ETH,1263.8685,2660091.0
2022-12-11,SOL,13.4278,8745730.0
2022-12-11,XRP,0.3817,960429785.0
2022-12-12,ADA,0.3069,586806587.0
2022-12-12,BNB,276.2782,3528192.0
2022-12-12,BTC,17206.4375,1140130.0
2022-12-12,DOGE,0.0903,8307487891.0
2022-12-12,ETH,1274.619,4041293.0
2022-12-12,SOL,13.3185,15414500.0
2022-12-12,XRP,0.3874,2274268956.0
2022-12-13,ADA,0.3129,972730362.0
2022-12-13,BNB,271.9517,7080317.0
2022-12-13,BTC,17781.3184,1497906.0
2022-12-13,DOGE,0.0909,8427008583.0
2022-12-13,ETH,1320.5492,6673650.0
2022-12-13,SOL,13.834,22838672.0
2022-12-13,XRP,0.3951,2878478928.0
2022-12-14,ADA,0.3081,828721328.0
2022-12-14,BNB,268.2315,3827395.0
2022-12-14,BTC,17815.6504,1433261.0
2022-12-14,DOGE,0.0885,6206027260.0
2022-12-14,ETH,1309.3287,5980863.0
2022-12-14,SOL,14.1405,31220891.0
2022-12-14,XRP,0.3864,2311602286.0
2022-12-15,ADA,0.3002,739165079.0
2022-12-15,BNB,258.2737,2746502.0
2022-12-15,BTC,17364.8652,1207291.0
2022-12-15,DOGE,0.0847,4867264580.0
2022-12-15,ETH,1266.3539,4763960.0
2022-12-15,SOL,14.0215,19447197.0
2022-12-15,XRP,0.3782,1955747426.0
2022-12-16,ADA,0.2641,1573107287.0
2022-12-16,BNB,231.2324,5466592.0
2022-12-16,BTC,16647.4844,1443558.0
2022-12-16,DOGE,0.0759,9208854552.0
2022-12-16,ETH,1168.2594,7958688.0
2022-12-16,SOL,12.2666,29245892.0
2022-12-16,XRP,0.352,3015359160.0
2022-12-17,ADA,0.2669,1260818105.0
2022-12-17,BNB,242.5293,4935295.0
2022-12-17,BTC,16795.0918,861179.0
2022-12-17,DOGE,0.0793,6251630092.0
2022-12-17,ETH,1188.1495,4273249.0
2022-12-17,SOL,12.5044,17817807.0
2022-12-17,XRP,0.3548,1664181536.0
2022-12-18,ADA,0.2663,671867565.0
2022-12-18,BNB,251.1564,3684904.0
2022-12-18,BTC,16757.9766,651890.0
2022-12-18,DOGE,0.0786,3267647454.0
2022-12-18,ETH,1184.7152,2827762.0
2022-12-18,SOL,12.4131,8919759.0
2022-12-18,XRP,0.3503,896133906.0
2022-12-19,ADA,0.2529,889925986.0
2022-12-19,BNB,240.6578,3121429.0
2022-12-19,BTC,16439.6797,1047531.0
2022-12-19,DOGE,0.0714,8144776697.0
2022-12-19,ETH,1167.6099,4233973.0
2022-12-19,SOL,11.9327,17268629.0
2022-12-19,XRP,0.3389,2911769349.0
2022-12-20,ADA,0.259,722097171.0
2022-12-20,BNB,251.7445,2652953.0
2022-12-20,BTC,16906.3047,1344001.0
2022-12-20,DOGE,0.0749,5846388890.0
2022-12-20,ETH,1217.7036,5489802.0
2022-12-20,SOL,12.2805,14444699.0
2022-12-20,XRP,0.3494,2668485203.0
2022-12-21,ADA,0.2532,807734309.0
2022-12-21,BNB,246.047,1947988.0
2022-12-21,BTC,16817.5352,884966.0
2022-12-21,DOGE,0.0737,4748038102.0
2022-12-21,ETH,1213.6,3474936.0
2022-12-21,SOL,12.129,13849046.0
2022-12-21,XRP,0.346,2149390717.0
2022-12-22,ADA,0.2565,679435599.0
2022-12-22,BNB,245.8906,2209792.0
2022-12-22,BTC,16830.3418,976901.0
2022-12-22,DOGE,0.077,7705687354.0
2022-12-22,ETH,1218.1821,4348670.0
2022-12-22,SOL,11.7948,15362677.0
2022-12-22,XRP,0.3496,1959672102.0
2022-12-23,ADA,0.2594,689614907.0
2022-12-23,BNB,246.1482,1580064.0
2022-12-23,BTC,16796.9531,912622.0
2022-12-23,DOGE,0.0771,5171109758.0
2022-12-23,ETH,1220.1594,3963279.0
2022-12-23,SOL,11.7862,13336090.0
2022-12-23,XRP,0.3543,1631451367.0
2022-12-24,ADA,0.2594,349565132.0
2022-12-24,BNB,244.6355,1147124.0
2022-12-24,BTC,16847.7559,578394.0
2022-12-24,DOGE,0.0776,2125690543.0
2022-12-24,ETH,1221.1486,2150560.0
2022-12-24,SOL,11.4443,17718970.0
2022-12-24,XRP,0.3522,639989999.0
2022-12-25,ADA,0.2593,456043200.0
2022-12-25,BNB,243.1415,1225886.0
2022-12-25,BTC,16841.9863,692102.0
2022-12-25,DOGE,0.076,5580843847.0
2022-12-25,ETH,1218.962,3234490.0
2022-12-25,SOL,11.3879,9254475.0
2022-12-25,XRP,0.3464,934490995.0
2022-12-26,ADA,0.2653,571217664.0
2022-12-26,BNB,244.1983,1130701.0
2022-12-26,BTC,16919.8047,702547.0
2022-12-26,DOGE,0.0758,3284849003.0
2022-12-26,ETH,1226.9744,2674953.0
2022-12-26,SOL,11.3066,11710883.0
2022-12-26,XRP,0.3657,2181730634.0
2022-12-27,ADA,0.2604,631145361.0
2022-12-27,BNB,246.5967,1586973.0
2022-12-27,BTC,16717.1738,942060.0
2022-12-27,DOGE,0.0737,3939406591.0
2022-12-27,ETH,1212.7916,3373647.0
2022-12-27,SOL,11.0854,20146531.0
2022-12-27,XRP,0.3681,2459072575.0
2022-12-28,ADA,0.2484,843860061.0
2022-12-28,BNB,244.1419,1698598.0
2022-12-28,BTC,16552.5723,1027376.0
2022-12-28,DOGE,0.0704,7052336376.0
2022-12-28,ETH,1189.9861,4194729.0
2022-12-28,SOL,9.7559,48045643.0
2022-12-28,XRP,0.3565,2354964056.0
2022-12-29,ADA,0.2441,878290078.0
2022-12-29,BNB,246.4797,1400977.0
2022-12-29,BTC,16642.3418,869603.0
2022-12-29,DOGE,0.071,4013739957.0
2022-12-29,ETH,1201.5953,3438956.0
2022-12-29,SOL,9.6518,80037044.0
2022-12-29,XRP,0.3428,2619317425.0
2022-12-30,ADA,0.2456,651384648.0
2022-12-30,BNB,245.7792,1392717.0
2022-12-30,BTC,16602.5859,959439.0
2022-12-30,DOGE,0.0684,6138380216.0
2022-12-30,ETH,1199.2328,3381886.0
2022-12-30,SOL,9.8802,84718187.0
2022-12-30,XRP,0.345,1948076846.0
2022-12-31,ADA,0.2465,584757400.0
2022-12-31,BNB,246.3492,1248439.0
2022-12-31,BTC,16547.4961,679208.0
2022-12-31,DOGE,0.0703,4116582470.0
2022-12-31,ETH,1196.7712,2522214.0
2022-12-31,SOL,9.961,28687628.0
2022-12-31,XRP,0.3399,991875550.0
2023-01-01,ADA,0.2498,453895726.0
2023-01-01,BNB,244.137,1141375.0
2023-01-01,BTC,16625.0801,556049.0
2023-01-01,DOGE,0.0702,2638373072.0
2023-01-01,ETH,1200.9648,1998122.0
2023-01-01,SOL,9.9822,19456802.0
2023-01-01,XRP,0.3388,858502411.0
2023-01-02,ADA,0.2538,627703838.0
2023-01-02,BNB,245.5359,1456949.0
2023-01-02,BTC,16688.4707,724918.0
2023-01-02,DOGE,0.0715,5679181297.0
2023-01-02,ETH,1214.6566,3100266.0
2023-01-02,SOL,11.273,49549520.0
2023-01-02,XRP,0.3486,3803655885.0
2023-01-03,ADA,0.2528,607428648.0
2023-01-03,BNB,246.1334,1533528.0
2023-01-03,BTC,16679.8574,833525.0
2023-01-03,DOGE,0.0705,4021667419.0
2023-01-03,ETH,1214.7788,2793078.0
2023-01-03,SOL,13.344,86124959.0
2023-01-03,XRP,0.3438,2361302082.0
2023-01-04,ADA,0.2677,1083190446.0
2023-01-04,BNB,259.1197,2442597.0
2023-01-04,BTC,16863.2383,1092420.0
2023-01-04,DOGE,0.0732,4687031639.0
2023-01-04,ETH,1256.5266,5096921.0
2023-01-04,SOL,13.4351,85064567.0
2023-01-04,XRP,0.3478,2310769460.0
2023-01-05,ADA,0.2691,652211668.0
2023-01-05,BNB,256.4229,1337377.0
2023-01-05,BTC,16836.7363,813267.0
2023-01-05,DOGE,0.0715,5938890278.0
2023-01-05,ETH,1250.4386,3200306.0
2023-01-05,SOL,13.4193,42047989.0
2023-01-05,XRP,0.338,1979149716.0
2023-01-06,ADA,0.2787,1171643417.0
2023-01-06,BNB,259.8672,1608103.0
2023-01-06,BTC,16951.9688,850265.0
2023-01-06,DOGE,0.0725,4235057804.0
2023-01-06,ETH,1269.379,3921014.0
2023-01-06,SOL,13.5258,38234065.0
2023-01-06,XRP,0.3446,2150802808.0
2023-01-07,ADA,0.2771,600812269.0
2023-01-07,BNB,261.2828,1254244.0
2023-01-07,BTC,16955.0781,455012.0
2023-01-07,DOGE,0.0722,2405133430.0
2023-01-07,ETH,1264.2704,2029007.0
2023-01-07,SOL,13.0923,16066678.0
2023-01-07,XRP,0.3443,971799702.0
2023-01-08,ADA,0.2952,1324988744.0
2023-01-08,BNB,274.3851,1792131.0
2023-01-08,BTC,17091.1445,571572.0
2023-01-08,DOGE,0.0736,3344158978.0
2023-01-08,ETH,1287.3595,2714928.0
2023-01-08,SOL,14.3199,37361918.0
2023-01-08,XRP,0.3454,1493145266.0
2023-01-09,ADA,0.3171,3018507731.0
2023-01-09,BNB,272.7015,2873732.0
2023-01-09,BTC,17196.5547,1083050.0
2023-01-09,DOGE,0.0758,11264961761.0
2023-01-09,ETH,1321.5389,6046314.0
2023-01-09,SOL,16.3025,124476439.0
2023-01-09,XRP,0.3493,4064988176.0
2023-01-10,ADA,0.3225,1288293960.0
2023-01-10,BNB,277.2896,1695914.0
2023-01-10,BTC,17446.293,906114.0
2023-01-10,DOGE,0.0777,6341935424.0
2023-01-10,ETH,1336.5861,4361989.0
2023-01-10,SOL,16.1967,51455365.0
2023-01-10,XRP,0.3512,2321320197.0
2023-01-11,ADA,0.3227,1003823867.0
2023-01-11,BNB,285.0465,1636428.0
2023-01-11,BTC,17934.8965,1024388.0
2023-01-11,DOGE,0.0782,5045471864.0
2023-01-11,ETH,1387.9327,4549863.0
2023-01-11,SOL,16.3594,38546982.0
2023-01-11,XRP,0.3742,4004618888.0
2023-01-12,ADA,0.3298,1508207920.0
2023-01-12,BNB,287.8123,2278927.0
2023-01-12,BTC,18869.5879,1853318.0
2023-01-12,DOGE,0.0803,8803479584.0
2023-01-12,ETH,1417.9385,8625334.0
2023-01-12,SOL,16.619,53235302.0
2023-01-12,XRP,0.3752,3268855944.0
2023-01-13,ADA,0.3458,1057358773.0
2023-01-13,BNB,293.733,1912805.0
2023-01-13,BTC,19909.5742,1467888.0
2023-01-13,DOGE,0.0844,6810195084.0
2023-01-13,ETH,1451.6149,5293517.0
2023-01-13,SOL,18.2884,56716205.0
2023-01-13,XRP,0.3858,2567467267.0
2023-01-14,ADA,0.3526,2119195534.0
2023-01-14,BNB,305.2411,3562295.0
2023-01-14,BTC,20976.2988,1857705.0
2023-01-14,DOGE,0.0873,12609169122.0
2023-01-14,ETH,1550.7069,9959733.0
2023-01-14,SOL,24.2495,140196288.0
2023-01-14,XRP,0.3954,4048883143.0
2023-01-15,ADA,0.3504,1022028716.0
2023-01-15,BNB,302.0706,1863438.0
2023-01-15,BTC,20880.7988,924218.0
2023-01-15,DOGE,0.0861,5818154017.0
2023-01-15,ETH,1552.4795,4363738.0
2023-01-15,SOL,22.8733,72651818.0
2023-01-15,XRP,0.3849,2154447946.0
2023-01-16,ADA,0.35,1139334944.0
2023-01-16,BNB,298.9992,2013806.0
2023-01-16,BTC,21169.6328,1265610.0
2023-01-16,DOGE,0.0836,6421489612.0
2023-01-16,ETH,1576.8335,5361686.0
2023-01-16,SOL,23.5776,67695144.0
2023-01-16,XRP,0.3866,3762085915.0
2023-01-17,ADA,0.3458,856794844.0
2023-01-17,BNB,299.8245,1766874.0
2023-01-17,BTC,21161.5195,1181389.0
2023-01-17,DOGE,0.083,4415866486.0
2023-01-17,ETH,1567.8461,4847072.0
2023-01-17,SOL,22.8841,40486745.0
2023-01-17,XRP,0.3877,2644075624.0
2023-01-18,ADA,0.3268,1413503535.0
2023-01-18,BNB,286.9911,2941792.0
2023-01-18,BTC,20688.7812,1450333.0
2023-01-18,DOGE,0.0802,13647060509.0
2023-01-18,ETH,1515.507,6832618.0
2023-01-18,SOL,20.8506,68471661.0
2023-01-18,XRP,0.3795,3911103830.0
2023-01-19,ADA,0.3391,743355588.0
2023-01-19,BNB,294.8522,1463045.0
2023-01-19,BTC,21086.793,1003133.0
2023-01-19,DOGE,0.0817,4138754271.0
2023-01-19,ETH,1552.5565,4143256.0
2023-01-19,SOL,21.4268,37319744.0
2023-01-19,XRP,0.3938,2815957353.0
2023-01-20,ADA,0.3646,1002119320.0
2023-01-20,BNB,304.9732,2196377.0
2023-01-20,BTC,22676.5527,1269997.0
2023-01-20,DOGE,0.0864,5143826054.0
2023-01-20,ETH,1659.7542,5138649.0
2023-01-20,SOL,25.5483,55548082.0
2023-01-20,XRP,0.4133,2549833874.0
2023-01-21,ADA,0.369,1650918204.0
2023-01-21,BNB,299.2612,2522977.0
2023-01-21,BTC,22777.625,1424305.0
2023-01-21,DOGE,0.0848,8447556539.0
2023-01-21,ETH,1627.1182,5444749.0
2023-01-21,SOL,24.6278,79129839.0
2023-01-21,XRP,0.4035,2570384824.0
2023-01-22,ADA,0.3766,1605171293.0
2023-01-22,BNB,303.0464,1886745.0
2023-01-22,BTC,22720.416,1089170.0
2023-01-22,DOGE,0.0883,8999791153.0
2023-01-22,ETH,1628.3821,4616846.0
2023-01-22,SOL,24.2328,42493612.0
2023-01-22,XRP,0.401,1947204384.0
2023-01-23,ADA,0.3755,1402233074.0
2023-01-23,BNB,305.5041,1704326.0
2023-01-23,BTC,22934.4316,1156283.0
2023-01-23,DOGE,0.0886,7463164633.0
2023-01-23,ETH,1628.2511,5075696.0
2023-01-23,SOL,24.3578,35908398.0
2023-01-23,XRP,0.4249,4660657574.0
2023-01-24,ADA,0.3593,1064710605.0
2023-01-24,BNB,300.6123,2952403.0
2023-01-24,BTC,22636.4688,1166484.0
2023-01-24,DOGE,0.0839,6669223874.0
2023-01-24,ETH,1556.6042,5255205.0
2023-01-24,SOL,22.7957,36726764.0
2023-01-24,XRP,0.4077,3103601739.0
2023-01-25,ADA,0.3734,1061626505.0
2023-01-25,BNB,307.3076,2172763.0
2023-01-25,BTC,23117.8594,1327345.0
2023-01-25,DOGE,0.0866,6265110829.0
2023-01-25,ETH,1611.7111,6576224.0
2023-01-25,SOL,24.5714,47454548.0
2023-01-25,XRP,0.4177,2645261108.0
2023-01-26,ADA,0.3801,1265902268.0
2023-01-26,BNB,304.8665,1774397.0
2023-01-26,BTC,23032.7773,1144362.0
2023-01-26,DOGE,0.0864,4911216566.0
2023-01-26,ETH,1603.106,5236906.0
2023-01-26,SOL,24.3507,33256790.0
2023-01-26,XRP,0.4101,2175489332.0
2023-01-27,ADA,0.389,928033671.0
2023-01-27,BNB,308.1231,1573715.0
2023-01-27,BTC,23078.7285,1099858.0
2023-01-27,DOGE,0.0871,4591859073.0
2023-01-27,ETH,1598.1565,5083648.0
2023-01-27,SOL,24.4079,27979784.0
2023-01-27,XRP,0.4128,1971910509.0
2023-01-28,ADA,0.3824,926563482.0
2023-01-28,BNB,306.2443,1419507.0
2023-01-28,BTC,23031.0898,638829.0
2023-01-28,DOGE,0.0878,7316874867.0
2023-01-28,ETH,1572.4351,3690870.0
2023-01-28,SOL,23.9818,20426235.0
2023-01-28,XRP,0.4081,1247086325.0
2023-01-29,ADA,0.3963,828682789.0
2023-01-29,BNB,317.3362,2094450.0
2023-01-29,BTC,23774.5664,1153488.0
2023-01-29,DOGE,0.0902,5077492176.0
2023-01-29,ETH,1646.1556,5346574.0
2023-01-29,SOL,26.1324,43303416.0
2023-01-29,XRP,0.4138,1369332110.0
2023-01-30,ADA,0.3725,1070981229.0
2023-01-30,BNB,307.0689,2054714.0
2023-01-30,BTC,22840.1387,1191131.0
2023-01-30,DOGE,0.0883,8910567487.0
2023-01-30,ETH,1567.3265,5857374.0
2023-01-30,SOL,23.9463,45275026.0
2023-01-30,XRP,0.3946,3142620619.0
2023-01-31,ADA,0.3909,1192157165.0
2023-01-31,BNB,312.3611,1560605.0
2023-01-31,BTC,23139.2832,986972.0
2023-01-31,DOGE,0.0962,16043853356.0
2023-01-31,ETH,1586.5354,4150674.0
2023-01-31,SOL,23.9525,25760095.0
2023-01-31,XRP,0.4064,2526761492.0
2023-02-01,ADA,0.3972,1229322882.0
2023-02-01,BNB,317.4726,1942337.0
2023-02-01,BTC,23723.7695,1124748.0
2023-02-01,DOGE,0.0942,11790342318.0
2023-02-01,ETH,1641.7927,4943967.0
2023-02-01,SOL,24.9934,39383162.0
2023-02-01,XRP,0.4139,2577459315.0
2023-02-02,ADA,0.3976,1388001639.0
2023-02-02,BNB,323.3498,2811435.0
2023-02-02,BTC,23471.8711,1366186.0
2023-02-02,DOGE,0.091,8535556220.0
2023-02-02,ETH,1643.2416,6425155.0
2023-02-02,SOL,24.2651,41924085.0
2023-02-02,XRP,0.4097,2431469580.0
2023-02-03,ADA,0.4043,937586665.0
2023-02-03,BNB,332.2687,2593078.0
2023-02-03,BTC,23449.3223,1154962.0
2023-02-03,DOGE,0.093,5900490514.0
2023-02-03,ETH,1664.7456,4907368.0
2023-02-03,SOL,24.6809,26085487.0
2023-02-03,XRP,0.4122,2057419558.0
2023-02-04,ADA,0.3997,662698806.0
2023-02-04,BNB,330.6171,1333676.0
2023-02-04,BTC,23331.8477,670298.0
2023-02-04,DOGE,0.0958,11190602997.0
2023-02-04,ETH,1667.0592,3505156.0
2023-02-04,SOL,24.3177,13231409.0
2023-02-04,XRP,0.4113,1417734624.0
2023-02-05,ADA,0.3925,867801601.0
2023-02-05,BNB,327.8694,2022053.0
2023-02-05,BTC,22955.666,852263.0
2023-02-05,DOGE,0.0921,8180295177.0
2023-02-05,ETH,1631.6459,4245221.0
2023-02-05,SOL,23.4934,24622449.0
2023-02-05,XRP,0.3989,1900222180.0
2023-02-06,ADA,0.3824,897638327.0
2023-02-06,BNB,324.6272,1607674.0
2023-02-06,BTC,22760.1094,1046788.0
2023-02-06,DOGE,0.0895,5453004022.0
2023-02-06,ETH,1616.2471,4281444.0
2023-02-06,SOL,22.7064,19813137.0
2023-02-06,XRP,0.3928,2420861546.0
2023-02-07,ADA,0.3992,931050133.0
2023-02-07,BNB,333.2279,1565908.0
2023-02-07,BTC,23264.291,1168656.0
2023-02-07,DOGE,0.0926,5536741758.0
2023-02-07,ETH,1672.0035,4802787.0
2023-02-07,SOL,23.8614,26211360.0
2023-02-07,XRP,0.4039,2513999467.0
2023-02-08,ADA,0.394,905746711.0
2023-02-08,BNB,328.0887,1570088.0
2023-02-08,BTC,22939.3984,1106017.0
2023-02-08,DOGE,0.0902,5134720990.0
2023-02-08,ETH,1650.7168,4728909.0
2023-02-08,SOL,23.1927,23030937.0
2023-02-08,XRP,0.3981,2142954642.0
2023-02-09,ADA,0.3625,1341811645.0
2023-02-09,BNB,305.9604,2544421.0
2023-02-09,BTC,21819.0391,1492851.0
2023-02-09,DOGE,0.0815,10051645333.0
2023-02-09,ETH,1546.4382,6805942.0
2023-02-09,SOL,20.4521,38990381.0
2023-02-09,XRP,0.3825,3891009081.0
2023-02-10,ADA,0.3586,997423658.0
2023-02-10,BNB,305.9541,1610961.0
2023-02-10,BTC,21651.1836,1250666.0
2023-02-10,DOGE,0.0811,6372723225.0
2023-02-10,ETH,1514.8691,5543309.0
2023-02-10,SOL,20.1301,32498081.0
2023-02-10,XRP,0.3826,2293138128.0
2023-02-11,ADA,0.3692,606841413.0
2023-02-11,BNB,310.616,1122188.0
2023-02-11,BTC,21870.875,747854.0
2023-02-11,DOGE,0.0824,2963886663.0
2023-02-11,ETH,1539.9268,3288473.0
2023-02-11,SOL,20.8301,12825638.0
2023-02-11,XRP,0.384,1137209943.0
2023-02-12,ADA,0.3643,662361783.0
2023-02-12,BNB,312.9297,1664894.0
2023-02-12,BTC,21788.2031,817922.0
2023-02-12,DOGE,0.0821,5462640473.0
2023-02-12,ETH,1515.0337,3511274.0
2023-02-12,SOL,21.49,24799642.0
2023-02-12,XRP,0.3753,1312232584.0
2023-02-13,ADA,0.3596,1025597362.0
2023-02-13,BNB,294.4753,4491057.0
2023-02-13,BTC,21808.1016,1096782.0
2023-02-13,DOGE,0.0822,9154425068.0
2023-02-13,ETH,1507.1659,6212889.0
2023-02-13,SOL,20.7901,33347250.0
2023-02-13,XRP,0.3717,3037641359.0
2023-02-14,ADA,0.3864,1232869647.0
2023-02-14,BNB,296.1204,2236241.0
2023-02-14,BTC,22220.8047,1205744.0
2023-02-14,DOGE,0.0835,5119640891.0
2023-02-14,ETH,1556.8751,5941116.0
2023-02-14,SOL,21.825,39673333.0
2023-02-14,XRP,0.3824,2673357162.0
2023-02-15,ADA,0.4181,1143990449.0
2023-02-15,BNB,317.1692,2104615.0
2023-02-15,BTC,24307.8418,1336331.0
2023-02-15,DOGE,0.0893,9482626062.0
2023-02-15,ETH,1673.746,5983605.0
2023-02-15,SOL,23.8839,31302101.0
2023-02-15,XRP,0.4014,2671682043.0
2023-02-16,ADA,0.3879,1425541554.0
2023-02-16,BNB,304.7637,3400455.0
2023-02-16,BTC,23623.4746,1664305.0
2023-02-16,DOGE,0.085,9991977462.0
2023-02-16,ETH,1640.0676,7746547.0
2023-02-16,SOL,22.286,39714989.0
2023-02-16,XRP,0.3852,3101317686.0
2023-02-17,ADA,0.4039,999018829.0
2023-02-17,BNB,313.378,2238752.0
2023-02-17,BTC,24565.6016,1683592.0
2023-02-17,DOGE,0.0878,5096093446.0
2023-02-17,ETH,1694.7833,5783892.0
2023-02-17,SOL,23.1668,25070553.0
2023-02-17,XRP,0.3953,2451830688.0
2023-02-18,ADA,0.4063,774292153.0
2023-02-18,BNB,316.6827,1477454.0
2023-02-18,BTC,24641.2773,796445.0
2023-02-18,DOGE,0.0889,4474665496.0
2023-02-18,ETH,1691.8195,3245877.0
2023-02-18,SOL,23.4786,15797032.0
2023-02-18,XRP,0.3946,1266080691.0
2023-02-19,ADA,0.4001,866430823.0
2023-02-19,BNB,311.9359,1674824.0
2023-02-19,BTC,24327.6426,1050455.0
2023-02-19,DOGE,0.087,5809065717.0
2023-02-19,ETH,1681.4362,4138810.0
2023-02-19,SOL,24.8408,40009887.0
2023-02-19,XRP,0.3863,1883580172.0
2023-02-20,ADA,0.404,929620714.0
2023-02-20,BNB,315.3774,2144720.0
2023-02-20,BTC,24829.1484,1167474.0
2023-02-20,DOGE,0.0882,5100521805.0
2023-02-20,ETH,1702.6752,4524412.0
2023-02-20,SOL,26.1814,55747454.0
2023-02-20,XRP,0.3985,3398327887.0
2023-02-21,ADA,0.3924,987946026.0
2023-02-21,BNB,311.472,1860071.0
2023-02-21,BTC,24436.3535,1278918.0
2023-02-21,DOGE,0.0854,5657795647.0
2023-02-21,ETH,1658.0364,5260203.0
2023-02-21,SOL,24.9486,37110250.0
2023-02-21,XRP,0.3919,2816413824.0
2023-02-22,ADA,0.3889,986669278.0
2023-02-22,BNB,312.7811,1755794.0
2023-02-22,BTC,24188.8438,1248509.0
2023-02-22,DOGE,0.0855,8945946545.0
2023-02-22,ETH,1643.2317,5592265.0
2023-02-22,SOL,24.1813,36910623.0
2023-02-22,XRP,0.3956,2817882666.0
2023-02-23,ADA,0.383,760879349.0
2023-02-23,BNB,308.5339,1532578.0
2023-02-23,BTC,23947.4922,1272629.0
2023-02-23,DOGE,0.0843,4168667626.0
2023-02-23,ETH,1651.0739,5459015.0
2023-02-23,SOL,23.9008,24234053.0
2023-02-23,XRP,0.3891,2357634504.0
2023-02-24,ADA,0.3658,1084391615.0
2023-02-24,BNB,302.0537,1588877.0
2023-02-24,BTC,23198.127,1155772.0
2023-02-24,DOGE,0.0809,5551774327.0
2023-02-24,ETH,1608.3732,5539218.0
2023-02-24,SOL,23.053,26563852.0
2023-02-24,XRP,0.3785,2518925887.0
2023-02-25,ADA,0.3624,777904735.0
2023-02-25,BNB,302.3846,1026850.0
2023-02-25,BTC,23175.375,694734.0
2023-02-25,DOGE,0.0808,3915554352.0
2023-02-25,ETH,1594.9149,3547328.0
2023-02-25,SOL,22.5234,24298554.0
2023-02-25,XRP,0.3781,1460579410.0
2023-02-26,ADA,0.369,562871314.0
2023-02-26,BNB,308.9971,1010755.0
2023-02-26,BTC,23561.2129,706438.0
2023-02-26,DOGE,0.0822,2654821484.0
2023-02-26,ETH,1640.8171,3490924.0
2023-02-26,SOL,23.2561,15925791.0
2023-02-26,XRP,0.378,1168697697.0
2023-02-27,ADA,0.3649,637798731.0
2023-02-27,BNB,304.8558,1327862.0
2023-02-27,BTC,23522.8711,963350.0
2023-02-27,DOGE,0.0814,3282331712.0
2023-02-27,ETH,1634.3264,4429852.0
2023-02-27,SOL,22.6926,20975439.0
2023-02-27,XRP,0.3791,2768312763.0
2023-02-28,ADA,0.3525,681498404.0
2023-02-28,BNB,301.4748,1120071.0
2023-02-28,BTC,23147.3535,887158.0
2023-02-28,DOGE,0.0807,4590889186.0
2023-02-28,ETH,1605.8951,3937789.0
2023-02-28,SOL,21.9164,16018418.0
2023-02-28,XRP,0.3771,2653303114.0
2023-03-01,ADA,0.3604,637313188.0
2023-03-01,BNB,302.9075,1247823.0
2023-03-01,BTC,23646.5508,1042978.0
2023-03-01,DOGE,0.082,3178237380.0
2023-03-01,ETH,1663.4337,4630090.0
2023-03-01,SOL,22.5064,15397022.0
2023-03-01,XRP,0.3839,2377013132.0
2023-03-02,ADA,0.3502,699595151.0
2023-03-02,BNB,299.9462,1235278.0
2023-03-02,BTC,23475.4668,868413.0
2023-03-02,DOGE,0.0805,2800468934.0
2023-03-02,ETH,1647.3193,4298469.0
2023-03-02,SOL,21.9849,14671241.0
2023-03-02,XRP,0.3776,2151959600.0
2023-03-03,ADA,0.3427,1155604141.0
2023-03-03,BNB,290.2828,1551118.0
2023-03-03,BTC,22362.6797,1165442.0
2023-03-03,DOGE,0.0768,7349235653.0
2023-03-03,ETH,1569.1676,6323251.0
2023-03-03,SOL,21.3994,22861837.0
2023-03-03,XRP,0.3777,3188358864.0
2023-03-04,ADA,0.3365,514283805.0
2023-03-04,BNB,289.5039,998941.0
2023-03-04,BTC,22353.3496,499523.0
2023-03-04,DOGE,0.0746,3586327487.0
2023-03-04,ETH,1566.924,2801058.0
2023-03-04,SOL,20.9668,11893299.0
2023-03-04,XRP,0.3738,1489037487.0
2023-03-05,ADA,0.3371,509755875.0
2023-03-05,BNB,288.6997,996189.0
2023-03-05,BTC,22435.5137,593568.0
2023-03-05,DOGE,0.0748,2884849713.0
2023-03-05,ETH,1564.4688,3209323.0
2023-03-05,SOL,20.9786,13286381.0
2023-03-05,XRP,0.3672,1376867934.0
2023-03-06,ADA,0.3308,682590609.0
2023-03-06,BNB,288.055,1298921.0
2023-03-06,BTC,22429.7578,773668.0
2023-03-06,DOGE,0.0748,3676145805.0
2023-03-06,ETH,1567.3987,3346407.0
2023-03-06,SOL,20.635,15411808.0
2023-03-06,XRP,0.3705,3135490840.0
2023-03-07,ADA,0.3305,823392866.0
2023-03-07,BNB,289.3437,1289734.0
2023-03-07,BTC,22219.7695,1024558.0
2023-03-07,DOGE,0.074,4176716617.0
2023-03-07,ETH,1561.9331,4388189.0
2023-03-07,SOL,20.2447,19506372.0
2023-03-07,XRP,0.3805,3887726767.0
2023-03-08,ADA,0.3176,924380890.0
2023-03-08,BNB,286.867,1522186.0
2023-03-08,BTC,21718.0801,1037687.0
2023-03-08,DOGE,0.0711,4521689607.0
2023-03-08,ETH,1534.0883,4647925.0
2023-03-08,SOL,18.4212,33686390.0
2023-03-08,XRP,0.3892,4835425726.0
2023-03-09,ADA,0.3097,1434503235.0
2023-03-09,BNB,277.2961,1823570.0
2023-03-09,BTC,20363.0215,1491167.0
2023-03-09,DOGE,0.066,7937305331.0
2023-03-09,ETH,1438.6608,6574098.0
2023-03-09,SOL,17.3081,43572691.0
2023-03-09,XRP,0.3721,4641535277.0
2023-03-10,ADA,0.3153,1490070588.0
2023-03-10,BNB,277.4196,2014193.0
2023-03-10,BTC,20187.2441,1960558.0
2023-03-10,DOGE,0.0658,7226774963.0
2023-03-10,ETH,1429.1581,8861997.0
2023-03-10,SOL,18.2436,51745809.0
2023-03-10,XRP,0.3706,3914756527.0
2023-03-11,ADA,0.3073,1446290208.0
2023-03-11,BNB,277.9614,1883799.0
2023-03-11,BTC,20632.4102,1462761.0
2023-03-11,DOGE,0.0666,6743019657.0
2023-03-11,ETH,1482.6167,10061319.0
2023-03-11,SOL,18.2258,38236632.0
2023-03-11,XRP,0.3668,2865326957.0
2023-03-12,ADA,0.3315,1133508704.0
2023-03-12,BNB,289.6758,1667639.0
2023-03-12,BTC,22163.9492,1321021.0
2023-03-12,DOGE,0.071,5285456181.0
2023-03-12,ETH,1590.293,7219403.0
2023-03-12,SOL,20.3105,32837195.0
2023-03-12,XRP,0.3733,2952348901.0
2023-03-13,ADA,0.3446,1894693893.0
2023-03-13,BNB,308.9122,3634251.0
2023-03-13,BTC,24197.5332,2044273.0
2023-03-13,DOGE,0.073,7355716336.0
2023-03-13,ETH,1680.309,9350345.0
2023-03-13,SOL,20.4337,56825914.0
2023-03-13,XRP,0.3738,4533593953.0
2023-03-14,ADA,0.3443,1727528818.0
2023-03-14,BNB,309.3708,2799792.0
2023-03-14,BTC,24746.0742,2207309.0
2023-03-14,DOGE,0.0748,8718546399.0
2023-03-14,ETH,1703.5071,9486184.0
2023-03-14,SOL,20.928,54005276.0
2023-03-14,XRP,0.3743,4082248726.0
2023-03-15,ADA,0.3246,1815421531.0
2023-03-15,BNB,307.1249,1943382.0
2023-03-15,BTC,24375.9609,1790933.0
2023-03-15,DOGE,0.0699,7563999697.0
2023-03-15,ETH,1656.1805,7677508.0
2023-03-15,SOL,19.291,42331427.0
2023-03-15,XRP,0.3606,2946771694.0
2023-03-16,ADA,0.3254,1051490170.0
2023-03-16,BNB,329.8609,4053815.0
2023-03-16,BTC,25052.7891,1351788.0
2023-03-16,DOGE,0.0727,4485094385.0
2023-03-16,ETH,1677.2155,5583648.0
2023-03-16,SOL,19.7305,22233199.0
2023-03-16,XRP,0.366,1892596226.0
2023-03-17,ADA,0.3505,1178346040.0
2023-03-17,BNB,339.0811,2756178.0
2023-03-17,BTC,27423.9297,1849854.0
2023-03-17,DOGE,0.0765,6346848399.0
2023-03-17,ETH,1792.4851,6955397.0
2023-03-17,SOL,21.6291,28827746.0
2023-03-17,XRP,0.3804,2751176184.0
2023-03-18,ADA,0.3377,1087401554.0
2023-03-18,BNB,331.5243,2498977.0
2023-03-18,BTC,26965.8789,1324750.0
2023-03-18,DOGE,0.073,7088852219.0
2023-03-18,ETH,1761.6597,5856876.0
2023-03-18,SOL,21.1959,37260591.0
2023-03-18,XRP,0.3744,2316438460.0
2023-03-19,ADA,0.346,777451112.0
2023-03-19,BNB,336.9782,2094759.0
2023-03-19,BTC,28038.6758,1347048.0
2023-03-19,DOGE,0.0748,4529727255.0
2023-03-19,ETH,1785.5765,5135913.0
2023-03-19,SOL,21.9034,21693711.0
2023-03-19,XRP,0.3885,3062402950.0
2023-03-20,ADA,0.3326,968507801.0
2023-03-20,BNB,332.923,2049353.0
2023-03-20,BTC,27767.2363,1612477.0
2023-03-20,DOGE,0.0715,5724662332.0
2023-03-20,ETH,1735.3213,6326394.0
2023-03-20,SOL,22.1765,51732798.0
2023-03-20,XRP,0.3746,2867437722.0
2023-03-21,ADA,0.3712,1847749455.0
2023-03-21,BNB,335.3092,1904543.0
2023-03-21,BTC,28175.8164,1281318.0
2023-03-21,DOGE,0.0769,8209407400.0
2023-03-21,ETH,1806.7607,5954650.0
2023-03-21,SOL,22.6183,32941585.0
2023-03-21,XRP,0.4697,8896891713.0
2023-03-22,ADA,0.3606,2198331980.0
2023-03-22,BNB,321.8877,3978444.0
2023-03-22,BTC,27307.4375,1222452.0
2023-03-22,DOGE,0.074,9371907145.0
2023-03-22,ETH,1737.717,7184198.0
2023-03-22,SOL,21.4805,39649049.0
2023-03-22,XRP,0.4225,7840338221.0
2023-03-23,ADA,0.372,1169285764.0
2023-03-23,BNB,329.837,1659580.0
2023-03-23,BTC,28333.9727,854820.0
2023-03-23,DOGE,0.0774,8230283655.0
2023-03-23,ETH,1816.4052,6063056.0
2023-03-23,SOL,22.2168,25014021.0
2023-03-23,XRP,0.4448,4858765507.0
2023-03-24,ADA,0.3601,848632524.0
2023-03-24,BNB,322.3593,1453818.0
2023-03-24,BTC,27493.2852,944969.0
2023-03-24,DOGE,0.0747,5312640682.0
2023-03-24,ETH,1752.0448,6229104.0
2023-03-24,SOL,20.6789,26463031.0
2023-03-24,XRP,0.4259,3087299475.0
2023-03-25,ADA,0.352,600747944.0
2023-03-25,BNB,322.6731,1360704.0
2023-03-25,BTC,27494.707,486748.0
2023-03-25,DOGE,0.074,3873792340.0
2023-03-25,ETH,1743.7648,3793121.0
2023-03-25,SOL,20.4466,13349364.0
2023-03-25,XRP,0.4447,4121208927.0
2023-03-26,ADA,0.3562,617324653.0
2023-03-26,BNB,328.888,1104376.0
2023-03-26,BTC,27994.3301,495756.0
2023-03-26,DOGE,0.0744,3076131775.0
2023-03-26,ETH,1775.6768,3936704.0
2023-03-26,SOL,20.9755,10806120.0
2023-03-26,XRP,0.4488,2429724258.0
2023-03-27,ADA,0.3455,874645578.0
2023-03-27,BNB,310.9491,2112299.0
2023-03-27,BTC,27139.8887,670190.0
2023-03-27,DOGE,0.0729,5971386550.0
2023-03-27,ETH,1715.4608,5004924.0
2023-03-27,SOL,19.9217,18051047.0
2023-03-27,XRP,0.48,5688140073.0
2023-03-28,ADA,0.3684,867569488.0
2023-03-28,BNB,313.2606,1526934.0
2023-03-28,BTC,27268.1309,652175.0
2023-03-28,DOGE,0.0738,3745640577.0
2023-03-28,ETH,1772.7856,4708347.0
2023-03-28,SOL,20.4707,16983130.0
2023-03-28,XRP,0.5151,6141477728.0
2023-03-29,ADA,0.3816,1237420239.0
2023-03-29,BNB,313.8418,1538808.0
2023-03-29,BTC,28348.4414,729668.0
2023-03-29,DOGE,0.0756,5604929811.0
2023-03-29,ETH,1793.0018,5095464.0
2023-03-29,SOL,21.1115,17939381.0
2023-03-29,XRP,0.5436,7529652397.0
2023-03-30,ADA,0.3765,1038793182.0
2023-03-30,BNB,316.5676,1876948.0
2023-03-30,BTC,28033.5625,800303.0
2023-03-30,DOGE,0.0742,5014332616.0
2023-03-30,ETH,1792.7372,5424385.0
2023-03-30,SOL,20.551,22989061.0
2023-03-30,XRP,0.5342,5043859435.0
2023-03-31,ADA,0.3989,1598424968.0
2023-03-31,BNB,317.04,1322956.0
2023-03-31,BTC,28478.4844,667217.0
2023-03-31,DOGE,0.077,4910939653.0
2023-03-31,ETH,1822.0221,5021553.0
2023-03-31,SOL,21.1705,16667770.0
2023-03-31,XRP,0.5385,3591981665.0
2023-04-01,ADA,0.3854,921949804.0
2023-04-01,BNB,315.2173,1469259.0
2023-04-01,BTC,28411.0352,382826.0
2023-04-01,DOGE,0.0841,11101238607.0
2023-04-01,ETH,1813.8606,3063325.0
2023-04-01,SOL,20.9756,9972822.0
2023-04-01,XRP,0.5147,3554865580.0
2023-04-02,ADA,0.3818,785933815.0
2023-04-02,BNB,313.9286,1409332.0
2023-04-02,BTC,28199.3086,435636.0
2023-04-02,DOGE,0.0791,11756099285.0
2023-04-02,ETH,1795.7081,3452522.0
2023-04-02,SOL,20.537,11177965.0
2023-04-02,XRP,0.519,2868561828.0
2023-04-03,ADA,0.3871,1594605803.0
2023-04-03,BNB,308.5624,2274631.0
2023-04-03,BTC,27790.2207,703719.0
2023-04-03,DOGE,0.0961,36399631137.0
2023-04-03,ETH,1810.2971,5327206.0
2023-04-03,SOL,20.4431,21389494.0
2023-04-03,XRP,0.497,3332003902.0
2023-04-04,ADA,0.3897,991491227.0
2023-04-04,BNB,310.9948,1851069.0
2023-04-04,BTC,28168.0898,542619.0
2023-04-04,DOGE,0.0952,32540752261.0
2023-04-04,ETH,1871.0051,5557613.0
2023-04-04,SOL,20.9246,14606247.0
2023-04-04,XRP,0.5035,2443881523.0
2023-04-05,ADA,0.3924,772902676.0
2023-04-05,BNB,314.0632,1887700.0
2023-04-05,BTC,28177.9844,605165.0
2023-04-05,DOGE,0.0928,16478884620.0
2023-04-05,ETH,1909.114,5405246.0
2023-04-05,SOL,20.966,15495831.0
2023-04-05,XRP,0.5062,2770516241.0
2023-04-06,ADA,0.3832,709652372.0
2023-04-06,BNB,312.4547,1698506.0
2023-04-06,BTC,28044.1406,493430.0
2023-04-06,DOGE,0.0854,16519878364.0
2023-04-06,ETH,1872.9226,4411924.0
2023-04-06,SOL,20.6101,10798440.0
2023-04-06,XRP,0.5033,2140110179.0
2023-04-07,ADA,0.3836,499426963.0
2023-04-07,BNB,310.6995,1538780.0
2023-04-07,BTC,27925.8594,388947.0
2023-04-07,DOGE,0.0825,10408389559.0
2023-04-07,ETH,1865.6361,4478971.0
2023-04-07,SOL,20.4699,8385997.0
2023-04-07,XRP,0.5137,2064111774.0
2023-04-08,ADA,0.3856,525969220.0
2023-04-08,BNB,310.6347,1486530.0
2023-04-08,BTC,27947.7949,335384.0
2023-04-08,DOGE,0.0814,6239541992.0
2023-04-08,ETH,1849.4982,2712283.0
2023-04-08,SOL,20.0364,9703013.0
2023-04-08,XRP,0.5057,1161998086.0
2023-04-09,ADA,0.3897,509935593.0
2023-04-09,BNB,312.8723,1488234.0
2023-04-09,BTC,28333.0508,429722.0
2023-04-09,DOGE,0.0833,5455977780.0
2023-04-09,ETH,1859.3878,3421286.0
2023-04-09,SOL,20.2995,7516499.0
2023-04-09,XRP,0.5058,1088465447.0
2023-04-10,ADA,0.397,654339095.0
2023-04-10,BNB,318.3791,1776983.0
2023-04-10,BTC,29652.9805,650269.0
2023-04-10,DOGE,0.0849,5584817090.0
2023-04-10,ETH,1911.2075,4384733.0
2023-04-10,SOL,20.8824,10734861.0
2023-04-10,XRP,0.5183,1764147704.0
2023-04-11,ADA,0.4015,1109298396.0
2023-04-11,BNB,322.7583,2778064.0
2023-04-11,BTC,30235.0586,665494.0
2023-04-11,DOGE,0.0842,5610494114.0
2023-04-11,ETH,1892.1897,4691508.0
2023-04-11,SOL,23.0188,47071638.0
2023-04-11,XRP,0.5175,2331054845.0
2023-04-12,ADA,0.4066,915994388.0
2023-04-12,BNB,318.9538,2006335.0
2023-04-12,BTC,30139.0527,618863.0
2023-04-12,DOGE,0.0834,6478379580.0
2023-04-12,ETH,1920.6821,5732710.0
2023-04-12,SOL,23.9853,50207834.0
2023-04-12,XRP,0.5061,2100986247.0
2023-04-13,ADA,0.4258,1214961882.0
2023-04-13,BNB,324.9481,2106313.0
2023-04-13,BTC,30399.0664,575272.0
2023-04-13,DOGE,0.0875,9264383298.0
2023-04-13,ETH,2012.6346,6234092.0
2023-04-13,SOL,24.4323,32429823.0
2023-04-13,XRP,0.5133,1876329757.0
2023-04-14,ADA,0.4383,1647701642.0
2023-04-14,BNB,329.1739,2861292.0
2023-04-14,BTC,30485.6992,743299.0
2023-04-14,DOGE,0.0888,11345678215.0
2023-04-14,ETH,2101.6355,7754960.0
2023-04-14,SOL,24.7727,34676768.0
2023-04-14,XRP,0.524,3048049251.0
2023-04-15,ADA,0.4533,1297626832.0
2023-04-15,BNB,333.4073,2192385.0
2023-04-15,BTC,30318.4961,393842.0
2023-04-15,DOGE,0.089,5214760493.0
2023-04-15,ETH,2092.4668,3840667.0
2023-04-15,SOL,24.0794,15770587.0
2023-04-15,XRP,0.5204,1288431641.0
2023-04-16,ADA,0.4518,837618505.0
2023-04-16,BNB,348.2209,2688855.0
2023-04-16,BTC,30315.3555,424036.0
2023-04-16,DOGE,0.0905,6573977320.0
2023-04-16,ETH,2120.0059,3725521.0
2023-04-16,SOL,25.3619,18407171.0
2023-04-16,XRP,0.5214,1210629100.0
2023-04-17,ADA,0.4342,1077127180.0
2023-04-17,BNB,339.9941,2518811.0
2023-04-17,BTC,29445.0449,606968.0
2023-04-17,DOGE,0.0914,14877088769.0
2023-04-17,ETH,2076.2429,4647280.0
2023-04-17,SOL,24.5588,32130062.0
2023-04-17,XRP,0.5111,1998282732.0
2023-04-18,ADA,0.4438,776818658.0
2023-04-18,BNB,343.1935,2159949.0
2023-04-18,BTC,30397.5527,640858.0
2023-04-18,DOGE,0.094,8937038861.0
2023-04-18,ETH,2104.5374,4340153.0
2023-04-18,SOL,24.8527,19623383.0
2023-04-18,XRP,0.5323,2196725021.0
2023-04-19,ADA,0.4158,1375702796.0
2023-04-19,BNB,322.7075,2562105.0
2023-04-19,BTC,28822.6797,852508.0
2023-04-19,DOGE,0.0879,14541570322.0
2023-04-19,ETH,1936.4034,7116154.0
2023-04-19,SOL,22.7128,36845858.0
2023-04-19,XRP,0.4916,4165893511.0
2023-04-20,ADA,0.4007,1113728683.0
2023-04-20,BNB,317.8899,2088715.0
2023-04-20,BTC,28245.9883,755518.0
2023-04-20,DOGE,0.0839,23242657104.0
2023-04-20,ETH,1943.0977,5827878.0
2023-04-20,SOL,22.1814,29701704.0
2023-04-20,XRP,0.4749,3125675494.0
2023-04-21,ADA,0.3829,1105807680.0
2023-04-21,BNB,321.675,3287575.0
2023-04-21,BTC,27276.9102,761065.0
2023-04-21,DOGE,0.0785,10870907072.0
2023-04-21,ETH,1849.9999,6510419.0
2023-04-21,SOL,21.2781,23007034.0
2023-04-21,XRP,0.4494,3143275043.0
2023-04-22,ADA,0.3962,664665162.0
2023-04-22,BNB,331.9951,2020033.0
2023-04-22,BTC,27817.5,471852.0
2023-04-22,DOGE,0.0804,4937959065.0
2023-04-22,ETH,1874.2286,3719206.0
2023-04-22,SOL,21.8163,11313062.0
2023-04-22,XRP,0.4727,2006408106.0
2023-04-23,ADA,0.389,613561031.0
2023-04-23,BNB,330.6188,1935734.0
2023-04-23,BTC,27591.3848,463385.0
2023-04-23,DOGE,0.0788,4633118994.0
2023-04-23,ETH,1862.062,3548460.0
2023-04-23,SOL,21.4801,14639005.0
2023-04-23,XRP,0.465,1603783971.0
2023-04-24,ADA,0.3839,736378877.0
2023-04-24,BNB,331.2459,2000805.0
2023-04-24,BTC,27525.3398,643163.0
2023-04-24,DOGE,0.0788,4986469676.0
2023-04-24,ETH,1842.7574,4579111.0
2023-04-24,SOL,21.3911,16767813.0
2023-04-24,XRP,0.4613,2791586636.0
2023-04-25,ADA,0.3949,726471300.0
2023-04-25,BNB,338.3256,2016993.0
2023-04-25,BTC,28307.5977,626453.0
2023-04-25,DOGE,0.0798,4306149670.0
2023-04-25,ETH,1866.7537,4648313.0
2023-04-25,SOL,21.9273,16771475.0
2023-04-25,XRP,0.47,2383086612.0
2023-04-26,ADA,0.4015,1217643755.0
2023-04-26,BNB,330.8218,2751738.0
2023-04-26,BTC,28422.7012,1120732.0
2023-04-26,DOGE,0.0786,9192198674.0
2023-04-26,ETH,1866.5642,7691418.0
2023-04-26,SOL,21.283,32424368.0
2023-04-26,XRP,0.462,3431350091.0
2023-04-27,ADA,0.4098,971195570.0
2023-04-27,BNB,331.1951,2266019.0
2023-04-27,BTC,29473.7871,921274.0
2023-04-27,DOGE,0.0802,5436389739.0
2023-04-27,ETH,1908.7864,7338771.0
2023-04-27,SOL,22.3401,22817483.0
2023-04-27,XRP,0.4669,3494479375.0
2023-04-28,ADA,0.4049,572181639.0
2023-04-28,BNB,324.5002,3294847.0
2023-04-28,BTC,29340.2617,597966.0
2023-04-28,DOGE,0.0804,3222686711.0
2023-04-28,ETH,1892.5128,4064311.0
2023-04-28,SOL,23.3663,21902558.0
2023-04-28,XRP,0.4803,2384933871.0
2023-04-29,ADA,0.4028,387947140.0
2023-04-29,BNB,322.1347,1666440.0
2023-04-29,BTC,29248.4883,364553.0
2023-04-29,DOGE,0.0816,3290941374.0
2023-04-29,ETH,1908.917,2512761.0
2023-04-29,SOL,23.183,15958423.0
2023-04-29,XRP,0.4784,1278274405.0
2023-04-30,ADA,0.3974,571285217.0
2023-04-30,BNB,337.6455,2562536.0
2023-04-30,BTC,29268.8066,500608.0
2023-04-30,DOGE,0.0798,3312634302.0
2023-04-30,ETH,1876.9243,3484233.0
2023-04-30,SOL,22.832,16119571.0
2023-04-30,XRP,0.4723,1178111369.0
2023-05-01,ADA,0.3869,705875031.0
2023-05-01,BNB,328.7242,2776193.0
2023-05-01,BTC,28091.5684,664100.0
2023-05-01,DOGE,0.0788,4132136347.0
2023-05-01,ETH,1831.9548,4708513.0
2023-05-01,SOL,21.9866,19937135.0
2023-05-01,XRP,0.465,2023812207.0
2023-05-02,ADA,0.3918,504210026.0
2023-05-02,BNB,321.9527,2133129.0
2023-05-02,BTC,28680.5371,572964.0
2023-05-02,DOGE,0.0788,2977585591.0
2023-05-02,ETH,1870.7893,4028666.0
2023-05-02,SOL,22.265,13326888.0
2023-05-02,XRP,0.465,1943959816.0
2023-05-03,ADA,0.3939,666057305.0
2023-05-03,BNB,326.2129,2519943.0
2023-05-03,BTC,29006.3086,659269.0
2023-05-03,DOGE,0.0797,3850698366.0
2023-05-03,ETH,1904.6519,4361107.0
2023-05-03,SOL,22.218,20064692.0
2023-05-03,XRP,0.4635,2263623045.0
2023-05-04,ADA,0.3874,447543204.0
2023-05-04,BNB,323.9171,1441958.0
2023-05-04,BTC,28847.7109,538992.0
2023-05-04,DOGE,0.0784,3256416830.0
2023-05-04,ETH,1877.7041,3503448.0
2023-05-04,SOL,21.7303,13429453.0
2023-05-04,XRP,0.4616,1630197787.0
2023-05-05,ADA,0.3947,540156690.0
2023-05-05,BNB,326.9403,1587721.0
2023-05-05,BTC,29534.3848,607311.0
2023-05-05,DOGE,0.0804,4173187322.0
2023-05-05,ETH,1995.0609,4760888.0
2023-05-05,SOL,22.8261,18540662.0
2023-05-05,XRP,0.4678,1832222308.0
2023-05-06,ADA,0.3801,595895742.0
2023-05-06,BNB,322.774,1531332.0
2023-05-06,BTC,28904.623,550565.0
2023-05-06,DOGE,0.077,4430692985.0
2023-05-06,ETH,1900.2218,5064274.0
2023-05-06,SOL,21.9743,16015757.0
2023-05-06,XRP,0.4595,1288819585.0
2023-05-07,ADA,0.3769,415442351.0
2023-05-07,BNB,321.6111,1361648.0
2023-05-07,BTC,28454.9785,397166.0
2023-05-07,DOGE,0.0767,2678478846.0
2023-05-07,ETH,1873.0764,3675206.0
2023-05-07,SOL,21.8442,13899598.0
2023-05-07,XRP,0.4504,977171500.0
2023-05-08,ADA,0.3658,893455945.0
2023-05-08,BNB,313.9712,2026952.0
2023-05-08,BTC,27694.2734,690500.0
2023-05-08,DOGE,0.0725,6340976280.0
2023-05-08,ETH,1849.0427,5351473.0
2023-05-08,SOL,20.6575,26796517.0
2023-05-08,XRP,0.4289,3049513482.0
2023-05-09,ADA,0.3638,540818277.0
2023-05-09,BNB,312.5137,1475695.0
2023-05-09,BTC,27658.7754,510818.0
2023-05-09,DOGE,0.0731,3406505057.0
2023-05-09,ETH,1848.6031,3315756.0
2023-05-09,SOL,20.6836,13188241.0
2023-05-09,XRP,0.4299,2119972264.0
2023-05-10,ADA,0.3699,917915133.0
2023-05-10,BNB,314.5775,1733158.0
2023-05-10,BTC,27621.7559,747817.0
2023-05-10,DOGE,0.0732,4704123840.0
2023-05-10,ETH,1842.4015,5398145.0
2023-05-10,SOL,20.9537,23418297.0
2023-05-10,XRP,0.4309,2480460754.0
2023-05-11,ADA,0.36,675017570.0
2023-05-11,BNB,307.6958,1576042.0
2023-05-11,BTC,27000.7891,619402.0
2023-05-11,DOGE,0.0721,4514674487.0
2023-05-11,ETH,1796.4906,4650082.0
2023-05-11,SOL,20.2349,18608244.0
2023-05-11,XRP,0.4219,2148748594.0
2023-05-12,ADA,0.3705,707683135.0
2023-05-12,BNB,308.6031,1651785.0
2023-05-12,BTC,26804.9902,720523.0
2023-05-12,DOGE,0.0725,5039129691.0
2023-05-12,ETH,1808.0198,5003927.0
2023-05-12,SOL,20.9118,17345536.0
2023-05-12,XRP,0.4307,2726341911.0
2023-05-13,ADA,0.365,360256347.0
2023-05-13,BNB,311.0869,1237834.0
2023-05-13,BTC,26784.0781,373325.0
2023-05-13,DOGE,0.0718,2099356226.0
2023-05-13,ETH,1796.1149,2587602.0
2023-05-13,SOL,20.8688,10763378.0
2023-05-13,XRP,0.4249,916192755.0
2023-05-14,ADA,0.3708,331518403.0
2023-05-14,BNB,312.1359,1295808.0
2023-05-14,BTC,26930.6387,371876.0
2023-05-14,DOGE,0.072,1893970080.0
2023-05-14,ETH,1800.501,2616611.0
2023-05-14,SOL,20.9534,8806326.0
2023-05-14,XRP,0.4259,868363525.0
2023-05-15,ADA,0.3675,480641683.0
2023-05-15,BNB,313.5294,1378734.0
2023-05-15,BTC,27192.6934,530041.0
2023-05-15,DOGE,0.072,3126648212.0
2023-05-15,ETH,1817.5499,3713180.0
2023-05-15,SOL,21.0072,14630896.0
2023-05-15,XRP,0.4276,1753953316.0
2023-05-16,ADA,0.3678,458976006.0
2023-05-16,BNB,311.38,1294203.0
2023-05-16,BTC,27036.6504,470925.0
2023-05-16,DOGE,0.0727,2634632468.0
2023-05-16,ETH,1824.1215,3067756.0
2023-05-16,SOL,20.6794,13505366.0
2023-05-16,XRP,0.4414,2182224811.0
2023-05-17,ADA,0.3754,593264118.0
2023-05-17,BNB,314.0835,1393647.0
2023-05-17,BTC,27398.8027,552579.0
2023-05-17,DOGE,0.0749,4367403428.0
2023-05-17,ETH,1821.8596,3486636.0
2023-05-17,SOL,21.0684,13277837.0
2023-05-17,XRP,0.4486,3385566293.0
2023-05-18,ADA,0.3721,546257377.0
2023-05-18,BNB,309.4567,1237813.0
2023-05-18,BTC,26832.209,567338.0
2023-05-18,DOGE,0.0735,4200679639.0
2023-05-18,ETH,1801.7285,3148712.0
2023-05-18,SOL,20.3487,14415027.0
2023-05-18,XRP,0.4603,2946781973.0
2023-05-19,ADA,0.3682,362650932.0
2023-05-19,BNB,308.9643,1083092.0
2023-05-19,BTC,26890.1289,418703.0
2023-05-19,DOGE,0.0735,2296291078.0
2023-05-19,ETH,1812.5895,2645999.0
2023-05-19,SOL,20.3499,7325531.0
2023-05-19,XRP,0.468,2314848921.0
2023-05-20,ADA,0.3664,324132105.0
2023-05-20,BNB,310.72,892743.0
2023-05-20,BTC,27129.5859,259676.0
2023-05-20,DOGE,0.0737,1568589429.0
2023-05-20,ETH,1820.478,1621363.0
2023-05-20,SOL,20.2854,5965928.0
2023-05-20,XRP,0.4691,1021862069.0
2023-05-21,ADA,0.3604,323549801.0
2023-05-21,BNB,306.5067,987918.0
2023-05-21,BTC,26753.8262,323222.0
2023-05-21,DOGE,0.0721,1971567934.0
2023-05-21,ETH,1804.5314,1876814.0
2023-05-21,SOL,19.6094,10741864.0
2023-05-21,XRP,0.4575,1174153867.0
2023-05-22,ADA,0.368,483581150.0
2023-05-22,BNB,309.2456,1148461.0
2023-05-22,BTC,26851.2773,411778.0
2023-05-22,DOGE,0.073,2877000188.0
2023-05-22,ETH,1817.5348,2495050.0
2023-05-22,SOL,19.542,11100321.0
2023-05-22,XRP,0.4616,1960390687.0
2023-05-23,ADA,0.3705,383045919.0
2023-05-23,BNB,313.5062,1153306.0
2023-05-23,BTC,27225.7266,503098.0
2023-05-23,DOGE,0.0729,2197445039.0
2023-05-23,ETH,1854.3806,3677803.0
2023-05-23,SOL,20.0432,12910185.0
2023-05-23,XRP,0.4654,1783221720.0
2023-05-24,ADA,0.3642,481364622.0
2023-05-24,BNB,305.9328,1369045.0
2023-05-24,BTC,26334.8184,618918.0
2023-05-24,DOGE,0.0707,3396882487.0
2023-05-24,ETH,1800.1,3945141.0
2023-05-24,SOL,19.2237,15493412.0
2023-05-24,XRP,0.4536,2269467509.0
2023-05-25,ADA,0.3584,438231965.0
2023-05-25,BNB,304.7336,1316290.0
2023-05-25,BTC,26476.207,523154.0
2023-05-25,DOGE,0.0709,2757704602.0
2023-05-25,ETH,1805.9537,3500472.0
2023-05-25,SOL,19.2607,10100232.0
2023-05-25,XRP,0.4537,1537171104.0
2023-05-26,ADA,0.3629,478285587.0
2023-05-26,BNB,306.8863,1549951.0
2023-05-26,BTC,26719.291,475747.0
2023-05-26,DOGE,0.071,2284889813.0
2023-05-26,ETH,1828.6897,2981049.0
2023-05-26,SOL,19.367,7240604.0
2023-05-26,XRP,0.4691,2020485076.0
2023-05-27,ADA,0.3668,291002978.0
2023-05-27,BNB,307.5918,1077986.0
2023-05-27,BTC,26868.3535,293729.0
2023-05-27,DOGE,0.0727,2103182779.0
2023-05-27,ETH,1831.1183,1756707.0
2023-05-27,SOL,20.4252,8797103.0
2023-05-27,XRP,0.4722,1344508708.0
2023-05-28,ADA,0.383,583196576.0
2023-05-28,BNB,314.2701,1290684.0
2023-05-28,BTC,28085.6465,517888.0
2023-05-28,DOGE,0.0736,2590044931.0
2023-05-28,ETH,1910.9142,3328046.0
2023-05-28,SOL,20.7986,14013500.0
2023-05-28,XRP,0.4829,1181737002.0
2023-05-29,ADA,0.3791,501203993.0
2023-05-29,BNB,311.8072,1742374.0
2023-05-29,BTC,27745.8848,547155.0
2023-05-29,DOGE,0.0732,2156057017.0
2023-05-29,ETH,1893.0781,3108522.0
2023-05-29,SOL,20.5865,11089575.0
2023-05-29,XRP,0.4942,2104526337.0
2023-05-30,ADA,0.3779,493856506.0
2023-05-30,BNB,311.6845,1257807.0
2023-05-30,BTC,27702.3496,478338.0
2023-05-30,DOGE,0.0724,3429167900.0
2023-05-30,ETH,1901.0266,2821339.0
2023-05-30,SOL,21.2541,17291378.0
2023-05-30,XRP,0.5219,4061766109.0
2023-05-31,ADA,0.3744,516314020.0
2023-05-31,BNB,306.8667,1545982.0
2023-05-31,BTC,27219.6582,575186.0
2023-05-31,DOGE,0.0717,2645881463.0
2023-05-31,ETH,1874.1305,3193221.0
2023-05-31,SOL,20.8245,11820323.0
2023-05-31,XRP,0.5174,3064875175.0
2023-06-01,ADA,0.3647,644837895.0
2023-06-01,BNB,304.9533,1163778.0
2023-06-01,BTC,26819.9727,547315.0
2023-06-01,DOGE,0.0715,2286509900.0
2023-06-01,ETH,1862.2014,3028688.0
2023-06-01,SOL,20.5022,10196317.0
2023-06-01,XRP,0.5073,2159793955.0
2023-06-02,ADA,0.3783,535919088.0
2023-06-02,BNB,307.4238,1243418.0
2023-06-02,BTC,27249.5898,544500.0
2023-06-02,DOGE,0.0726,2369229495.0
2023-06-02,ETH,1907.2566,3197129.0
2023-06-02,SOL,21.2576,11177647.0
2023-06-02,XRP,0.5254,2037985480.0
2023-06-03,ADA,0.376,303397017.0
2023-06-03,BNB,306.7201,850925.0
2023-06-03,BTC,27075.1289,309716.0
2023-06-03,DOGE,0.0727,1541869307.0
2023-06-03,ETH,1892.4125,1834840.0
2023-06-03,SOL,21.1556,6850861.0
2023-06-03,XRP,0.5194,1318854408.0
2023-06-04,ADA,0.3777,370435234.0
2023-06-04,BNB,305.1568,896094.0
2023-06-04,BTC,27119.0664,345178.0
2023-06-04,DOGE,0.0725,1870521926.0
2023-06-04,ETH,1890.5135,1982024.0
2023-06-04,SOL,21.819,14565403.0
2023-06-04,XRP,0.5359,1760440951.0
2023-06-05,ADA,0.352,830086566.0
2023-06-05,BNB,276.8893,3353383.0
2023-06-05,BTC,25760.0977,835140.0
2023-06-05,DOGE,0.0666,7602207757.0
2023-06-05,ETH,1811.8284,5103460.0
2023-06-05,SOL,20.0751,29599660.0
2023-06-05,XRP,0.5104,4069553543.0
2023-06-06,ADA,0.3537,741648865.0
2023-06-06,BNB,281.4956,2457533.0
2023-06-06,BTC,27238.7832,805090.0
2023-06-06,DOGE,0.0704,6095038720.0
2023-06-06,ETH,1884.4949,4618963.0
2023-06-06,SOL,20.3985,21639267.0
2023-06-06,XRP,0.5305,3008594037.0
2023-06-07,ADA,0.3223,1204881399.0
2023-06-07,BNB,259.3914,3696109.0
2023-06-07,BTC,26345.998,741291.0
2023-06-07,DOGE,0.0673,4142547696.0
2023-06-07,ETH,1832.396,4322152.0
2023-06-07,SOL,18.6343,20953036.0
2023-06-07,XRP,0.5196,3174677660.0
2023-06-08,ADA,0.3232,773515738.0
2023-06-08,BNB,262.1485,2147118.0
2023-06-08,BTC,26508.2168,449099.0
2023-06-08,DOGE,0.068,2469253890.0
2023-06-08,ETH,1846.3019,2456826.0
2023-06-08,SOL,18.9095,13668296.0
2023-06-08,XRP,0.5245,1818747253.0
2023-06-09,ADA,0.2954,1719909841.0
2023-06-09,BNB,260.7161,1884924.0
2023-06-09,BTC,26480.375,415989.0
2023-06-09,DOGE,0.0695,3944531080.0
2023-06-09,ETH,1840.2252,2505580.0
2023-06-09,SOL,17.3797,26660109.0
2023-06-09,XRP,0.5379,2293692956.0
2023-06-10,ADA,0.2762,4683822693.0
2023-06-10,BNB,239.0891,4468732.0
2023-06-10,BTC,25851.2402,768742.0
2023-06-10,DOGE,0.0619,15773303574.0
2023-06-10,ETH,1752.3848,6156468.0
2023-06-10,SOL,15.6561,78585333.0
2023-06-10,XRP,0.5082,4152133447.0
2023-06-11,ADA,0.2726,1862671444.0
2023-06-11,BNB,235.4388,1597926.0
2023-06-11,BTC,25940.168,413745.0
2023-06-11,DOGE,0.0616,3830516864.0
2023-06-11,ETH,1753.4153,2600133.0
2023-06-11,SOL,15.5588,28676861.0
2023-06-11,XRP,0.5212,1588800118.0
2023-06-12,ADA,0.275,1568540561.0
2023-06-12,BNB,231.0514,4390509.0
2023-06-12,BTC,25902.5,450840.0
2023-06-12,DOGE,0.0615,3430454694.0
2023-06-12,ETH,1742.5287,3461283.0
2023-06-12,SOL,15.1967,25282446.0
2023-06-12,XRP,0.5257,2280944220.0
2023-06-13,ADA,0.275,1161613203.0
2023-06-13,BNB,243.8905,3544242.0
2023-06-13,BTC,25918.7285,545686.0
2023-06-13,DOGE,0.0617,3315142810.0
2023-06-13,ETH,1739.0376,3573313.0
2023-06-13,SOL,15.0182,24229061.0
2023-06-13,XRP,0.5201,5033220245.0
2023-06-14,ADA,0.2632,930360347.0
2023-06-14,BNB,237.5743,3109067.0
2023-06-14,BTC,25124.6758,567797.0
2023-06-14,DOGE,0.0604,4110169576.0
2023-06-14,ETH,1650.5193,4521550.0
2023-06-14,SOL,14.4866,20467391.0
2023-06-14,XRP,0.4802,3659651171.0
2023-06-15,ADA,0.262,978532210.0
2023-06-15,BNB,236.2807,2126373.0
2023-06-15,BTC,25576.3945,619219.0
2023-06-15,DOGE,0.0615,3554685674.0
2023-06-15,ETH,1665.5198,4400167.0
2023-06-15,SOL,14.7595,22349335.0
2023-06-15,XRP,0.4801,2459563214.0
2023-06-16,ADA,0.2632,668224799.0
2023-06-16,BNB,239.1147,2043299.0
2023-06-16,BTC,26327.4629,620062.0
2023-06-16,DOGE,0.0621,3196678244.0
2023-06-16,ETH,1716.6688,3658844.0
2023-06-16,SOL,15.3083,15190805.0
2023-06-16,XRP,0.4757,2451174908.0
2023-06-17,ADA,0.2669,643307552.0
2023-06-17,BNB,244.6106,1847219.0
2023-06-17,BTC,26510.6758,418332.0
2023-06-17,DOGE,0.0622,2474647120.0
2023-06-17,ETH,1727.2041,2822589.0
2023-06-17,SOL,15.6505,13190418.0
2023-06-17,XRP,0.4798,1324991209.0
2023-06-18,ADA,0.261,522885220.0
2023-06-18,BNB,244.0873,1525056.0
2023-06-18,BTC,26336.2129,363215.0
2023-06-18,DOGE,0.0622,3917654397.0
2023-06-18,ETH,1720.5775,2220207.0
2023-06-18,SOL,15.4382,9172831.0
2023-06-18,XRP,0.4876,1525892655.0
2023-06-19,ADA,0.263,539884636.0
2023-06-19,BNB,242.9034,1478440.0
2023-06-19,BTC,26851.0293,477709.0
2023-06-19,DOGE,0.0623,2402797804.0
2023-06-19,ETH,1737.6594,2998562.0
2023-06-19,SOL,16.073,10200302.0
2023-06-19,XRP,0.4934,1765028127.0
2023-06-20,ADA,0.2703,792271721.0
2023-06-20,BNB,247.6744,1927497.0
2023-06-20,BTC,28327.4883,784110.0
2023-06-20,DOGE,0.063,3015432935.0
2023-06-20,ETH,1792.12,4001447.0
2023-06-20,SOL,16.6352,15977362.0
2023-06-20,XRP,0.4929,2178030526.0
2023-06-21,ADA,0.287,1197368820.0
2023-06-21,BNB,249.2863,2878900.0
2023-06-21,BTC,30027.2969,1110548.0
2023-06-21,DOGE,0.0657,5635877652.0
2023-06-21,ETH,1891.0072,6203814.0
2023-06-21,SOL,17.257,20732922.0
2023-06-21,XRP,0.5007,2608158275.0
2023-06-22,ADA,0.2903,1172849768.0
2023-06-22,BNB,240.7924,2944571.0
2023-06-22,BTC,29912.2812,690458.0
2023-06-22,DOGE,0.0656,6187686375.0
2023-06-22,ETH,1872.943,4526383.0
2023-06-22,SOL,16.6426,17979953.0
2023-06-22,XRP,0.495,3067074729.0
2023-06-23,ADA,0.2965,826364355.0
2023-06-23,BNB,244.5649,2016470.0
2023-06-23,BTC,30695.4688,785639.0
2023-06-23,DOGE,0.0682,4680057420.0
2023-06-23,ETH,1892.8621,4379936.0
2023-06-23,SOL,17.1495,22565898.0
2023-06-23,XRP,0.4966,2232338328.0
2023-06-24,ADA,0.29,717746937.0
2023-06-24,BNB,236.6597,2361235.0
2023-06-24,BTC,30548.6953,397654.0
2023-06-24,DOGE,0.0667,4149410577.0
2023-06-24,ETH,1876.0597,2679121.0
2023-06-24,SOL,16.6529,15641812.0
2023-06-24,XRP,0.4873,1423912339.0
2023-06-25,ADA,0.2923,772186240.0
2023-06-25,BNB,238.893,1736933.0
2023-06-25,BTC,30480.2617,416777.0
2023-06-25,DOGE,0.0668,2861255742.0
2023-06-25,ETH,1900.5061,3650386.0
2023-06-25,SOL,16.9714,14897969.0
2023-06-25,XRP,0.4903,1389476805.0
2023-06-26,ADA,0.2804,753369166.0
2023-06-26,BNB,236.1343,1810231.0
2023-06-26,BTC,30271.1309,544849.0
2023-06-26,DOGE,0.0647,4122340359.0
2023-06-26,ETH,1859.4329,4635662.0
2023-06-26,SOL,16.27,16960541.0
2023-06-26,XRP,0.4793,1988658758.0
2023-06-27,ADA,0.2865,686167144.0
2023-06-27,BNB,237.4927,1466074.0
2023-06-27,BTC,30688.1641,535347.0
2023-06-27,DOGE,0.0655,3240668984.0
2023-06-27,ETH,1889.7034,4067327.0
2023-06-27,SOL,16.6196,15586446.0
2023-06-27,XRP,0.4838,1750671500.0
2023-06-28,ADA,0.2672,1037937808.0
2023-06-28,BNB,230.6504,2084854.0
2023-06-28,BTC,30086.2461,484324.0
2023-06-28,DOGE,0.0626,4389062679.0
2023-06-28,ETH,1827.9712,3903379.0
2023-06-28,SOL,15.9868,20479324.0
2023-06-28,XRP,0.4652,2127155151.0
2023-06-29,ADA,0.2756,710413793.0
2023-06-29,BNB,233.2325,1424944.0
2023-06-29,BTC,30445.3516,432935.0
2023-06-29,DOGE,0.0634,3034302898.0
2023-06-29,ETH,1852.2273,3065082.0
2023-06-29,SOL,17.9705,41046991.0
2023-06-29,XRP,0.4747,1514166257.0
2023-06-30,ADA,0.287,1803541379.0
2023-06-30,BNB,240.3698,2607952.0
2023-06-30,BTC,30477.252,865803.0
2023-06-30,DOGE,0.0665,7357076846.0
2023-06-30,ETH,1933.189,6670394.0
2023-06-30,SOL,18.8973,59287748.0
2023-06-30,XRP,0.474,2662040831.0
2023-07-01,ADA,0.2923,778312851.0
2023-07-01,BNB,247.7594,2436861.0
2023-07-01,BTC,30590.0781,297044.0
2023-07-01,DOGE,0.0685,9273718228.0
2023-07-01,ETH,1924.5659,2669074.0
2023-07-01,SOL,18.6839,18708765.0
2023-07-01,XRP,0.4735,1557312274.0
2023-07-02,ADA,0.2921,662451014.0
2023-07-02,BNB,246.2579,2109542.0
2023-07-02,BTC,30620.7695,343996.0
2023-07-02,DOGE,0.068,5497520237.0
2023-07-02,ETH,1937.4384,3274409.0
2023-07-02,SOL,19.4536,25559865.0
2023-07-02,XRP,0.4845,2383257352.0
2023-07-03,ADA,0.2963,662708698.0
2023-07-03,BNB,246.3822,2719198.0
2023-07-03,BTC,31156.4395,490168.0
2023-07-03,DOGE,0.0684,3883759783.0
2023-07-03,ETH,1955.3892,4018898.0
2023-07-03,SOL,19.2405,16851286.0
2023-07-03,XRP,0.4895,2165176398.0
2023-07-04,ADA,0.2926,801752288.0
2023-07-04,BNB,242.4929,1812802.0
2023-07-04,BTC,30777.582,416239.0
2023-07-04,DOGE,0.0689,7153210028.0
2023-07-04,ETH,1936.6335,2934692.0
2023-07-04,SOL,19.1432,18033842.0
2023-07-04,XRP,0.4878,1725286542.0
2023-07-05,ADA,0.2845,813963359.0
2023-07-05,BNB,239.0811,1905216.0
2023-07-05,BTC,30514.166,409044.0
2023-07-05,DOGE,0.067,4683857125.0
2023-07-05,ETH,1910.588,3158236.0
2023-07-05,SOL,18.9929,13711259.0
2023-07-05,XRP,0.4783,1986632259.0
2023-07-06,ADA,0.2797,1030604389.0
2023-07-06,BNB,232.3194,2307748.0
2023-07-06,BTC,29909.3379,706442.0
2023-07-06,DOGE,0.065,4321567287.0
2023-07-06,ETH,1848.6365,4817068.0
2023-07-06,SOL,19.7294,45808349.0
2023-07-06,XRP,0.4637,2048971226.0
2023-07-07,ADA,0.2845,732635230.0
2023-07-07,BNB,235.6212,1775803.0
2023-07-07,BTC,30342.2656,441126.0
2023-07-07,DOGE,0.0654,3096788378.0
2023-07-07,ETH,1870.6025,3458183.0
2023-07-07,SOL,21.4847,46013811.0
2023-07-07,XRP,0.4688,1456480916.0
2023-07-08,ADA,0.2907,715514127.0
2023-07-08,BNB,236.2874,1351324.0
2023-07-08,BTC,30292.541,247895.0
2023-07-08,DOGE,0.0658,2264945183.0
2023-07-08,ETH,1865.5396,2304431.0
2023-07-08,SOL,21.8593,31745343.0
2023-07-08,XRP,0.4706,869947067.0
2023-07-09,ADA,0.2846,640284875.0
2023-07-09,BNB,234.2284,1235239.0
2023-07-09,BTC,30171.2344,261949.0
2023-07-09,DOGE,0.0654,2238648973.0
2023-07-09,ETH,1863.0098,2357939.0
2023-07-09,SOL,21.349,18978627.0
2023-07-09,XRP,0.4685,693497538.0
2023-07-10,ADA,0.288,895819246.0
2023-07-10,BNB,245.8743,3392350.0
2023-07-10,BTC,30414.4707,487538.0
2023-07-10,DOGE,0.0652,3959373752.0
2023-07-10,ETH,1880.5564,3369465.0
2023-07-10,SOL,21.3138,25485482.0
2023-07-10,XRP,0.4777,1854287672.0
2023-07-11,ADA,0.2928,677555240.0
2023-07-11,BNB,248.5383,2157528.0
2023-07-11,BTC,30620.9512,396847.0
2023-07-11,DOGE,0.0653,2319988921.0
2023-07-11,ETH,1878.3361,2611474.0
2023-07-11,SOL,22.0929,20540981.0
2023-07-11,XRP,0.4757,1357157546.0
2023-07-12,ADA,0.2888,604761153.0
2023-07-12,BNB,244.0199,2071098.0
2023-07-12,BTC,30391.6465,487162.0
2023-07-12,DOGE,0.0651,2527993835.0
2023-07-12,ETH,1872.1138,3407382.0
2023-07-12,SOL,21.9776,24643543.0
2023-07-12,XRP,0.4711,1519426518.0
2023-07-13,ADA,0.3577,3016170981.0
2023-07-13,BNB,256.4897,2967570.0
2023-07-13,BTC,31476.0488,752511.0
2023-07-13,DOGE,0.0705,8868079453.0
2023-07-13,ETH,2006.5115,5539392.0
2023-07-13,SOL,26.0257,58711071.0
2023-07-13,XRP,0.8154,12751766860.0
2023-07-14,ADA,0.3288,2591635671.0
2023-07-14,BNB,248.1916,3221175.0
2023-07-14,BTC,30334.0684,689584.0
2023-07-14,DOGE,0.0685,9222864527.0
2023-07-14,ETH,1939.347,5479911.0
2023-07-14,SOL,26.7357,81691874.0
2023-07-14,XRP,0.7192,9817343325.0
2023-07-15,ADA,0.3264,812071744.0
2023-07-15,BNB,251.0997,1683663.0
2023-07-15,BTC,30295.8066,264448.0
2023-07-15,DOGE,0.0719,12288589726.0
2023-07-15,ETH,1931.4666,2267750.0
2023-07-15,SOL,27.3914,48310123.0
2023-07-15,XRP,0.7133,4724585255.0
2023-07-16,ADA,0.3149,948500493.0
2023-07-16,BNB,242.6568,1819389.0
2023-07-16,BTC,30249.1328,281547.0
2023-07-16,DOGE,0.0696,5605461697.0
2023-07-16,ETH,1923.6819,2250531.0
2023-07-16,SOL,27.3841,27499776.0
2023-07-16,XRP,0.7469,5272274963.0
2023-07-17,ADA,0.3125,875525946.0
2023-07-17,BNB,244.353,2746143.0
2023-07-17,BTC,30145.8887,439203.0
2023-07-17,DOGE,0.0699,6643346494.0
2023-07-17,ETH,1911.6461,3493372.0
2023-07-17,SOL,26.8728,36126287.0
2023-07-17,XRP,0.7392,3390695993.0
2023-07-18,ADA,0.3074,933711797.0
2023-07-18,BNB,240.2649,3129289.0
2023-07-18,BTC,29856.5625,440067.0
2023-07-18,DOGE,0.0686,4153842010.0
2023-07-18,ETH,1897.5992,3064245.0
2023-07-18,SOL,25.5445,27277193.0
2023-07-18,XRP,0.7795,3368665838.0
2023-07-19,ADA,0.3235,1397092897.0
2023-07-19,BNB,241.1608,2071913.0
2023-07-19,BTC,29913.9238,405450.0
2023-07-19,DOGE,0.0702,5962365374.0
2023-07-19,ETH,1889.0079,3186057.0
2023-07-19,SOL,26.3724,22872057.0
2023-07-19,XRP,0.8207,4818598660.0
2023-07-20,ADA,0.3161,1303735245.0
2023-07-20,BNB,242.7331,1998239.0
2023-07-20,BTC,29792.0156,491917.0
2023-07-20,DOGE,0.0705,8143227788.0
2023-07-20,ETH,1890.9691,3895796.0
2023-07-20,SOL,25.3752,23891681.0
2023-07-20,XRP,0.7941,3580825034.0
2023-07-21,ADA,0.3133,663029896.0
2023-07-21,BNB,243.789,1694151.0
2023-07-21,BTC,29908.7441,366876.0
2023-07-21,DOGE,0.0733,10399294358.0
2023-07-21,ETH,1892.0801,2467210.0
2023-07-21,SOL,25.5443,16086098.0
2023-07-21,XRP,0.7725,2408694762.0
2023-07-22,ADA,0.3098,578055865.0
2023-07-22,BNB,241.0307,1286678.0
2023-07-22,BTC,29771.8027,264455.0
2023-07-22,DOGE,0.0704,5011859069.0
2023-07-22,ETH,1864.9124,2199195.0
2023-07-22,SOL,24.5351,13671542.0
2023-07-22,XRP,0.7333,2233494162.0
2023-07-23,ADA,0.3172,531462428.0
2023-07-23,BNB,242.456,1153203.0
2023-07-23,BTC,30084.5391,306475.0
2023-07-23,DOGE,0.0718,3998289773.0
2023-07-23,ETH,1889.1917,2371704.0
2023-07-23,SOL,24.7668,13354210.0
2023-07-23,XRP,0.7387,2086671545.0
2023-07-24,ADA,0.3053,803694169.0
2023-07-24,BNB,238.9462,1891248.0
2023-07-24,BTC,29176.916,527671.0
2023-07-24,DOGE,0.0743,19479556449.0
2023-07-24,ETH,1850.0021,3429387.0
2023-07-24,SOL,23.3815,21057026.0
2023-07-24,XRP,0.7028,3225573847.0
2023-07-25,ADA,0.304,585172253.0
2023-07-25,BNB,237.8086,1541238.0
2023-07-25,BTC,29227.3906,351272.0
2023-07-25,DOGE,0.0818,18641495446.0
2023-07-25,ETH,1857.7419,2241098.0
2023-07-25,SOL,23.2793,14894857.0
2023-07-25,XRP,0.7096,2555093349.0
2023-07-26,ADA,0.3066,690552256.0
2023-07-26,BNB,238.9624,1747478.0
2023-07-26,BTC,29354.9727,459805.0
2023-07-26,DOGE,0.078,10861092586.0
2023-07-26,ETH,1872.1599,3088170.0
2023-07-26,SOL,25.1771,27331839.0
2023-07-26,XRP,0.7158,2342570703.0
2023-07-27,ADA,0.3075,547458545.0
2023-07-27,BNB,240.4988,1801202.0
2023-07-27,BTC,29210.6895,368727.0
2023-07-27,DOGE,0.0776,6645405376.0
2023-07-27,ETH,1860.3572,2306729.0
2023-07-27,SOL,25.0993,20487055.0
2023-07-27,XRP,0.7136,2073929616.0
2023-07-28,ADA,0.3102,470873034.0
2023-07-28,BNB,241.977,1604071.0
2023-07-28,BTC,29319.2461,382632.0
2023-07-28,DOGE,0.0773,4788558983.0
2023-07-28,ETH,1874.7449,2027462.0
2023-07-28,SOL,24.8469,15054035.0
2023-07-28,XRP,0.7126,1481842894.0
2023-07-29,ADA,0.3128,482224258.0
2023-07-29,BNB,242.5764,1308868.0
2023-07-29,BTC,29356.918,220792.0
2023-07-29,DOGE,0.0802,5818606755.0
2023-07-29,ETH,1881.0688,1327597.0
2023-07-29,SOL,25.169,10531269.0
2023-07-29,XRP,0.7127,1018281815.0
2023-07-30,ADA,0.3156,584284817.0
2023-07-30,BNB,242.526,1754799.0
2023-07-30,BTC,29275.3086,296443.0
2023-07-30,DOGE,0.0781,5588057311.0
2023-07-30,ETH,1861.6438,2150253.0
2023-07-30,SOL,24.261,15055519.0
2023-07-30,XRP,0.7051,1876633802.0
2023-07-31,ADA,0.3075,628024188.0
2023-07-31,BNB,241.1207,4531196.0
2023-07-31,BTC,29230.1113,398794.0
2023-07-31,DOGE,0.0778,4458782495.0
2023-07-31,ETH,1856.1624,2365964.0
2023-07-31,SOL,23.721,15890941.0
2023-07-31,XRP,0.6985,2131301262.0
2023-08-01,ADA,0.31,823862068.0
2023-08-01,BNB,247.505,3356073.0
2023-08-01,BTC,29675.7324,615735.0
2023-08-01,DOGE,0.078,4729224693.0
2023-08-01,ETH,1871.7921,4078904.0
2023-08-01,SOL,23.9988,17844851.0
2023-08-01,XRP,0.7072,2033435314.0
2023-08-02,ADA,0.2994,752961253.0
2023-08-02,BNB,240.4946,2703829.0
2023-08-02,BTC,29151.959,659052.0
2023-08-02,DOGE,0.0742,4911650520.0
2023-08-02,ETH,1839.0897,3506361.0
2023-08-02,SOL,23.1457,16987407.0
2023-08-02,XRP,0.6852,1652574234.0
2023-08-03,ADA,0.2926,1053410593.0
2023-08-03,BNB,241.0615,1661508.0
2023-08-03,BTC,29178.6797,438003.0
2023-08-03,DOGE,0.0736,5093382731.0
2023-08-03,ETH,1835.1365,2566883.0
2023-08-03,SOL,22.636,16168179.0
2023-08-03,XRP,0.6641,2129953352.0
2023-08-04,ADA,0.2934,712569057.0
2023-08-04,BNB,241.476,1533790.0
2023-08-04,BTC,29074.0918,413999.0
2023-08-04,DOGE,0.0734,4188990250.0
2023-08-04,ETH,1827.7129,2659741.0
2023-08-04,SOL,22.7936,16769860.0
2023-08-04,XRP,0.6355,2111698863.0
2023-08-05,ADA,0.2936,583651116.0
2023-08-05,BNB,242.9594,1237904.0
2023-08-05,BTC,29042.127,227200.0
2023-08-05,DOGE,0.0757,5855949044.0
2023-08-05,ETH,1834.9879,1561890.0
2023-08-05,SOL,22.6322,11073312.0
2023-08-05,XRP,0.6284,1817476816.0
2023-08-06,ADA,0.2921,556348897.0
2023-08-06,BNB,242.7986,1720373.0
2023-08-06,BTC,29041.8555,250322.0
2023-08-06,DOGE,0.0743,4190113785.0
2023-08-06,ETH,1827.462,1621590.0
2023-08-06,SOL,23.1857,13827282.0
2023-08-06,XRP,0.6231,1362667941.0
2023-08-07,ADA,0.2903,901939636.0
2023-08-07,BNB,241.7975,1760367.0
2023-08-07,BTC,29180.5781,466686.0
2023-08-07,DOGE,0.0734,4716252212.0
2023-08-07,ETH,1826.9388,3195445.0
2023-08-07,SOL,23.0688,15336977.0
2023-08-07,XRP,0.6219,2279181638.0
2023-08-08,ADA,0.2977,1093025148.0
2023-08-08,BNB,245.1499,2059913.0
2023-08-08,BTC,29765.4922,590300.0
2023-08-08,DOGE,0.075,4075351257.0
2023-08-08,ETH,1855.8074,3132251.0
2023-08-08,SOL,24.2118,20471446.0
2023-08-08,XRP,0.6424,2017464986.0
2023-08-09,ADA,0.3011,789188061.0
2023-08-09,BNB,243.8936,1638323.0
2023-08-09,BTC,29561.4941,621739.0
2023-08-09,DOGE,0.0753,4613769550.0
2023-08-09,ETH,1854.2976,3165663.0
2023-08-09,SOL,24.3785,18336179.0
2023-08-09,XRP,0.6434,2579309310.0
2023-08-10,ADA,0.2961,653919076.0
2023-08-10,BNB,241.2625,1516455.0
2023-08-10,BTC,29429.5918,403177.0
2023-08-10,DOGE,0.0758,4504037197.0
2023-08-10,ETH,1850.7534,2031770.0
2023-08-10,SOL,24.6131,13798208.0
2023-08-10,XRP,0.633,1831067288.0
2023-08-11,ADA,0.2934,459580157.0
2023-08-11,BNB,239.7069,1613873.0
2023-08-11,BTC,29397.7148,346801.0
2023-08-11,DOGE,0.0757,2938749338.0
2023-08-11,ETH,1847.1244,1815268.0
2023-08-11,SOL,24.5829,12774983.0
2023-08-11,XRP,0.6317,1402169754.0
2023-08-12,ADA,0.2918,397793495.0
2023-08-12,BNB,240.2736,1184117.0
2023-08-12,BTC,29415.9648,210578.0
2023-08-12,DOGE,0.0767,3928443493.0
2023-08-12,ETH,1848.8899,1239189.0
2023-08-12,SOL,24.9067,10173539.0
2023-08-12,XRP,0.6272,828379538.0
2023-08-13,ADA,0.2895,479420430.0
2023-08-13,BNB,240.0333,1235582.0
2023-08-13,BTC,29282.9141,250313.0
2023-08-13,DOGE,0.0748,3636493770.0
2023-08-13,ETH,1839.2802,1660772.0
2023-08-13,SOL,24.2429,10867104.0
2023-08-13,XRP,0.6261,1014686389.0
2023-08-14,ADA,0.2906,468143561.0
2023-08-14,BNB,240.3392,1585915.0
2023-08-14,BTC,29408.4434,476519.0
2023-08-14,DOGE,0.0747,4647785003.0
2023-08-14,ETH,1844.1858,2214183.0
2023-08-14,SOL,25.1428,14306870.0
2023-08-14,XRP,0.6343,1480932991.0
2023-08-15,ADA,0.2818,670404806.0
2023-08-15,BNB,236.6796,2040186.0
2023-08-15,BTC,29170.3477,433323.0
2023-08-15,DOGE,0.0709,5648083416.0
2023-08-15,ETH,1826.9327,2454345.0
2023-08-15,SOL,23.8966,17751202.0
2023-08-15,XRP,0.6096,2018913155.0
2023-08-16,ADA,0.2745,898401428.0
2023-08-16,BNB,231.8687,1990661.0
2023-08-16,BTC,28701.7793,520848.0
2023-08-16,DOGE,0.0672,6092476962.0
2023-08-16,ETH,1805.6591,2756098.0
2023-08-16,SOL,22.812,19339488.0
2023-08-16,XRP,0.5883,2870140007.0
2023-08-17,ADA,0.256,1377099956.0
2023-08-17,BNB,218.5358,3598010.0
2023-08-17,BTC,26664.5508,1167125.0
2023-08-17,DOGE,0.0612,11186244025.0
2023-08-17,ETH,1684.9335,8432655.0
2023-08-17,SOL,21.71,28601200.0
2023-08-17,XRP,0.5071,4783525811.0
2023-08-18,ADA,0.2639,1018950465.0
2023-08-18,BNB,216.1125,2623869.0
2023-08-18,BTC,26049.5566,922328.0
2023-08-18,DOGE,0.0632,7729310058.0
2023-08-18,ETH,1660.9451,5806986.0
2023-08-18,SOL,21.3355,19276788.0
2023-08-18,XRP,0.5061,4286278049.0
2023-08-19,ADA,0.2684,540242168.0
2023-08-19,BNB,216.9995,2199395.0
2023-08-19,BTC,26096.2051,407394.0
2023-08-19,DOGE,0.0638,3867312544.0
2023-08-19,ETH,1669.4719,2917828.0
2023-08-19,SOL,21.879,11154466.0
2023-08-19,XRP,0.5196,1999415692.0
2023-08-20,ADA,0.2707,546404584.0
2023-08-20,BNB,216.6358,1374402.0
2023-08-20,BTC,26189.584,345045.0
2023-08-20,DOGE,0.0638,3261716775.0
2023-08-20,ETH,1684.8521,2436450.0
2023-08-20,SOL,21.7733,9132898.0
2023-08-20,XRP,0.5395,2727604597.0
2023-08-21,ADA,0.2632,693884816.0
2023-08-21,BNB,210.6389,2763563.0
2023-08-21,BTC,26124.1406,511847.0
2023-08-21,DOGE,0.0625,4435722631.0
2023-08-21,ETH,1667.269,3045248.0
2023-08-21,SOL,21.2083,15990275.0
2023-08-21,XRP,0.5245,2755407316.0
2023-08-22,ADA,0.2584,822260651.0
2023-08-22,BNB,210.8344,3025279.0
2023-08-22,BTC,26031.6562,557161.0
2023-08-22,DOGE,0.0626,4335408435.0
2023-08-22,ETH,1633.8926,4433965.0
2023-08-22,SOL,20.5465,18572211.0
2023-08-22,XRP,0.5209,2355710263.0
2023-08-23,ADA,0.268,720498233.0
2023-08-23,BNB,216.3993,2616278.0
2023-08-23,BTC,26431.6406,642611.0
2023-08-23,DOGE,0.0638,4598349427.0
2023-08-23,ETH,1679.2744,4282724.0
2023-08-23,SOL,21.7036,18646034.0
2023-08-23,XRP,0.5299,1902101278.0
2023-08-24,ADA,0.2659,624999265.0
2023-08-24,BNB,218.6464,1804835.0
2023-08-24,BTC,26162.373,491986.0
2023-08-24,DOGE,0.063,3341497709.0
2023-08-24,ETH,1659.9446,3075122.0
2023-08-24,SOL,21.033,15617005.0
2023-08-24,XRP,0.5184,1700609203.0
2023-08-25,ADA,0.2611,868490021.0
2023-08-25,BNB,218.3311,1941506.0
2023-08-25,BTC,26047.668,476282.0
2023-08-25,DOGE,0.0631,3217571598.0
2023-08-25,ETH,1652.9351,3265100.0
2023-08-25,SOL,20.3927,13647637.0
2023-08-25,XRP,0.5262,2028380678.0
2023-08-26,ADA,0.261,504573158.0
2023-08-26,BNB,216.3642,1265173.0
2023-08-26,BTC,26008.4629,232033.0
2023-08-26,DOGE,0.0629,2034130780.0
2023-08-26,ETH,1646.3068,1471930.0
2023-08-26,SOL,20.2804,7103654.0
2023-08-26,XRP,0.5235,1033781766.0
2023-08-27,ADA,0.2634,550119232.0
2023-08-27,BNB,218.358,1490262.0
2023-08-27,BTC,26089.6934,265000.0
2023-08-27,DOGE,0.0632,2238491580.0
2023-08-27,ETH,1657.5131,1583134.0
2023-08-27,SOL,20.7868,8538871.0
2023-08-27,XRP,0.5238,1116280965.0
2023-08-28,ADA,0.2674,608122679.0
2023-08-28,BNB,218.7186,1521530.0
2023-08-28,BTC,26106.1504,421464.0
2023-08-28,DOGE,0.0634,2674044430.0
2023-08-28,ETH,1652.4574,2938405.0
2023-08-28,SOL,20.5571,9758187.0
2023-08-28,XRP,0.5232,1610313497.0
2023-08-29,ADA,0.2724,1241623806.0
2023-08-29,BNB,226.8629,2615221.0
2023-08-29,BTC,27727.3926,1059183.0
2023-08-29,DOGE,0.0664,6716419959.0
2023-08-29,ETH,1729.7257,6535670.0
2023-08-29,SOL,21.7808,21563961.0
2023-08-29,XRP,0.5401,2719274261.0
2023-08-30,ADA,0.2657,819439312.0
2023-08-30,BNB,223.7994,1607469.0
2023-08-30,BTC,27297.2656,598729.0
2023-08-30,DOGE,0.0658,3959023442.0
2023-08-30,ETH,1705.1122,2946378.0
2023-08-30,SOL,20.8349,14030420.0
2023-08-30,XRP,0.5282,1831790996.0
2023-08-31,ADA,0.2554,796490099.0
2023-08-31,BNB,216.5978,1978860.0
2023-08-31,BTC,25931.4727,778244.0
2023-08-31,DOGE,0.0638,5277000006.0
2023-08-31,ETH,1645.6392,4006439.0
2023-08-31,SOL,19.7351,17413106.0
2023-08-31,XRP,0.5108,2104055277.0
2023-09-01,ADA,0.2552,683795719.0
2023-09-01,BNB,213.6306,2051343.0
2023-09-01,BTC,25800.7246,666759.0
2023-09-01,DOGE,0.0638,3739722706.0
2023-09-01,ETH,1628.4912,3748568.0
2023-09-01,SOL,19.3278,14840917.0
2023-09-01,XRP,0.4981,2202889261.0
2023-09-02,ADA,0.2562,453843459.0
2023-09-02,BNB,214.4485,1361538.0
2023-09-02,BTC,25868.7988,390447.0
2023-09-02,DOGE,0.0635,3276204827.0
2023-09-02,ETH,1637.0254,1798134.0
2023-09-02,SOL,19.4937,10303751.0
2023-09-02,XRP,0.4991,1325712912.0
2023-09-03,ADA,0.2558,389594047.0
2023-09-03,BNB,214.3999,1233981.0
2023-09-03,BTC,25969.5664,345116.0
2023-09-03,DOGE,0.0632,2582444699.0
2023-09-03,ETH,1636.1177,1926437.0
2023-09-03,SOL,19.5787,8405560.0
2023-09-03,XRP,0.505,1232748573.0
2023-09-04,ADA,0.2561,377855910.0
2023-09-04,BNB,215.1975,1693935.0
2023-09-04,BTC,25812.416,413779.0
2023-09-04,DOGE,0.0632,2868559327.0
2023-09-04,ETH,1629.6553,2385762.0
2023-09-04,SOL,19.4994,11283645.0
2023-09-04,XRP,0.5084,1658752512.0
2023-09-05,ADA,0.2576,355443853.0
2023-09-05,BNB,214.4781,1389681.0
2023-09-05,BTC,25779.9824,430363.0
2023-09-05,DOGE,0.064,3280635741.0
2023-09-05,ETH,1633.6294,2704097.0
2023-09-05,SOL,20.2724,19106203.0
2023-09-05,XRP,0.5054,1485570298.0
2023-09-06,ADA,0.2577,453075969.0
2023-09-06,BNB,215.1347,1709974.0
2023-09-06,BTC,25753.2363,495188.0
2023-09-06,DOGE,0.0636,3274287883.0
2023-09-06,ETH,1632.2523,3055531.0
2023-09-06,SOL,19.62,15985245.0
2023-09-06,XRP,0.5032,1537513754.0
2023-09-07,ADA,0.2577,437472306.0
2023-09-07,BNB,216.8872,1913160.0
2023-09-07,BTC,26240.1953,422570.0
2023-09-07,DOGE,0.0636,2589960531.0
2023-09-07,ETH,1647.5983,2978451.0
2023-09-07,SOL,19.8905,12188646.0
2023-09-07,XRP,0.5049,1385767570.0
2023-09-08,ADA,0.2544,394925170.0
2023-09-08,BNB,214.562,1633269.0
2023-09-08,BTC,25905.6543,417567.0
2023-09-08,DOGE,0.0636,2558784352.0
2023-09-08,ETH,1636.1378,2810580.0
2023-09-08,SOL,19.599,11179856.0
2023-09-08,XRP,0.5048,1405275513.0
2023-09-09,ADA,0.2535,229819322.0
2023-09-09,BNB,214.2229,1018375.0
2023-09-09,BTC,25895.6777,211669.0
2023-09-09,DOGE,0.0634,1711235243.0
2023-09-09,ETH,1635.1624,1273039.0
2023-09-09,SOL,19.4461,5241442.0
2023-09-09,XRP,0.5039,713984776.0
2023-09-10,ADA,0.2491,525592789.0
2023-09-10,BNB,212.318,1577716.0
2023-09-10,BTC,25832.2266,305802.0
2023-09-10,DOGE,0.0613,3925621147.0
2023-09-10,ETH,1616.8289,2683958.0
2023-09-10,SOL,18.2488,28532414.0
2023-09-10,XRP,0.4978,1016950076.0
2023-09-11,ADA,0.2419,560121796.0
2023-09-11,BNB,206.0342,2265801.0
2023-09-11,BTC,25162.6543,580225.0
2023-09-11,DOGE,0.0605,4285280882.0
2023-09-11,ETH,1551.6377,4958439.0
2023-09-11,SOL,17.7392,21434244.0
2023-09-11,XRP,0.4744,2700212516.0
2023-09-12,ADA,0.2459,490974502.0
2023-09-12,BNB,210.9944,2064159.0
2023-09-12,BTC,25833.3438,722217.0
2023-09-12,DOGE,0.061,3790215924.0
2023-09-12,ETH,1592.4294,4278883.0
2023-09-12,SOL,17.9298,20155710.0
2023-09-12,XRP,0.4807,2134377410.0
2023-09-13,ADA,0.2489,416688393.0
2023-09-13,BNB,212.6426,1549927.0
2023-09-13,BTC,26228.3242,498395.0
2023-09-13,DOGE,0.0613,3128187778.0
2023-09-13,ETH,1607.9885,3096707.0
2023-09-13,SOL,18.403,19384333.0
2023-09-13,XRP,0.4838,1859106915.0
2023-09-14,ADA,0.2512,443626672.0
2023-09-14,BNB,212.2828,1746919.0
2023-09-14,BTC,26539.6738,520404.0
2023-09-14,DOGE,0.0621,3046361721.0
2023-09-14,ETH,1626.9744,3404453.0
2023-09-14,SOL,18.8383,18546262.0
2023-09-14,XRP,0.4895,1601268285.0
2023-09-15,ADA,0.2506,503864191.0
2023-09-15,BNB,214.1755,2230559.0
2023-09-15,BTC,26608.6934,431428.0
2023-09-15,DOGE,0.0626,2479311216.0
2023-09-15,ETH,1641.6404,2648927.0
2023-09-15,SOL,19.1688,10704990.0
2023-09-15,XRP,0.5009,1900259730.0
2023-09-16,ADA,0.2504,354275141.0
2023-09-16,BNB,214.9605,2248956.0
2023-09-16,BTC,26568.2812,278604.0
2023-09-16,DOGE,0.0621,2321032351.0
2023-09-16,ETH,1635.2217,1724277.0
2023-09-16,SOL,19.1404,7652822.0
2023-09-16,XRP,0.4999,1034990313.0
2023-09-17,ADA,0.2473,346996745.0
2023-09-17,BNB,216.4658,1996169.0
2023-09-17,BTC,26534.1875,255301.0
2023-09-17,DOGE,0.0615,2540640742.0
2023-09-17,ETH,1622.8967,1868706.0
2023-09-17,SOL,18.8316,5979020.0
2023-09-17,XRP,0.493,1015101460.0
2023-09-18,ADA,0.2517,488845316.0
2023-09-18,BNB,216.0039,2649172.0
2023-09-18,BTC,26754.2812,583658.0
2023-09-18,DOGE,0.062,3348360036.0
2023-09-18,ETH,1637.347,3613574.0
2023-09-18,SOL,19.6572,16087966.0
2023-09-18,XRP,0.5032,1898563971.0
2023-09-19,ADA,0.2553,414929941.0
2023-09-19,BNB,217.211,1774991.0
2023-09-19,BTC,27211.1172,507428.0
2023-09-19,DOGE,0.0627,3165535032.0
2023-09-19,ETH,1643.5447,2680711.0
2023-09-19,SOL,20.0362,12671862.0
2023-09-19,XRP,0.5142,1908371653.0
2023-09-20,ADA,0.2516,424566290.0
2023-09-20,BNB,214.3633,1739653.0
2023-09-20,BTC,27132.0078,489500.0
2023-09-20,DOGE,0.0626,2992865221.0
2023-09-20,ETH,1622.8906,3177313.0
2023-09-20,SOL,20.3049,11485193.0
2023-09-20,XRP,0.5214,2073814668.0
2023-09-21,ADA,0.2455,1011356404.0
2023-09-21,BNB,210.7939,1823961.0
2023-09-21,BTC,26567.6328,503298.0
2023-09-21,DOGE,0.0613,8452981942.0
2023-09-21,ETH,1584.307,3276974.0
2023-09-21,SOL,19.4791,13029867.0
2023-09-21,XRP,0.5072,2208868858.0
2023-09-22,ADA,0.2449,491496286.0
2023-09-22,BNB,211.1509,1301463.0
2023-09-22,BTC,26579.5684,398003.0
2023-09-22,DOGE,0.0615,2348217978.0
2023-09-22,ETH,1593.2683,2172134.0
2023-09-22,SOL,19.4381,8790662.0
2023-09-22,XRP,0.5125,1391103951.0
2023-09-23,ADA,0.2461,279367216.0
2023-09-23,BNB,210.5606,1021278.0
2023-09-23,BTC,26579.3906,278588.0
2023-09-23,DOGE,0.0615,1905841678.0
2023-09-23,ETH,1593.8578,1318459.0
2023-09-23,SOL,19.4739,5000490.0
2023-09-23,XRP,0.508,752759150.0
2023-09-24,ADA,0.243,308626229.0
2023-09-24,BNB,208.2829,1378858.0
2023-09-24,BTC,26256.8262,312028.0
2023-09-24,DOGE,0.0607,1897343321.0
2023-09-24,ETH,1580.8534,1952399.0
2023-09-24,SOL,19.3743,5955347.0
2023-09-24,XRP,0.5024,805377367.0
2023-09-25,ADA,0.2459,474379599.0
2023-09-25,BNB,210.0738,1400369.0
2023-09-25,BTC,26298.4805,456218.0
2023-09-25,DOGE,0.061,1926039973.0
2023-09-25,ETH,1588.3229,2767026.0
2023-09-25,SOL,19.4041,8443995.0
2023-09-25,XRP,0.5055,1687485386.0
2023-09-26,ADA,0.2454,433107708.0
2023-09-26,BNB,212.3784,2899447.0
2023-09-26,BTC,26217.25,380875.0
2023-09-26,DOGE,0.0606,2339877485.0
2023-09-26,ETH,1593.4172,2224691.0
2023-09-26,SOL,19.0233,8947028.0
2023-09-26,XRP,0.5017,1559434572.0
2023-09-27,ADA,0.2448,440602124.0
2023-09-27,BNB,211.9854,3555631.0
2023-09-27,BTC,26352.7168,444674.0
2023-09-27,DOGE,0.0605,2542288963.0
2023-09-27,ETH,1597.4912,3463578.0
2023-09-27,SOL,19.13,10997642.0
2023-09-27,XRP,0.4996,1498972451.0
2023-09-28,ADA,0.2491,534708223.0
2023-09-28,BNB,215.076,1666024.0
2023-09-28,BTC,27021.5469,521029.0
2023-09-28,DOGE,0.0615,2228536066.0
2023-09-28,ETH,1652.8827,4028170.0
2023-09-28,SOL,19.9576,11321739.0
2023-09-28,XRP,0.5095,1543614928.0
2023-09-29,ADA,0.2495,674908818.0
2023-09-29,BNB,215.2794,1557610.0
2023-09-29,BTC,26911.7207,386316.0
2023-09-29,DOGE,0.0622,2282924815.0
2023-09-29,ETH,1667.9438,3315272.0
2023-09-29,SOL,20.3007,10815960.0
2023-09-29,XRP,0.5217,3299743407.0
2023-09-30,ADA,0.254,425275490.0
2023-09-30,BNB,214.8213,1134843.0
2023-09-30,BTC,26967.916,197686.0
2023-09-30,DOGE,0.0621,2002081565.0
2023-09-30,ETH,1671.1619,1888083.0
2023-09-30,SOL,21.3951,15376756.0
2023-09-30,XRP,0.5154,1056653825.0
2023-10-01,ADA,0.2659,620877382.0
2023-10-01,BNB,218.0471,1776717.0
2023-10-01,BTC,27983.75,339623.0
2023-10-01,DOGE,0.0632,2565298511.0
2023-10-01,ETH,1733.8104,2915475.0
2023-10-01,SOL,23.8365,26728902.0
2023-10-01,XRP,0.5242,1048123512.0
2023-10-02,ADA,0.2595,819553474.0
2023-10-02,BNB,214.7579,2173980.0
2023-10-02,BTC,27530.7852,718942.0
2023-10-02,DOGE,0.0621,4441639939.0
2023-10-02,ETH,1663.6276,5061561.0
2023-10-02,SOL,23.3717,28157302.0
2023-10-02,XRP,0.5128,1845918152.0
2023-10-03,ADA,0.261,613791616.0
2023-10-03,BNB,213.4359,1431051.0
2023-10-03,BTC,27429.9785,415889.0
2023-10-03,DOGE,0.0614,2551327258.0
2023-10-03,ETH,1656.6857,2862841.0
2023-10-03,SOL,23.5527,27745950.0
2023-10-03,XRP,0.5384,2241034061.0
2023-10-04,ADA,0.2593,532667280.0
2023-10-04,BNB,213.4131,1675440.0
2023-10-04,BTC,27799.3945,400849.0
2023-10-04,DOGE,0.0615,2303058153.0
2023-10-04,ETH,1647.8381,3111668.0
2023-10-04,SOL,23.1448,18547109.0
2023-10-04,XRP,0.5329,2753674055.0
2023-10-05,ADA,0.2601,396698400.0
2023-10-05,BNB,210.6797,1670179.0
2023-10-05,BTC,27415.9121,433225.0
2023-10-05,DOGE,0.0609,1873646537.0
2023-10-05,ETH,1611.4764,3353297.0
2023-10-05,SOL,22.6941,15919914.0
2023-10-05,XRP,0.5234,1574319544.0
2023-10-06,ADA,0.2649,353779731.0
2023-10-06,BNB,213.5555,1269707.0
2023-10-06,BTC,27946.5977,482792.0
2023-10-06,DOGE,0.0614,1787254357.0
2023-10-06,ETH,1645.8315,3002257.0
2023-10-06,SOL,23.4245,17189964.0
2023-10-06,XRP,0.5262,1300854934.0
2023-10-07,ADA,0.2587,451510980.0
2023-10-07,BNB,212.3645,997209.0
2023-10-07,BTC,27968.8398,234298.0
2023-10-07,DOGE,0.0615,1588487588.0
2023-10-07,ETH,1634.5112,1577839.0
2023-10-07,SOL,23.2873,11955164.0
2023-10-07,XRP,0.5219,616034510.0
2023-10-08,ADA,0.2566,302478835.0
2023-10-08,BNB,211.52,1263205.0
2023-10-08,BTC,27935.0898,283403.0
2023-10-08,DOGE,0.061,1515927103.0
2023-10-08,ETH,1633.5486,2029664.0
2023-10-08,SOL,23.2464,8202139.0
2023-10-08,XRP,0.518,688177862.0
2023-10-09,ADA,0.2516,534702005.0
2023-10-09,BNB,205.751,2023378.0
2023-10-09,BTC,27583.6777,435318.0
2023-10-09,DOGE,0.0588,4103226032.0
2023-10-09,ETH,1579.8066,4444089.0
2023-10-09,SOL,22.1184,16138952.0
2023-10-09,XRP,0.5032,1967000296.0
2023-10-10,ADA,0.2491,442253648.0
2023-10-10,BNB,208.5769,2118928.0
2023-10-10,BTC,27391.0195,364110.0
2023-10-10,DOGE,0.059,2089137168.0
2023-10-10,ETH,1567.713,3351995.0
2023-10-10,SOL,22.1051,10906396.0
2023-10-10,XRP,0.4974,1348139030.0
2023-10-11,ADA,0.248,459194490.0
2023-10-11,BNB,206.5334,1564481.0
2023-10-11,BTC,26873.3203,507868.0
2023-10-11,DOGE,0.0585,2498144554.0
2023-10-11,ETH,1566.2548,3458252.0
2023-10-11,SOL,22.0074,12674152.0
2023-10-11,XRP,0.4888,1624779452.0
2023-10-12,ADA,0.2459,374949977.0
2023-10-12,BNB,205.2294,1473166.0
2023-10-12,BTC,26756.7988,351048.0
2023-10-12,DOGE,0.0579,2014684387.0
2023-10-12,ETH,1539.6124,3250124.0
2023-10-12,SOL,21.3003,13301287.0
2023-10-12,XRP,0.483,1682529605.0
2023-10-13,ADA,0.2461,402876365.0
2023-10-13,BNB,206.0361,1441384.0
2023-10-13,BTC,26862.375,564556.0
2023-10-13,DOGE,0.0584,2385189525.0
2023-10-13,ETH,1552.0895,2947731.0
2023-10-13,SOL,21.8349,12332028.0
2023-10-13,XRP,0.4857,1434870189.0
2023-10-14,ADA,0.247,291162621.0
2023-10-14,BNB,206.6019,986663.0
2023-10-14,BTC,26861.707,200587.0
2023-10-14,DOGE,0.0599,1880551458.0
2023-10-14,ETH,1555.2568,1561938.0
2023-10-14,SOL,22.0117,7905089.0
2023-10-14,XRP,0.4868,734058230.0
2023-10-15,ADA,0.2474,329584270.0
2023-10-15,BNB,209.7425,1680748.0
2023-10-15,BTC,27159.6523,261351.0
2023-10-15,DOGE,0.0593,1774294357.0
2023-10-15,ETH,1558.0698,1876256.0
2023-10-15,SOL,21.922,8162612.0
2023-10-15,XRP,0.4878,790145772.0
2023-10-16,ADA,0.2516,743747489.0
2023-10-16,BNB,214.824,2425704.0
2023-10-16,BTC,28519.4668,975961.0
2023-10-16,DOGE,0.0601,4246177996.0
2023-10-16,ETH,1600.5343,5527484.0
2023-10-16,SOL,23.983,30301255.0
2023-10-16,XRP,0.498,2173984664.0
2023-10-17,ADA,0.2471,533977118.0
2023-10-17,BNB,211.6432,1666115.0
2023-10-17,BTC,28415.748,523390.0
2023-10-17,DOGE,0.0591,2607638609.0
2023-10-17,ETH,1565.4396,3214871.0
2023-10-17,SOL,23.9593,21738125.0
2023-10-17,XRP,0.4917,1573007581.0
2023-10-18,ADA,0.2435,443585315.0
2023-10-18,BNB,210.501,1308008.0
2023-10-18,BTC,28328.3418,449166.0
2023-10-18,DOGE,0.0587,1938171876.0
2023-10-18,ETH,1563.7499,2784422.0
2023-10-18,SOL,23.4321,15474757.0
2023-10-18,XRP,0.4883,1504389144.0
2023-10-19,ADA,0.2469,487497613.0
2023-10-19,BNB,211.1442,1332317.0
2023-10-19,BTC,28719.8066,503069.0
2023-10-19,DOGE,0.0589,2034649757.0
2023-10-19,ETH,1567.457,3212280.0
2023-10-19,SOL,24.9379,26596012.0
2023-10-19,XRP,0.5201,2662822776.0
2023-10-20,ADA,0.2511,549015446.0
2023-10-20,BNB,212.3008,1580729.0
2023-10-20,BTC,29682.9492,725539.0
2023-10-20,DOGE,0.06,2570603137.0
2023-10-20,ETH,1604.6669,4204914.0
2023-10-20,SOL,27.0337,33698396.0
2023-10-20,XRP,0.516,2654580079.0
2023-10-21,ADA,0.2586,535836935.0
2023-10-21,BNB,214.3057,1250288.0
2023-10-21,BTC,29918.4121,385754.0
2023-10-21,DOGE,0.0612,2443100414.0
2023-10-21,ETH,1629.3044,2585262.0
2023-10-21,SOL,29.3862,39501987.0
2023-10-21,XRP,0.5212,1259481856.0
2023-10-22,ADA,0.2636,461684115.0
2023-10-22,BNB,217.7474,1316994.0
2023-10-22,BTC,29993.8965,348288.0
2023-10-22,DOGE,0.0616,2470193246.0
2023-10-22,ETH,1663.4299,3155172.0
2023-10-22,SOL,29.0367,22913807.0
2023-10-22,XRP,0.5225,1064865664.0
2023-10-23,ADA,0.28,1121298368.0
2023-10-23,BNB,228.3528,2678423.0
2023-10-23,BTC,33086.2344,1159503.0
2023-10-23,DOGE,0.0671,9226958045.0
2023-10-23,ETH,1765.3827,8135514.0
2023-10-23,SOL,31.851,49655952.0
2023-10-23,XRP,0.5469,3106982683.0
2023-10-24,ADA,0.279,1386281518.0
2023-10-24,BNB,225.143,2923941.0
2023-10-24,BTC,33901.5273,1325456.0
2023-10-24,DOGE,0.0666,10164335175.0
2023-10-24,ETH,1784.4375,8904033.0
2023-10-24,SOL,30.1515,48102509.0
2023-10-24,XRP,0.5585,4844673979.0
2023-10-25,ADA,0.2806,871381895.0
2023-10-25,BNB,222.1799,1864746.0
2023-10-25,BTC,34502.8203,731949.0
2023-10-25,DOGE,0.0684,7845200656.0
2023-10-25,ETH,1787.3976,5280899.0
2023-10-25,SOL,32.4631,44934332.0
2023-10-25,XRP,0.5553,2514749875.0
2023-10-26,ADA,0.2873,1042974309.0
2023-10-26,BNB,223.236,1964445.0
2023-10-26,BTC,34156.6484,568768.0
2023-10-26,DOGE,0.0719,14066704649.0
2023-10-26,ETH,1804.0393,6206446.0
2023-10-26,SOL,32.7755,30987093.0
2023-10-26,XRP,0.5537,2530782800.0
2023-10-27,ADA,0.2895,649563196.0
2023-10-27,BNB,224.4759,2468007.0
2023-10-27,BTC,33909.8008,484168.0
2023-10-27,DOGE,0.0679,6899757534.0
2023-10-27,ETH,1780.0453,4209668.0
2023-10-27,SOL,31.7397,27436072.0
2023-10-27,XRP,0.5461,1920670027.0
2023-10-28,ADA,0.2912,502252010.0
2023-10-28,BNB,225.7741,1082334.0
2023-10-28,BTC,34089.5742,298048.0
2023-10-28,DOGE,0.069,3579405661.0
2023-10-28,ETH,1776.6182,2378740.0
2023-10-28,SOL,31.6533,12019658.0
2023-10-28,XRP,0.5454,1039240763.0
2023-10-29,ADA,0.2953,488988919.0
2023-10-29,BNB,227.1485,915028.0
2023-10-29,BTC,34538.4805,323127.0
2023-10-29,DOGE,0.0694,2926991676.0
2023-10-29,ETH,1795.546,2427411.0
2023-10-29,SOL,32.8226,15467151.0
2023-10-29,XRP,0.5564,1177864323.0
2023-10-30,ADA,0.3027,735330231.0
2023-10-30,BNB,228.2874,1239224.0
2023-10-30,BTC,34502.3633,498078.0
2023-10-30,DOGE,0.0697,4202967557.0
2023-10-30,ETH,1810.0886,4162255.0
2023-10-30,SOL,34.9623,31460452.0
2023-10-30,XRP,0.5789,2638614221.0
2023-10-31,ADA,0.2931,1036737689.0
2023-10-31,BNB,226.4399,1410216.0
2023-10-31,BTC,34667.7812,454551.0
2023-10-31,DOGE,0.0683,6956175365.0
2023-10-31,ETH,1816.459,3566237.0
2023-10-31,SOL,38.5195,40941174.0
2023-10-31,XRP,0.6003,3695002545.0
2023-11-01,ADA,0.3075,1086538737.0
2023-11-01,BNB,228.0001,1687596.0
2023-11-01,BTC,35437.2539,633409.0
2023-11-01,DOGE,0.0688,6704420457.0
2023-11-01,ETH,1847.0897,5754363.0
2023-11-01,SOL,41.4615,87568495.0
2023-11-01,XRP,0.6095,2920113697.0
2023-11-02,ADA,0.3231,1421212762.0
2023-11-02,BNB,231.723,2104408.0
2023-11-02,BTC,34938.2422,601008.0
2023-11-02,DOGE,0.0679,7385564671.0
2023-11-02,ETH,1800.621,5000607.0
2023-11-02,SOL,40.2076,64258863.0
2023-11-02,XRP,0.6064,3012199820.0
2023-11-03,ADA,0.329,1080514173.0
2023-11-03,BNB,230.606,1442061.0
2023-11-03,BTC,34732.3242,494020.0
2023-11-03,DOGE,0.0681,4149344470.0
2023-11-03,ETH,1832.7952,4159147.0
2023-11-03,SOL,39.5198,44432337.0
2023-11-03,XRP,0.613,2289604929.0
2023-11-04,ADA,0.3285,618399159.0
2023-11-04,BNB,237.4546,1128492.0
2023-11-04,BTC,35082.1953,272540.0
2023-11-04,DOGE,0.0691,2952542893.0
2023-11-04,ETH,1857.6986,2608109.0
2023-11-04,SOL,42.3466,34338248.0
2023-11-04,XRP,0.6162,1316771020.0
2023-11-05,ADA,0.3429,920150604.0
2023-11-05,BNB,244.3225,1718460.0
2023-11-05,BTC,35049.3555,354150.0
2023-11-05,DOGE,0.0712,6283540948.0
2023-11-05,ETH,1894.1577,4681317.0
2023-11-05,SOL,41.2386,21456966.0
2023-11-05,XRP,0.6611,2909042039.0
2023-11-06,ADA,0.3634,1151821990.0
2023-11-06,BNB,254.6348,2058303.0
2023-11-06,BTC,35037.3711,362283.0
2023-11-06,DOGE,0.0764,9261088274.0
2023-11-06,ETH,1899.8374,4265693.0
2023-11-06,SOL,42.1286,23985115.0
2023-11-06,XRP,0.7155,4602970656.0
2023-11-07,ADA,0.3516,1248199991.0
2023-11-07,BNB,246.3953,2228969.0
2023-11-07,BTC,35443.5625,531401.0
2023-11-07,DOGE,0.0735,10735071060.0
2023-11-07,ETH,1888.1243,4874270.0
2023-11-07,SOL,43.0925,41310792.0
2023-11-07,XRP,0.6864,4099153144.0
2023-11-08,ADA,0.3584,837394828.0
2023-11-08,BNB,247.1233,1494584.0
2023-11-08,BTC,35655.2773,485073.0
2023-11-08,DOGE,0.0755,7043808524.0
2023-11-08,ETH,1889.3224,3573571.0
2023-11-08,SOL,43.1899,23366058.0
2023-11-08,XRP,0.6881,2573044994.0
2023-11-09,ADA,0.3683,1861015016.0
2023-11-09,BNB,251.5108,4439691.0
2023-11-09,BTC,36693.125,1029148.0
2023-11-09,DOGE,0.0735,13128450439.0
2023-11-09,ETH,2120.561,11652433.0
2023-11-09,SOL,45.4448,62290266.0
2023-11-09,XRP,0.6675,4932030941.0
2023-11-10,ADA,0.3862,1426614554.0
2023-11-10,BNB,251.0824,3478999.0
2023-11-10,BTC,37313.9688,608653.0
2023-11-10,DOGE,0.0754,8612132289.0
2023-11-10,ETH,2078.2898,7092670.0
2023-11-10,SOL,56.6439,67001175.0
2023-11-10,XRP,0.6606,3042533430.0
2023-11-11,ADA,0.3846,1397293282.0
2023-11-11,BNB,251.4216,3469098.0
2023-11-11,BTC,37138.0508,374933.0
2023-11-11,DOGE,0.0784,17157534426.0
2023-11-11,ETH,2052.7139,4982843.0
2023-11-11,SOL,56.1027,74559086.0
2023-11-11,XRP,0.6627,2648057277.0
2023-11-12,ADA,0.3834,1040274866.0
2023-11-12,BNB,247.64,3063786.0
2023-11-12,BTC,37054.5195,311587.0
2023-11-12,DOGE,0.078,9325624851.0
2023-11-12,ETH,2045.187,3887670.0
2023-11-12,SOL,56.1541,53199268.0
2023-11-12,XRP,0.6615,1494314080.0
2023-11-13,ADA,0.3584,1232187416.0
2023-11-13,BNB,241.3351,3679694.0
2023-11-13,BTC,36502.3555,522095.0
2023-11-13,DOGE,0.0748,11091862001.0
2023-11-13,ETH,2055.2654,6968457.0
2023-11-13,SOL,51.9071,56691433.0
2023-11-13,XRP,0.6715,4600038803.0
2023-11-14,ADA,0.3579,1202177126.0
2023-11-14,BNB,242.2637,3786107.0
2023-11-14,BTC,35537.6406,671328.0
2023-11-14,DOGE,0.0725,9774970714.0
2023-11-14,ETH,1979.0526,6613196.0
2023-11-14,SOL,56.8384,56222871.0
2023-11-14,XRP,0.6297,3651020468.0
2023-11-15,ADA,0.3793,1055143932.0
2023-11-15,BNB,253.7553,3629685.0
2023-11-15,BTC,37880.582,722423.0
2023-11-15,DOGE,0.0764,6593510819.0
2023-11-15,ETH,2060.4084,6128070.0
2023-11-15,SOL,65.5344,57892299.0
2023-11-15,XRP,0.6496,2218328983.0
2023-11-16,ADA,0.3718,2109651853.0
2023-11-16,BNB,242.7589,3915216.0
2023-11-16,BTC,36154.7695,719335.0
2023-11-16,DOGE,0.0793,19724891935.0
2023-11-16,ETH,1960.8816,7471955.0
2023-11-16,SOL,57.8714,67781470.0
2023-11-16,XRP,0.6122,2869163112.0
2023-11-17,ADA,0.3666,1143814074.0
2023-11-17,BNB,244.7454,3223285.0
2023-11-17,BTC,36596.6836,613308.0
2023-11-17,DOGE,0.0863,23540015034.0
2023-11-17,ETH,1961.2808,6058107.0
2023-11-17,SOL,58.4159,54530578.0
2023-11-17,XRP,0.6137,2383028582.0
2023-11-18,ADA,0.3777,926820773.0
2023-11-18,BNB,244.9508,2774561.0
2023-11-18,BTC,36585.7031,324882.0
2023-11-18,DOGE,0.0804,16677411903.0
2023-11-18,ETH,1963.285,4107746.0
2023-11-18,SOL,58.5127,33194850.0
2023-11-18,XRP,0.6112,1369060787.0
2023-11-19,ADA,0.3845,801204986.0
2023-11-19,BNB,246.5878,2506424.0
2023-11-19,BTC,37386.5469,345472.0
2023-11-19,DOGE,0.0806,7698314622.0
2023-11-19,ETH,2013.2045,3832720.0
2023-11-19,SOL,61.3936,32554823.0
2023-11-19,XRP,0.6275,1531059783.0
2023-11-20,ADA,0.3807,1034668752.0
2023-11-20,BNB,253.6351,5082148.0
2023-11-20,BTC,37476.957,557361.0
2023-11-20,DOGE,0.0779,8580416403.0
2023-11-20,ETH,2022.2391,6362484.0
2023-11-20,SOL,56.5338,34268215.0
2023-11-20,XRP,0.6128,1878741930.0
2023-11-21,ADA,0.3586,1252954068.0
2023-11-21,BNB,226.4864,10952332.0
2023-11-21,BTC,35813.8125,702862.0
2023-11-21,DOGE,0.0721,11935982695.0
2023-11-21,ETH,1937.0668,7048544.0
2023-11-21,SOL,52.0005,46939770.0
2023-11-21,XRP,0.5805,2868037535.0
2023-11-22,ADA,0.3807,805750016.0
2023-11-22,BNB,236.1366,5666711.0
2023-11-22,BTC,37432.3398,651769.0
2023-11-22,DOGE,0.0758,5818679853.0
2023-11-22,ETH,2064.4253,6477445.0
2023-11-22,SOL,57.5886,34480006.0
2023-11-22,XRP,0.6119,2177555025.0
2023-11-23,ADA,0.3867,625080765.0
2023-11-23,BNB,233.7658,3279758.0
2023-11-23,BTC,37289.6211,381204.0
2023-11-23,DOGE,0.0762,3669380729.0
2023-11-23,ETH,2062.2107,3796139.0
2023-11-23,SOL,56.5994,24369825.0
2023-11-23,XRP,0.6202,1988869976.0
2023-11-24,ADA,0.3862,908488631.0
2023-11-24,BNB,232.901,3047997.0
2023-11-24,BTC,37720.2812,607709.0
2023-11-24,DOGE,0.0782,5128258488.0
2023-11-24,ETH,2081.1521,5833859.0
2023-11-24,SOL,56.8664,20158583.0
2023-11-24,XRP,0.6219,1963052190.0
2023-11-25,ADA,0.3948,545380632.0
2023-11-25,BNB,234.4399,2358908.0
2023-11-25,BTC,37796.793,240750.0
2023-11-25,DOGE,0.079,3696523680.0
2023-11-25,ETH,2084.4131,2572726.0
2023-11-25,SOL,58.8465,20116634.0
2023-11-25,XRP,0.6234,969623288.0
2023-11-26,ADA,0.3882,604242393.0
2023-11-26,BNB,232.0472,2612969.0
2023-11-26,BTC,37479.1211,366732.0
2023-11-26,DOGE,0.0787,4362419319.0
2023-11-26,ETH,2063.2861,3903876.0
2023-11-26,SOL,57.6427,15113011.0
2023-11-26,XRP,0.6168,1825752543.0
2023-11-27,ADA,0.3784,672827169.0
2023-11-27,BNB,227.4215,3498120.0
2023-11-27,BTC,37254.168,510089.0
2023-11-27,DOGE,0.0788,9443024622.0
2023-11-27,ETH,2027.4174,5215902.0
2023-11-27,SOL,55.0646,22478375.0
2023-11-27,XRP,0.6042,2001652217.0
2023-11-28,ADA,0.3856,710440310.0
2023-11-28,BNB,229.693,2935518.0
2023-11-28,BTC,37831.0859,573500.0
2023-11-28,DOGE,0.081,7639900182.0
2023-11-28,ETH,2049.3381,4836017.0
2023-11-28,SOL,58.1944,24268911.0
2023-11-28,XRP,0.6114,1766010230.0
2023-11-29,ADA,0.3818,672857245.0
2023-11-29,BNB,227.3428,2649043.0
2023-11-29,BTC,37858.4922,547527.0
2023-11-29,DOGE,0.0806,7402141693.0
2023-11-29,ETH,2029.9292,4406632.0
2023-11-29,SOL,59.2501,32765526.0
2023-11-29,XRP,0.6094,1652827953.0
2023-11-30,ADA,0.3759,710371337.0
2023-11-30,BNB,227.6838,2514227.0
2023-11-30,BTC,37712.7461,480368.0
2023-11-30,DOGE,0.0834,7739021428.0
2023-11-30,ETH,2052.5562,3950094.0
2023-11-30,SOL,59.2416,21333666.0
2023-11-30,XRP,0.6064,1616508186.0
2023-12-01,ADA,0.3842,647704079.0
2023-12-01,BNB,228.5456,2676708.0
2023-12-01,BTC,38688.75,607742.0
2023-12-01,DOGE,0.0839,6194228744.0
2023-12-01,ETH,2087.1399,5206595.0
2023-12-01,SOL,59.804,23019695.0
2023-12-01,XRP,0.6129,1499590610.0
2023-12-02,ADA,0.3978,642632215.0
2023-12-02,BNB,229.3008,2742560.0
2023-12-02,BTC,39476.332,393503.0
2023-12-02,DOGE,0.0863,5359751355.0
2023-12-02,ETH,2165.7041,4215777.0
2023-12-02,SOL,63.8329,21091442.0
2023-12-02,XRP,0.621,1075419246.0
2023-12-03,ADA,0.3952,771981874.0
2023-12-03,BNB,228.0982,3154329.0
2023-12-03,BTC,39978.3906,394456.0
2023-12-03,DOGE,0.0856,6425232852.0
2023-12-03,ETH,2193.6917,3773760.0
2023-12-03,SOL,63.04,21714425.0
2023-12-03,XRP,0.6237,1592771180.0
2023-12-04,ADA,0.4068,1363519564.0
2023-12-04,BNB,233.2953,9168760.0
2023-12-04,BTC,41980.0977,949405.0
2023-12-04,DOGE,0.0919,14846101776.0
2023-12-04,ETH,2243.2158,7199203.0
2023-12-04,SOL,61.5266,35949736.0
2023-12-04,XRP,0.6244,3119295980.0
2023-12-05,ADA,0.4257,1192257803.0
2023-12-05,BNB,231.2614,3683967.0
2023-12-05,BTC,44080.6484,823766.0
2023-12-05,DOGE,0.0942,11612893251.0
2023-12-05,ETH,2293.8418,6706248.0
2023-12-05,SOL,60.9948,27764937.0
2023-12-05,XRP,0.622,2335261713.0
2023-12-06,ADA,0.4424,1842289800.0
2023-12-06,BNB,229.4244,3706351.0
2023-12-06,BTC,43746.4453,683707.0
2023-12-06,DOGE,0.0949,27479823206.0
2023-12-06,ETH,2231.6614,5731431.0
2023-12-06,SOL,61.903,48963636.0
2023-12-06,XRP,0.6403,3183302958.0
2023-12-07,ADA,0.4564,1248158941.0
2023-12-07,BNB,232.9774,3492743.0
2023-12-07,BTC,43292.6641,638347.0
2023-12-07,DOGE,0.0959,12813321589.0
2023-12-07,ETH,2357.5796,6263581.0
2023-12-07,SOL,67.8378,44259303.0
2023-12-07,XRP,0.6436,2858448652.0
2023-12-08,ADA,0.5459,3013869915.0
2023-12-08,BNB,238.916,3469811.0
2023-12-08,BTC,44166.6016,552932.0
2023-12-08,DOGE,0.1015,10028205189.0
2023-12-08,ETH,2358.7319,5317882.0
2023-12-08,SOL,75.0024,48167936.0
2023-12-08,XRP,0.6731,2811910599.0
2023-12-09,ADA,0.5786,4436243279.0
2023-12-09,BNB,237.7686,3603278.0
2023-12-09,BTC,43725.9844,397206.0
2023-12-09,DOGE,0.0985,11391000466.0
2023-12-09,ETH,2341.1753,4533327.0
2023-12-09,SOL,72.2576,40040745.0
2023-12-09,XRP,0.6588,3384118234.0
2023-12-10,ADA,0.5942,1962190242.0
2023-12-10,BNB,239.7332,2670192.0
2023-12-10,BTC,43779.6992,296952.0
2023-12-10,DOGE,0.1018,6750327358.0
2023-12-10,ETH,2352.4626,3132721.0
2023-12-10,SOL,74.7059,24755256.0
2023-12-10,XRP,0.6616,1769938486.0
2023-12-11,ADA,0.551,2385179385.0
2023-12-11,BNB,246.4209,5852895.0
2023-12-11,BTC,41243.832,985182.0
2023-12-11,DOGE,0.0944,20909067820.0
2023-12-11,ETH,2224.5789,8086587.0
2023-12-11,SOL,70.3672,53001139.0
2023-12-11,XRP,0.6202,3632308772.0
2023-12-12,ADA,0.5764,2118908033.0
2023-12-12,BNB,254.495,5480194.0
2023-12-12,BTC,41450.2227,597814.0
2023-12-12,DOGE,0.0938,10105886384.0
2023-12-12,ETH,2202.0381,5172995.0
2023-12-12,SOL,68.5407,34526262.0
2023-12-12,XRP,0.6195,2354748754.0
2023-12-13,ADA,0.6652,2690818778.0
2023-12-13,BNB,252.4233,4168251.0
2023-12-13,BTC,42890.7422,624794.0
2023-12-13,DOGE,0.0964,8429209511.0
2023-12-13,ETH,2260.6487,5563180.0
2023-12-13,SOL,70.7678,34120188.0
2023-12-13,XRP,0.6285,2477579291.0
2023-12-14,ADA,0.6435,2144107178.0
2023-12-14,BNB,253.5412,3455652.0
2023-12-14,BTC,43023.9727,594518.0
2023-12-14,DOGE,0.0983,7554410365.0
2023-12-14,ETH,2316.5791,5442815.0
2023-12-14,SOL,75.6203,32596240.0
2023-12-14,XRP,0.6324,2258636191.0
2023-12-15,ADA,0.6014,1453002912.0
2023-12-15,BNB,244.8984,3141664.0
2023-12-15,BTC,41929.7578,468389.0
2023-12-15,DOGE,0.093,6602472260.0
2023-12-15,ETH,2219.3374,4622622.0
2023-12-15,SOL,72.369,38986184.0
2023-12-15,XRP,0.6155,2261994666.0
2023-12-16,ADA,0.6076,1030483793.0
2023-12-16,BNB,244.351,2666032.0
2023-12-16,BTC,42240.1172,340594.0
2023-12-16,DOGE,0.0971,5137088585.0
2023-12-16,ETH,2226.9265,3083423.0
2023-12-16,SOL,73.4735,24253273.0
2023-12-16,XRP,0.6198,1243119966.0
2023-12-17,ADA,0.5803,965546362.0
2023-12-17,BNB,239.3083,2716847.0
2023-12-17,BTC,41364.6641,403211.0
2023-12-17,DOGE,0.0931,5182379252.0
2023-12-17,ETH,2196.4812,3373784.0
2023-12-17,SOL,71.0005,21864357.0
2023-12-17,XRP,0.6104,1363826289.0
2023-12-18,ADA,0.601,1215161335.0
2023-12-18,BNB,241.3484,3611826.0
2023-12-18,BTC,42623.5391,591801.0
2023-12-18,DOGE,0.092,7445618450.0
2023-12-18,ETH,2217.2734,4675353.0
2023-12-18,SOL,74.3472,30692029.0
2023-12-18,XRP,0.6125,2734510620.0
2023-12-19,ADA,0.5766,1147947762.0
2023-12-19,BNB,252.6372,4965033.0
2023-12-19,BTC,42270.5273,548160.0
2023-12-19,DOGE,0.0903,5342955052.0
2023-12-19,ETH,2177.8726,4875942.0
2023-12-19,SOL,72.9898,26043039.0
2023-12-19,XRP,0.6055,1878167558.0
2023-12-20,ADA,0.5893,1138159734.0
2023-12-20,BNB,260.1074,4049404.0
2023-12-20,BTC,43652.25,638430.0
2023-12-20,DOGE,0.0914,6521458820.0
2023-12-20,ETH,2201.9114,5746049.0
2023-12-20,SOL,82.1912,45573454.0
2023-12-20,XRP,0.6173,2177817691.0
2023-12-21,ADA,0.6366,1282354921.0
2023-12-21,BNB,271.2466,4363116.0
2023-12-21,BTC,43869.1523,511812.0
2023-12-21,DOGE,0.095,8512121289.0
2023-12-21,ETH,2239.5425,5633530.0
2023-12-21,SOL,93.8548,50199807.0
2023-12-21,XRP,0.6239,1842873855.0
2023-12-22,ADA,0.6242,1314706993.0
2023-12-22,BNB,271.3765,3739341.0
2023-12-22,BTC,43997.9023,477943.0
2023-12-22,DOGE,0.0952,6537460484.0
2023-12-22,ETH,2326.5249,6936202.0
2023-12-22,SOL,98.0037,53918417.0
2023-12-22,XRP,0.6254,2197184662.0
2023-12-23,ADA,0.6145,816340977.0
2023-12-23,BNB,271.391,2563554.0
2023-12-23,BTC,43739.543,308823.0
2023-12-23,DOGE,0.0936,3818273743.0
2023-12-23,ETH,2309.0464,3462803.0
2023-12-23,SOL,107.5942,36781104.0
2023-12-23,XRP,0.6202,1248754892.0
2023-12-24,ADA,0.594,1350042489.0
2023-12-24,BNB,264.7171,3035324.0
2023-12-24,BTC,43016.1172,437756.0
2023-12-24,DOGE,0.0919,6162722806.0
2023-12-24,ETH,2265.6921,4171264.0
2023-12-24,SOL,112.4852,56589920.0
2023-12-24,XRP,0.6135,1921024972.0
2023-12-25,ADA,0.6257,1016825477.0
2023-12-25,BNB,267.0734,2765810.0
2023-12-25,BTC,43613.1406,484161.0
2023-12-25,DOGE,0.0944,4615304456.0
2023-12-25,ETH,2272.5618,3536231.0
2023-12-25,SOL,121.1465,49128893.0
2023-12-25,XRP,0.6463,2756823701.0
2023-12-26,ADA,0.6088,1406678930.0
2023-12-26,BNB,297.6932,6522969.0
2023-12-26,BTC,42520.4023,706175.0
2023-12-26,DOGE,0.0914,6213498335.0
2023-12-26,ETH,2231.4653,4780976.0
2023-12-26,SOL,112.6767,54293880.0
2023-12-26,XRP,0.6224,2606901660.0
2023-12-27,ADA,0.6335,1351468078.0
2023-12-27,BNB,323.6773,5851467.0
2023-12-27,BTC,43442.8555,581475.0
2023-12-27,DOGE,0.0936,4523013499.0
2023-12-27,ETH,2378.74,5953296.0
2023-12-27,SOL,107.0238,39878408.0
2023-12-27,XRP,0.6349,2257097561.0
2023-12-28,ADA,0.6174,2010408702.0
2023-12-28,BNB,323.599,6142522.0
2023-12-28,BTC,42627.8555,539368.0
2023-12-28,DOGE,0.0919,5056038107.0
2023-12-28,ETH,2347.5662,6671079.0
2023-12-28,SOL,102.1046,44000236.0
2023-12-28,XRP,0.635,2936042794.0
2023-12-29,ADA,0.6085,1202956160.0
2023-12-29,BNB,313.8788,4510443.0
2023-12-29,BTC,42099.4023,617586.0
2023-12-29,DOGE,0.091,4474503636.0
2023-12-29,ETH,2300.6907,5449220.0
2023-12-29,SOL,106.3115,41818593.0
2023-12-29,XRP,0.6234,2124319807.0
2023-12-30,ADA,0.602,658047217.0
2023-12-30,BNB,317.1662,2841284.0
2023-12-30,BTC,42156.9023,379865.0
2023-12-30,DOGE,0.0901,2799878208.0
2023-12-30,ETH,2292.0654,3005235.0
2023-12-30,SOL,101.8451,18294234.0
2023-12-30,XRP,0.6218,1155539075.0
2023-12-31,ADA,0.5942,696299618.0
2023-12-31,BNB,312.4357,3051041.0
2023-12-31,BTC,42265.1875,387967.0
2023-12-31,DOGE,0.0895,2896953745.0
2023-12-31,ETH,2281.4712,3011864.0
2023-12-31,SOL,101.5058,17226899.0
2023-12-31,XRP,0.6149,1154636861.0
2024-01-01,ADA,0.6231,637967695.0
2024-01-01,BNB,314.4083,2896132.0
2024-01-01,BTC,44167.332,417208.0
2024-01-01,DOGE,0.092,3245751694.0
2024-01-01,ETH,2352.3279,2936141.0
2024-01-01,SOL,109.5087,19703205.0
2024-01-01,XRP,0.6301,1157492422.0
2024-01-02,ADA,0.6057,1002608968.0
2024-01-02,BNB,312.1038,3630280.0
2024-01-02,BTC,44957.9688,874934.0
2024-01-02,DOGE,0.0912,5441745937.0
2024-01-02,ETH,2355.8364,5480238.0
2024-01-02,SOL,106.6112,35475230.0
2024-01-02,XRP,0.6254,2120684138.0
2024-01-03,ADA,0.5573,2023091336.0
2024-01-03,BNB,316.6613,6085837.0
2024-01-03,BTC,42848.1758,1081547.0
2024-01-03,DOGE,0.082,12517259625.0
2024-01-03,ETH,2210.762,8744919.0
2024-01-03,SOL,98.5944,55502286.0
2024-01-03,XRP,0.5826,5847678577.0
2024-01-04,ADA,0.5706,1036487017.0
2024-01-04,BNB,323.6,3971854.0
2024-01-04,BTC,44179.9219,689184.0
2024-01-04,DOGE,0.0841,6112256174.0
2024-01-04,ETH,2269.0381,4867510.0
2024-01-04,SOL,105.0775,31145793.0
2024-01-04,XRP,0.5882,2468448533.0
2024-01-05,ADA,0.5412,1167973515.0
2024-01-05,BNB,317.4503,3960401.0
2024-01-05,BTC,44162.6914,732202.0
2024-01-05,DOGE,0.0828,6620311418.0
2024-01-05,ETH,2268.6472,4787414.0
2024-01-05,SOL,99.9788,30227689.0
2024-01-05,XRP,0.5765,2617833190.0
2024-01-06,ADA,0.5231,873620213.0
2024-01-06,BNB,307.7945,3415538.0
2024-01-06,BTC,43989.1953,365829.0
2024-01-06,DOGE,0.0807,5140804991.0
2024-01-06,ETH,2241.6248,2663578.0
2024-01-06,SOL,93.8577,23822250.0
2024-01-06,XRP,0.5685,1443302267.0
2024-01-07,ADA,0.4942,817033379.0
2024-01-07,BNB,302.8905,2699969.0
2024-01-07,BTC,43943.0977,439900.0
2024-01-07,DOGE,0.0782,5104075837.0
2024-01-07,ETH,2222.866,2919678.0
2024-01-07,SOL,89.2763,25628981.0
2024-01-07,XRP,0.5517,1633964859.0
2024-01-08,ADA,0.5409,1378779805.0
2024-01-08,BNB,304.5004,3749413.0
2024-01-08,BTC,46970.5039,910065.0
2024-01-08,DOGE,0.0814,7413673724.0
2024-01-08,ETH,2333.0327,5928030.0
2024-01-08,SOL,97.7904,42462721.0
2024-01-08,XRP,0.5779,3479817933.0
2024-01-09,ADA,0.5115,1281569592.0
2024-01-09,BNB,300.9761,4566397.0
2024-01-09,BTC,46139.7305,863059.0
2024-01-09,DOGE,0.0793,12074325722.0
2024-01-09,ETH,2344.8271,6350630.0
2024-01-09,SOL,99.4092,40943215.0
2024-01-09,XRP,0.5666,3071086399.0
2024-01-10,ADA,0.5666,1746559653.0
2024-01-10,BNB,305.0968,3932286.0
2024-01-10,BTC,46627.7773,1074780.0
2024-01-10,DOGE,0.0829,8481240784.0
2024-01-10,ETH,2582.1035,11247458.0
2024-01-10,SOL,102.033,41324167.0
2024-01-10,XRP,0.6,3705822364.0
2024-01-11,ADA,0.5822,1983923844.0
2024-01-11,BNB,308.7015,4298091.0
2024-01-11,BTC,46368.5859,988465.0
2024-01-11,DOGE,0.0846,9194802067.0
2024-01-11,ETH,2619.6191,8617759.0
2024-01-11,SOL,99.9094,41778102.0
2024-01-11,XRP,0.6021,3509275852.0
2024-01-12,ADA,0.5473,1248509440.0
2024-01-12,BNB,296.6305,4039999.0
2024-01-12,BTC,42853.168,1011190.0
2024-01-12,DOGE,0.08,7584491635.0
2024-01-12,ETH,2524.4602,9357976.0
2024-01-12,SOL,91.7209,31277491.0
2024-01-12,XRP,0.5703,3009288608.0
2024-01-13,ADA,0.5493,679274923.0
2024-01-13,BNB,302.2273,2701104.0
2024-01-13,BTC,42842.3828,480876.0
2024-01-13,DOGE,0.0809,3679316221.0
2024-01-13,ETH,2576.5979,4754454.0
2024-01-13,SOL,95.73,19641994.0
2024-01-13,XRP,0.5751,1248630072.0
2024-01-14,ADA,0.526,658132642.0
2024-01-14,BNB,299.0513,2633805.0
2024-01-14,BTC,41796.2695,419210.0
2024-01-14,DOGE,0.08,5768509669.0
2024-01-14,ETH,2472.2412,3804478.0
2024-01-14,SOL,94.1331,29073020.0
2024-01-14,XRP,0.5762,1460637777.0
2024-01-15,ADA,0.5282,625332587.0
2024-01-15,BNB,317.5673,5249957.0
2024-01-15,BTC,42511.9688,525034.0
2024-01-15,DOGE,0.0811,3360961129.0
2024-01-15,ETH,2511.3638,3862694.0
2024-01-15,SOL,94.4902,18582435.0
2024-01-15,XRP,0.5759,1725125720.0
2024-01-16,ADA,0.5357,594138538.0
2024-01-16,BNB,315.2263,3628752.0
2024-01-16,BTC,43154.9453,557592.0
2024-01-16,DOGE,0.0813,4036488697.0
2024-01-16,ETH,2587.6912,4275362.0
2024-01-16,SOL,97.6269,18504906.0
2024-01-16,XRP,0.5759,1605257802.0
2024-01-17,ADA,0.527,566797236.0
2024-01-17,BNB,309.0854,3903336.0
2024-01-17,BTC,42742.6523,487832.0
2024-01-17,DOGE,0.0805,3243892946.0
2024-01-17,ETH,2528.3694,4129546.0
2024-01-17,SOL,102.0636,31552334.0
2024-01-17,XRP,0.568,1587969167.0
2024-01-18,ADA,0.5019,760614671.0
2024-01-18,BNB,313.2929,3529647.0
2024-01-18,BTC,41262.0586,611175.0
2024-01-18,DOGE,0.078,4037608686.0
2024-01-18,ETH,2467.0188,4823647.0
2024-01-18,SOL,94.251,28482733.0
2024-01-18,XRP,0.5519,1916464854.0
2024-01-19,ADA,0.5032,860580614.0
2024-01-19,BNB,314.3004,3296603.0
2024-01-19,BTC,41618.4062,618774.0
2024-01-19,DOGE,0.0785,4469775277.0
2024-01-19,ETH,2489.4985,4581356.0
2024-01-19,SOL,93.3862,28174058.0
2024-01-19,XRP,0.5443,2443845919.0
2024-01-20,ADA,0.515,653693712.0
2024-01-20,BNB,316.9604,2192248.0
2024-01-20,BTC,41665.5859,278088.0
2024-01-20,DOGE,0.0879,7785672280.0
2024-01-20,ETH,2469.5891,2145226.0
2024-01-20,SOL,92.5698,13011188.0
2024-01-20,XRP,0.5531,1312339099.0
2024-01-21,ADA,0.5031,467057489.0
2024-01-21,BNB,318.3187,2271855.0
2024-01-21,BTC,41545.7852,224910.0
2024-01-21,DOGE,0.0853,11125800459.0
2024-01-21,ETH,2453.9131,1865784.0
2024-01-21,SOL,90.8484,9851168.0
2024-01-21,XRP,0.5461,905075873.0
2024-01-22,ADA,0.4785,928596503.0
2024-01-22,BNB,305.437,3106984.0
2024-01-22,BTC,39507.3672,793237.0
2024-01-22,DOGE,0.0803,8380913087.0
2024-01-22,ETH,2310.8264,6025451.0
2024-01-22,SOL,83.6228,31836857.0
2024-01-22,XRP,0.5267,2186636894.0
2024-01-23,ADA,0.4767,1129295973.0
2024-01-23,BNB,298.4039,3570649.0
2024-01-23,BTC,39845.5508,733948.0
2024-01-23,DOGE,0.0782,7107533941.0
2024-01-23,ETH,2240.686,7221961.0
2024-01-23,SOL,84.2745,35484472.0
2024-01-23,XRP,0.5177,2732571472.0
2024-01-24,ADA,0.4763,819212414.0
2024-01-24,BNB,293.0914,3277903.0
2024-01-24,BTC,40077.0742,557913.0
2024-01-24,DOGE,0.079,4715319959.0
2024-01-24,ETH,2233.5618,4537472.0
2024-01-24,SOL,88.732,26512166.0
2024-01-24,XRP,0.518,1699591063.0
2024-01-25,ADA,0.4665,730250664.0
2024-01-25,BNB,291.9193,3723351.0
2024-01-25,BTC,39933.8086,463061.0
2024-01-25,DOGE,0.0779,3758212227.0
2024-01-25,ETH,2217.7102,4194528.0
2024-01-25,SOL,86.8892,19266983.0
2024-01-25,XRP,0.5136,1606548500.0
2024-01-26,ADA,0.4853,746332422.0
2024-01-26,BNB,302.318,3189584.0
2024-01-26,BTC,41816.8711,612148.0
2024-01-26,DOGE,0.0799,3553092848.0
2024-01-26,ETH,2267.1997,4399753.0
2024-01-26,SOL,92.4424,21930476.0
2024-01-26,XRP,0.5322,1920216445.0
2024-01-27,ADA,0.4863,493050456.0
2024-01-27,BNB,305.8248,2261599.0
2024-01-27,BTC,42120.0547,271200.0
2024-01-27,DOGE,0.0801,2649393153.0
2024-01-27,ETH,2267.886,2268354.0
2024-01-27,SOL,94.1632,13344758.0
2024-01-27,XRP,0.5303,890000416.0
2024-01-28,ADA,0.4897,701304770.0
2024-01-28,BNB,304.9756,2565303.0
2024-01-28,BTC,42035.5938,401064.0
2024-01-28,DOGE,0.0788,3263375078.0
2024-01-28,ETH,2257.2087,3232406.0
2024-01-28,SOL,95.938,25283267.0
2024-01-28,XRP,0.5241,998899849.0
2024-01-29,ADA,0.5253,850595103.0
2024-01-29,BNB,310.708,2654068.0
2024-01-29,BTC,43288.2461,477462.0
2024-01-29,DOGE,0.0813,6649966805.0
2024-01-29,ETH,2317.0642,3861868.0
2024-01-29,SOL,101.5667,25647101.0
2024-01-29,XRP,0.5351,1685682739.0
2024-01-30,ADA,0.5142,956711684.0
2024-01-30,BNB,307.4627,2529308.0
2024-01-30,BTC,42952.6094,555096.0
2024-01-30,DOGE,0.0797,4182688569.0
2024-01-30,ETH,2344.4937,4339291.0
2024-01-30,SOL,101.473,32797804.0
2024-01-30,XRP,0.5107,3276533581.0
2024-01-31,ADA,0.4983,941441026.0
2024-01-31,BNB,300.3511,2711223.0
2024-01-31,BTC,42582.6055,579430.0
2024-01-31,DOGE,0.0788,3901548585.0
2024-01-31,ETH,2282.5444,4735016.0
2024-01-31,SOL,97.0287,39312767.0
2024-01-31,XRP,0.5032,2661139492.0
2024-02-01,ADA,0.507,737978269.0
2024-02-01,BNB,300.1759,2513535.0
2024-02-01,BTC,43075.7734,497355.0
2024-02-01,DOGE,0.0793,3240290897.0
2024-02-01,ETH,2303.8247,3861224.0
2024-02-01,SOL,97.8467,30163466.0
2024-02-01,XRP,0.5059,1985328075.0
2024-02-02,ADA,0.514,810791867.0
2024-02-02,BNB,301.155,2322989.0
2024-02-02,BTC,43185.8594,430786.0
2024-02-02,DOGE,0.0792,2778656128.0
2024-02-02,ETH,2308.0381,3113529.0
2024-02-02,SOL,100.4405,25627546.0
2024-02-02,XRP,0.5104,1817818244.0
2024-02-03,ADA,0.5129,541154811.0
2024-02-03,BNB,299.7367,2022925.0
2024-02-03,BTC,42992.25,259797.0
2024-02-03,DOGE,0.0787,1944130426.0
2024-02-03,ETH,2296.0383,2024249.0
2024-02-03,SOL,97.88,13785462.0
2024-02-03,XRP,0.5189,1660561125.0
2024-02-04,ADA,0.4943,483962123.0
2024-02-04,BNB,304.7342,2687053.0
2024-02-04,BTC,42583.582,347604.0
2024-02-04,DOGE,0.0782,2348166390.0
2024-02-04,ETH,2289.5461,2375187.0
2024-02-04,SOL,95.477,13658863.0
2024-02-04,XRP,0.5033,1069923348.0
2024-02-05,ADA,0.4933,560592673.0
2024-02-05,BNB,300.854,2746896.0
2024-02-05,BTC,42658.668,438726.0
2024-02-05,DOGE,0.0782,3292571098.0
2024-02-05,ETH,2298.8889,3165472.0
2024-02-05,SOL,95.5487,17115123.0
2024-02-05,XRP,0.5062,1643402193.0
2024-02-06,ADA,0.4985,549843664.0
2024-02-06,BNB,302.7101,2246500.0
2024-02-06,BTC,43084.6719,389895.0
2024-02-06,DOGE,0.0785,2447706057.0
2024-02-06,ETH,2372.2019,4013522.0
2024-02-06,SOL,96.8611,17550882.0
2024-02-06,XRP,0.5052,1519331936.0
2024-02-07,ADA,0.5018,981941253.0
2024-02-07,BNB,307.6346,2524154.0
2024-02-07,BTC,44318.2227,476702.0
2024-02-07,DOGE,0.0801,2663711496.0
2024-02-07,ETH,2423.7451,3985827.0
2024-02-07,SOL,100.9793,17167950.0
2024-02-07,XRP,0.5138,1742979609.0
2024-02-08,ADA,0.5293,1283512788.0
2024-02-08,BNB,318.8719,3782531.0
2024-02-08,BTC,45301.5664,577343.0
2024-02-08,DOGE,0.0799,3115381034.0
2024-02-08,ETH,2419.9065,4108358.0
2024-02-08,SOL,102.7856,22264095.0
2024-02-08,XRP,0.5145,1753534687.0
2024-02-09,ADA,0.5408,970217833.0
2024-02-09,BNB,323.8423,3380352.0
2024-02-09,BTC,47147.1992,833915.0
2024-02-09,DOGE,0.0816,4089717917.0
2024-02-09,ETH,2487.5156,5481052.0
2024-02-09,SOL,106.9333,26678025.0
2024-02-09,XRP,0.526,1962996365.0
2024-02-10,ADA,0.5514,717101767.0
2024-02-10,BNB,323.1339,2283104.0
2024-02-10,BTC,47771.2773,343275.0
2024-02-10,DOGE,0.0814,2614507188.0
2024-02-10,ETH,2501.2283,2588506.0
2024-02-10,SOL,109.1315,16828891.0
2024-02-10,XRP,0.5241,1103617395.0
2024-02-11,ADA,0.5414,966493207.0
2024-02-11,BNB,320.7875,2201833.0
2024-02-11,BTC,48293.918,399965.0
2024-02-11,DOGE,0.0812,3747903855.0
2024-02-11,ETH,2507.5706,2930026.0
2024-02-11,SOL,107.4953,12748316.0
2024-02-11,XRP,0.5261,1360070905.0
2024-02-12,ADA,0.56,865576378.0
2024-02-12,BNB,327.9446,2995765.0
2024-02-12,BTC,49958.2227,690817.0
2024-02-12,DOGE,0.0823,4378229642.0
2024-02-12,ETH,2658.116,4899221.0
2024-02-12,SOL,111.9928,23668781.0
2024-02-12,XRP,0.5319,1933065775.0
2024-02-13,ADA,0.545,846248661.0
2024-02-13,BNB,324.8682,2728761.0
2024-02-13,BTC,49742.4414,715547.0
2024-02-13,DOGE,0.0811,5175589764.0
2024-02-13,ETH,2642.1853,6915199.0
2024-02-13,SOL,112.5793,24067431.0
2024-02-13,XRP,0.5248,1950622305.0
2024-02-14,ADA,0.5773,996400383.0
2024-02-14,BNB,334.246,2655121.0
2024-02-14,BTC,51826.6953,754546.0
2024-02-14,DOGE,0.0855,7329828552.0
2024-02-14,ETH,2777.9023,7721284.0
2024-02-14,SOL,116.9763,20442083.0
2024-02-14,XRP,0.5384,2147933181.0
2024-02-15,ADA,0.6084,1280719097.0
2024-02-15,BNB,354.7108,4917137.0
2024-02-15,BTC,51938.5547,742500.0
2024-02-15,DOGE,0.0854,7462240707.0
2024-02-15,ETH,2824.3789,8403434.0
2024-02-15,SOL,113.6994,21737019.0
2024-02-15,XRP,0.5628,3336213023.0
2024-02-16,ADA,0.5989,918944026.0
2024-02-16,BNB,360.8904,4050191.0
2024-02-16,BTC,52160.2031,540270.0
2024-02-16,DOGE,0.086,5128542183.0
2024-02-16,ETH,2803.6914,6083806.0
2024-02-16,SOL,110.4459,17395841.0
2024-02-16,XRP,0.565,2664530098.0
2024-02-17,ADA,0.6083,766687971.0
2024-02-17,BNB,352.9081,3121254.0
2024-02-17,BTC,51662.9961,387300.0
2024-02-17,DOGE,0.0836,4160140797.0
2024-02-17,ETH,2786.6726,6435051.0
2024-02-17,SOL,108.984,12576217.0
2024-02-17,XRP,0.5499,1657133961.0
2024-02-18,ADA,0.6187,1103815631.0
2024-02-18,BNB,349.68,2745237.0
2024-02-18,BTC,52122.5469,337577.0
2024-02-18,DOGE,0.0852,3525485882.0
2024-02-18,ETH,2878.998,8112486.0
2024-02-18,SOL,112.1747,13517501.0
2024-02-18,XRP,0.5569,1237737077.0
2024-02-19,ADA,0.6311,988707041.0
2024-02-19,BNB,351.8071,3666808.0
2024-02-19,BTC,51779.1445,412563.0
2024-02-19,DOGE,0.0895,7414754603.0
2024-02-19,ETH,2943.5747,5151257.0
2024-02-19,SOL,111.4853,17030539.0
2024-02-19,XRP,0.5626,1969874018.0
2024-02-20,ADA,0.6222,1319271552.0
2024-02-20,BNB,354.8639,4198479.0
2024-02-20,BTC,52284.875,637924.0
2024-02-20,DOGE,0.0861,9303816203.0
2024-02-20,ETH,3013.5037,6750149.0
2024-02-20,SOL,108.4596,24497371.0
2024-02-20,XRP,0.5629,3157690664.0
2024-02-21,ADA,0.5985,934300172.0
2024-02-21,BNB,378.5373,5982193.0
2024-02-21,BTC,51839.1797,552187.0
2024-02-21,DOGE,0.0846,5145587568.0
2024-02-21,ETH,2970.3555,6361911.0
2024-02-21,SOL,105.1252,21373193.0
2024-02-21,XRP,0.549,2434404858.0
2024-02-22,ADA,0.5859,866382841.0
2024-02-22,BNB,382.0098,5241014.0
2024-02-22,BTC,51304.9727,495350.0
2024-02-22,DOGE,0.0841,4315610459.0
2024-02-22,ETH,2971.0073,6078379.0
2024-02-22,SOL,101.6698,18005702.0
2024-02-22,XRP,0.5409,2161467185.0
2024-02-23,ADA,0.5832,788511045.0
2024-02-23,BNB,375.3191,4677083.0
2024-02-23,BTC,50731.9492,422359.0
2024-02-23,DOGE,0.0844,4739667154.0
2024-02-23,ETH,2921.6582,4388849.0
2024-02-23,SOL,99.9547,14839574.0
2024-02-23,XRP,0.5345,2055708474.0
2024-02-24,ADA,0.5967,651698745.0
2024-02-24,BNB,381.7428,2851162.0
2024-02-24,BTC,51571.1016,294236.0
2024-02-24,DOGE,0.0862,3784789208.0
2024-02-24,ETH,2992.386,3576306.0
2024-02-24,SOL,104.1335,10406231.0
2024-02-24,XRP,0.5451,1296111191.0
2024-02-25,ADA,0.5914,575570436.0
2024-02-25,BNB,388.5517,3407736.0
2024-02-25,BTC,51733.2383,297937.0
2024-02-25,DOGE,0.0861,3378126298.0
2024-02-25,ETH,3112.6973,4697036.0
2024-02-25,SOL,103.4535,8792961.0
2024-02-25,XRP,0.5424,1295003990.0
2024-02-26,ADA,0.6197,947266139.0
2024-02-26,BNB,401.6439,5007287.0
2024-02-26,BTC,54522.4023,624962.0
2024-02-26,DOGE,0.0894,5859088583.0
2024-02-26,ETH,3178.9937,5506291.0
2024-02-26,SOL,109.9185,21237620.0
2024-02-26,XRP,0.5514,2093775128.0
2024-02-27,ADA,0.6242,1196040470.0
2024-02-27,BNB,394.9956,4432194.0
2024-02-27,BTC,57085.3711,871621.0
2024-02-27,DOGE,0.0977,18498047232.0
2024-02-27,ETH,3244.5193,6500290.0
2024-02-27,SOL,108.3881,25131869.0
2024-02-27,XRP,0.5863,4027099170.0
2024-02-28,ADA,0.6311,1902559200.0
2024-02-28,BNB,415.7716,5589171.0
2024-02-28,BTC,62504.7891,1331724.0
2024-02-28,DOGE,0.1166,32972051275.0
2024-02-28,ETH,3385.7039,9713163.0
2024-02-28,SOL,118.0522,42603971.0
2024-02-28,XRP,0.5758,5350561611.0
2024-02-29,ADA,0.6556,2500634720.0
2024-02-29,BNB,399.7787,5148767.0
2024-02-29,BTC,61198.3828,1070234.0
2024-02-29,DOGE,0.1172,40960536042.0
2024-02-29,ETH,3341.9197,8518808.0
2024-02-29,SOL,125.7115,55286294.0
2024-02-29,XRP,0.5863,6220149031.0
2024-03-01,ADA,0.7191,1300799025.0
2024-03-01,BNB,407.8108,3744861.0
2024-03-01,BTC,62440.6328,643593.0
2024-03-01,DOGE,0.1396,26931287889.0
2024-03-01,ETH,3435.054,4914072.0
2024-03-01,SOL,129.9904,36487907.0
2024-03-01,XRP,0.6019,2889929342.0
2024-03-02,ADA,0.7409,1680612942.0
2024-03-02,BNB,410.9859,3699494.0
2024-03-02,BTC,62029.8477,385113.0
2024-03-02,DOGE,0.1421,25253090448.0
2024-03-02,ETH,3422.0498,3513783.0
2024-03-02,SOL,129.7002,21139313.0
2024-03-02,XRP,0.6449,4584056164.0
2024-03-03,ADA,0.7282,1246606144.0
2024-03-03,BNB,414.3811,4369349.0
2024-03-03,BTC,63167.3711,415623.0
2024-03-03,DOGE,0.1538,26084977259.0
2024-03-03,ETH,3490.9937,3908149.0
2024-03-03,SOL,130.4509,22043657.0
2024-03-03,XRP,0.6271,3285646286.0
2024-03-04,ADA,0.7713,2125261096.0
2024-03-04,BNB,419.0354,5038268.0
2024-03-04,BTC,68330.4141,1034246.0
2024-03-04,DOGE,0.1829,34706914092.0
2024-03-04,ETH,3630.4338,7374591.0
2024-03-04,SOL,133.1946,33257797.0
2024-03-04,XRP,0.6501,5582248951.0
2024-03-05,ADA,0.6935,3093746201.0
2024-03-05,BNB,394.6617,8409807.0
2024-03-05,BTC,63801.1992,1611301.0
2024-03-05,DOGE,0.1539,60857815575.0
2024-03-05,ETH,3554.9646,13419796.0
2024-03-05,SOL,125.7067,71438466.0
2024-03-05,XRP,0.5929,8457273837.0
2024-03-06,ADA,0.7338,1664439088.0
2024-03-06,BNB,429.012,7648061.0
2024-03-06,BTC,66106.8047,1039987.0
2024-03-06,DOGE,0.1578,28505435176.0
2024-03-06,ETH,3819.2263,9148094.0
2024-03-06,SOL,130.742,39365157.0
2024-03-06,XRP,0.6123,4500075645.0
2024-03-07,ADA,0.7447,1264438306.0
2024-03-07,BNB,475.2906,7004115.0
2024-03-07,BTC,66925.4844,702117.0
2024-03-07,DOGE,0.1581,19010987267.0
2024-03-07,ETH,3874.3477,5796376.0
2024-03-07,SOL,143.9779,49390777.0
2024-03-07,XRP,0.6286,4023423028.0
2024-03-08,ADA,0.7249,1279982928.0
2024-03-08,BNB,488.0942,7466096.0
2024-03-08,BTC,68300.0938,866805.0
2024-03-08,DOGE,0.1653,24050176752.0
2024-03-08,ETH,3892.061,6715076.0
2024-03-08,SOL,145.24,37693876.0
2024-03-08,XRP,0.622,3480761781.0
2024-03-09,ADA,0.7437,813753359.0
2024-03-09,BNB,489.5618,4728606.0
2024-03-09,BTC,68498.8828,315474.0
2024-03-09,DOGE,0.1791,19271620843.0
2024-03-09,ETH,3915.4189,3046066.0
2024-03-09,SOL,144.6073,20374230.0
2024-03-09,XRP,0.6218,2526674329.0
2024-03-10,ADA,0.7172,898770575.0
2024-03-10,BNB,529.3748,8514107.0
2024-03-10,BTC,69019.7891,517011.0
2024-03-10,DOGE,0.1699,13385650483.0
2024-03-10,ETH,3881.1931,4066771.0
2024-03-10,SOL,144.5152,23579682.0
2024-03-10,XRP,0.6084,2483059957.0
2024-03-11,ADA,0.7742,1734222197.0
2024-03-11,BNB,522.718,7556857.0
2024-03-11,BTC,72123.9062,911163.0
2024-03-11,DOGE,0.182,15968475180.0
2024-03-11,ETH,4066.4451,7083893.0
2024-03-11,SOL,148.751,36192198.0
2024-03-11,XRP,0.718,9456405140.0
2024-03-12,ADA,0.7481,1334927673.0
2024-03-12,BNB,537.8657,8145301.0
2024-03-12,BTC,71481.2891,875116.0
2024-03-12,DOGE,0.1681,15016548510.0
2024-03-12,ETH,3980.2732,6762604.0
2024-03-12,SOL,151.0154,42469948.0
2024-03-12,XRP,0.6882,6049435559.0
2024-03-13,ADA,0.7646,1078887826.0
2024-03-13,BNB,630.5613,9067745.0
2024-03-13,BTC,73083.5,659691.0
2024-03-13,DOGE,0.1692,11411907086.0
2024-03-13,ETH,4006.457,5498153.0
2024-03-13,SOL,163.8398,36117423.0
2024-03-13,XRP,0.6909,3471725272.0
2024-03-14,ADA,0.7505,2150134477.0
2024-03-14,BNB,602.9887,8156648.0
2024-03-14,BTC,71396.5938,834698.0
2024-03-14,DOGE,0.1773,34104306718.0
2024-03-14,ETH,3883.1404,6550062.0
2024-03-14,SOL,176.6797,47543468.0
2024-03-14,XRP,0.67,5117538885.0
2024-03-15,ADA,0.7264,1954778331.0
2024-03-15,BNB,632.8028,9243253.0
2024-03-15,BTC,69403.7734,1128475.0
2024-03-15,DOGE,0.1632,21958493150.0
2024-03-15,ETH,3735.2202,8970040.0
2024-03-15,SOL,182.9647,77027695.0
2024-03-15,XRP,0.6337,5770176467.0
2024-03-16,ADA,0.6595,1454337497.0
2024-03-16,BNB,576.7752,6853209.0
2024-03-16,BTC,65315.1172,717172.0
2024-03-16,DOGE,0.1424,16860474005.0
2024-03-16,ETH,3522.8601,5733936.0
2024-03-16,SOL,181.8803,64845568.0
2024-03-16,XRP,0.6031,3710059436.0
2024-03-17,ADA,0.6811,1178684918.0
2024-03-17,BNB,571.0856,6150026.0
2024-03-17,BTC,68390.625,653845.0
2024-03-17,DOGE,0.1543,15092946600.0
2024-03-17,ETH,3642.4131,5474052.0
2024-03-17,SOL,202.1236,53809750.0
2024-03-17,XRP,0.6192,2950414490.0
2024-03-18,ADA,0.6613,1214322728.0
2024-03-18,BNB,554.5571,7181198.0
2024-03-18,BTC,67548.5938,729276.0
2024-03-18,DOGE,0.1437,11537797064.0
2024-03-18,ETH,3517.9851,6015438.0
2024-03-18,SOL,195.9928,56826833.0
2024-03-18,XRP,0.6476,4273156011.0
2024-03-19,ADA,0.5869,1942179533.0
2024-03-19,BNB,507.0766,8572203.0
2024-03-19,BTC,61912.7734,1198716.0
2024-03-19,DOGE,0.1287,22889479298.0
2024-03-19,ETH,3157.6182,10820490.0
2024-03-19,SOL,170.0163,68573397.0
2024-03-19,XRP,0.5844,6111741827.0
2024-03-20,ADA,0.6395,1519888420.0
2024-03-20,BNB,556.7005,5707472.0
2024-03-20,BTC,67913.6719,983493.0
2024-03-20,DOGE,0.1522,20965432522.0
2024-03-20,ETH,3513.3931,10418793.0
2024-03-20,SOL,191.5496,45283083.0
2024-03-20,XRP,0.6122,4477869779.0
2024-03-21,ADA,0.6319,1039100508.0
2024-03-21,BNB,553.2482,4690725.0
2024-03-21,BTC,65491.3906,679179.0
2024-03-21,DOGE,0.1553,16622129954.0
2024-03-21,ETH,3492.9912,6359492.0
2024-03-21,SOL,179.2207,31323445.0
2024-03-21,XRP,0.6407,4384334717.0
2024-03-22,ADA,0.6133,963304444.0
2024-03-22,BNB,551.7786,5346273.0
2024-03-22,BTC,63778.7617,649136.0
2024-03-22,DOGE,0.1527,17500957259.0
2024-03-22,ETH,3333.688,6171829.0
2024-03-22,SOL,174.3637,23806205.0
2024-03-22,XRP,0.6109,3360405451.0
2024-03-23,ADA,0.6259,659342976.0
2024-03-23,BNB,551.8795,3556074.0
2024-03-23,BTC,64062.2031,386171.0
2024-03-23,DOGE,0.1618,18004883714.0
2024-03-23,ETH,3336.594,3968759.0
2024-03-23,SOL,172.9023,15682745.0
2024-03-23,XRP,0.6176,1878980355.0
2024-03-24,ADA,0.6462,626516204.0
2024-03-24,BNB,567.9948,3073031.0
2024-03-24,BTC,67234.1719,404655.0
2024-03-24,DOGE,0.1765,16142241737.0
2024-03-24,ETH,3454.6365,3518941.0
2024-03-24,SOL,183.5735,14496823.0
2024-03-24,XRP,0.633,1944050182.0
2024-03-25,ADA,0.6569,886745272.0
2024-03-25,BNB,587.4276,4239197.0
2024-03-25,BTC,69958.8125,610361.0
2024-03-25,DOGE,0.1754,15136200120.0
2024-03-25,ETH,3590.8838,5180875.0
2024-03-25,SOL,189.0835,21506313.0
2024-03-25,XRP,0.641,3190078619.0
2024-03-26,ADA,0.665,929655785.0
2024-03-26,BNB,580.1505,3597190.0
2024-03-26,BTC,69987.8359,514524.0
2024-03-26,DOGE,0.1825,15766659857.0
2024-03-26,ETH,3587.5049,5158335.0
2024-03-26,SOL,190.6999,18459267.0
2024-03-26,XRP,0.6323,2845474109.0
2024-03-27,ADA,0.6485,1012017513.0
2024-03-27,BNB,574.5116,3453016.0
2024-03-27,BTC,69455.3438,587818.0
2024-03-27,DOGE,0.1903,21309876231.0
2024-03-27,ETH,3500.1152,5357847.0
2024-03-27,SOL,186.3615,20631867.0
2024-03-27,XRP,0.612,3250497735.0
2024-03-28,ADA,0.6508,707266358.0
2024-03-28,BNB,583.2709,3405909.0
2024-03-28,BTC,70744.9531,485899.0
2024-03-28,DOGE,0.2201,29779367076.0
2024-03-28,ETH,3561.2939,4610592.0
2024-03-28,SOL,189.6216,15348535.0
2024-03-28,XRP,0.6246,2855243213.0
2024-03-29,ADA,0.6644,845624279.0
2024-03-29,BNB,612.658,4552184.0
2024-03-29,BTC,69892.8281,360993.0
2024-03-29,DOGE,0.2135,16363476573.0
2024-03-29,ETH,3511.8062,3619990.0
2024-03-29,SOL,192.228,15767788.0
2024-03-29,XRP,0.6308,2971689203.0
2024-03-30,ADA,0.6444,623212376.0
2024-03-30,BNB,601.0164,2912817.0
2024-03-30,BTC,69645.3047,245964.0
2024-03-30,DOGE,0.1994,12053089001.0
2024-03-30,ETH,3507.9443,2676515.0
2024-03-30,SOL,194.3855,15429706.0
2024-03-30,XRP,0.6218,1677206292.0
2024-03-31,ADA,0.6504,493713531.0
2024-03-31,BNB,606.9086,2400020.0
2024-03-31,BTC,71333.6484,281087.0
2024-03-31,DOGE,0.2201,10973476351.0
2024-03-31,ETH,3647.8564,2878370.0
2024-03-31,SOL,202.8741,11545018.0
2024-03-31,XRP,0.6292,1201540200.0
2024-04-01,ADA,0.6217,1009799609.0
2024-04-01,BNB,576.3967,3504951.0
2024-04-01,BTC,69702.1484,500322.0
2024-04-01,DOGE,0.2056,16579300407.0
2024-04-01,ETH,3505.03,4565467.0
2024-04-01,SOL,192.5678,20109878.0
2024-04-01,XRP,0.6113,2899649153.0
2024-04-02,ADA,0.581,1168607124.0
2024-04-02,BNB,550.6815,4504007.0
2024-04-02,BTC,65446.9727,774753.0
2024-04-02,DOGE,0.1823,21150156837.0
2024-04-02,ETH,3277.2346,6736332.0
2024-04-02,SOL,181.1723,25132264.0
2024-04-02,XRP,0.5855,3711146908.0
2024-04-03,ADA,0.5713,849958082.0
2024-04-03,BNB,562.0197,3730494.0
2024-04-03,BTC,65980.8125,522698.0
2024-04-03,DOGE,0.1755,17730894334.0
2024-04-03,ETH,3311.4419,4834974.0
2024-04-03,SOL,185.2486,22458307.0
2024-04-03,XRP,0.5749,2868738698.0
2024-04-04,ADA,0.583,849874671.0
2024-04-04,BNB,585.4415,3997817.0
2024-04-04,BTC,68508.8438,502702.0
2024-04-04,DOGE,0.1799,11969497414.0
2024-04-04,ETH,3330.0405,4347193.0
2024-04-04,SOL,183.9581,22294319.0
2024-04-04,XRP,0.5937,3689825551.0
2024-04-05,ADA,0.5748,781179185.0
2024-04-05,BNB,578.9669,3426435.0
2024-04-05,BTC,67837.6406,497485.0
2024-04-05,DOGE,0.1775,10787304202.0
2024-04-05,ETH,3318.8853,4584204.0
2024-04-05,SOL,174.5015,42397343.0
2024-04-05,XRP,0.5875,2611933180.0
2024-04-06,ADA,0.5843,437531268.0
2024-04-06,BNB,585.9668,2268026.0
2024-04-06,BTC,68896.1094,289825.0
2024-04-06,DOGE,0.186,8712895951.0
2024-04-06,ETH,3354.1838,2670374.0
2024-04-06,SOL,178.9153,26118066.0
2024-04-06,XRP,0.5933,1468989212.0
2024-04-07,ADA,0.5895,522104960.0
2024-04-07,BNB,584.1022,2353486.0
2024-04-07,BTC,69362.5547,305711.0
2024-04-07,DOGE,0.1991,13276315333.0
2024-04-07,ETH,3453.4946,2875669.0
2024-04-07,SOL,179.6499,10324489.0
2024-04-07,XRP,0.5948,1554982168.0
2024-04-08,ADA,0.6142,720709724.0
2024-04-08,BNB,586.9009,2963417.0
2024-04-08,BTC,71631.3594,520183.0
2024-04-08,DOGE,0.2026,10394513438.0
2024-04-08,ETH,3695.2927,5156599.0
2024-04-08,SOL,180.7848,15180360.0
2024-04-08,XRP,0.6155,3276917894.0
2024-04-09,ADA,0.5919,862799136.0
2024-04-09,BNB,580.8303,3422970.0
2024-04-09,BTC,69139.0156,526865.0
2024-04-09,DOGE,0.189,10997244482.0
2024-04-09,ETH,3505.1633,5215099.0
2024-04-09,SOL,172.4136,15591511.0
2024-04-09,XRP,0.6138,3948954800.0
2024-04-10,ADA,0.5863,859705587.0
2024-04-10,BNB,610.0839,2711542.0
2024-04-10,BTC,70587.8828,542850.0
2024-04-10,DOGE,0.2,13312781555.0
2024-04-10,ETH,3543.7371,4761212.0
2024-04-10,SOL,173.4374,19281166.0
2024-04-10,XRP,0.6176,3797963665.0
2024-04-11,ADA,0.5862,582249103.0
2024-04-11,BNB,604.8938,2148357.0
2024-04-11,BTC,70060.6094,430390.0
2024-04-11,DOGE,0.194,11235802237.0
2024-04-11,ETH,3505.2478,4015903.0
2024-04-11,SOL,172.5764,15716719.0
2024-04-11,XRP,0.6089,2001851585.0
2024-04-12,ADA,0.5036,2254366994.0
2024-04-12,BNB,596.3801,4392416.0
2024-04-12,BTC,67195.8672,656726.0
2024-04-12,DOGE,0.1746,20684846567.0
2024-04-12,ETH,3243.0349,6816106.0
2024-04-12,SOL,153.6355,30768842.0
2024-04-12,XRP,0.5484,5238423668.0
2024-04-13,ADA,0.4479,2774721537.0
2024-04-13,BNB,554.2998,4799408.0
2024-04-13,BTC,63821.4727,828400.0
2024-04-13,DOGE,0.1532,31017689213.0
2024-04-13,ETH,3004.9004,9960533.0
2024-04-13,SOL,139.3417,64422887.0
2024-04-13,XRP,0.4808,8230628704.0
2024-04-14,ADA,0.4689,2049469477.0
2024-04-14,BNB,567.2184,3039932.0
2024-04-14,BTC,65738.7266,746658.0
2024-04-14,DOGE,0.1623,22942749885.0
2024-04-14,ETH,3156.9419,8073093.0
2024-04-14,SOL,151.2849,47003846.0
2024-04-14,XRP,0.5043,5601878724.0
2024-04-15,ADA,0.4608,1559723638.0
2024-04-15,BNB,552.8745,2692641.0
2024-04-15,BTC,63426.2109,687349.0
2024-04-15,DOGE,0.1614,22338366876.0
2024-04-15,ETH,3101.6003,7069203.0
2024-04-15,SOL,138.5086,41148624.0
2024-04-15,XRP,0.4977,4734120282.0
2024-04-16,ADA,0.4586,1129954559.0
2024-04-16,BNB,537.8293,2416624.0
2024-04-16,BTC,63811.8633,671466.0
2024-04-16,DOGE,0.156,15858876493.0
2024-04-16,ETH,3084.9202,6302073.0
2024-04-16,SOL,136.2793,37834679.0
2024-04-16,XRP,0.4967,3851781782.0
2024-04-17,ADA,0.4443,1094788586.0
2024-04-17,BNB,534.416,2642001.0
2024-04-17,BTC,61276.6914,684032.0
2024-04-17,DOGE,0.1476,13360169921.0
2024-04-17,ETH,2984.7275,5934166.0
2024-04-17,SOL,131.8662,37072026.0
2024-04-17,XRP,0.4948,3621297465.0
2024-04-18,ADA,0.4581,893797910.0
2024-04-18,BNB,552.1721,2606638.0
2024-04-18,BTC,63512.7539,566915.0
2024-04-18,DOGE,0.1524,12774730733.0
2024-04-18,ETH,3066.0276,4952264.0
2024-04-18,SOL,142.0824,29514997.0
2024-04-18,XRP,0.503,2824446028.0
2024-04-19,ADA,0.4688,1275839110.0
2024-04-19,BNB,554.8893,2379024.0
2024-04-19,BTC,63843.5703,781918.0
2024-04-19,DOGE,0.1563,13992419392.0
2024-04-19,ETH,3059.2786,6668233.0
2024-04-19,SOL,142.6805,41054440.0
2024-04-19,XRP,0.5038,4259179997.0
2024-04-20,ADA,0.5059,1060880146.0
2024-04-20,BNB,570.9605,1220762.0
2024-04-20,BTC,64994.4414,355376.0
2024-04-20,DOGE,0.1628,10130444157.0
2024-04-20,ETH,3157.6272,3141169.0
2024-04-20,SOL,151.1336,18499480.0
2024-04-20,XRP,0.5293,2337641179.0
2024-04-21,ADA,0.4993,709839907.0
2024-04-21,BNB,579.6199,1349265.0
2024-04-21,BTC,64926.6445,315843.0
2024-04-21,DOGE,0.1583,8171106557.0
2024-04-21,ETH,3147.2886,2984915.0
2024-04-21,SOL,148.6093,14882400.0
2024-04-21,XRP,0.5247,1709376003.0
2024-04-22,ADA,0.5169,779518507.0
2024-04-22,BNB,605.5755,2147281.0
2024-04-22,BTC,66837.6797,423155.0
2024-04-22,DOGE,0.1612,7766959098.0
2024-04-22,ETH,3201.6521,3768011.0
2024-04-22,SOL,157.0312,18847529.0
2024-04-22,XRP,0.5568,3001517485.0
2024-04-23,ADA,0.5002,806878326.0
2024-04-23,BNB,606.8406,2274438.0
2024-04-23,BTC,66407.2734,366089.0
2024-04-23,DOGE,0.1599,6551420247.0
2024-04-23,ETH,3219.9116,3433151.0
2024-04-23,SOL,154.7013,17780625.0
2024-04-23,XRP,0.5452,2478750702.0
2024-04-24,ADA,0.4749,1045320268.0
2024-04-24,BNB,608.0861,2497538.0
2024-04-24,BTC,64276.8984,471035.0
2024-04-24,DOGE,0.1514,10074058824.0
2024-04-24,ETH,3139.8052,4458950.0
2024-04-24,SOL,147.7451,26615674.0
2024-04-24,XRP,0.5274,2908656059.0
2024-04-25,ADA,0.471,739371726.0
2024-04-25,BNB,614.005,1891910.0
2024-04-25,BTC,64481.707,498681.0
2024-04-25,DOGE,0.1514,7123411957.0
2024-04-25,ETH,3156.5095,4431804.0
2024-04-25,SOL,144.8921,25363485.0
2024-04-25,XRP,0.5255,2448312419.0
2024-04-26,ADA,0.4627,687048513.0
2024-04-26,BNB,597.7054,1368212.0
2024-04-26,BTC,63755.3203,378625.0
2024-04-26,DOGE,0.1478,5937712212.0
2024-04-26,ETH,3130.1648,3393538.0
2024-04-26,SOL,139.1043,18435004.0
2024-04-26,XRP,0.5261,2202920372.0
2024-04-27,ADA,0.467,670975928.0
2024-04-27,BNB,595.7205,1312468.0
2024-04-27,BTC,63419.1406,307964.0
2024-04-27,DOGE,0.1477,5738354539.0
2024-04-27,ETH,3252.1682,3634740.0
2024-04-27,SOL,141.2892,16796446.0
2024-04-27,XRP,0.5178,1456144210.0
2024-04-28,ADA,0.4605,544377918.0
2024-04-28,BNB,600.0712,1135048.0
2024-04-28,BTC,63113.2305,274662.0
2024-04-28,DOGE,0.1467,4349472999.0
2024-04-28,ETH,3262.7747,3487582.0
2024-04-28,SOL,137.8564,14210476.0
2024-04-28,XRP,0.5104,1138124323.0
2024-04-29,ADA,0.4574,658148868.0
2024-04-29,BNB,592.8312,1464354.0
2024-04-29,BTC,63841.1211,417222.0
2024-04-29,DOGE,0.1435,7182137528.0
2024-04-29,ETH,3215.429,4675036.0
2024-04-29,SOL,137.7767,17890924.0
2024-04-29,XRP,0.5154,2217966187.0
2024-04-30,ADA,0.4408,927871012.0
2024-04-30,BNB,578.488,2986892.0
2024-04-30,BTC,60636.8555,624057.0
2024-04-30,DOGE,0.1333,10068175453.0
2024-04-30,ETH,3012.2869,6064129.0
2024-04-30,SOL,126.9627,26837175.0
2024-04-30,XRP,0.5001,2694630302.0
2024-05-01,ADA,0.4499,1169490681.0
2024-05-01,BNB,561.4082,2676886.0
2024-05-01,BTC,58254.0117,831527.0
2024-05-01,DOGE,0.1301,16412982091.0
2024-05-01,ETH,2969.7847,6736198.0
2024-05-01,SOL,134.628,30724728.0
2024-05-01,XRP,0.517,3327002068.0
2024-05-02,ADA,0.4583,779810247.0
2024-05-02,BNB,560.5267,1565401.0
2024-05-02,BTC,59123.4336,553280.0
2024-05-02,DOGE,0.1321,9907838494.0
2024-05-02,ETH,2988.1685,4405342.0
2024-05-02,SOL,137.8145,24526293.0
2024-05-02,XRP,0.5183,2157891226.0
2024-05-03,ADA,0.4675,709810398.0
2024-05-03,BNB,587.0104,1456070.0
2024-05-03,BTC,62889.8359,527462.0
2024-05-03,DOGE,0.1461,8664463748.0
2024-05-03,ETH,3103.542,4144356.0
2024-05-03,SOL,143.7726,22375358.0
2024-05-03,XRP,0.5319,2140360917.0
2024-05-04,ADA,0.4636,530075834.0
2024-05-04,BNB,585.8466,993901.0
2024-05-04,BTC,63891.4727,322742.0
2024-05-04,DOGE,0.1602,17428814989.0
2024-05-04,ETH,3117.5764,2656945.0
2024-05-04,SOL,146.1351,20872390.0
2024-05-04,XRP,0.5304,1294086597.0
2024-05-05,ADA,0.4583,522982209.0
2024-05-05,BNB,592.1404,897054.0
2024-05-05,BTC,64031.1328,285739.0
2024-05-05,DOGE,0.1611,9355987566.0
2024-05-05,ETH,3137.249,2799729.0
2024-05-05,SOL,145.713,13964398.0
2024-05-05,XRP,0.5298,1011326886.0
2024-05-06,ADA,0.4543,772977319.0
2024-05-06,BNB,588.476,2586886.0
2024-05-06,BTC,63161.9492,454355.0
2024-05-06,DOGE,0.1566,11159553175.0
2024-05-06,ETH,3062.7288,4247385.0
2024-05-06,SOL,152.8024,19154823.0
2024-05-06,XRP,0.5405,3282580527.0
2024-05-07,ADA,0.4419,695848837.0
2024-05-07,BNB,577.4862,2659247.0
2024-05-07,BTC,62334.8164,415991.0
2024-05-07,DOGE,0.1502,7590182829.0
2024-05-07,ETH,3006.5771,3905833.0
2024-05-07,SOL,148.1343,18143121.0
2024-05-07,XRP,0.5247,2159129524.0
2024-05-08,ADA,0.4526,1116073964.0
2024-05-08,BNB,588.1974,2725685.0
2024-05-08,BTC,61187.9414,426361.0
2024-05-08,DOGE,0.1433,8093668770.0
2024-05-08,ETH,2973.6572,3965374.0
2024-05-08,SOL,142.2947,17584892.0
2024-05-08,XRP,0.5172,2169574516.0
2024-05-09,ADA,0.4635,686960478.0
2024-05-09,BNB,596.032,3183250.0
2024-05-09,BTC,63049.9609,403701.0
2024-05-09,DOGE,0.1521,7188333401.0
2024-05-09,ETH,3036.0205,3577692.0
2024-05-09,SOL,152.8499,14719428.0
2024-05-09,XRP,0.521,1877073112.0
2024-05-10,ADA,0.4482,690091333.0
2024-05-10,BNB,585.6222,2598447.0
2024-05-10,BTC,60792.7773,457373.0
2024-05-10,DOGE,0.144,7338201208.0
2024-05-10,ETH,2909.7913,4219771.0
2024-05-10,SOL,146.2169,16903615.0
2024-05-10,XRP,0.5023,2190458695.0
2024-05-11,ADA,0.4389,429470303.0
2024-05-11,BNB,592.0279,2252701.0
2024-05-11,BTC,60793.7109,227693.0
2024-05-11,DOGE,0.1429,3732870641.0
2024-05-11,ETH,2911.6021,2334081.0
2024-05-11,SOL,145.3144,8559040.0
2024-05-11,XRP,0.506,885404814.0
2024-05-12,ADA,0.4377,361322941.0
2024-05-12,BNB,594.4246,2147743.0
2024-05-12,BTC,61448.3945,224586.0
2024-05-12,DOGE,0.1412,4256204107.0
2024-05-12,ETH,2928.7019,2017597.0
2024-05-12,SOL,143.5208,6526512.0
2024-05-12,XRP,0.4995,794888321.0
2024-05-13,ADA,0.4365,867672908.0
2024-05-13,BNB,591.6069,2765636.0
2024-05-13,BTC,62901.4492,443379.0
2024-05-13,DOGE,0.1484,12927198721.0
2024-05-13,ETH,2949.3596,4527174.0
2024-05-13,SOL,147.2823,17356160.0
2024-05-13,XRP,0.5049,1963798456.0
2024-05-14,ADA,0.4281,732207051.0
2024-05-14,BNB,566.707,3430455.0
2024-05-14,BTC,61552.7891,457920.0
2024-05-14,DOGE,0.1454,13060840147.0
2024-05-14,ETH,2881.158,4319276.0
2024-05-14,SOL,142.0304,18208542.0
2024-05-14,XRP,0.4999,2155397991.0
2024-05-15,ADA,0.453,789094927.0
2024-05-15,BNB,582.0743,3255770.0
2024-05-15,BTC,66267.4922,600825.0
2024-05-15,DOGE,0.1555,11365529718.0
2024-05-15,ETH,3037.0566,4829315.0
2024-05-15,SOL,158.1868,22667599.0
2024-05-15,XRP,0.519,2154316066.0
2024-05-16,ADA,0.4597,799361281.0
2024-05-16,BNB,569.1902,3358916.0
2024-05-16,BTC,65231.582,484015.0
2024-05-16,DOGE,0.1496,9182647662.0
2024-05-16,ETH,2945.1311,4426107.0
2024-05-16,SOL,159.1165,21985614.0
2024-05-16,XRP,0.5157,2234278488.0
2024-05-17,ADA,0.482,928655843.0
2024-05-17,BNB,581.1783,2679272.0
2024-05-17,BTC,67051.875,418054.0
2024-05-17,DOGE,0.1556,7153261980.0
2024-05-17,ETH,3094.1187,4669969.0
2024-05-17,SOL,169.5305,19886421.0
2024-05-17,XRP,0.5238,1938205273.0
2024-05-18,ADA,0.4824,497662575.0
2024-05-18,BNB,580.4811,2340709.0
2024-05-18,BTC,66940.8047,249658.0
2024-05-18,DOGE,0.1531,5038389719.0
2024-05-18,ETH,3122.949,3012233.0
2024-05-18,SOL,172.5391,14371566.0
2024-05-18,XRP,0.5214,952934857.0
2024-05-19,ADA,0.4676,535335579.0
2024-05-19,BNB,574.6317,2260382.0
2024-05-19,BTC,66278.3672,290428.0
2024-05-19,DOGE,0.1491,5274449397.0
2024-05-19,ETH,3071.843,2847737.0
2024-05-19,SOL,170.0914,13522618.0
2024-05-19,XRP,0.5097,1104481465.0
2024-05-20,ADA,0.5018,1078447822.0
2024-05-20,BNB,600.6163,3572093.0
2024-05-20,BTC,71448.1953,613741.0
2024-05-20,DOGE,0.1657,9127059367.0
2024-05-20,ETH,3663.8555,8523301.0
2024-05-20,SOL,186.5205,24859814.0
2024-05-20,XRP,0.5373,2608629739.0
2024-05-21,ADA,0.4948,1120336345.0
2024-05-21,BNB,618.4205,5764665.0
2024-05-21,BTC,70136.5312,669152.0
2024-05-21,DOGE,0.1705,16380004473.0
2024-05-21,ETH,3789.3127,9934217.0
2024-05-21,SOL,178.1161,25648512.0
2024-05-21,XRP,0.537,3681726372.0
2024-05-22,ADA,0.4831,862052541.0
2024-05-22,BNB,614.6719,3479151.0
2024-05-22,BTC,69122.3359,474558.0
2024-05-22,DOGE,0.1662,11906899743.0
2024-05-22,ETH,3737.2178,6731160.0
2024-05-22,SOL,176.8608,21676703.0
2024-05-22,XRP,0.5265,2289871525.0
2024-05-23,ADA,0.4653,1316753267.0
2024-05-23,BNB,598.6708,4395682.0
2024-05-23,BTC,67929.5625,616752.0
2024-05-23,DOGE,0.1596,14059005112.0
2024-05-23,ETH,3776.9272,12079570.0
2024-05-23,SOL,175.9858,29077684.0
2024-05-23,XRP,0.5283,4142753868.0
2024-05-24,ADA,0.4595,773474252.0
2024-05-24,BNB,600.2259,2962688.0
2024-05-24,BTC,68526.1016,426076.0
2024-05-24,DOGE,0.1638,18392602293.0
2024-05-24,ETH,3726.9346,5971949.0
2024-05-24,SOL,167.7969,23918806.0
2024-05-24,XRP,0.5358,2300091307.0
2024-05-25,ADA,0.4621,516102260.0
2024-05-25,BNB,602.1945,2312209.0
2024-05-25,BTC,69265.9453,223386.0
2024-05-25,DOGE,0.174,8562787351.0
2024-05-25,ETH,3749.2366,2667217.0
2024-05-25,SOL,168.4376,11132938.0
2024-05-25,XRP,0.5418,1204630196.0
2024-05-26,ADA,0.4584,492251970.0
2024-05-26,BNB,599.8259,2288426.0
2024-05-26,BTC,68518.0938,228092.0
2024-05-26,DOGE,0.1662,8178380505.0
2024-05-26,ETH,3825.8975,3829375.0
2024-05-26,SOL,163.3509,15573109.0
2024-05-26,XRP,0.5282,1097326223.0
2024-05-27,ADA,0.468,690875676.0
2024-05-27,BNB,603.5264,2802966.0
2024-05-27,BTC,69394.5547,372810.0
2024-05-27,DOGE,0.1691,8308443361.0
2024-05-27,ETH,3892.0068,4868743.0
2024-05-27,SOL,169.9961,16150017.0
2024-05-27,XRP,0.5338,1898362113.0
2024-05-28,ADA,0.457,915981690.0
2024-05-28,BNB,601.2133,3080986.0
2024-05-28,BTC,68296.2188,479123.0
2024-05-28,DOGE,0.165,8548775748.0
2024-05-28,ETH,3840.2563,5167896.0
2024-05-28,SOL,168.6508,19817766.0
2024-05-28,XRP,0.5282,2160934655.0
2024-05-29,ADA,0.451,777131967.0
2024-05-29,BNB,594.972,2760965.0
2024-05-29,BTC,67578.0938,395203.0
2024-05-29,DOGE,0.1637,9320190986.0
2024-05-29,ETH,3763.1965,4626763.0
2024-05-29,SOL,168.0727,16971802.0
2024-05-29,XRP,0.5232,2263593145.0
2024-05-30,ADA,0.4466,797508108.0
2024-05-30,BNB,595.0268,2920078.0
2024-05-30,BTC,68364.9922,431649.0
2024-05-30,DOGE,0.1595,9102304721.0
2024-05-30,ETH,3746.8496,4020938.0
2024-05-30,SOL,166.9765,17561251.0
2024-05-30,XRP,0.5189,2562284465.0
2024-05-31,ADA,0.4475,650141894.0
2024-05-31,BNB,593.5223,2679511.0
2024-05-31,BTC,67491.4141,405789.0
2024-05-31,DOGE,0.1591,5944409399.0
2024-05-31,ETH,3760.0266,4066647.0
2024-05-31,SOL,165.6377,14585569.0
2024-05-31,XRP,0.5178,2356724408.0
2024-06-01,ADA,0.45,373172858.0
2024-06-01,BNB,601.3042,2527963.0
2024-06-01,BTC,67706.9375,171939.0
2024-06-01,DOGE,0.1602,3096352082.0
2024-06-01,ETH,3813.199,2271328.0
2024-06-01,SOL,166.0307,6377556.0
2024-06-01,XRP,0.5183,1079890225.0
2024-06-02,ADA,0.4465,566848725.0
2024-06-02,BNB,603.0266,2764777.0
2024-06-02,BTC,67751.6016,252549.0
2024-06-02,DOGE,0.1572,3726161239.0
2024-06-02,ETH,3780.896,2942928.0
2024-06-02,SOL,163.2499,9569800.0
2024-06-02,XRP,0.5135,1438715054.0
2024-06-03,ADA,0.457,694083201.0
2024-06-03,BNB,626.433,4712572.0
2024-06-03,BTC,68804.7812,470916.0
2024-06-03,DOGE,0.1583,5875509032.0
2024-06-03,ETH,3766.3892,3738980.0
2024-06-03,SOL,164.9235,13233336.0
2024-06-03,XRP,0.5201,2112366720.0
2024-06-04,ADA,0.4615,669942163.0
2024-06-04,BNB,686.2014,4979580.0
2024-06-04,BTC,70567.7656,469757.0
2024-06-04,DOGE,0.1614,4711848718.0
2024-06-04,ETH,3812.5159,3496770.0
2024-06-04,SOL,171.8019,11976341.0
2024-06-04,XRP,0.5258,2216213710.0
2024-06-05,ADA,0.4612,652333148.0
2024-06-05,BNB,698.8894,5009707.0
2024-06-05,BTC,71082.8203,461585.0
2024-06-05,DOGE,0.1632,5023762159.0
2024-06-05,ETH,3864.261,4005950.0
2024-06-05,SOL,173.4829,13868263.0
2024-06-05,XRP,0.5257,2195172462.0
2024-06-06,ADA,0.4581,614520241.0
2024-06-06,BNB,710.4641,4219620.0
2024-06-06,BTC,70757.1641,356475.0
2024-06-06,DOGE,0.1602,5576772467.0
2024-06-06,ETH,3811.606,3569777.0
2024-06-06,SOL,170.0162,11560326.0
2024-06-06,XRP,0.5216,2289783649.0
2024-06-07,ADA,0.4496,1922178548.0
2024-06-07,BNB,683.361,4371092.0
2024-06-07,BTC,69342.5859,521878.0
2024-06-07,DOGE,0.1483,10665786811.0
2024-06-07,ETH,3678.6292,4953010.0
2024-06-07,SOL,162.507,20297751.0
2024-06-07,XRP,0.499,4935675016.0
2024-06-08,ADA,0.4366,881315200.0
2024-06-08,BNB,682.6652,2880206.0
2024-06-08,BTC,69305.7734,205786.0
2024-06-08,DOGE,0.1461,5976196191.0
2024-06-08,ETH,3680.95,2471126.0
2024-06-08,SOL,157.9689,10902385.0
2024-06-08,XRP,0.4931,1673296287.0
2024-06-09,ADA,0.4441,747401171.0
2024-06-09,BNB,673.3153,2756782.0
2024-06-09,BTC,69647.9922,194320.0
2024-06-09,DOGE,0.1468,4471637790.0
2024-06-09,ETH,3705.9038,2134640.0
2024-06-09,SOL,162.0836,9105660.0
2024-06-09,XRP,0.4986,1275520750.0
2024-06-10,ADA,0.4405,1084090602.0
2024-06-10,BNB,624.3868,5100006.0
2024-06-10,BTC,69512.2812,296317.0
2024-06-10,DOGE,0.1447,5199427111.0
2024-06-10,ETH,3666.7175,2830134.0
2024-06-10,SOL,158.928,11422539.0
2024-06-10,XRP,0.4966,2250600012.0
2024-06-11,ADA,0.4219,1423732425.0
2024-06-11,BNB,602.5581,4322960.0
2024-06-11,BTC,67332.0312,551240.0
2024-06-11,DOGE,0.1381,9210269657.0
2024-06-11,ETH,3498.3306,5483965.0
2024-06-11,SOL,149.429,18822603.0
2024-06-11,XRP,0.4803,3158830370.0
2024-06-12,ADA,0.4378,1031312144.0
2024-06-12,BNB,619.1948,3587798.0
2024-06-12,BTC,68241.1875,505530.0
2024-06-12,DOGE,0.1462,8720131020.0
2024-06-12,ETH,3559.6177,4815940.0
2024-06-12,SOL,155.1776,18389851.0
2024-06-12,XRP,0.4915,2554684779.0
2024-06-13,ADA,0.4212,916104802.0
2024-06-13,BNB,599.5151,3134516.0
2024-06-13,BTC,66756.3984,433744.0
2024-06-13,DOGE,0.1411,5600479624.0
2024-06-13,ETH,3469.2812,4171579.0
2024-06-13,SOL,147.3144,14154063.0
2024-06-13,XRP,0.477,2197167311.0
2024-06-14,ADA,0.4117,900760467.0
2024-06-14,BNB,603.1805,3065275.0
2024-06-14,BTC,66011.0938,415141.0
2024-06-14,DOGE,0.135,6368829514.0
2024-06-14,ETH,3480.272,4538116.0
2024-06-14,SOL,143.0944,16286160.0
2024-06-14,XRP,0.4743,2573368181.0
2024-06-15,ADA,0.4137,505798596.0
2024-06-15,BNB,607.8029,2420240.0
2024-06-15,BTC,66191.0,213341.0
2024-06-15,DOGE,0.1366,3486492497.0
2024-06-15,ETH,3565.5496,3571301.0
2024-06-15,SOL,145.4122,7326024.0
2024-06-15,XRP,0.4907,1570128915.0
2024-06-16,ADA,0.4164,415253574.0
2024-06-16,BNB,610.054,2342148.0
2024-06-16,BTC,66639.0469,199300.0
2024-06-16,DOGE,0.1369,2814484489.0
2024-06-16,ETH,3620.5635,2728412.0
2024-06-16,SOL,151.1255,7596319.0
2024-06-16,XRP,0.4888,1415691795.0
2024-06-17,ADA,0.4018,960016697.0
2024-06-17,BNB,604.4673,2973901.0
2024-06-17,BTC,66490.2969,451289.0
2024-06-17,DOGE,0.1289,7453286420.0
2024-06-17,ETH,3511.3789,5080300.0
2024-06-17,SOL,143.3343,15661085.0
2024-06-17,XRP,0.5052,4015605594.0
2024-06-18,ADA,0.3836,1548446127.0
2024-06-18,BNB,588.7021,3848305.0
2024-06-18,BTC,65140.7461,606092.0
2024-06-18,DOGE,0.1223,11561788388.0
2024-06-18,ETH,3483.6814,6034569.0
2024-06-18,SOL,137.504,29428322.0
2024-06-18,XRP,0.4909,4123213623.0
2024-06-19,ADA,0.3838,769754406.0
2024-06-19,BNB,598.7717,2987623.0
2024-06-19,BTC,64960.2969,324866.0
2024-06-19,DOGE,0.1223,5251614319.0
2024-06-19,ETH,3559.3474,4291622.0
2024-06-19,SOL,135.6096,16528303.0
2024-06-19,XRP,0.4932,2029946119.0
2024-06-20,ADA,0.3842,744856453.0
2024-06-20,BNB,587.1072,3095588.0
2024-06-20,BTC,64828.6562,395521.0
2024-06-20,DOGE,0.1244,5902633818.0
2024-06-20,ETH,3511.0869,4589782.0
2024-06-20,SOL,133.473,17561146.0
2024-06-20,XRP,0.4887,2264892276.0
2024-06-21,ADA,0.3761,723988195.0
2024-06-21,BNB,585.9119,2853860.0
2024-06-21,BTC,64096.1992,408576.0
2024-06-21,DOGE,0.124,4824621727.0
2024-06-21,ETH,3516.0757,4531573.0
2024-06-21,SOL,134.5883,16455382.0
2024-06-21,XRP,0.489,2314905243.0
2024-06-22,ADA,0.3848,628272641.0
2024-06-22,BNB,590.7634,2348884.0
2024-06-22,BTC,64252.5781,153429.0
2024-06-22,DOGE,0.1238,2654857157.0
2024-06-22,ETH,3494.8135,2124206.0
2024-06-22,SOL,133.6702,7095020.0
2024-06-22,XRP,0.4866,936352905.0
2024-06-23,ADA,0.3803,532188096.0
2024-06-23,BNB,577.2109,2502330.0
2024-06-23,BTC,63180.7969,176802.0
2024-06-23,DOGE,0.1223,3510544468.0
2024-06-23,ETH,3418.6118,2754961.0
2024-06-23,SOL,128.5904,8273636.0
2024-06-23,XRP,0.4795,1044098754.0
2024-06-24,ADA,0.3778,1020099287.0
2024-06-24,BNB,567.5781,3583157.0
2024-06-24,BTC,60277.4141,715892.0
2024-06-24,DOGE,0.119,7989545288.0
2024-06-24,ETH,3350.2563,6906261.0
2024-06-24,SOL,132.2414,25864997.0
2024-06-24,XRP,0.4741,2789361645.0
2024-06-25,ADA,0.3919,669154720.0
2024-06-25,BNB,578.1035,2735519.0
2024-06-25,BTC,61804.6406,472476.0
2024-06-25,DOGE,0.1262,6208685545.0
2024-06-25,ETH,3395.0291,3898507.0
2024-06-25,SOL,136.5592,18434430.0
2024-06-25,XRP,0.4757,1799554710.0
2024-06-26,ADA,0.3848,671906753.0
2024-06-26,BNB,572.4018,2686621.0
2024-06-26,BTC,60811.2773,370096.0
2024-06-26,DOGE,0.1227,4289869243.0
2024-06-26,ETH,3369.4773,3470584.0
2024-06-26,SOL,136.6091,12224940.0
2024-06-26,XRP,0.4696,1886847044.0
2024-06-27,ADA,0.3907,652218279.0
2024-06-27,BNB,580.7983,2857065.0
2024-06-27,BTC,61604.8008,344644.0
2024-06-27,DOGE,0.1269,4861144683.0
2024-06-27,ETH,3444.8005,3417276.0
2024-06-27,SOL,149.4484,18947357.0
2024-06-27,XRP,0.4747,1770966893.0
2024-06-28,ADA,0.3854,770099795.0
2024-06-28,BNB,566.4645,2857370.0
2024-06-28,BTC,60320.1367,413674.0
2024-06-28,DOGE,0.1228,5169543385.0
2024-06-28,ETH,3373.636,3812254.0
2024-06-28,SOL,139.7034,17151127.0
2024-06-28,XRP,0.4709,1990134640.0
2024-06-29,ADA,0.384,600491718.0
2024-06-29,BNB,569.1277,2416128.0
2024-06-29,BTC,60887.3789,207808.0
2024-06-29,DOGE,0.1217,2345057748.0
2024-06-29,ETH,3372.9678,1952225.0
2024-06-29,SOL,140.0101,8135597.0
2024-06-29,XRP,0.472,853218692.0
2024-06-30,ADA,0.3922,496736216.0
2024-06-30,BNB,581.7711,2689505.0
2024-06-30,BTC,62678.293,276543.0
2024-06-30,DOGE,0.1243,2969846964.0
2024-06-30,ETH,3432.8892,2445874.0
2024-06-30,SOL,146.4925,10702541.0
2024-06-30,XRP,0.4755,978849456.0
2024-07-01,ADA,0.4029,636811515.0
2024-07-01,BNB,576.687,2798527.0
2024-07-01,BTC,62851.9805,405212.0
2024-07-01,DOGE,0.1234,3666286515.0
2024-07-01,ETH,3440.3416,3569864.0
2024-07-01,SOL,146.5951,12378719.0
2024-07-01,XRP,0.4766,1706843883.0
2024-07-02,ADA,0.4178,624306420.0
2024-07-02,BNB,578.9811,2639197.0
2024-07-02,BTC,62029.0156,324874.0
2024-07-02,DOGE,0.125,3264092120.0
2024-07-02,ETH,3416.3547,2757839.0
2024-07-02,SOL,153.7005,13173501.0
2024-07-02,XRP,0.4845,1743034061.0
2024-07-03,ADA,0.4067,963358399.0
2024-07-03,BNB,556.5778,3119345.0
2024-07-03,BTC,60173.9219,494512.0
2024-07-03,DOGE,0.1185,5551417155.0
2024-07-03,ETH,3292.9167,4895758.0
2024-07-03,SOL,140.7314,19991410.0
2024-07-03,XRP,0.4668,2732502299.0
2024-07-04,ADA,0.3629,1587106394.0
2024-07-04,BNB,513.9945,4001883.0
2024-07-04,BTC,56977.7031,722205.0
2024-07-04,DOGE,0.1049,11813887170.0
2024-07-04,ETH,3054.522,6630338.0
2024-07-04,SOL,127.5508,25431606.0
2024-07-04,XRP,0.4336,3508590138.0
2024-07-05,ADA,0.3499,2208589639.0
2024-07-05,BNB,497.9958,5754628.0
2024-07-05,BTC,56662.375,978031.0
2024-07-05,DOGE,0.1056,16191172333.0
2024-07-05,ETH,2981.5986,10441359.0
2024-07-05,SOL,134.3693,34561725.0
2024-07-05,XRP,0.4255,5058948931.0
2024-07-06,ADA,0.3712,777063976.0
2024-07-06,BNB,527.6744,3040981.0
2024-07-06,BTC,58303.5391,353500.0
2024-07-06,DOGE,0.1136,7417331543.0
2024-07-06,ETH,3069.3779,3774802.0
2024-07-06,SOL,143.2412,14510742.0
2024-07-06,XRP,0.4491,1611302367.0
2024-07-07,ADA,0.3466,735648003.0
2024-07-07,BNB,490.6131,3384137.0
2024-07-07,BTC,55849.1094,368016.0
2024-07-07,DOGE,0.1042,6150041305.0
2024-07-07,ETH,2929.3872,3706559.0
2024-07-07,SOL,131.7741,13982378.0
2024-07-07,XRP,0.4198,1806162181.0
2024-07-08,ADA,0.369,1371636329.0
2024-07-08,BNB,510.6143,4514190.0
2024-07-08,BTC,56705.0977,701280.0
2024-07-08,DOGE,0.1076,9510220662.0
2024-07-08,ETH,3018.7319,7495656.0
2024-07-08,SOL,139.4637,26475740.0
2024-07-08,XRP,0.4315,3563334319.0
2024-07-09,ADA,0.3753,726791561.0
2024-07-09,BNB,516.5681,3070729.0
2024-07-09,BTC,58009.2266,480088.0
2024-07-09,DOGE,0.1075,5327104599.0
2024-07-09,ETH,3064.033,4983610.0
2024-07-09,SOL,141.3484,17112312.0
2024-07-09,XRP,0.4359,2261911229.0
2024-07-10,ADA,0.3888,645945014.0
2024-07-10,BNB,524.5165,3036409.0
2024-07-10,BTC,57742.4961,453310.0
2024-07-10,DOGE,0.108,5110904841.0
2024-07-10,ETH,3102.2188,4699436.0
2024-07-10,SOL,141.9748,13750835.0
2024-07-10,XRP,0.439,2203732081.0
2024-07-11,ADA,0.3958,791497492.0
2024-07-11,BNB,525.1381,3209984.0
2024-07-11,BTC,57344.9141,500616.0
2024-07-11,DOGE,0.1067,5119710829.0
2024-07-11,ETH,3100.3308,4912410.0
2024-07-11,SOL,135.8832,16829826.0
2024-07-11,XRP,0.449,2454155964.0
2024-07-12,ADA,0.4165,850215017.0
2024-07-12,BNB,533.7573,2998000.0
2024-07-12,BTC,57899.4648,442229.0
2024-07-12,DOGE,0.1077,4350680915.0
2024-07-12,ETH,3134.1587,4068600.0
2024-07-12,SOL,139.528,14263612.0
2024-07-12,XRP,0.4747,3362730761.0
2024-07-13,ADA,0.4414,828462692.0
2024-07-13,BNB,532.3488,2697774.0
2024-07-13,BTC,59231.9531,288359.0
2024-07-13,DOGE,0.1124,4427431241.0
2024-07-13,ETH,3177.1987,2695804.0
2024-07-13,SOL,141.925,7972652.0
2024-07-13,XRP,0.5263,5428273919.0
2024-07-14,ADA,0.4323,822376459.0
2024-07-14,BNB,544.8187,2728993.0
2024-07-14,BTC,60787.793,365590.0
2024-07-14,DOGE,0.1154,4779324975.0
2024-07-14,ETH,3244.0791,3242125.0
2024-07-14,SOL,147.6223,13611049.0
2024-07-14,XRP,0.5229,3003225624.0
2024-07-15,ADA,0.4456,1046883044.0
2024-07-15,BNB,586.1411,3444705.0
2024-07-15,BTC,64870.1523,587243.0
2024-07-15,DOGE,0.1252,6910074022.0
2024-07-15,ETH,3489.5527,5245798.0
2024-07-15,SOL,159.934,16135555.0
2024-07-15,XRP,0.5379,3272791004.0
2024-07-16,ADA,0.4382,1108861225.0
2024-07-16,BNB,576.584,3612149.0
2024-07-16,BTC,65097.1484,639311.0
2024-07-16,DOGE,0.1249,8191916166.0
2024-07-16,ETH,3443.5134,5937733.0
2024-07-16,SOL,160.5519,18898781.0
2024-07-16,XRP,0.5794,5835005978.0
2024-07-17,ADA,0.4367,890714487.0
2024-07-17,BNB,568.9127,3058357.0
2024-07-17,BTC,64118.793,507263.0
2024-07-17,DOGE,0.1219,5997711072.0
2024-07-17,ETH,3388.7524,4939613.0
2024-07-17,SOL,155.5841,14497963.0
2024-07-17,XRP,0.6265,5919134930.0
2024-07-18,ADA,0.4239,797732281.0
2024-07-18,BNB,571.9515,2861806.0
2024-07-18,BTC,63974.0664,425787.0
2024-07-18,DOGE,0.1195,5942295670.0
2024-07-18,ETH,3426.2585,4388350.0
2024-07-18,SOL,159.0724,12853211.0
2024-07-18,XRP,0.5696,5243763857.0
2024-07-19,ADA,0.439,775323254.0
2024-07-19,BNB,593.7021,3457927.0
2024-07-19,BTC,66710.1562,554696.0
2024-07-19,DOGE,0.1255,5772628554.0
2024-07-19,ETH,3505.7349,5050476.0
2024-07-19,SOL,169.1859,21378912.0
2024-07-19,XRP,0.5738,4078722361.0
2024-07-20,ADA,0.4376,571489783.0
2024-07-20,BNB,593.5722,2670660.0
2024-07-20,BTC,67163.6484,283332.0
2024-07-20,DOGE,0.1344,8253511592.0
2024-07-20,ETH,3519.2954,2943827.0
2024-07-20,SOL,173.8918,10975079.0
2024-07-20,XRP,0.5947,2586994275.0
2024-07-21,ADA,0.4461,748449163.0
2024-07-21,BNB,601.8512,3015843.0
2024-07-21,BTC,68154.5234,391055.0
2024-07-21,DOGE,0.1402,8772735026.0
2024-07-21,ETH,3536.6055,3915029.0
2024-07-21,SOL,184.5416,16692457.0
2024-07-21,XRP,0.5975,2492986712.0
2024-07-22,ADA,0.4265,1280532363.0
2024-07-22,BNB,587.9178,3377239.0
2024-07-22,BTC,67585.25,631042.0
2024-07-22,DOGE,0.1379,10649718779.0
2024-07-22,ETH,3440.4199,5442126.0
2024-07-22,SOL,178.9783,15691899.0
2024-07-22,XRP,0.6076,3377220678.0
2024-07-23,ADA,0.4101,849980342.0
2024-07-23,BNB,582.0995,3159762.0
2024-07-23,BTC,65927.6719,540072.0
2024-07-23,DOGE,0.1304,7388272936.0
2024-07-23,ETH,3481.9958,7027121.0
2024-07-23,SOL,172.7576,18698755.0
2024-07-23,XRP,0.5975,2774581565.0
2024-07-24,ADA,0.4068,825395849.0
2024-07-24,BNB,574.5785,2787623.0
2024-07-24,BTC,65372.1328,420224.0
2024-07-24,DOGE,0.1281,5737303289.0
2024-07-24,ETH,3336.3394,4807948.0
2024-07-24,SOL,178.0323,17480956.0
2024-07-24,XRP,0.6188,3123708016.0
2024-07-25,ADA,0.3947,910985153.0
2024-07-25,BNB,570.7134,3496275.0
2024-07-25,BTC,65777.2266,582508.0
2024-07-25,DOGE,0.1252,7749663729.0
2024-07-25,ETH,3174.4272,7967971.0
2024-07-25,SOL,171.9631,23651512.0
2024-07-25,XRP,0.5998,3845935446.0
2024-07-26,ADA,0.4177,635265892.0
2024-07-26,BNB,581.0779,2866612.0
2024-07-26,BTC,67912.0625,448943.0
2024-07-26,DOGE,0.1343,5603148208.0
2024-07-26,ETH,3275.9514,4882213.0
2024-07-26,SOL,183.1367,15378205.0
2024-07-26,XRP,0.6041,2294187342.0
2024-07-27,ADA,0.4182,1028609192.0
2024-07-27,BNB,581.5888,3026219.0
2024-07-27,BTC,67813.3359,511579.0
2024-07-27,DOGE,0.1316,9066453365.0
2024-07-27,ETH,3247.6079,4679824.0
2024-07-27,SOL,184.0854,17648880.0
2024-07-27,XRP,0.5968,1689012490.0
2024-07-28,ADA,0.4074,641787442.0
2024-07-28,BNB,584.0996,2506497.0
2024-07-28,BTC,68255.8672,264346.0
2024-07-28,DOGE,0.1301,5806602598.0
2024-07-28,ETH,3271.4646,2738601.0
2024-07-28,SOL,184.8861,10019006.0
2024-07-28,XRP,0.6019,1521777245.0
2024-07-29,ADA,0.404,813422906.0
2024-07-29,BNB,574.6426,3177381.0
2024-07-29,BTC,66819.9141,610307.0
2024-07-29,DOGE,0.1287,6289801761.0
2024-07-29,ETH,3320.5393,5521649.0
2024-07-29,SOL,182.7806,19992847.0
2024-07-29,XRP,0.6021,1957247712.0
2024-07-30,ADA,0.4017,691648360.0
2024-07-30,BNB,587.6651,3082804.0
2024-07-30,BTC,66201.0156,474018.0
2024-07-30,DOGE,0.1256,5080794410.0
2024-07-30,ETH,3278.6677,4283988.0
2024-07-30,SOL,179.1072,15444231.0
2024-07-30,XRP,0.6279,3499898339.0
2024-07-31,ADA,0.3888,725700731.0
2024-07-31,BNB,576.3682,3120559.0
2024-07-31,BTC,64619.25,484264.0
2024-07-31,DOGE,0.122,4997804874.0
2024-07-31,ETH,3231.2957,4993471.0
2024-07-31,SOL,171.8262,17780787.0
2024-07-31,XRP,0.6239,3877017608.0
2024-08-01,ADA,0.3927,886318584.0
2024-08-01,BNB,575.1467,3555997.0
2024-08-01,BTC,65357.5,626945.0
2024-08-01,DOGE,0.1192,7221639311.0
2024-08-01,ETH,3201.5645,6314925.0
2024-08-01,SOL,167.6721,26258559.0
2024-08-01,XRP,0.5965,3337341374.0
2024-08-02,ADA,0.3638,1074955329.0
2024-08-02,BNB,542.9152,3798638.0
2024-08-02,BTC,61415.0664,701145.0
2024-08-02,DOGE,0.1115,7413997757.0
2024-08-02,ETH,2986.0132,7166828.0
2024-08-02,SOL,152.6382,29530748.0
2024-08-02,XRP,0.5608,3359953571.0
2024-08-03,ADA,0.3641,849788926.0
2024-08-03,BNB,529.4813,3450009.0
2024-08-03,BTC,60680.0938,523286.0
2024-08-03,DOGE,0.1082,7472006715.0
2024-08-03,ETH,2903.3857,6145960.0
2024-08-03,SOL,142.922,25332186.0
2024-08-03,XRP,0.5564,2382724363.0
2024-08-04,ADA,0.3439,924319602.0
2024-08-04,BNB,497.0391,3983911.0
2024-08-04,BTC,58116.9766,546465.0
2024-08-04,DOGE,0.1037,7975504506.0
2024-08-04,ETH,2686.3989,7869122.0
2024-08-04,SOL,138.0551,31390342.0
2024-08-04,XRP,0.5234,2311697756.0
2024-08-05,ADA,0.3132,3869631392.0
2024-08-05,BNB,464.6269,10122412.0
2024-08-05,BTC,53991.457,2018673.0
2024-08-05,DOGE,0.0945,33798178229.0
2024-08-05,ETH,2417.2063,27994355.0
2024-08-05,SOL,129.8643,108685055.0
2024-08-05,XRP,0.4895,8568304549.0
2024-08-06,ADA,0.3308,1214441313.0
2024-08-06,BNB,484.3238,4310505.0
2024-08-06,BTC,56034.3164,879827.0
2024-08-06,DOGE,0.0964,11665017068.0
2024-08-06,ETH,2458.7239,10591672.0
2024-08-06,SOL,144.0904,40345930.0
2024-08-06,XRP,0.5057,3455675139.0
2024-08-07,ADA,0.3237,1071354475.0
2024-08-07,BNB,474.2248,3971113.0
2024-08-07,BTC,55027.4609,756669.0
2024-08-07,DOGE,0.0955,10470976932.0
2024-08-07,ETH,2336.5894,10384460.0
2024-08-07,SOL,144.6321,38233045.0
2024-08-07,XRP,0.6008,7134345280.0
2024-08-08,ADA,0.3518,928398660.0
2024-08-08,BNB,517.3375,3460189.0
2024-08-08,BTC,61710.1367,734052.0
2024-08-08,DOGE,0.1074,7988672308.0
2024-08-08,ETH,2683.3528,8745884.0
2024-08-08,SOL,162.9307,33054798.0
2024-08-08,XRP,0.6176,5671648344.0
2024-08-09,ADA,0.3485,791484060.0
2024-08-09,BNB,509.1827,3074526.0
2024-08-09,BTC,60880.1133,549039.0
2024-08-09,DOGE,0.104,5794239975.0
2024-08-09,ETH,2599.5986,6888426.0
2024-08-09,SOL,156.4572,20567393.0
2024-08-09,XRP,0.5812,3483507025.0
2024-08-10,ADA,0.3463,447934708.0
2024-08-10,BNB,523.3176,2665111.0
2024-08-10,BTC,60945.8125,258358.0
2024-08-10,DOGE,0.1052,3529094362.0
2024-08-10,ETH,2610.0229,3586564.0
2024-08-10,SOL,153.9592,10801442.0
2024-08-10,XRP,0.5856,1936638113.0
2024-08-11,ADA,0.3283,619371833.0
2024-08-11,BNB,503.8045,3102507.0
2024-08-11,BTC,58719.4844,387601.0
2024-08-11,DOGE,0.1006,6731343175.0
2024-08-11,ETH,2553.2522,5324755.0
2024-08-11,SOL,141.5269,17041048.0
2024-08-11,XRP,0.5529,2175139509.0
2024-08-12,ADA,0.339,814647854.0
2024-08-12,BNB,518.5361,3444820.0
2024-08-12,BTC,59354.5156,624698.0
2024-08-12,DOGE,0.1078,7226576116.0
2024-08-12,ETH,2724.4319,7947745.0
2024-08-12,SOL,146.4542,23080072.0
2024-08-12,XRP,0.5688,2601658918.0
2024-08-13,ADA,0.3402,613070841.0
2024-08-13,BNB,524.1285,3354103.0
2024-08-13,BTC,60609.5664,500378.0
2024-08-13,DOGE,0.1064,5408076912.0
2024-08-13,ETH,2703.6719,6059557.0
2024-08-13,SOL,146.7127,15162208.0
2024-08-13,XRP,0.5764,2161516925.0
2024-08-14,ADA,0.3355,615886738.0
2024-08-14,BNB,524.0153,3061744.0
2024-08-14,BTC,58737.2695,510097.0
2024-08-14,DOGE,0.1026,5508688108.0
2024-08-14,ETH,2662.9148,5942873.0
2024-08-14,SOL,143.9235,18860974.0
2024-08-14,XRP,0.5692,2000326469.0
2024-08-15,ADA,0.3254,747619040.0
2024-08-15,BNB,519.8704,3166053.0
2024-08-15,BTC,57560.0977,619911.0
2024-08-15,DOGE,0.1003,6153917141.0
2024-08-15,ETH,2570.0876,6360017.0
2024-08-15,SOL,142.7458,21245949.0
2024-08-15,XRP,0.561,2073720897.0
2024-08-16,ADA,0.3305,1009530619.0
2024-08-16,BNB,519.9686,2959681.0
2024-08-16,BTC,58894.1055,498368.0
2024-08-16,DOGE,0.1004,5372508182.0
2024-08-16,ETH,2593.1865,5119401.0
2024-08-16,SOL,139.3306,19433033.0
2024-08-16,XRP,0.5645,1809009190.0
2024-08-17,ADA,0.3369,488527334.0
2024-08-17,BNB,542.2343,2866245.0
2024-08-17,BTC,59478.9727,228479.0
2024-08-17,DOGE,0.1028,2973532432.0
2024-08-17,ETH,2614.5469,2553624.0
2024-08-17,SOL,141.7985,8460611.0
2024-08-17,XRP,0.5663,850583167.0
2024-08-18,ADA,0.3348,441163528.0
2024-08-18,BNB,531.6085,2743031.0
2024-08-18,BTC,58483.9648,303342.0
2024-08-18,DOGE,0.1002,3769820878.0
2024-08-18,ETH,2613.3572,3523157.0
2024-08-18,SOL,142.5869,13088438.0
2024-08-18,XRP,0.5639,1123733911.0
2024-08-19,ADA,0.3368,611570657.0
2024-08-19,BNB,559.8188,3075489.0
2024-08-19,BTC,59493.4531,435530.0
2024-08-19,DOGE,0.1015,4563852833.0
2024-08-19,ETH,2637.3064,4538329.0
2024-08-19,SOL,144.3437,14393076.0
2024-08-19,XRP,0.5986,2659994637.0
2024-08-20,ADA,0.3437,677400684.0
2024-08-20,BNB,569.267,3622824.0
2024-08-20,BTC,59012.793,535704.0
2024-08-20,DOGE,0.103,6748373629.0
2024-08-20,ETH,2573.1069,5149216.0
2024-08-20,SOL,143.1677,14838488.0
2024-08-20,XRP,0.5944,2145249337.0
2024-08-21,ADA,0.3691,1002373026.0
2024-08-21,BNB,570.0197,3311169.0
2024-08-21,BTC,61175.1914,535040.0
2024-08-21,DOGE,0.1062,4803578601.0
2024-08-21,ETH,2631.3955,4851424.0
2024-08-21,SOL,142.7096,13476734.0
2024-08-21,XRP,0.6003,1974309459.0
2024-08-22,ADA,0.3765,672503394.0
2024-08-22,BNB,583.0519,3427473.0
2024-08-22,BTC,60381.9141,457517.0
2024-08-22,DOGE,0.1053,3719472900.0
2024-08-22,ETH,2622.9514,4088250.0
2024-08-22,SOL,143.2579,9552007.0
2024-08-22,XRP,0.5976,1579102419.0
2024-08-23,ADA,0.3915,921278849.0
2024-08-23,BNB,591.806,3442494.0
2024-08-23,BTC,64094.3555,663561.0
2024-08-23,DOGE,0.1129,7621297652.0
2024-08-23,ETH,2764.447,6097850.0
2024-08-23,SOL,153.1071,16726700.0
2024-08-23,XRP,0.6112,2052000084.0
2024-08-24,ADA,0.394,657591885.0
2024-08-24,BNB,580.7622,3364585.0
2024-08-24,BTC,64178.9922,333919.0
2024-08-24,DOGE,0.1126,5977034525.0
2024-08-24,ETH,2769.3896,4248521.0
2024-08-24,SOL,160.7318,17105641.0
2024-08-24,XRP,0.6131,1821253978.0
2024-08-25,ADA,0.385,704883524.0
2024-08-25,BNB,574.2499,2927453.0
2024-08-25,BTC,64333.543,292657.0
2024-08-25,DOGE,0.1097,5331695400.0
2024-08-25,ETH,2749.1577,3410330.0
2024-08-25,SOL,158.9091,13121201.0
2024-08-25,XRP,0.6002,1452385414.0
2024-08-26,ADA,0.367,785677952.0
2024-08-26,BNB,548.828,3313840.0
2024-08-26,BTC,62880.6602,440231.0
2024-08-26,DOGE,0.1053,5325751773.0
2024-08-26,ETH,2681.3406,4580558.0
2024-08-26,SOL,157.2369,16464383.0
2024-08-26,XRP,0.5875,1904460424.0
2024-08-27,ADA,0.3505,877615097.0
2024-08-27,BNB,533.9759,3471188.0
2024-08-27,BTC,59504.1328,657162.0
2024-08-27,DOGE,0.0991,6210192722.0
2024-08-27,ETH,2458.7266,7332656.0
2024-08-27,SOL,146.8971,18947909.0
2024-08-27,XRP,0.5676,2502616927.0
2024-08-28,ADA,0.3502,905175514.0
2024-08-28,BNB,536.8162,3466812.0
2024-08-28,BTC,59027.625,682554.0
2024-08-28,DOGE,0.0996,6595333963.0
2024-08-28,ETH,2528.4155,8052294.0
2024-08-28,SOL,143.8914,20379268.0
2024-08-28,XRP,0.5699,2354771707.0
2024-08-29,ADA,0.357,737140763.0
2024-08-29,BNB,536.6257,2939484.0
2024-08-29,BTC,59388.1797,542616.0
2024-08-29,DOGE,0.1004,4599308693.0
2024-08-29,ETH,2528.7927,5515056.0
2024-08-29,SOL,140.054,14981730.0
2024-08-29,XRP,0.5621,1755876374.0
2024-08-30,ADA,0.3472,856630041.0
2024-08-30,BNB,535.3158,2986791.0
2024-08-30,BTC,59119.4766,546229.0
2024-08-30,DOGE,0.102,5610519291.0
2024-08-30,ETH,2525.822,6146996.0
2024-08-30,SOL,138.1,19430745.0
2024-08-30,XRP,0.567,1945372753.0
2024-08-31,ADA,0.3454,350104071.0
2024-08-31,BNB,532.897,2411102.0
2024-08-31,BTC,58969.8984,210336.0
2024-08-31,DOGE,0.1013,2997419027.0
2024-08-31,ETH,2513.3938,2644582.0
2024-08-31,SOL,135.3743,6590291.0
2024-08-31,XRP,0.5663,818104239.0
2024-09-01,ADA,0.3317,639467559.0
2024-09-01,BNB,512.5952,2923067.0
2024-09-01,BTC,57325.4883,428997.0
2024-09-01,DOGE,0.0954,4451991577.0
2024-09-01,ETH,2427.9023,4860345.0
2024-09-01,SOL,128.6906,15340449.0
2024-09-01,XRP,0.548,1243343225.0
2024-09-02,ADA,0.336,692480523.0
2024-09-02,BNB,526.4387,3140645.0
2024-09-02,BTC,59112.4805,457373.0
2024-09-02,DOGE,0.0991,4680926498.0
2024-09-02,ETH,2538.1873,4932829.0
2024-09-02,SOL,135.0024,15497664.0
2024-09-02,XRP,0.5676,1468562967.0
2024-09-03,ADA,0.3186,717495686.0
2024-09-03,BNB,518.6689,3006655.0
2024-09-03,BTC,57431.0234,464330.0
2024-09-03,DOGE,0.0967,4090812749.0
2024-09-03,ETH,2420.6038,4712378.0
2024-09-03,SOL,127.5776,14012654.0
2024-09-03,XRP,0.5574,1461885403.0
2024-09-04,ADA,0.3235,991103599.0
2024-09-04,BNB,507.8205,3737910.0
2024-09-04,BTC,57971.5391,614572.0
2024-09-04,DOGE,0.098,5912645770.0
2024-09-04,ETH,2448.9771,6823094.0
2024-09-04,SOL,133.6039,19938130.0
2024-09-04,XRP,0.5582,1982845501.0
2024-09-05,ADA,0.3251,930643080.0
2024-09-05,BNB,502.0694,2925185.0
2024-09-05,BTC,56160.4883,552529.0
2024-09-05,DOGE,0.0983,4607180401.0
2024-09-05,ETH,2367.7375,5757532.0
2024-09-05,SOL,129.3289,14893634.0
2024-09-05,XRP,0.5442,1643926841.0
2024-09-06,ADA,0.3147,1083851465.0
2024-09-06,BNB,486.9027,3820137.0
2024-09-06,BTC,53948.7539,914974.0
2024-09-06,DOGE,0.0925,8681742324.0
2024-09-06,ETH,2223.8765,11612884.0
2024-09-06,SOL,124.9901,28166538.0
2024-09-06,XRP,0.5213,2898734735.0
2024-09-07,ADA,0.3251,527394788.0
2024-09-07,BNB,493.2261,2754819.0
2024-09-07,BTC,54139.6875,352080.0
2024-09-07,DOGE,0.0953,4325421900.0
2024-09-07,ETH,2274.1072,4891858.0
2024-09-07,SOL,127.7216,10344862.0
2024-09-07,XRP,0.5251,1067869148.0
2024-09-08,ADA,0.3387,626822205.0
2024-09-08,BNB,503.0002,2740356.0
2024-09-08,BTC,54841.5664,333110.0
2024-09-08,DOGE,0.0961,3973144880.0
2024-09-08,ETH,2297.293,4665684.0
2024-09-08,SOL,129.9895,10137697.0
2024-09-08,XRP,0.5293,963124595.0
2024-09-09,ADA,0.3434,748987071.0
2024-09-09,BNB,518.5453,3089996.0
2024-09-09,BTC,57019.5352,607127.0
2024-09-09,DOGE,0.1038,6723492878.0
2024-09-09,ETH,2358.4822,6736414.0
2024-09-09,SOL,135.0256,18098558.0
2024-09-09,XRP,0.5396,1536402315.0
2024-09-10,ADA,0.3435,542999718.0
2024-09-10,BNB,517.4838,2823292.0
2024-09-10,BTC,57648.7109,500577.0
2024-09-10,DOGE,0.1027,4528841512.0
2024-09-10,ETH,2389.5811,5354838.0
2024-09-10,SOL,135.6352,12108643.0
2024-09-10,XRP,0.5411,1302874078.0
2024-09-11,ADA,0.3531,747423793.0
2024-09-11,BNB,530.194,3073787.0
2024-09-11,BTC,57343.1719,646094.0
2024-09-11,DOGE,0.1014,5249640103.0
2024-09-11,ETH,2339.8416,6562488.0
2024-09-11,SOL,132.4974,16020072.0
2024-09-11,XRP,0.5353,1671741491.0
2024-09-12,ADA,0.3563,718815282.0
2024-09-12,BNB,544.3038,3170566.0
2024-09-12,BTC,58127.0117,582100.0
2024-09-12,DOGE,0.1028,4277570988.0
2024-09-12,ETH,2361.7817,5149771.0
2024-09-12,SOL,136.1419,11730817.0
2024-09-12,XRP,0.5626,2932575620.0
2024-09-13,ADA,0.3609,615762804.0
2024-09-13,BNB,557.0181,3133733.0
2024-09-13,BTC,60571.3008,536401.0
2024-09-13,DOGE,0.1071,6307583049.0
2024-09-13,ETH,2441.6072,5635485.0
2024-09-13,SOL,139.1005,11996290.0
2024-09-13,XRP,0.5731,2045541079.0
2024-09-14,ADA,0.3545,452081739.0
2024-09-14,BNB,553.5651,2550857.0
2024-09-14,BTC,60005.1211,273783.0
2024-09-14,DOGE,0.1055,4040675847.0
2024-09-14,ETH,2418.5957,3378114.0
2024-09-14,SOL,137.1798,6943190.0
2024-09-14,XRP,0.5962,1951912809.0
2024-09-15,ADA,0.3385,578546825.0
2024-09-15,BNB,553.9723,2826645.0
2024-09-15,BTC,59182.8359,306186.0
2024-09-15,DOGE,0.1029,4166692201.0
2024-09-15,ETH,2320.8972,4375666.0
2024-09-15,SOL,131.4994,10330111.0
2024-09-15,XRP,0.571,1409057018.0
2024-09-16,ADA,0.3303,640210269.0
2024-09-16,BNB,533.8091,3381607.0
2024-09-16,BTC,58192.5078,550463.0
2024-09-16,DOGE,0.0997,5303837454.0
2024-09-16,ETH,2295.2837,7327649.0
2024-09-16,SOL,131.4726,12346442.0
2024-09-16,XRP,0.5854,2154099375.0
2024-09-17,ADA,0.3339,625968968.0
2024-09-17,BNB,546.0135,2963165.0
2024-09-17,BTC,60308.5391,631346.0
2024-09-17,DOGE,0.1011,4748907468.0
2024-09-17,ETH,2341.7078,6557942.0
2024-09-17,SOL,131.5371,13128325.0
2024-09-17,XRP,0.5845,1721705762.0
2024-09-18,ADA,0.3429,740983584.0
2024-09-18,BNB,559.0446,2965201.0
2024-09-18,BTC,61649.6797,664897.0
2024-09-18,DOGE,0.1036,5304946296.0
2024-09-18,ETH,2369.729,7662925.0
2024-09-18,SOL,133.9919,16871737.0
2024-09-18,XRP,0.5853,2025015425.0
2024-09-19,ADA,0.3509,847091956.0
2024-09-19,BNB,566.2235,3283700.0
2024-09-19,BTC,62940.457,678582.0
2024-09-19,DOGE,0.105,6250841474.0
2024-09-19,ETH,2464.7522,7480325.0
2024-09-19,SOL,142.8363,20194758.0
2024-09-19,XRP,0.5874,2097553537.0
2024-09-20,ADA,0.3521,696929130.0
2024-09-20,BNB,568.5851,3203483.0
2024-09-20,BTC,63192.9766,556663.0
2024-09-20,DOGE,0.1055,5642788279.0
2024-09-20,ETH,2561.072,7462808.0
2024-09-20,SOL,146.5668,22113627.0
2024-09-20,XRP,0.5852,2093420831.0
2024-09-21,ADA,0.3586,434100450.0
2024-09-21,BNB,589.038,2877382.0
2024-09-21,BTC,63394.8398,227284.0
2024-09-21,DOGE,0.11,4564385360.0
2024-09-21,ETH,2615.8572,4127834.0
2024-09-21,SOL,149.527,9266621.0
2024-09-21,XRP,0.5981,1592610964.0
2024-09-22,ADA,0.3518,501307997.0
2024-09-22,BNB,588.0869,2857026.0
2024-09-22,BTC,63648.7109,317105.0
2024-09-22,DOGE,0.1063,4522803179.0
2024-09-22,ETH,2582.8625,5103122.0
2024-09-22,SOL,144.8036,11034439.0
2024-09-22,XRP,0.5876,1508616708.0
2024-09-23,ADA,0.3637,715573372.0
2024-09-23,BNB,604.366,3622818.0
2024-09-23,BTC,63329.8008,495822.0
2024-09-23,DOGE,0.1082,5958242278.0
2024-09-23,ETH,2648.5464,7518404.0
2024-09-23,SOL,144.815,16187756.0
2024-09-23,XRP,0.5851,1705953724.0
2024-09-24,ADA,0.3877,850048839.0
2024-09-24,BNB,606.5231,3140538.0
2024-09-24,BTC,64301.9688,465590.0
2024-09-24,DOGE,0.1098,6454043584.0
2024-09-24,ETH,2654.355,6276030.0
2024-09-24,SOL,152.8922,19145773.0
2024-09-24,XRP,0.5915,1671830947.0
2024-09-25,ADA,0.3811,736073116.0
2024-09-25,BNB,587.3525,2969927.0
2024-09-25,BTC,63143.1445,397167.0
2024-09-25,DOGE,0.1085,6420231062.0
2024-09-25,ETH,2579.3887,5474061.0
2024-09-25,SOL,148.0234,14447731.0
2024-09-25,XRP,0.5835,1705991532.0
2024-09-26,ADA,0.4019,876689499.0
2024-09-26,BNB,596.7769,3488501.0
2024-09-26,BTC,65181.0195,565703.0
2024-09-26,DOGE,0.1182,11404044874.0
2024-09-26,ETH,2632.2,6586139.0
2024-09-26,SOL,155.5761,19347247.0
2024-09-26,XRP,0.5904,2053695139.0
2024-09-27,ADA,0.4023,786323750.0
2024-09-27,BNB,607.867,3527412.0
2024-09-27,BTC,65790.6641,487285.0
2024-09-27,DOGE,0.1237,11056690061.0
2024-09-27,ETH,2695.9006,6314409.0
2024-09-27,SOL,157.7499,17533007.0
2024-09-27,XRP,0.5889,2100155359.0
2024-09-28,ADA,0.4011,511957100.0
2024-09-28,BNB,601.5672,3088864.0
2024-09-28,BTC,65887.6484,231358.0
2024-09-28,DOGE,0.1287,11267223473.0
2024-09-28,ETH,2677.5391,3829110.0
2024-09-28,SOL,156.9124,8290424.0
2024-09-28,XRP,0.6148,3614741898.0
2024-09-29,ADA,0.3976,479027184.0
2024-09-29,BNB,596.4112,2765969.0
2024-09-29,BTC,65635.3047,225309.0
2024-09-29,DOGE,0.1247,6873492300.0
2024-09-29,ETH,2659.3469,4183815.0
2024-09-29,SOL,158.6292,11183190.0
2024-09-29,XRP,0.6419,3467024010.0
2024-09-30,ADA,0.3732,745361528.0
2024-09-30,BNB,567.2601,3486975.0
2024-09-30,BTC,63329.5,586030.0
2024-09-30,DOGE,0.1144,8535889524.0
2024-09-30,ETH,2603.0627,6848259.0
2024-09-30,SOL,152.6185,15573349.0
2024-09-30,XRP,0.6115,3354694199.0
2024-10-01,ADA,0.3524,1250706918.0
2024-10-01,BNB,547.9971,3876072.0
2024-10-01,BTC,60837.0078,825500.0
2024-10-01,DOGE,0.107,12445797371.0
2024-10-01,ETH,2448.9211,10405550.0
2024-10-01,SOL,145.2899,25164620.0
2024-10-01,XRP,0.5975,4559299524.0
2024-10-02,ADA,0.344,1006254925.0
2024-10-02,BNB,542.7123,3355578.0
2024-10-02,BTC,60632.7852,672288.0
2024-10-02,DOGE,0.1048,8688069091.0
2024-10-02,ETH,2365.2317,8518513.0
2024-10-02,SOL,140.3856,20602291.0
2024-10-02,XRP,0.5398,4862360206.0
2024-10-03,ADA,0.3452,912010202.0
2024-10-03,BNB,544.425,2960802.0
2024-10-03,BTC,60759.4023,594253.0
2024-10-03,DOGE,0.1051,7857753658.0
2024-10-03,ETH,2349.7913,7682150.0
2024-10-03,SOL,136.7852,21310691.0
2024-10-03,XRP,0.522,4463561873.0
2024-10-04,ADA,0.3514,653949253.0
2024-10-04,BNB,555.3842,2733395.0
2024-10-04,BTC,62067.4766,476666.0
2024-10-04,DOGE,0.1093,6132642548.0
2024-10-04,ETH,2414.7939,6161712.0
2024-10-04,SOL,143.1723,16496499.0
2024-10-04,XRP,0.5343,2635608351.0
2024-10-05,ADA,0.3507,427444742.0
2024-10-05,BNB,563.2092,2532691.0
2024-10-05,BTC,62089.9492,214293.0
2024-10-05,DOGE,0.1095,3579245000.0
2024-10-05,ETH,2415.6318,3375088.0
2024-10-05,SOL,142.7117,7805509.0
2024-10-05,XRP,0.5295,1294833977.0
2024-10-06,ADA,0.3572,422867914.0
2024-10-06,BNB,570.5427,2482888.0
2024-10-06,BTC,62818.9531,235219.0
2024-10-06,DOGE,0.1115,3904784493.0
2024-10-06,ETH,2439.9578,3466736.0
2024-10-06,SOL,146.4424,7980721.0
2024-10-06,XRP,0.5336,1115844578.0
2024-10-07,ADA,0.3515,741580757.0
2024-10-07,BNB,564.1497,3019016.0
2024-10-07,BTC,62236.6602,550376.0
2024-10-07,DOGE,0.1087,7814718805.0
2024-10-07,ETH,2421.7966,7190548.0
2024-10-07,SOL,143.9918,18603863.0
2024-10-07,XRP,0.5299,2250192310.0
2024-10-08,ADA,0.3445,653408061.0
2024-10-08,BNB,580.4039,3693228.0
2024-10-08,BTC,62131.9688,452818.0
2024-10-08,DOGE,0.107,5745974565.0
2024-10-08,ETH,2439.8408,5765688.0
2024-10-08,SOL,143.3944,11929459.0
2024-10-08,XRP,0.5309,1708409140.0
2024-10-09,ADA,0.3397,647779134.0
2024-10-09,BNB,570.2772,3355653.0
2024-10-09,BTC,60582.1016,456752.0
2024-10-09,DOGE,0.1079,6186690064.0
2024-10-09,ETH,2368.2834,6314298.0
2024-10-09,SOL,139.3155,12184566.0
2024-10-09,XRP,0.5243,1637202548.0
2024-10-10,ADA,0.3389,614981373.0
2024-10-10,BNB,562.7258,2770603.0
2024-10-10,BTC,60274.5,505235.0
2024-10-10,DOGE,0.106,7069125808.0
2024-10-10,ETH,2383.8579,6429817.0
2024-10-10,SOL,138.8884,12745181.0
2024-10-10,XRP,0.53,2378690156.0
2024-10-11,ADA,0.3512,548668369.0
2024-10-11,BNB,572.8572,2832309.0
2024-10-11,BTC,62445.0898,485661.0
2024-10-11,DOGE,0.1107,5874408106.0
2024-10-11,ETH,2436.5134,5536215.0
2024-10-11,SOL,145.3811,12366433.0
2024-10-11,XRP,0.5383,1716726488.0
2024-10-12,ADA,0.3532,434746285.0
2024-10-12,BNB,576.4498,2572634.0
2024-10-12,BTC,63193.0234,264968.0
2024-10-12,DOGE,0.1114,4658436412.0
2024-10-12,ETH,2476.5232,3784406.0
2024-10-12,SOL,146.5003,7635688.0
2024-10-12,XRP,0.5396,1055029079.0
2024-10-13,ADA,0.348,532345363.0
2024-10-13,BNB,571.8217,2575077.0
2024-10-13,BTC,62851.375,289215.0
2024-10-13,DOGE,0.1113,5152411723.0
2024-10-13,ETH,2467.677,3723944.0
2024-10-13,SOL,147.5724,8771585.0
2024-10-13,XRP,0.5315,1158033095.0
2024-10-14,ADA,0.3639,783916318.0
2024-10-14,BNB,588.9005,3100327.0
2024-10-14,BTC,66046.125,661764.0
2024-10-14,DOGE,0.1167,8898438498.0
2024-10-14,ETH,2628.8999,8153482.0
2024-10-14,SOL,157.4451,18605461.0
2024-10-14,XRP,0.548,1962687727.0
2024-10-15,ADA,0.3585,1115000448.0
2024-10-15,BNB,594.1892,3434842.0
2024-10-15,BTC,67041.1094,728864.0
2024-10-15,DOGE,0.1175,11633474571.0
2024-10-15,ETH,2606.022,8443436.0
2024-10-15,SOL,154.7206,22308936.0
2024-10-15,XRP,0.5415,2375857811.0
2024-10-16,ADA,0.3525,762720636.0
2024-10-16,BNB,600.8178,3193301.0
2024-10-16,BTC,67612.7188,564911.0
2024-10-16,DOGE,0.1258,18050588178.0
2024-10-16,ETH,2611.1021,6515408.0
2024-10-16,SOL,154.2342,15544842.0
2024-10-16,XRP,0.548,1980442428.0
2024-10-17,ADA,0.343,830237089.0
2024-10-17,BNB,592.0396,2937627.0
2024-10-17,BTC,67399.8359,486513.0
2024-10-17,DOGE,0.1297,12009340980.0
2024-10-17,ETH,2604.2734,5817635.0
2024-10-17,SOL,150.316,14354742.0
2024-10-17,XRP,0.5437,2586529990.0
2024-10-18,ADA,0.3507,600271154.0
2024-10-18,BNB,599.365,2733211.0
2024-10-18,BTC,68418.7891,538699.0
2024-10-18,DOGE,0.1372,16157343168.0
2024-10-18,ETH,2641.5522,6452168.0
2024-10-18,SOL,154.9759,11319350.0
2024-10-18,XRP,0.5465,1906972106.0
2024-10-19,ADA,0.3517,470021750.0
2024-10-19,BNB,597.9749,2395880.0
2024-10-19,BTC,68362.7344,211277.0
2024-10-19,DOGE,0.1445,13136502096.0
2024-10-19,ETH,2648.657,3231009.0
2024-10-19,SOL,159.6394,9022681.0
2024-10-19,XRP,0.5443,1109556212.0
2024-10-20,ADA,0.3648,553880902.0
2024-10-20,BNB,605.5178,2656165.0
2024-10-20,BTC,69001.7031,275005.0
2024-10-20,DOGE,0.1421,10253963492.0
2024-10-20,ETH,2746.364,5301299.0
2024-10-20,SOL,166.9398,15449872.0
2024-10-20,XRP,0.5477,1264119921.0
2024-10-21,ADA,0.361,847252088.0
2024-10-21,BNB,598.8176,3201632.0
2024-10-21,BTC,67367.8516,556625.0
2024-10-21,DOGE,0.1437,14442174616.0
2024-10-21,ETH,2665.7122,6500558.0
2024-10-21,SOL,166.2169,23608754.0
2024-10-21,XRP,0.5449,2422603063.0
2024-10-22,ADA,0.3638,822943780.0
2024-10-22,BNB,593.3607,2931961.0
2024-10-22,BTC,67361.4062,472206.0
2024-10-22,DOGE,0.1395,11807948420.0
2024-10-22,ETH,2620.1975,5931580.0
2024-10-22,SOL,167.2601,20750863.0
2024-10-22,XRP,0.5334,2100644117.0
2024-10-23,ADA,0.3486,838891066.0
2024-10-23,BNB,582.4734,2951304.0
2024-10-23,BTC,66432.1953,485668.0
2024-10-23,DOGE,0.1385,10330529982.0
2024-10-23,ETH,2509.0989,7124863.0
2024-10-23,SOL,170.9325,22591945.0
2024-10-23,XRP,0.5252,1871068616.0
2024-10-24,ADA,0.3463,774307415.0
2024-10-24,BNB,594.1548,2684728.0
2024-10-24,BTC,68161.0547,460885.0
2024-10-24,DOGE,0.142,9506313611.0
2024-10-24,ETH,2534.4985,6363637.0
2024-10-24,SOL,177.1569,19922906.0
2024-10-24,XRP,0.5318,1683161715.0
2024-10-25,ADA,0.3244,1323622938.0
2024-10-25,BNB,574.2536,2981912.0
2024-10-25,BTC,66642.4141,622276.0
2024-10-25,DOGE,0.131,11135367464.0
2024-10-25,ETH,2435.9341,9261430.0
2024-10-25,SOL,164.7569,29558497.0
2024-10-25,XRP,0.5019,2704019692.0
2024-10-26,ADA,0.3334,750735860.0
2024-10-26,BNB,582.8061,2460212.0
2024-10-26,BTC,67014.6953,292296.0
2024-10-26,DOGE,0.1374,6901153148.0
2024-10-26,ETH,2479.6033,5483580.0
2024-10-26,SOL,170.706,16141050.0
2024-10-26,XRP,0.5128,1372358152.0
2024-10-27,ADA,0.3399,451879860.0
2024-10-27,BNB,588.7158,2381554.0
2024-10-27,BTC,67929.2969,246158.0
2024-10-27,DOGE,0.1443,7825382536.0
2024-10-27,ETH,2505.9407,3911280.0
2024-10-27,SOL,176.5492,13752164.0
2024-10-27,XRP,0.5164,987350400.0
2024-10-28,ADA,0.3438,780779443.0
2024-10-28,BNB,600.5961,2782790.0
2024-10-28,BTC,69907.7578,555015.0
2024-10-28,DOGE,0.1611,19101087945.0
2024-10-28,ETH,2565.3481,7395426.0
2024-10-28,SOL,178.1049,20342257.0
2024-10-28,XRP,0.5192,1612679283.0
2024-10-29,ADA,0.3557,829767166.0
2024-10-29,BNB,605.6683,3114508.0
2024-10-29,BTC,72720.4922,805026.0
2024-10-29,DOGE,0.1758,21527523368.0
2024-10-29,ETH,2637.9575,8410236.0
2024-10-29,SOL,179.3607,21852863.0
2024-10-29,XRP,0.5279,2038734670.0
2024-10-30,ADA,0.3553,820667254.0
2024-10-30,BNB,595.7278,2790907.0
2024-10-30,BTC,72339.5391,561887.0
2024-10-30,DOGE,0.1681,13792807694.0
2024-10-30,ETH,2657.3726,8422865.0
2024-10-30,SOL,174.925,15849211.0
2024-10-30,XRP,0.523,1722569215.0
2024-10-31,ADA,0.3418,821496082.0
2024-10-31,BNB,576.0345,3143380.0
2024-10-31,BTC,70215.1875,578620.0
2024-10-31,DOGE,0.1614,13717565089.0
2024-10-31,ETH,2515.7993,7854525.0
2024-10-31,SOL,168.43,15749098.0
2024-10-31,XRP,0.5092,1994641845.0
2024-11-01,ADA,0.3571,1031242109.0
2024-11-01,BNB,572.7623,2982425.0
2024-11-01,BTC,69482.4688,719459.0
2024-11-01,DOGE,0.1592,15115764846.0
2024-11-01,ETH,2511.8855,8047914.0
2024-11-01,SOL,166.2621,18988648.0
2024-11-01,XRP,0.5129,2504366851.0
2024-11-02,ADA,0.3478,679306177.0
2024-11-02,BNB,568.0368,2512577.0
2024-11-02,BTC,69289.2734,262445.0
2024-11-02,DOGE,0.1593,8424870201.0
2024-11-02,ETH,2491.0686,3869607.0
2024-11-02,SOL,166.0103,9747407.0
2024-11-02,XRP,0.5099,1033718413.0
2024-11-03,ADA,0.3343,844396143.0
2024-11-03,BNB,557.6416,2840544.0
2024-11-03,BTC,68741.1172,507241.0
2024-11-03,DOGE,0.1515,14624033922.0
2024-11-03,ETH,2456.4253,6378285.0
2024-11-03,SOL,162.5513,16276718.0
2024-11-03,XRP,0.5029,1870719628.0
2024-11-04,ADA,0.326,803444256.0
2024-11-04,BNB,552.0711,2863168.0
2024-11-04,BTC,67811.5078,607343.0
2024-11-04,DOGE,0.1583,16051932356.0
2024-11-04,ETH,2397.0264,7138094.0
2024-11-04,SOL,157.7471,17807026.0
2024-11-04,XRP,0.5032,2037718608.0
2024-11-05,ADA,0.3339,724369815.0
2024-11-05,BNB,563.6121,2685761.0
2024-11-05,BTC,69359.5625,663887.0
2024-11-05,DOGE,0.1702,24066702107.0
2024-11-05,ETH,2422.6506,7386149.0
2024-11-05,SOL,166.7224,19456582.0
2024-11-05,XRP,0.514,1998615101.0
2024-11-06,ADA,0.3633,1729567274.0
2024-11-06,BNB,591.9952,3957033.0
2024-11-06,BTC,75639.0781,1567875.0
2024-11-06,DOGE,0.1967,62006820528.0
2024-11-06,ETH,2724.1692,15376275.0
2024-11-06,SOL,186.9548,52541755.0
2024-11-06,XRP,0.5424,4076140038.0
2024-11-07,ADA,0.405,1534664321.0
2024-11-07,BNB,598.4359,3292973.0
2024-11-07,BTC,75904.8594,836147.0
2024-11-07,DOGE,0.1932,22459957525.0
2024-11-07,ETH,2895.5854,12209040.0
2024-11-07,SOL,196.3346,23943018.0
2024-11-07,XRP,0.5547,3405449765.0
2024-11-08,ADA,0.4438,3241569787.0
2024-11-08,BNB,597.9484,3141879.0
2024-11-08,BTC,76545.4766,720838.0
2024-11-08,DOGE,0.2021,20231850084.0
2024-11-08,ETH,2962.2966,10904803.0
2024-11-08,SOL,199.939,28374365.0
2024-11-08,XRP,0.5541,2704452579.0
2024-11-09,ADA,0.4937,1461873533.0
2024-11-09,BNB,624.3747,4387232.0
2024-11-09,BTC,76778.8672,377832.0
2024-11-09,DOGE,0.2188,19612231909.0
2024-11-09,ETH,3131.1445,9328900.0
2024-11-09,SOL,200.1949,16801710.0
2024-11-09,XRP,0.5595,2213774497.0
2024-11-10,ADA,0.5903,8913027756.0
2024-11-10,BNB,628.3025,4720129.0
2024-11-10,BTC,80474.1875,1026051.0
2024-11-10,DOGE,0.2791,53392866349.0
2024-11-10,ETH,3191.3313,14858605.0
2024-11-10,SOL,210.6137,40665231.0
2024-11-10,XRP,0.5894,7124237211.0
2024-11-11,ADA,0.6138,4867243033.0
2024-11-11,BNB,661.8872,5099225.0
2024-11-11,BTC,88701.4844,1329931.0
2024-11-11,DOGE,0.3495,56050179360.0
2024-11-11,ETH,3374.813,16420990.0
2024-11-11,SOL,222.6417,46221395.0
2024-11-11,XRP,0.6205,6554675140.0
2024-11-12,ADA,0.5739,5056027351.0
2024-11-12,BNB,627.0038,5747461.0
2024-11-12,BTC,87955.8125,1519778.0
2024-11-12,DOGE,0.3822,104485275708.0
2024-11-12,ETH,3246.2573,17461979.0
2024-11-12,SOL,212.2318,53283797.0
2024-11-12,XRP,0.7077,15764478000.0
2024-11-13,ADA,0.5788,3968765009.0
2024-11-13,BNB,621.0003,5304348.0
2024-11-13,BTC,90584.1641,1364025.0
2024-11-13,DOGE,0.3995,70800214668.0
2024-11-13,ETH,3192.5959,16290883.0
2024-11-13,SOL,215.1846,52497568.0
2024-11-13,XRP,0.6903,11261416564.0
2024-11-14,ADA,0.5801,2576748768.0
2024-11-14,BNB,621.6801,5457330.0
2024-11-14,BTC,87250.4297,1004198.0
2024-11-14,DOGE,0.3616,43037990158.0
2024-11-14,ETH,3058.9487,11684848.0
2024-11-14,SOL,209.2191,38689371.0
2024-11-14,XRP,0.773,12236016798.0
2024-11-15,ADA,0.6741,5712327772.0
2024-11-15,BNB,618.8665,4116383.0
2024-11-15,BTC,91066.0078,859191.0
2024-11-15,DOGE,0.3792,30652771414.0
2024-11-15,ETH,3103.0405,10538493.0
2024-11-15,SOL,218.0949,28014686.0
2024-11-15,XRP,0.8921,13158166527.0
2024-11-16,ADA,0.7387,7427349915.0
2024-11-16,BNB,622.3732,3399132.0
2024-11-16,BTC,90558.4766,489553.0
2024-11-16,DOGE,0.3637,20685281186.0
2024-11-16,ETH,3133.2739,8505691.0
2024-11-16,SOL,215.8488,21769660.0
2024-11-16,XRP,1.1191,20167121827.0
2024-11-17,ADA,0.7023,3303145884.0
2024-11-17,BNB,618.4001,3966118.0
2024-11-17,BTC,89845.8516,515885.0
2024-11-17,DOGE,0.3666,21366961645.0
2024-11-17,ETH,3075.6616,9216932.0
2024-11-17,SOL,237.5755,42012225.0
2024-11-17,XRP,1.0543,11444273568.0
2024-11-18,ADA,0.7346,3055261645.0
2024-11-18,BNB,619.4355,3688610.0
2024-11-18,BTC,90542.6406,834256.0
2024-11-18,DOGE,0.3717,22586505697.0
2024-11-18,ETH,3207.8564,11049608.0
2024-11-18,SOL,239.7943,36692766.0
2024-11-18,XRP,1.1179,8925661997.0
2024-11-19,ADA,0.7396,2097332275.0
2024-11-19,BNB,615.9874,3368891.0
2024-11-19,BTC,92343.7891,806996.0
2024-11-19,DOGE,0.3914,32935789464.0
2024-11-19,ETH,3111.384,9585327.0
2024-11-19,SOL,238.0975,28189788.0
2024-11-19,XRP,1.1019,5339788549.0
2024-11-20,ADA,0.8003,4746727737.0
2024-11-20,BNB,606.1175,3490933.0
2024-11-20,BTC,94339.4922,760349.0
2024-11-20,DOGE,0.3775,21270447315.0
2024-11-20,ETH,3072.188,9695205.0
2024-11-20,SOL,235.4237,27415008.0
2024-11-20,XRP,1.1023,5814227425.0
2024-11-21,ADA,0.8205,3091639925.0
2024-11-21,BNB,622.8264,4332973.0
2024-11-21,BTC,98504.7266,1076339.0
2024-11-21,DOGE,0.3876,20774400329.0
2024-11-21,ETH,3361.054,15358001.0
2024-11-21,SOL,257.0659,41760944.0
2024-11-21,XRP,1.2504,8358895718.0
2024-11-22,ADA,1.0104,6140395565.0
2024-11-22,BNB,633.5134,3863435.0
2024-11-22,BTC,98997.6641,792681.0
2024-11-22,DOGE,0.4129,32916342399.0
2024-11-22,ETH,3331.6008,11038452.0
2024-11-22,SOL,256.5187,28261076.0
2024-11-22,XRP,1.469,13603946182.0
2024-11-23,ADA,1.0662,6138353587.0
2024-11-23,BNB,651.1973,5077746.0
2024-11-23,BTC,97777.2812,454243.0
2024-11-23,DOGE,0.43,48541961324.0
2024-11-23,ETH,3396.2234,11434815.0
2024-11-23,SOL,255.1785,24432868.0
2024-11-23,XRP,1.469,10529819110.0
2024-11-24,ADA,1.0231,3775812320.0
2024-11-24,BNB,660.3176,4710141.0
2024-11-24,BTC,98013.8203,527599.0
2024-11-24,DOGE,0.4299,28410555042.0
2024-11-24,ETH,3363.6599,8294969.0
2024-11-24,SOL,252.9195,21074477.0
2024-11-24,XRP,1.4324,8282137422.0
2024-11-25,ADA,0.9457,3427533296.0
2024-11-25,BNB,636.6397,4378728.0
2024-11-25,BTC,93102.2969,869038.0
2024-11-25,DOGE,0.3933,24846914159.0
2024-11-25,ETH,3413.5439,15100082.0
2024-11-25,SOL,234.4466,28219711.0
2024-11-25,XRP,1.4154,8137193659.0
2024-11-26,ADA,0.9612,2991613712.0
2024-11-26,BNB,613.5873,4298096.0
2024-11-26,BTC,91985.3203,996426.0
2024-11-26,DOGE,0.3876,22824690287.0
2024-11-26,ETH,3326.5173,11995416.0
2024-11-26,SOL,230.9782,30292627.0
2024-11-26,XRP,1.4013,6692662149.0
2024-11-27,ADA,1.0133,2571915412.0
2024-11-27,BNB,644.9485,3711321.0
2024-11-27,BTC,95962.5312,741263.0
2024-11-27,DOGE,0.4015,15910344617.0
2024-11-27,ETH,3657.2493,11862464.0
2024-11-27,SOL,242.3022,22209472.0
2024-11-27,XRP,1.4728,5273233314.0
2024-11-28,ADA,1.0335,1512338958.0
2024-11-28,BNB,654.3616,3969331.0
2024-11-28,BTC,95652.4688,546353.0
2024-11-28,DOGE,0.402,14813066158.0
2024-11-28,ETH,3579.8115,9040343.0
2024-11-28,SOL,237.764,17022383.0
2024-11-28,XRP,1.5413,3776360745.0
2024-11-29,ADA,1.0769,2060450917.0
2024-11-29,BNB,654.8098,3204075.0
2024-11-29,BTC,97461.5234,564004.0
2024-11-29,DOGE,0.4258,15895067883.0
2024-11-29,ETH,3593.4944,7686844.0
2024-11-29,SOL,243.5495,17049499.0
2024-11-29,XRP,1.7967,8200908869.0
2024-11-30,ADA,1.0789,2220602462.0
2024-11-30,BNB,654.3292,3474720.0
2024-11-30,BTC,96449.0547,327989.0
2024-11-30,DOGE,0.422,13274484226.0
2024-11-30,ETH,3705.7053,8276661.0
2024-11-30,SOL,237.7437,14928496.0
2024-11-30,XRP,1.9441,8506262878.0
2024-12-01,ADA,1.1553,1991249231.0
2024-12-01,BNB,655.9325,3133113.0
2024-12-01,BTC,97279.7891,376139.0
2024-12-01,DOGE,0.44,18938550335.0
2024-12-01,ETH,3711.165,7549681.0
2024-12-01,SOL,237.0699,15717383.0
2024-12-01,XRP,2.3202,7896308837.0
2024-12-02,ADA,1.2018,4613914375.0
2024-12-02,BNB,647.5945,4078554.0
2024-12-02,BTC,95865.3047,758155.0
2024-12-02,DOGE,0.4247,30782568548.0
2024-12-02,ETH,3644.1985,12975409.0
2024-12-02,SOL,225.7562,32664336.0
2024-12-02,XRP,2.7138,19059359301.0
2024-12-03,ADA,1.1981,4815936544.0
2024-12-03,BNB,737.6966,5662915.0
2024-12-03,BTC,96002.1641,698607.0
2024-12-03,DOGE,0.4079,22954238787.0
2024-12-03,ETH,3620.7117,10174748.0
2024-12-03,SOL,234.2003,35884218.0
2024-12-03,XRP,2.5255,17223349600.0
2024-12-04,ADA,1.1873,2390659174.0
2024-12-04,BNB,739.2527,7595262.0
2024-12-04,BTC,98768.5312,781624.0
2024-12-04,DOGE,0.432,18671021857.0
2024-12-04,ETH,3841.3311,14786475.0
2024-12-04,SOL,229.1193,28671221.0
2024-12-04,XRP,2.3544,9358139650.0
2024-12-05,ADA,1.1847,2707474966.0
2024-12-05,BNB,714.322,5280014.0
2024-12-05,BTC,96593.5703,1544812.0
2024-12-05,DOGE,0.4306,35495947050.0
2024-12-05,ETH,3811.0083,15892985.0
2024-12-05,SOL,233.9987,37695351.0
2024-12-05,XRP,2.2952,9260159066.0
2024-12-06,ADA,1.2311,1834499890.0
2024-12-06,BNB,732.0063,3921898.0
2024-12-06,BTC,99920.7109,946098.0
2024-12-06,DOGE,0.4357,15304847498.0
2024-12-06,ETH,4005.8105,13194251.0
2024-12-06,SOL,237.0511,28375982.0
2024-12-06,XRP,2.4247,5518458484.0
2024-12-07,ADA,1.2142,1133578301.0
2024-12-07,BNB,750.2726,3101516.0
2024-12-07,BTC,99923.3359,442114.0
2024-12-07,DOGE,0.4539,17907353211.0
2024-12-07,ETH,4002.6926,5639863.0
2024-12-07,SOL,238.548,16782466.0
2024-12-07,XRP,2.6166,4723292388.0
2024-12-08,ADA,1.1963,1420258885.0
2024-12-08,BNB,743.2957,2737831.0
2024-12-08,BTC,101236.0156,435870.0
2024-12-08,DOGE,0.4673,17486143653.0
2024-12-08,ETH,4005.7046,5228388.0
2024-12-08,SOL,236.6723,13540993.0
2024-12-08,XRP,2.6083,4048039367.0
2024-12-09,ADA,1.0075,3255604442.0
2024-12-09,BNB,689.9244,4736701.0
2024-12-09,BTC,97432.7188,1135927.0
2024-12-09,DOGE,0.4147,28526639103.0
2024-12-09,ETH,3718.6904,15335999.0
2024-12-09,SOL,217.3415,39616041.0
2024-12-09,XRP,2.219,8730610597.0
2024-12-10,ADA,1.0202,3375200942.0
2024-12-10,BNB,676.9829,4582698.0
2024-12-10,BTC,96675.4297,1084286.0
2024-12-10,DOGE,0.3945,28534282086.0
2024-12-10,ETH,3631.8337,16084552.0
2024-12-10,SOL,213.8246,39377941.0
2024-12-10,XRP,2.3692,11240607663.0
2024-12-11,ADA,1.0889,1956429563.0
2024-12-11,BNB,711.8114,3198639.0
2024-12-11,BTC,101173.0312,844014.0
2024-12-11,DOGE,0.4145,16094022063.0
2024-12-11,ETH,3832.822,9384222.0
2024-12-11,SOL,227.4468,24687413.0
2024-12-11,XRP,2.4001,5931028217.0
2024-12-12,ADA,1.125,1963910605.0
2024-12-12,BNB,705.9442,3389969.0
2024-12-12,BTC,100043.0,720430.0
2024-12-12,DOGE,0.4065,13776983322.0
2024-12-12,ETH,3883.1016,11066328.0
2024-12-12,SOL,227.0267,21739256.0
2024-12-12,XRP,2.3428,4655612793.0
2024-12-13,ADA,1.1196,1184184969.0
2024-12-13,BNB,726.2548,3373272.0
2024-12-13,BTC,101459.2578,560765.0
2024-12-13,DOGE,0.4091,9327269291.0
2024-12-13,ETH,3911.2053,8921835.0
2024-12-13,SOL,224.8373,17922412.0
2024-12-13,XRP,2.4213,3892700045.0
2024-12-14,ADA,1.0605,3997342374.0
2024-12-14,BNB,715.6957,2735583.0
2024-12-14,BTC,101372.9688,398755.0
2024-12-14,DOGE,0.398,7954648143.0
2024-12-14,ETH,3868.4053,7433603.0
2024-12-14,SOL,219.8408,13306180.0
2024-12-14,XRP,2.3987,3258377131.0
2024-12-15,ADA,1.1017,915848379.0
2024-12-15,BNB,719.1343,2546261.0
2024-12-15,BTC,104298.6953,490379.0
2024-12-15,DOGE,0.4063,6533470693.0
2024-12-15,ETH,3951.9412,6343621.0
2024-12-15,SOL,223.6577,13276867.0
2024-12-15,XRP,2.4469,2470483743.0
2024-12-16,ADA,1.0789,1423736446.0
2024-12-16,BNB,720.3264,3160360.0
2024-12-16,BTC,106029.7188,858443.0
2024-12-16,DOGE,0.4019,9681102469.0
2024-12-16,ETH,3987.481,11670616.0
2024-12-16,SOL,216.335,23441102.0
2024-12-16,XRP,2.4887,4846690755.0
2024-12-17,ADA,1.0515,1501214578.0
2024-12-17,BNB,716.6825,3298337.0
2024-12-17,BTC,106140.6016,646212.0
2024-12-17,DOGE,0.3943,9175543297.0
2024-12-17,ETH,3886.7661,9112640.0
2024-12-17,SOL,222.8167,28925350.0
2024-12-17,XRP,2.5652,6634925516.0
2024-12-18,ADA,0.9684,2043593273.0
2024-12-18,BNB,687.6238,3930172.0
2024-12-18,BTC,100041.5391,938267.0
2024-12-18,DOGE,0.358,16058742669.0
2024-12-18,ETH,3618.7913,13525699.0
2024-12-18,SOL,206.3817,33379837.0
2024-12-18,XRP,2.3033,8620427060.0
2024-12-19,ADA,0.8855,2640808535.0
2024-12-19,BNB,666.5693,4210296.0
2024-12-19,BTC,97490.9531,997238.0
2024-12-19,DOGE,0.3151,30361372781.0
2024-12-19,ETH,3417.928,17226574.0
2024-12-19,SOL,194.2845,41403064.0
2024-12-19,XRP,2.2489,10236291280.0
2024-12-20,ADA,0.951,2947575710.0
2024-12-20,BNB,678.0866,4519018.0
2024-12-20,BTC,97755.9297,1080590.0
2024-12-20,DOGE,0.3177,35928336552.0
2024-12-20,ETH,3472.5535,19116719.0
2024-12-20,SOL,194.2082,49431869.0
2024-12-20,XRP,2.2769,11796257895.0
2024-12-21,ADA,0.9047,1705417610.0
2024-12-21,BNB,663.2795,3295353.0
2024-12-21,BTC,97224.7266,532430.0
2024-12-21,DOGE,0.321,21421608339.0
2024-12-21,ETH,3337.2224,9462777.0
2024-12-21,SOL,181.3015,29612811.0
2024-12-21,XRP,2.2381,6696580843.0
2024-12-22,ADA,0.883,1259377732.0
2024-12-22,BNB,648.7047,1682731.0
2024-12-22,BTC,95104.9375,453688.0
2024-12-22,DOGE,0.3122,13182674230.0
2024-12-22,ETH,3277.5352,7560794.0
2024-12-22,SOL,180.1689,22208561.0
2024-12-22,XRP,2.1993,5126857933.0
2024-12-23,ADA,0.9242,1401499833.0
2024-12-23,BNB,693.0007,2508326.0
2024-12-23,BTC,94686.2422,689002.0
2024-12-23,DOGE,0.3242,13541563418.0
2024-12-23,ETH,3415.7854,10099019.0
2024-12-23,SOL,189.7537,25942021.0
2024-12-23,XRP,2.2573,4493997465.0
2024-12-24,ADA,0.9365,1059780516.0
2024-12-24,BNB,696.7411,1644577.0
2024-12-24,BTC,98676.0938,477471.0
2024-12-24,DOGE,0.3369,9314930899.0
2024-12-24,ETH,3492.0498,6610352.0
2024-12-24,SOL,196.989,17322667.0
2024-12-24,XRP,2.3246,2570777172.0
2024-12-25,ADA,0.9169,704922898.0
2024-12-25,BNB,702.327,1272039.0
2024-12-25,BTC,99299.1953,339382.0
2024-12-25,DOGE,0.3343,7593952298.0
2024-12-25,ETH,3493.2354,5053159.0
2024-12-25,SOL,197.4791,13613674.0
2024-12-25,XRP,2.296,1728184053.0
2024-12-26,ADA,0.8598,917858310.0
2024-12-26,BNB,688.3601,1821021.0
2024-12-26,BTC,95795.5156,491202.0
2024-12-26,DOGE,0.3123,8053509775.0
2024-12-26,ETH,3331.2258,6678541.0
2024-12-26,SOL,188.2181,15220115.0
2024-12-26,XRP,2.1543,2537635468.0
2024-12-27,ADA,0.8748,1012635131.0
2024-12-27,BNB,690.4294,2729790.0
2024-12-27,BTC,94164.8594,556683.0
2024-12-27,DOGE,0.311,6935411240.0
2024-12-27,ETH,3328.917,7237077.0
2024-12-27,SOL,183.8285,15167867.0
2024-12-27,XRP,2.1416,2533952913.0
2024-12-28,ADA,0.8878,606125429.0
2024-12-28,BNB,720.959,2622730.0
2024-12-28,BTC,95163.9297,253325.0
2024-12-28,DOGE,0.3239,4353347787.0
2024-12-28,ETH,3397.9023,4210141.0
2024-12-28,SOL,195.0135,11069423.0
2024-12-28,XRP,2.1808,1265299601.0
2024-12-29,ADA,0.8586,752189233.0
2024-12-29,BNB,693.7545,2374368.0
2024-12-29,BTC,93530.2266,316859.0
2024-12-29,DOGE,0.3143,5264636792.0
2024-12-29,ETH,3349.5134,4012794.0
2024-12-29,SOL,189.7443,11414064.0
2024-12-29,XRP,2.0932,1458616291.0
2024-12-30,ADA,0.86,1128237504.0
2024-12-30,BNB,704.1463,2542547.0
2024-12-30,BTC,92643.2109,606499.0
2024-12-30,DOGE,0.3135,8060175755.0
2024-12-30,ETH,3356.3926,8038864.0
2024-12-30,SOL,191.028,16993840.0
2024-12-30,XRP,2.0576,3242449824.0
2024-12-31,ADA,0.8438,802461718.0
2024-12-31,BNB,700.9869,3385066.0
2024-12-31,BTC,93429.2031,466932.0
2024-12-31,DOGE,0.3157,6983568111.0
2024-12-31,ETH,3332.5317,6255140.0
2024-12-31,SOL,189.2645,17311894.0
2024-12-31,XRP,2.0801,2271707966.0
2025-01-01,ADA,0.9176,1009266717.0
2025-01-01,BNB,706.5129,2010204.0
2025-01-01,BTC,94419.7578,259690.0
2025-01-01,DOGE,0.3243,4724769918.0
2025-01-01,ETH,3353.5042,4233008.0
2025-01-01,SOL,193.8737,11988378.0
2025-01-01,XRP,2.3223,3305813553.0
2025-01-02,ADA,0.9613,1248164699.0
2025-01-02,BNB,705.6786,2665045.0
2025-01-02,BTC,96886.875,474879.0
2025-01-02,DOGE,0.3386,9465649679.0
2025-01-02,ETH,3451.3926,6444812.0
2025-01-02,SOL,207.767,20360928.0
2025-01-02,XRP,2.4034,3472584237.0
2025-01-03,ADA,1.0904,2295672891.0
2025-01-03,BNB,713.6436,2553437.0
2025-01-03,BTC,98107.4297,362984.0
2025-01-03,DOGE,0.3793,12717502137.0
2025-01-03,ETH,3605.0098,6068583.0
2025-01-03,SOL,217.7473,18665767.0
2025-01-03,XRP,2.4529,2366397824.0
2025-01-04,ADA,1.0714,1097377976.0
2025-01-04,BNB,713.8412,2135629.0
2025-01-04,BTC,98236.2266,227438.0
2025-01-04,DOGE,0.3947,11226756256.0
2025-01-04,ETH,3657.7068,4390896.0
2025-01-04,SOL,216.6229,11227899.0
2025-01-04,XRP,2.4196,1816827224.0
2025-01-05,ADA,1.0935,1135163535.0
2025-01-05,BNB,709.2583,1990542.0
2025-01-05,BTC,98314.9609,208770.0
2025-01-05,DOGE,0.3826,6781281931.0
2025-01-05,ETH,3634.1038,3530529.0
2025-01-05,SOL,213.3936,11264466.0
2025-01-05,XRP,2.3997,1719206222.0
2025-01-06,ADA,1.0941,1191514139.0
2025-01-06,BNB,729.4001,2819624.0
2025-01-06,BTC,102078.0859,507684.0
2025-01-06,DOGE,0.388,7570809199.0
2025-01-06,ETH,3688.6113,6499349.0
2025-01-06,SOL,218.7231,15581502.0
2025-01-06,XRP,2.4188,1812382886.0
2025-01-07,ADA,0.992,2256126679.0
2025-01-07,BNB,697.3689,3155221.0
2025-01-07,BTC,96922.7031,605490.0
2025-01-07,DOGE,0.3484,15154867860.0
2025-01-07,ETH,3381.5774,9532626.0
2025-01-07,SOL,202.2303,21564449.0
2025-01-07,XRP,2.2724,3245792563.0
2025-01-08,ADA,0.948,2087012922.0
2025-01-08,BNB,695.8372,3146520.0
2025-01-08,BTC,95043.5234,672070.0
2025-01-08,DOGE,0.3422,12905059660.0
2025-01-08,ETH,3326.3293,10323010.0
2025-01-08,SOL,197.5591,25452096.0
2025-01-08,XRP,2.3753,3594127048.0
2025-01-09,ADA,0.906,1491976254.0
2025-01-09,BNB,685.1207,2819200.0
2025-01-09,BTC,92484.0391,678790.0
2025-01-09,DOGE,0.3209,11263399781.0
2025-01-09,ETH,3219.4307,8950566.0
2025-01-09,SOL,185.0253,20622394.0
2025-01-09,XRP,2.2752,2651744566.0
2025-01-10,ADA,0.9315,1344521851.0
2025-01-10,BNB,693.6245,2423190.0
2025-01-10,BTC,94701.4531,655309.0
2025-01-10,DOGE,0.334,9649634513.0
2025-01-10,ETH,3267.49,8111378.0
2025-01-10,SOL,187.5792,19932991.0
2025-01-10,XRP,2.3433,2268396337.0
2025-01-11,ADA,0.9945,893771726.0
2025-01-11,BNB,696.6578,1851802.0
2025-01-11,BTC,94566.5938,199446.0
2025-01-11,DOGE,0.341,4285040411.0
2025-01-11,ETH,3282.2178,3586643.0
2025-01-11,SOL,187.9955,11565653.0
2025-01-11,XRP,2.5768,3090250865.0
2025-01-12,ADA,0.9686,1156751716.0
2025-01-12,BNB,693.0483,1864029.0
2025-01-12,BTC,94488.4375,221034.0
2025-01-12,DOGE,0.336,4276486662.0
2025-01-12,ETH,3265.9512,3566417.0
2025-01-12,SOL,188.5604,8188818.0
2025-01-12,XRP,2.5063,2223196735.0
2025-01-13,ADA,0.9447,1621734311.0
2025-01-13,BNB,688.2675,3091011.0
2025-01-13,BTC,94516.5234,772130.0
2025-01-13,DOGE,0.3383,10977717344.0
2025-01-13,ETH,3135.4998,12728989.0
2025-01-13,SOL,182.8354,28580308.0
2025-01-13,XRP,2.5229,4178029270.0
2025-01-14,ADA,0.9949,1124741774.0
2025-01-14,BNB,698.6197,2242772.0
2025-01-14,BTC,96534.0469,557002.0
2025-01-14,DOGE,0.3561,8827401584.0
2025-01-14,ETH,3223.6846,7087461.0
2025-01-14,SOL,187.4986,14657765.0
2025-01-14,XRP,2.6691,3167461962.0
2025-01-15,ADA,1.0792,2048792091.0
2025-01-15,BNB,714.0284,2599502.0
2025-01-15,BTC,100504.4922,575158.0
2025-01-15,DOGE,0.3857,10575781962.0
2025-01-15,ETH,3450.5376,7532628.0
2025-01-15,SOL,205.9113,19772983.0
2025-01-15,XRP,3.1551,7034791717.0
2025-01-16,ADA,1.0901,2060295656.0
2025-01-16,BNB,708.298,2681236.0
2025-01-16,BTC,99756.9062,542356.0
2025-01-16,DOGE,0.3767,10876876503.0
2025-01-16,ETH,3308.3452,7978465.0
2025-01-16,SOL,211.2278,28874628.0
2025-01-16,XRP,3.2455,8128005051.0
2025-01-17,ADA,1.1351,1602665887.0
2025-01-17,BNB,721.7505,2696223.0
2025-01-17,BTC,104462.0391,688183.0
2025-01-17,DOGE,0.4159,15090049734.0
2025-01-17,ETH,3474.1072,8117253.0
2025-01-17,SOL,219.6216,23304766.0
2025-01-17,XRP,3.2986,4096148759.0
2025-01-18,ADA,1.1021,1464832473.0
2025-01-18,BNB,709.425,3101982.0
2025-01-18,BTC,104408.0703,483159.0
2025-01-18,DOGE,0.3961,18510401679.0
2025-01-18,ETH,3305.7896,9807065.0
2025-01-18,SOL,261.8698,88543861.0
2025-01-18,XRP,3.274,3619762203.0
2025-01-19,ADA,0.9912,3005116546.0
2025-01-19,BNB,682.204,4164561.0
2025-01-19,BTC,101089.6094,759622.0
2025-01-19,DOGE,0.3578,26642738073.0
2025-01-19,ETH,3208.9644,17838427.0
2025-01-19,SOL,250.5864,132381328.0
2025-01-19,XRP,2.9547,5072119382.0
2025-01-20,ADA,1.0086,2731378274.0
2025-01-20,BNB,681.8033,4203049.0
2025-01-20,BTC,102016.6641,1237834.0
2025-01-20,DOGE,0.3546,24959464778.0
2025-01-20,ETH,3278.0354,15980055.0
2025-01-20,SOL,242.2502,93666609.0
2025-01-20,XRP,3.0998,6938467534.0
2025-01-21,ADA,1.0047,1681714149.0
2025-01-21,BNB,691.8166,2902515.0
2025-01-21,BTC,106146.2656,835959.0
2025-01-21,DOGE,0.3716,25588154624.0
2025-01-21,ETH,3327.4062,9858730.0
2025-01-21,SOL,250.4138,42708523.0
2025-01-21,XRP,3.1694,3268286195.0
2025-01-22,ADA,0.9816,991238508.0
2025-01-22,BNB,694.9832,2535425.0
2025-01-22,BTC,103653.0703,519793.0
2025-01-22,DOGE,0.3631,8098192602.0
2025-01-22,ETH,3240.2246,6842495.0
2025-01-22,SOL,257.2374,34523882.0
2025-01-22,XRP,3.1711,2551775838.0
2025-01-23,ADA,0.9875,1190946453.0
2025-01-23,BNB,690.2037,3299691.0
2025-01-23,BTC,103960.1719,1001388.0
2025-01-23,DOGE,0.3524,8778137936.0
2025-01-23,ETH,3334.7141,9721829.0
2025-01-23,SOL,253.4552,36552925.0
2025-01-23,XRP,3.1199,2708662729.0
2025-01-24,ADA,0.9715,926020791.0
2025-01-24,BNB,680.2132,2543642.0
2025-01-24,BTC,104819.4844,499795.0
2025-01-24,DOGE,0.3507,6052308002.0
2025-01-24,ETH,3309.5549,7728630.0
2025-01-24,SOL,253.3612,29535071.0
2025-01-24,XRP,3.1035,2206417911.0
2025-01-25,ADA,0.9773,530375396.0
2025-01-25,BNB,686.2685,2123606.0
2025-01-25,BTC,104714.6484,228134.0
2025-01-25,DOGE,0.3538,4242354243.0
2025-01-25,ETH,3317.2695,4143262.0
2025-01-25,SOL,256.0736,19663957.0
2025-01-25,XRP,3.1097,1062668521.0
2025-01-26,ADA,0.9549,584882847.0
2025-01-26,BNB,666.7638,2293567.0
2025-01-26,BTC,102682.5,219545.0
2025-01-26,DOGE,0.3363,3756176509.0
2025-01-26,ETH,3236.1343,4471857.0
2025-01-26,SOL,240.8835,17345449.0
2025-01-26,XRP,3.0262,1150145250.0
2025-01-27,ADA,0.9329,1487876234.0
2025-01-27,BNB,679.7933,3376298.0
2025-01-27,BTC,102087.6875,871864.0
2025-01-27,DOGE,0.3338,13340384869.0
2025-01-27,ETH,3178.9204,12398073.0
2025-01-27,SOL,235.0744,45673319.0
2025-01-27,XRP,3.0532,5231948372.0
2025-01-28,ADA,0.9161,838629678.0
2025-01-28,BNB,661.4246,2508347.0
2025-01-28,BTC,101332.4766,465603.0
2025-01-28,DOGE,0.3191,6328601168.0
2025-01-28,ETH,3077.1125,6733002.0
2025-01-28,SOL,227.204,22470207.0
2025-01-28,XRP,3.0611,3102572777.0
2025-01-29,ADA,0.9411,870745376.0
2025-01-29,BNB,667.6857,2571235.0
2025-01-29,BTC,103703.2109,457383.0
2025-01-29,DOGE,0.3239,6117694093.0
2025-01-29,ETH,3112.999,7300929.0
2025-01-29,SOL,227.9449,23626929.0
2025-01-29,XRP,3.0683,2243033929.0
2025-01-30,ADA,0.961,652032322.0
2025-01-30,BNB,677.5536,2223175.0
2025-01-30,BTC,104735.3047,400206.0
2025-01-30,DOGE,0.3315,4119118827.0
2025-01-30,ETH,3247.78,6145246.0
2025-01-30,SOL,239.0231,19397984.0
2025-01-30,XRP,3.1311,1554956099.0
2025-01-31,ADA,0.9422,743629919.0
2025-01-31,BNB,677.3754,2346620.0
2025-01-31,BTC,102405.0234,446587.0
2025-01-31,DOGE,0.3287,5463611784.0
2025-01-31,ETH,3298.2651,9134534.0
2025-01-31,SOL,231.6379,17454898.0
2025-01-31,XRP,3.0354,1489169289.0
2025-02-01,ADA,0.8979,641515094.0
2025-02-01,BNB,653.4329,2363436.0
2025-02-01,BTC,100655.9062,275771.0
2025-02-01,DOGE,0.3084,5115980899.0
2025-02-01,ETH,3118.3286,6387238.0
2025-02-01,SOL,213.785,16588397.0
2025-02-01,XRP,2.8845,1694220928.0
2025-02-02,ADA,0.8017,1938651051.0
2025-02-02,BNB,617.6006,3696536.0
2025-02-02,BTC,97688.9766,645844.0
2025-02-02,DOGE,0.2675,20960827265.0
2025-02-02,ETH,2868.6929,14662054.0
2025-02-02,SOL,203.1196,41515404.0
2025-02-02,XRP,2.5798,6068181194.0
2025-02-03,ADA,0.8116,5784126624.0
2025-02-03,BNB,617.1208,6418456.0
2025-02-03,BTC,101405.4219,1138015.0
2025-02-03,DOGE,0.285,38621822661.0
2025-02-03,ETH,2884.5667,32051107.0
2025-02-03,SOL,216.1496,70603147.0
2025-02-03,XRP,2.7012,13603472339.0
2025-02-04,ADA,0.7463,2146035358.0
2025-02-04,BNB,573.3278,4075965.0
2025-02-04,BTC,97871.8203,745895.0
2025-02-04,DOGE,0.2641,16305385592.0
2025-02-04,ETH,2735.0513,17840717.0
2025-02-04,SOL,207.092,35388298.0
2025-02-04,XRP,2.5354,5582707380.0
2025-02-05,ADA,0.7332,1145824084.0
2025-02-05,BNB,569.7469,2623038.0
2025-02-05,BTC,96615.4453,508469.0
2025-02-05,DOGE,0.2562,7095617685.0
2025-02-05,ETH,2787.7791,11464597.0
2025-02-05,SOL,195.9881,19524132.0
2025-02-05,XRP,2.3823,3242639828.0
2025-02-06,ADA,0.7051,1198170551.0
2025-02-06,BNB,572.274,3010023.0
2025-02-06,BTC,96593.2969,469002.0
2025-02-06,DOGE,0.2481,7628849653.0
2025-02-06,ETH,2688.4009,10973306.0
2025-02-06,SOL,189.7725,20743498.0
2025-02-06,XRP,2.3269,3133875770.0
2025-02-07,ADA,0.7071,1329929908.0
2025-02-07,BNB,578.0668,2739897.0
2025-02-07,BTC,96529.0859,577456.0
2025-02-07,DOGE,0.2466,8281092981.0
2025-02-07,ETH,2622.2112,11260216.0
2025-02-07,SOL,192.2047,23900599.0
2025-02-07,XRP,2.3936,3880652676.0
2025-02-08,ADA,0.7018,789171775.0
2025-02-08,BNB,613.3242,3403337.0
2025-02-08,BTC,96482.4531,232659.0
2025-02-08,DOGE,0.2533,3905707299.0
2025-02-08,ETH,2632.3083,6480724.0
2025-02-08,SOL,199.5999,11961555.0
2025-02-08,XRP,2.4244,1648053029.0
2025-02-09,ADA,0.6827,995524656.0
2025-02-09,BNB,616.6421,4265451.0
2025-02-09,BTC,96500.0938,287387.0
2025-02-09,DOGE,0.2493,4982461283.0
2025-02-09,ETH,2628.7212,6663730.0
2025-02-09,SOL,200.4976,16862415.0
2025-02-09,XRP,2.3969,2005213418.0
2025-02-10,ADA,0.7107,1056875751.0
2025-02-10,BNB,618.3145,3008955.0
2025-02-10,BTC,97437.5547,411330.0
2025-02-10,DOGE,0.2553,5259693990.0
2025-02-10,ETH,2661.1667,7295375.0
2025-02-10,SOL,200.3564,20495365.0
2025-02-10,XRP,2.4227,1956702409.0
2025-02-11,ADA,0.7794,2327089329.0
2025-02-11,BNB,642.5873,3365993.0
2025-02-11,BTC,95747.4297,391538.0
2025-02-11,DOGE,0.2531,6800060849.0
2025-02-11,ETH,2602.782,8128437.0
2025-02-11,SOL,197.9824,19737169.0
2025-02-11,XRP,2.4142,2223906822.0
2025-02-12,ADA,0.7992,1540463799.0
2025-02-12,BNB,698.0374,4307979.0
2025-02-12,BTC,97885.8594,504061.0
2025-02-12,DOGE,0.2641,7380102549.0
2025-02-12,ETH,2736.9021,9835715.0
2025-02-12,SOL,196.7738,21805934.0
2025-02-12,XRP,2.4728,2208990761.0
2025-02-13,ADA,0.8107,1036458552.0
2025-02-13,BNB,668.2775,7691186.0
2025-02-13,BTC,96623.8672,384452.0
2025-02-13,DOGE,0.2625,5685139018.0
2025-02-13,ETH,2675.9026,7280162.0
2025-02-13,SOL,194.461,14169463.0
2025-02-13,XRP,2.5625,1967469277.0
2025-02-14,ADA,0.8005,983920398.0
2025-02-14,BNB,658.0436,3922301.0
2025-02-14,BTC,97508.9688,335333.0
2025-02-14,DOGE,0.2719,8533431960.0
2025-02-14,ETH,2726.0916,6504657.0
2025-02-14,SOL,199.9357,18667676.0
2025-02-14,XRP,2.7402,3226630008.0
2025-02-15,ADA,0.7811,632273101.0
2025-02-15,BNB,662.3277,2709332.0
2025-02-15,BTC,97580.3516,174700.0
2025-02-15,DOGE,0.2717,5978721911.0
2025-02-15,ETH,2693.5598,4010685.0
2025-02-15,SOL,194.4821,9611280.0
2025-02-15,XRP,2.7616,1677918990.0
2025-02-16,ADA,0.772,580925229.0
2025-02-16,BNB,674.1008,2981087.0
2025-02-16,BTC,96175.0312,171944.0
2025-02-16,DOGE,0.2657,3648198348.0
2025-02-16,ETH,2663.3159,3977599.0
2025-02-16,SOL,188.4864,11463952.0
2025-02-16,XRP,2.7278,1257821658.0
2025-02-17,ADA,0.808,1289319059.0
2025-02-17,BNB,667.2291,2911940.0
2025-02-17,BTC,95773.3828,285430.0
2025-02-17,DOGE,0.2581,5304477357.0
2025-02-17,ETH,2743.1997,8811034.0
2025-02-17,SOL,177.6897,24454211.0
2025-02-17,XRP,2.6583,1799226266.0
2025-02-18,ADA,0.7524,1204095772.0
2025-02-18,BNB,647.4434,3066697.0
2025-02-18,BTC,95539.5469,390683.0
2025-02-18,DOGE,0.2509,6382694669.0
2025-02-18,ETH,2669.3389,8617922.0
2025-02-18,SOL,169.0843,39535455.0
2025-02-18,XRP,2.5589,2093876431.0
2025-02-19,ADA,0.7729,913492426.0
2025-02-19,BNB,653.5147,2932756.0
2025-02-19,BTC,96635.6094,300002.0
2025-02-19,DOGE,0.2548,3954657770.0
2025-02-19,ETH,2715.771,5623597.0
2025-02-19,SOL,169.0108,21996709.0
2025-02-19,XRP,2.7408,1888189262.0
2025-02-20,ADA,0.8045,855225732.0
2025-02-20,BNB,657.201,2600522.0
2025-02-20,BTC,98333.9375,322046.0
2025-02-20,DOGE,0.2549,4392198147.0
2025-02-20,ETH,2740.3865,5808399.0
2025-02-20,SOL,176.0489,19012166.0
2025-02-20,XRP,2.6908,1601931541.0
2025-02-21,ADA,0.7614,1249931802.0
2025-02-21,BNB,646.8995,2977578.0
2025-02-21,BTC,96125.5469,516082.0
2025-02-21,DOGE,0.2393,8460494895.0
2025-02-21,ETH,2659.6555,11821653.0
2025-02-21,SOL,168.8916,27735955.0
2025-02-21,XRP,2.5701,2293967260.0
2025-02-22,ADA,0.7745,685254794.0
2025-02-22,BNB,668.5748,2840919.0
2025-02-22,BTC,96577.7578,190042.0
2025-02-22,DOGE,0.2467,3777830783.0
2025-02-22,ETH,2764.0293,5934512.0
2025-02-22,SOL,172.1629,11771304.0
2025-02-22,XRP,2.5757,925740626.0
2025-02-23,ADA,0.77,642967766.0
2025-02-23,BNB,657.9037,2284128.0
2025-02-23,BTC,96273.9219,176574.0
2025-02-23,DOGE,0.243,2911575574.0
2025-02-23,ETH,2821.3103,7263918.0
2025-02-23,SOL,168.0381,9647400.0
2025-02-23,XRP,2.577,958451954.0
2025-02-24,ADA,0.6822,1408523533.0
2025-02-24,BNB,613.963,3096606.0
2025-02-24,BTC,91418.1719,481813.0
2025-02-24,DOGE,0.2104,10645388109.0
2025-02-24,ETH,2513.8213,11586894.0
2025-02-24,SOL,141.9895,49737918.0
2025-02-24,XRP,2.2779,3106283961.0
2025-02-25,ADA,0.6826,1930635562.0
2025-02-25,BNB,622.9408,4159719.0
2025-02-25,BTC,88736.1719,1038349.0
2025-02-25,DOGE,0.2124,16162614959.0
2025-02-25,ETH,2493.5925,16059075.0
2025-02-25,SOL,144.1078,64822561.0
2025-02-25,XRP,2.3207,5738683385.0
2025-02-26,ADA,0.645,1347224322.0
2025-02-26,BNB,610.6931,3268526.0
2025-02-26,BTC,84347.0234,765854.0
2025-02-26,DOGE,0.2055,9829680844.0
2025-02-26,ETH,2331.4526,12359295.0
2025-02-26,SOL,134.8313,36463484.0
2025-02-26,XRP,2.1924,3079738243.0
2025-02-27,ADA,0.6456,1058788019.0
2025-02-27,BNB,605.1237,3084407.0
2025-02-27,BTC,84704.2266,621688.0
2025-02-27,DOGE,0.2068,6623723268.0
2025-02-27,ETH,2305.4844,10534105.0
2025-02-27,SOL,137.6208,27056381.0
2025-02-27,XRP,2.1986,2200233985.0
2025-02-28,ADA,0.6331,1741179107.0
2025-02-28,BNB,587.4516,3687163.0
2025-02-28,BTC,84373.0078,990963.0
2025-02-28,DOGE,0.202,12977199043.0
2025-02-28,ETH,2237.9053,15969355.0
2025-02-28,SOL,148.03,50967184.0
2025-02-28,XRP,2.1456,3982134282.0
2025-03-01,ADA,0.6593,888309880.0
2025-03-01,BNB,607.5115,2789173.0
2025-03-01,BTC,86031.9141,339300.0
2025-03-01,DOGE,0.2065,5800166093.0
2025-03-01,ETH,2216.6433,7279141.0
2025-03-01,SOL,143.6757,23006047.0
2025-03-01,XRP,2.1906,1506858578.0
2025-03-02,ADA,1.1295,6771050401.0
2025-03-02,BNB,622.9361,3420155.0
2025-03-02,BTC,94248.3516,619622.0
2025-03-02,DOGE,0.2393,13875237611.0
2025-03-02,ETH,2519.6946,13832706.0
2025-03-02,SOL,178.4955,64653806.0
2025-03-02,XRP,2.9369,5938522732.0
2025-03-03,ADA,0.8553,8217468249.0
2025-03-03,BNB,575.17,3757677.0
2025-03-03,BTC,86065.6719,814172.0
2025-03-03,DOGE,0.1991,14187201015.0
2025-03-03,ETH,2145.574,14669064.0
2025-03-03,SOL,142.0211,65067870.0
2025-03-03,XRP,2.3857,6076680240.0
2025-03-04,ADA,0.9413,5737209547.0
2025-03-04,BNB,583.5869,3374887.0
2025-03-04,BTC,87222.1953,780710.0
2025-03-04,DOGE,0.1991,11883941264.0
2025-03-04,ETH,2170.0151,15638480.0
2025-03-04,SOL,144.9166,55446079.0
2025-03-04,XRP,2.4551,4588707429.0
2025-03-05,ADA,0.9754,4045360105.0
2025-03-05,BNB,597.9758,2566610.0
2025-03-05,BTC,90623.5625,557239.0
2025-03-05,DOGE,0.2047,7003012907.0
2025-03-05,ETH,2241.9773,9859793.0
2025-03-05,SOL,146.2673,30778848.0
2025-03-05,XRP,2.5005,2429886488.0
2025-03-06,ADA,0.9076,2889060204.0
2025-03-06,BNB,596.7238,2716671.0
2025-03-06,BTC,89961.7266,530779.0
2025-03-06,DOGE,0.2017,8918380641.0
2025-03-06,ETH,2202.4768,8403752.0
2025-03-06,SOL,143.3552,29328379.0
2025-03-06,XRP,2.6017,2654946511.0
2025-03-07,ADA,0.8168,4261601968.0
2025-03-07,BNB,593.9634,3142520.0
2025-03-07,BTC,86742.6719,760245.0
2025-03-07,DOGE,0.198,9239537317.0
2025-03-07,ETH,2138.9875,10484303.0
2025-03-07,SOL,139.2091,43752528.0
2025-03-07,XRP,2.3816,4113329588.0
2025-03-08,ADA,0.8047,1472407521.0
2025-03-08,BNB,593.0809,1935101.0
2025-03-08,BTC,86154.5938,211319.0
2025-03-08,DOGE,0.1922,4943209055.0
2025-03-08,ETH,2201.5103,4784536.0
2025-03-08,SOL,136.9421,16583212.0
2025-03-08,XRP,2.3234,1602342758.0
2025-03-09,ADA,0.7201,2218226566.0
2025-03-09,BNB,554.5804,2777781.0
2025-03-09,BTC,80601.0391,383362.0
2025-03-09,DOGE,0.1678,10713700870.0
2025-03-09,ETH,2015.5092,7990023.0
2025-03-09,SOL,126.4354,27127574.0
2025-03-09,XRP,2.1346,2884025462.0
2025-03-10,ADA,0.6726,2812319047.0
2025-03-10,BNB,532.1219,3564607.0
2025-03-10,BTC,78532.0,688396.0
2025-03-10,DOGE,0.1541,14295171817.0
2025-03-10,ETH,1861.1514,18808286.0
2025-03-10,SOL,118.2917,46662654.0
2025-03-10,XRP,2.0183,3963797668.0
2025-03-11,ADA,0.7226,2596179823.0
2025-03-11,BNB,551.4745,4420954.0
2025-03-11,BTC,82862.2109,660166.0
2025-03-11,DOGE,0.1642,14454547683.0
2025-03-11,ETH,1919.845,16094209.0
2025-03-11,SOL,125.2639,41986771.0
2025-03-11,XRP,2.1669,3790647542.0
2025-03-12,ADA,0.7354,1843299725.0
2025-03-12,BNB,569.8948,3145661.0
2025-03-12,BTC,83722.3594,481992.0
2025-03-12,DOGE,0.1724,9388882585.0
2025-03-12,ETH,1908.9827,11995328.0
2025-03-12,SOL,126.5832,32486147.0
2025-03-12,XRP,2.2408,2865512983.0
2025-03-13,ADA,0.7023,1701922346.0
2025-03-13,BNB,579.2188,4147670.0
2025-03-13,BTC,81066.7031,387495.0
2025-03-13,DOGE,0.1651,8711324574.0
2025-03-13,ETH,1862.9696,9649769.0
2025-03-13,SOL,123.2861,23287694.0
2025-03-13,XRP,2.251,2474818952.0
2025-03-14,ADA,0.7383,1375125386.0
2025-03-14,BNB,587.1363,2615318.0
2025-03-14,BTC,83969.1016,352369.0
2025-03-14,DOGE,0.1718,6065520773.0
2025-03-14,ETH,1909.4675,6348741.0
2025-03-14,SOL,133.3145,23714922.0
2025-03-14,XRP,2.3564,1832742910.0
2025-03-15,ADA,0.7483,963208503.0
2025-03-15,BNB,619.4861,2265322.0
2025-03-15,BTC,84343.1094,161845.0
2025-03-15,DOGE,0.1761,4153563543.0
2025-03-15,ETH,1937.3947,3332560.0
2025-03-15,SOL,135.9125,13570957.0
2025-03-15,XRP,2.3932,1520433329.0
2025-03-16,ADA,0.7058,1143660957.0
2025-03-16,BNB,602.2166,2387314.0
2025-03-16,BTC,82579.6875,258299.0
2025-03-16,DOGE,0.1682,5560617725.0
2025-03-16,ETH,1887.4351,4923612.0
2025-03-16,SOL,125.9881,19498424.0
2025-03-16,XRP,2.2979,1693073206.0
2025-03-17,ADA,0.7181,1053267528.0
2025-03-17,BNB,631.3626,3941499.0
2025-03-17,BTC,84075.6875,298455.0
2025-03-17,DOGE,0.1735,5778695760.0
2025-03-17,ETH,1927.0029,5416127.0
2025-03-17,SOL,128.1637,19407712.0
2025-03-17,XRP,2.3406,1477142323.0
2025-03-18,ADA,0.7021,993283378.0
2025-03-18,BNB,628.1345,3462876.0
2025-03-18,BTC,82718.5,291298.0
2025-03-18,DOGE,0.168,6229186073.0
2025-03-18,ETH,1932.5435,5262932.0
2025-03-18,SOL,125.3127,20223951.0
2025-03-18,XRP,2.287,1524273793.0
2025-03-19,ADA,0.7442,1473716681.0
2025-03-19,BNB,619.2575,3239741.0
2025-03-19,BTC,86854.2266,402191.0
2025-03-19,DOGE,0.1781,6957681057.0
2025-03-19,ETH,2057.749,9751046.0
2025-03-19,SOL,135.5725,26106236.0
2025-03-19,XRP,2.5458,3767512225.0
2025-03-20,ADA,0.7175,1185490808.0
2025-03-20,BNB,629.9424,3694337.0
2025-03-20,BTC,84167.1953,344897.0
2025-03-20,DOGE,0.1694,5665955945.0
2025-03-20,ETH,1982.0999,6668618.0
2025-03-20,SOL,127.4972,19370306.0
2025-03-20,XRP,2.4347,2044017709.0
2025-03-21,ADA,0.7051,937294265.0
2025-03-21,BNB,634.6078,2319860.0
2025-03-21,BTC,84043.2422,226436.0
2025-03-21,DOGE,0.1671,4452451314.0
2025-03-21,ETH,1964.8475,4940905.0
2025-03-21,SOL,128.4303,18456058.0
2025-03-21,XRP,2.3793,1442971670.0
2025-03-22,ADA,0.7009,653587016.0
2025-03-22,BNB,626.5744,1887632.0
2025-03-22,BTC,83832.4844,117654.0
2025-03-22,DOGE,0.1673,2618952089.0
2025-03-22,ETH,1980.0378,3089353.0
2025-03-22,SOL,128.485,11229570.0
2025-03-22,XRP,2.3698,750345981.0
2025-03-23,ADA,0.7095,824780673.0
2025-03-23,BNB,623.3495,1960761.0
2025-03-23,BTC,86054.375,146356.0
2025-03-23,DOGE,0.1723,3279467146.0
2025-03-23,ETH,2005.2992,3751231.0
2025-03-23,SOL,132.5993,12905365.0
2025-03-23,XRP,2.4355,865378813.0
2025-03-24,ADA,0.731,1223842700.0
2025-03-24,BNB,636.6445,2809165.0
2025-03-24,BTC,87498.9141,395235.0
2025-03-24,DOGE,0.1829,8051890870.0
2025-03-24,ETH,2077.479,6760556.0
2025-03-24,SOL,140.8693,29868543.0
2025-03-24,XRP,2.4482,1336651100.0
2025-03-25,ADA,0.7452,1431246013.0
2025-03-25,BNB,629.9429,3552891.0
2025-03-25,BTC,87471.7031,343035.0
2025-03-25,DOGE,0.1909,8117913998.0
2025-03-25,ETH,2067.7642,5675531.0
2025-03-25,SOL,143.8171,24929955.0
2025-03-25,XRP,2.4513,1110462501.0
2025-03-26,ADA,0.7281,1287384171.0
2025-03-26,BNB,617.8168,2590054.0
2025-03-26,BTC,86900.8828,307293.0
2025-03-26,DOGE,0.1948,10619223783.0
2025-03-26,ETH,2009.1893,6559125.0
2025-03-26,SOL,137.2886,22456865.0
2025-03-26,XRP,2.3491,1422562068.0
2025-03-27,ADA,0.7377,778818448.0
2025-03-27,BNB,637.207,3831210.0
2025-03-27,BTC,87177.1016,280045.0
2025-03-27,DOGE,0.1905,6731581437.0
2025-03-27,ETH,2002.3574,5789813.0
2025-03-27,SOL,138.3474,19229479.0
2025-03-27,XRP,2.3383,1149252398.0
2025-03-28,ADA,0.7056,1119036548.0
2025-03-28,BNB,619.4749,2596229.0
2025-03-28,BTC,84353.1484,405422.0
2025-03-28,DOGE,0.1802,7809539801.0
2025-03-28,ETH,1895.5029,9580849.0
2025-03-28,SOL,129.4232,27297252.0
2025-03-28,XRP,2.2041,1984243639.0
2025-03-29,ADA,0.6739,954309448.0
2025-03-29,BNB,603.2379,2266656.0
2025-03-29,BTC,82597.5859,205447.0
2025-03-29,DOGE,0.1696,6609022989.0
2025-03-29,ETH,1827.3203,6673582.0
2025-03-29,SOL,124.5876,18085718.0
2025-03-29,XRP,2.1399,1829394766.0
2025-03-30,ADA,0.6607,741450446.0
2025-03-30,BNB,601.8302,2000727.0
2025-03-30,BTC,82334.5234,179314.0
2025-03-30,DOGE,0.1663,5000008780.0
2025-03-30,ETH,1806.2186,5456071.0
2025-03-30,SOL,124.6426,13149734.0
2025-03-30,XRP,2.1361,1323375251.0
2025-03-31,ADA,0.6614,1140948871.0
2025-03-31,BNB,605.0728,2543159.0
2025-03-31,BTC,82548.9141,351358.0
2025-03-31,DOGE,0.1667,7924389431.0
2025-03-31,ETH,1823.48,8645574.0
2025-03-31,SOL,124.6941,25716547.0
2025-03-31,XRP,2.0899,2156404310.0
2025-04-01,ADA,0.6777,1015294778.0
2025-04-01,BNB,611.2971,3421909.0
2025-04-01,BTC,85169.1719,330820.0
2025-04-01,DOGE,0.1741,6602329833.0
2025-04-01,ETH,1905.4915,7872625.0
2025-04-01,SOL,126.6824,23628300.0
2025-04-01,XRP,2.1396,1885508386.0
2025-04-02,ADA,0.6416,1510561105.0
2025-04-02,BNB,590.6376,3108081.0
2025-04-02,BTC,82485.7109,576881.0
2025-04-02,DOGE,0.1642,10561924249.0
2025-04-02,ETH,1795.3132,12584847.0
2025-04-02,SOL,117.7576,45854120.0
2025-04-02,XRP,2.0251,2808608672.0
2025-04-03,ADA,0.6501,1344293513.0
2025-04-03,BNB,592.1245,3490877.0
2025-04-03,BTC,83102.8281,443452.0
2025-04-03,DOGE,0.1621,7413753241.0
2025-04-03,ETH,1815.6372,9060717.0
2025-04-03,SOL,117.0615,39577523.0
2025-04-03,XRP,2.0625,2610953072.0
2025-04-04,ADA,0.6604,1415611109.0
2025-04-04,BNB,597.5794,2544818.0
2025-04-04,BTC,83843.8047,538592.0
2025-04-04,DOGE,0.1711,9617028108.0
2025-04-04,ETH,1815.3352,9949524.0
2025-04-04,SOL,122.7869,42207419.0
2025-04-04,XRP,2.129,2584991284.0
2025-04-05,ADA,0.6547,616536529.0
2025-04-05,BNB,593.1149,1700008.0
2025-04-05,BTC,83504.7969,172215.0
2025-04-05,DOGE,0.169,3593993726.0
2025-04-05,ETH,1805.9733,3529793.0
2025-04-05,SOL,120.259,13870034.0
2025-04-05,XRP,2.1437,974823528.0
2025-04-06,ADA,0.5728,1647065772.0
2025-04-06,BNB,554.5949,3028525.0
2025-04-06,BTC,78214.4844,464043.0
2025-04-06,DOGE,0.1488,8515203833.0
2025-04-06,ETH,1576.728,14050899.0
2025-04-06,SOL,105.712,36159170.0
2025-04-06,XRP,1.9179,2689757246.0
2025-04-07,ADA,0.5854,3391701211.0
2025-04-07,BNB,554.4834,5143609.0
2025-04-07,BTC,79235.3359,1151789.0
2025-04-07,DOGE,0.1495,23488577791.0
2025-04-07,ETH,1555.241,29624965.0
2025-04-07,SOL,106.9028,80860146.0
2025-04-07,XRP,1.8978,7579274514.0
2025-04-08,ADA,0.5579,2239954841.0
2025-04-08,BNB,553.4674,3028558.0
2025-04-08,BTC,76271.9531,633452.0
2025-04-08,DOGE,0.1421,12876788361.0
2025-04-08,ETH,1472.5531,14475073.0
2025-04-08,SOL,105.5122,50739553.0
2025-04-08,XRP,1.7946,3604391199.0
2025-04-09,ADA,0.6317,2609162047.0
2025-04-09,BNB,582.3693,3371761.0
2025-04-09,BTC,82573.9531,1019857.0
2025-04-09,DOGE,0.1604,14126383167.0
2025-04-09,ETH,1668.04,23531927.0
2025-04-09,SOL,119.0575,59604376.0
2025-04-09,XRP,2.0517,4572284618.0
2025-04-10,ADA,0.6094,1512977045.0
2025-04-10,BNB,577.4059,2999173.0
2025-04-10,BTC,79626.1406,561599.0
2025-04-10,DOGE,0.1537,8014576351.0
2025-04-10,ETH,1522.5188,14042260.0
2025-04-10,SOL,112.8039,38214083.0
2025-04-10,XRP,1.9665,2269924560.0
2025-04-11,ADA,0.6242,1342425292.0
2025-04-11,BNB,586.089,2336747.0
2025-04-11,BTC,83404.8359,499453.0
2025-04-11,DOGE,0.1601,5400584233.0
2025-04-11,ETH,1567.1498,9489737.0
2025-04-11,SOL,121.5324,32531334.0
2025-04-11,XRP,2.0239,1709192119.0
2025-04-12,ADA,0.6589,1026535505.0
2025-04-12,BNB,597.123,2230492.0
2025-04-12,BTC,85287.1094,284428.0
2025-04-12,DOGE,0.1676,5177481758.0
2025-04-12,ETH,1643.5286,7368898.0
2025-04-12,SOL,132.2606,30919252.0
2025-04-12,XRP,2.1586,1588695554.0
2025-04-13,ADA,0.6381,1041041127.0
2025-04-13,BNB,584.0425,2257475.0
2025-04-13,BTC,83684.9766,344112.0
2025-04-13,DOGE,0.1628,5371946902.0
2025-04-13,ETH,1596.6858,8711727.0
2025-04-13,SOL,128.5808,29698450.0
2025-04-13,XRP,2.1202,1990426426.0
2025-04-14,ADA,0.6349,1106460144.0
2025-04-14,BNB,584.3352,2326670.0
2025-04-14,BTC,84542.3906,403239.0
2025-04-14,DOGE,0.1585,6237510450.0
2025-04-14,ETH,1622.7699,10179093.0
2025-04-14,SOL,129.3104,34224360.0
2025-04-14,XRP,2.1268,1544197124.0
2025-04-15,ADA,0.6092,1198092022.0
2025-04-15,BNB,579.686,2293086.0
2025-04-15,BTC,83668.9922,335134.0
2025-04-15,DOGE,0.1535,5062849554.0
2025-04-15,ETH,1588.6324,8293582.0
2025-04-15,SOL,126.2631,25914883.0
2025-04-15,XRP,2.0885,1411739011.0
2025-04-16,ADA,0.6104,1082276798.0
2025-04-16,BNB,582.8062,2463791.0
2025-04-16,BTC,84033.8672,352451.0
2025-04-16,DOGE,0.1547,5324062658.0
2025-04-16,ETH,1578.1053,9720277.0
2025-04-16,SOL,131.4497,33842318.0
2025-04-16,XRP,2.0832,1714751670.0
2025-04-17,ADA,0.6163,745608150.0
2025-04-17,BNB,590.1622,2375015.0
2025-04-17,BTC,84895.75,250623.0
2025-04-17,DOGE,0.1557,3763768164.0
2025-04-17,ETH,1582.5483,7148067.0
2025-04-17,SOL,134.6987,26016936.0
2025-04-17,XRP,2.0664,1194098778.0
2025-04-18,ADA,0.6274,614304009.0
2025-04-18,BNB,591.7639,2396863.0
2025-04-18,BTC,84450.8047,150719.0
2025-04-18,DOGE,0.1576,3029731949.0
2025-04-18,ETH,1588.9247,4483225.0
2025-04-18,SOL,134.0735,15978288.0
2025-04-18,XRP,2.0635,914210128.0
2025-04-19,ADA,0.628,547725589.0
2025-04-19,BNB,591.7768,2073628.0
2025-04-19,BTC,85063.4141,179387.0
2025-04-19,DOGE,0.1573,3036299387.0
2025-04-19,ETH,1612.9229,4444192.0
2025-04-19,SOL,139.7503,18053009.0
2025-04-19,XRP,2.0873,692585819.0
2025-04-20,ADA,0.6198,590667496.0
2025-04-20,BNB,592.9724,2204955.0
2025-04-20,BTC,85174.3047,172165.0
2025-04-20,DOGE,0.1552,4108960241.0
2025-04-20,ETH,1587.5143,4814309.0
2025-04-20,SOL,137.7746,20294187.0
2025-04-20,XRP,2.077,834452660.0
2025-04-21,ADA,0.6239,1053730733.0
2025-04-21,BNB,597.4142,2394224.0
2025-04-21,BTC,87518.9062,472997.0
2025-04-21,DOGE,0.1594,6514657576.0
2025-04-21,ETH,1579.7345,9750870.0
2025-04-21,SOL,136.7044,30450315.0
2025-04-21,XRP,2.0855,1316725699.0
2025-04-22,ADA,0.6804,1260623112.0
2025-04-22,BNB,618.827,2802307.0
2025-04-22,BTC,93441.8906,598222.0
2025-04-22,DOGE,0.1786,8777758195.0
2025-04-22,ETH,1757.3317,13513623.0
2025-04-22,SOL,148.7394,31328565.0
2025-04-22,XRP,2.2155,1829867724.0
2025-04-23,ADA,0.6976,1392273531.0
2025-04-23,BNB,605.815,3027406.0
2025-04-23,BTC,93699.1094,445250.0
2025-04-23,DOGE,0.1786,10418490504.0
2025-04-23,ETH,1796.1042,12752403.0
2025-04-23,SOL,151.1527,31088769.0
2025-04-23,XRP,2.2174,2260993189.0
2025-04-24,ADA,0.7218,1431679628.0
2025-04-24,BNB,601.7158,2615759.0
2025-04-24,BTC,93943.7969,335128.0
2025-04-24,DOGE,0.1825,8107511161.0
2025-04-24,ETH,1769.8317,8592570.0
2025-04-24,SOL,152.3036,25626820.0
2025-04-24,XRP,2.2045,1908885496.0
2025-04-25,ADA,0.7141,1340871780.0
2025-04-25,BNB,600.181,2891458.0
2025-04-25,BTC,94720.5,431958.0
2025-04-25,DOGE,0.1818,9521277326.0
2025-04-25,ETH,1786.6345,9772228.0
2025-04-25,SOL,150.915,29234493.0
2025-04-25,XRP,2.1831,1502276283.0
2025-04-26,ADA,0.7075,932980651.0
2025-04-26,BNB,607.7041,2480663.0
2025-04-26,BTC,94646.9297,186090.0
2025-04-26,DOGE,0.1819,8069634971.0
2025-04-26,ETH,1821.8811,6546190.0
2025-04-26,SOL,149.2894,14255776.0
2025-04-26,XRP,2.1932,1151221230.0
2025-04-27,ADA,0.704,814830858.0
2025-04-27,BNB,603.6185,2405745.0
2025-04-27,BTC,93754.8438,192954.0
2025-04-27,DOGE,0.1797,6195510362.0
2025-04-27,ETH,1792.865,6315001.0
2025-04-27,SOL,148.2458,13597264.0
2025-04-27,XRP,2.2562,1673816948.0
2025-04-28,ADA,0.7055,1268823245.0
2025-04-28,BNB,606.365,2439053.0
2025-04-28,BTC,94978.75,340744.0
2025-04-28,DOGE,0.179,7520996771.0
2025-04-28,ETH,1798.8518,9474733.0
2025-04-28,SOL,147.8099,25840636.0
2025-04-28,XRP,2.2951,1897054930.0
2025-04-29,ADA,0.6963,1205221313.0
2025-04-29,BNB,601.029,2641392.0
2025-04-29,BTC,94284.7891,273704.0
2025-04-29,DOGE,0.1746,5535850843.0
2025-04-29,ETH,1799.1757,8189449.0
2025-04-29,SOL,146.4279,19618830.0
2025-04-29,XRP,2.2408,1289461330.0
2025-04-30,ADA,0.6819,974860441.0
2025-04-30,BNB,599.6817,2508156.0
2025-04-30,BTC,94207.3125,300876.0
2025-04-30,DOGE,0.1723,5632761351.0
2025-04-30,ETH,1793.7754,8256570.0
2025-04-30,SOL,147.6432,20437601.0
2025-04-30,XRP,2.1916,1684329286.0
2025-05-01,ADA,0.7054,853527213.0
2025-05-01,BNB,599.9182,2343735.0
2025-05-01,BTC,96492.3359,340710.0
2025-05-01,DOGE,0.1808,5632784760.0
2025-05-01,ETH,1839.2216,8623998.0
2025-05-01,SOL,150.8466,21376297.0
2025-05-01,XRP,2.2142,1003109225.0
2025-05-02,ADA,0.698,988700935.0
2025-05-02,BNB,601.1642,2403368.0
2025-05-02,BTC,96910.0703,272644.0
2025-05-02,DOGE,0.1816,5552545044.0
2025-05-02,ETH,1842.7079,7364256.0
2025-05-02,SOL,148.05,19074433.0
2025-05-02,XRP,2.2098,972216526.0
2025-05-03,ADA,0.701,1111113811.0
2025-05-03,BNB,599.3314,2038797.0
2025-05-03,BTC,95891.7969,164510.0
2025-05-03,DOGE,0.1758,3287142736.0
2025-05-03,ETH,1833.8397,4550263.0
2025-05-03,SOL,146.7961,10677502.0
2025-05-03,XRP,2.1884,652425118.0
2025-05-04,ADA,0.6767,1040621075.0
2025-05-04,BNB,585.9951,2229712.0
2025-05-04,BTC,94315.9766,192954.0
2025-05-04,DOGE,0.1706,3671527092.0
2025-05-04,ETH,1808.5942,4931443.0
2025-05-04,SOL,143.9831,11368251.0
2025-05-04,XRP,2.1578,744591868.0
2025-05-05,ADA,0.663,1054564975.0
2025-05-05,BNB,597.6898,2452683.0
2025-05-05,BTC,94748.0547,272473.0
2025-05-05,DOGE,0.1706,4042431725.0
2025-05-05,ETH,1819.6975,6258917.0
2025-05-05,SOL,146.6966,15262658.0
2025-05-05,XRP,2.1356,1179447408.0
2025-05-06,ADA,0.6784,873793161.0
2025-05-06,BNB,602.4739,2646176.0
2025-05-06,BTC,96802.4766,274283.0
2025-05-06,DOGE,0.1721,4829424789.0
2025-05-06,ETH,1815.0875,7275967.0
2025-05-06,SOL,146.7664,18592000.0
2025-05-06,XRP,2.1554,1140688839.0
2025-05-07,ADA,0.6712,917211954.0
2025-05-07,BNB,603.2797,2547746.0
2025-05-07,BTC,97032.3203,793383.0
2025-05-07,DOGE,0.172,3937331578.0
2025-05-07,ETH,1811.6067,27898304.0
2025-05-07,SOL,147.2137,29323902.0
2025-05-07,XRP,2.1262,1791274747.0
2025-05-08,ADA,0.7666,1764284568.0
2025-05-08,BNB,628.6635,3278927.0
2025-05-08,BTC,103241.4609,677009.0
2025-05-08,DOGE,0.1976,9837002988.0
2025-05-08,ETH,2206.5146,17120777.0
2025-05-08,SOL,163.9608,38868379.0
2025-05-08,XRP,2.3232,2029301793.0
2025-05-09,ADA,0.7777,1922466868.0
2025-05-09,BNB,666.8785,3626280.0
2025-05-09,BTC,102970.8516,565195.0
2025-05-09,DOGE,0.2053,11630284887.0
2025-05-09,ETH,2345.5073,18659514.0
2025-05-09,SOL,172.8283,43119790.0
2025-05-09,XRP,2.3447,2555527285.0
2025-05-10,ADA,0.8413,1704945309.0
2025-05-10,BNB,663.6172,3439352.0
2025-05-10,BTC,104696.3281,403803.0
2025-05-10,DOGE,0.2487,13023482849.0
2025-05-10,ETH,2582.4226,11719969.0
2025-05-10,SOL,177.6218,22590006.0
2025-05-10,XRP,2.472,1768998116.0
2025-05-11,ADA,0.805,1357378046.0
2025-05-11,BNB,650.6254,2930412.0
2025-05-11,BTC,104106.3594,444598.0
2025-05-11,DOGE,0.2315,15196775370.0
2025-05-11,ETH,2510.2378,10555322.0
2025-05-11,SOL,173.0265,23264503.0
2025-05-11,XRP,2.3665,1675747335.0
2025-05-12,ADA,0.8176,2462417072.0
2025-05-12,BNB,660.4843,3951145.0
2025-05-12,BTC,102812.9531,615199.0
2025-05-12,DOGE,0.231,20037471333.0
2025-05-12,ETH,2496.3977,12867284.0
2025-05-12,SOL,174.2479,39833776.0
2025-05-12,XRP,2.5446,4170779193.0
2025-05-13,ADA,0.8316,1594150337.0
2025-05-13,BNB,665.5706,3168427.0
2025-05-13,BTC,104169.8125,505030.0
2025-05-13,DOGE,0.2412,11335166526.0
2025-05-13,ETH,2680.1296,12510119.0
2025-05-13,SOL,184.0063,28097747.0
2025-05-13,XRP,2.5865,2387939313.0
2025-05-14,ADA,0.7995,1437222029.0
2025-05-14,BNB,652.571,2875817.0
2025-05-14,BTC,103539.4141,443851.0
2025-05-14,DOGE,0.2328,9663869524.0
2025-05-14,ETH,2610.0632,10192349.0
2025-05-14,SOL,176.7092,26092991.0
2025-05-14,XRP,2.5527,1941348770.0
2025-05-15,ADA,0.7612,1684877226.0
2025-05-15,BNB,651.2642,2899680.0
2025-05-15,BTC,103744.6406,485888.0
2025-05-15,DOGE,0.2192,11303867411.0
2025-05-15,ETH,2546.8569,10459044.0
2025-05-15,SOL,169.01,25723851.0
2025-05-15,XRP,2.3804,2257747748.0
2025-05-16,ADA,0.7593,1003548188.0
2025-05-16,BNB,646.3214,2528844.0
2025-05-16,BTC,103489.2891,428899.0
2025-05-16,DOGE,0.2213,7951593362.0
2025-05-16,ETH,2536.2976,8397637.0
2025-05-16,SOL,167.334,20889820.0
2025-05-16,XRP,2.381,1592934038.0
2025-05-17,ADA,0.7424,1312744308.0
2025-05-17,BNB,639.6189,2266527.0
2025-05-17,BTC,103191.0859,367266.0
2025-05-17,DOGE,0.2147,6984959063.0
2025-05-17,ETH,2475.7544,7606048.0
2025-05-17,SOL,165.9308,16775766.0
2025-05-17,XRP,2.3544,1283708674.0
2025-05-18,ADA,0.7606,1236493417.0
2025-05-18,BNB,652.1643,2441699.0
2025-05-18,BTC,106446.0078,468661.0
2025-05-18,DOGE,0.2342,10078524552.0
2025-05-18,ETH,2498.2336,10009138.0
2025-05-18,SOL,173.8987,22231865.0
2025-05-18,XRP,2.4342,1209253168.0
2025-05-19,ADA,0.7431,1171109167.0
2025-05-19,BNB,649.8529,2454761.0
2025-05-19,BTC,105606.1797,584825.0
2025-05-19,DOGE,0.2244,9456404257.0
2025-05-19,ETH,2529.1667,10814365.0
2025-05-19,SOL,166.8642,26959722.0
2025-05-19,XRP,2.3814,1568810141.0
2025-05-20,ADA,0.7457,962858485.0
2025-05-20,BNB,650.3308,2325948.0
2025-05-20,BTC,106791.0859,341936.0
2025-05-20,DOGE,0.2261,8030433027.0
2025-05-20,ETH,2524.1731,9291487.0
2025-05-20,SOL,168.4837,22477232.0
2025-05-20,XRP,2.3568,1269108606.0
2025-05-21,ADA,0.7707,1437514787.0
2025-05-21,BNB,673.1486,3531900.0
2025-05-21,BTC,109678.0781,711960.0
2025-05-21,DOGE,0.2341,12019435404.0
2025-05-21,ETH,2552.3472,12519027.0
2025-05-21,SOL,173.6817,30256343.0
2025-05-21,XRP,2.3989,1599859459.0
2025-05-22,ADA,0.8081,1311835610.0
2025-05-22,BNB,686.2357,3276249.0
2025-05-22,BTC,111673.2812,628240.0
2025-05-22,DOGE,0.245,11178810486.0
2025-05-22,ETH,2664.157,9983262.0
2025-05-22,SOL,179.6909,27343796.0
2025-05-22,XRP,2.4298,1399051914.0
2025-05-23,ADA,0.7464,1927742714.0
2025-05-23,BNB,656.2317,3041811.0
2025-05-23,BTC,107287.7969,629598.0
2025-05-23,DOGE,0.2248,15418044391.0
2025-05-23,ETH,2526.4419,12086762.0
2025-05-23,SOL,173.8254,43079162.0
2025-05-23,XRP,2.2943,1915476558.0
2025-05-24,ADA,0.7472,811096525.0
2025-05-24,BNB,668.3065,2208060.0
2025-05-24,BTC,107791.1562,425857.0
2025-05-24,DOGE,0.2253,5430844642.0
2025-05-24,ETH,2530.6462,4497231.0
2025-05-24,SOL,176.0424,17057243.0
2025-05-24,XRP,2.3329,641504909.0
2025-05-25,ADA,0.76,875782655.0
2025-05-25,BNB,669.9169,2375150.0
2025-05-25,BTC,109035.3906,435804.0
2025-05-25,DOGE,0.225,6795852307.0
2025-05-25,ETH,2551.7639,5704459.0
2025-05-25,SOL,175.7255,19321668.0
2025-05-25,XRP,2.343,903690910.0
2025-05-26,ADA,0.7596,853420677.0
2025-05-26,BNB,674.3926,2325986.0
2025-05-26,BTC,109440.3672,419868.0
2025-05-26,DOGE,0.226,5185382904.0
2025-05-26,ETH,2564.1384,5825196.0
2025-05-26,SOL,174.9079,16425207.0
2025-05-26,XRP,2.3107,835552353.0
2025-05-27,ADA,0.7587,932109820.0
2025-05-27,BNB,687.1595,2938372.0
2025-05-27,BTC,108994.6406,527092.0
2025-05-27,DOGE,0.2262,6216969548.0
2025-05-27,ETH,2663.0698,9862378.0
2025-05-27,SOL,176.8152,21135452.0
2025-05-27,XRP,2.3187,1023774532.0
2025-05-28,ADA,0.7469,799779968.0
2025-05-28,BNB,687.4055,2560242.0
2025-05-28,BTC,107802.3281,455977.0
2025-05-28,DOGE,0.2208,5451840522.0
2025-05-28,ETH,2682.2129,7116276.0
2025-05-28,SOL,172.1896,20062771.0
2025-05-28,XRP,2.2743,1043713584.0
2025-05-29,ADA,0.7223,999935644.0
2025-05-29,BNB,675.1722,2870762.0
2025-05-29,BTC,105641.7578,530309.0
2025-05-29,DOGE,0.2148,7270409004.0
2025-05-29,ETH,2632.6548,10471361.0
2025-05-29,SOL,166.5882,20892058.0
2025-05-29,XRP,2.2442,1098659813.0
2025-05-30,ADA,0.6893,1492700666.0
2025-05-30,BNB,655.4822,2905308.0
2025-05-30,BTC,103998.5703,554385.0
2025-05-30,DOGE,0.1934,12753287398.0
2025-05-30,ETH,2529.9436,9723301.0
2025-05-30,SOL,156.2347,28539804.0
2025-05-30,XRP,2.1386,1819754371.0
2025-05-31,ADA,0.6861,1184603227.0
2025-05-31,BNB,658.5013,2245402.0
2025-05-31,BTC,104638.0938,372693.0
2025-05-31,DOGE,0.1926,7941804613.0
2025-05-31,ETH,2529.0874,5532764.0
2025-05-31,SOL,156.6389,17985000.0
2025-05-31,XRP,2.1751,1234404754.0
2025-06-01,ADA,0.685,878056731.0
2025-06-01,BNB,660.9918,2221981.0
2025-06-01,BTC,105652.1016,353964.0
2025-06-01,DOGE,0.1936,4850853680.0
2025-06-01,ETH,2536.2664,5239139.0
2025-06-01,SOL,157.7845,16190260.0
2025-06-01,XRP,2.1792,809298924.0
2025-06-02,ADA,0.6897,934804698.0
2025-06-02,BNB,666.5908,2674114.0
2025-06-02,BTC,105881.5312,432745.0
2025-06-02,DOGE,0.1954,5155456759.0
2025-06-02,ETH,2607.0974,6422533.0
2025-06-02,SOL,156.9981,19558202.0
2025-06-02,XRP,2.1978,978510940.0
2025-06-03,ADA,0.6846,824422578.0
2025-06-03,BNB,661.6989,2563885.0
2025-06-03,BTC,105432.4688,438162.0
2025-06-03,DOGE,0.1931,5501785182.0
2025-06-03,ETH,2593.2803,7053298.0
2025-06-03,SOL,155.3432,24074443.0
2025-06-03,XRP,2.2468,1125417416.0
2025-06-04,ADA,0.6659,806751200.0
2025-06-04,BNB,663.7063,2352409.0
2025-06-04,BTC,104731.9844,425322.0
2025-06-04,DOGE,0.1882,4139781884.0
2025-06-04,ETH,2608.6431,7138275.0
2025-06-04,SOL,153.3596,17569880.0
2025-06-04,XRP,2.2023,912739221.0
2025-06-05,ADA,0.6276,1408815267.0
2025-06-05,BNB,634.0536,3135226.0
2025-06-05,BTC,101575.9531,565875.0
2025-06-05,DOGE,0.1716,10014796930.0
2025-06-05,ETH,2416.2856,10840797.0
2025-06-05,SOL,144.543,32455155.0
2025-06-05,XRP,2.0976,1565333492.0
2025-06-06,ADA,0.6564,982558643.0
2025-06-06,BNB,643.4342,2686872.0
2025-06-06,BTC,104390.3438,468019.0
2025-06-06,DOGE,0.179,6970834224.0
2025-06-06,ETH,2477.1948,7834446.0
2025-06-06,SOL,147.9131,18795955.0
2025-06-06,XRP,2.1624,998992184.0
2025-06-07,ADA,0.665,577999385.0
2025-06-07,BNB,651.1505,2254486.0
2025-06-07,BTC,105615.625,363251.0
2025-06-07,DOGE,0.1852,4516248270.0
2025-06-07,ETH,2526.5054,4616774.0
2025-06-07,SOL,150.1341,12628575.0
2025-06-07,XRP,2.1785,562753669.0
2025-06-08,ADA,0.6699,747211453.0
2025-06-08,BNB,652.1478,2123863.0
2025-06-08,BTC,105793.6484,346204.0
2025-06-08,DOGE,0.1842,3746060309.0
2025-06-08,ETH,2510.7871,4818079.0
2025-06-08,SOL,152.4301,12650141.0
2025-06-08,XRP,2.2655,1177778792.0
2025-06-09,ADA,0.7051,884917241.0
2025-06-09,BNB,665.954,2447245.0
2025-06-09,BTC,110294.1016,506856.0
2025-06-09,DOGE,0.1949,6041397330.0
2025-06-09,ETH,2681.5171,7684147.0
2025-06-09,SOL,161.0887,22901067.0
2025-06-09,XRP,2.3204,1239545556.0
2025-06-10,ADA,0.7159,1193484850.0
2025-06-10,BNB,673.6105,2746004.0
2025-06-10,BTC,110257.2344,496113.0
2025-06-10,DOGE,0.1983,7061720166.0
2025-06-10,ETH,2813.5176,12637474.0
2025-06-10,SOL,165.0282,29638022.0
2025-06-10,XRP,2.3053,1194535067.0
2025-06-11,ADA,0.6982,1091858142.0
2025-06-11,BNB,667.6691,2663990.0
2025-06-11,BTC,108686.625,467791.0
2025-06-11,DOGE,0.193,8447707870.0
2025-06-11,ETH,2773.5293,11070879.0
2025-06-11,SOL,161.0559,32862479.0
2025-06-11,XRP,2.2709,1328338551.0
2025-06-12,ADA,0.6638,1044398264.0
2025-06-12,BNB,656.2438,2583591.0
2025-06-12,BTC,105929.0547,517742.0
2025-06-12,DOGE,0.1815,6911596477.0
2025-06-12,ETH,2651.7952,9776381.0
2025-06-12,SOL,152.7897,23926750.0
2025-06-12,XRP,2.1948,1211483616.0
2025-06-13,ADA,0.6421,1645822796.0
2025-06-13,BNB,655.2557,2998155.0
2025-06-13,BTC,106090.9688,655574.0
2025-06-13,DOGE,0.1804,10441796062.0
2025-06-13,ETH,2579.4861,14726479.0
2025-06-13,SOL,148.6284,42699303.0
2025-06-13,XRP,2.149,2070173902.0
2025-06-14,ADA,0.6249,661930984.0
2025-06-14,BNB,645.9128,2070751.0
2025-06-14,BTC,105472.4062,360358.0
2025-06-14,DOGE,0.1785,4358140968.0
2025-06-14,ETH,2533.4441,5638569.0
2025-06-14,SOL,144.7637,14914037.0
2025-06-14,XRP,2.1414,934481671.0
2025-06-15,ADA,0.6338,557344838.0
2025-06-15,BNB,648.2808,2086491.0
2025-06-15,BTC,105552.0234,348116.0
2025-06-15,DOGE,0.1757,4326376509.0
2025-06-15,ETH,2546.8372,5482052.0
2025-06-15,SOL,152.8144,23558371.0
2025-06-15,XRP,2.1672,704968463.0
2025-06-16,ADA,0.6316,1071123889.0
2025-06-16,BNB,650.9617,2439565.0
2025-06-16,BTC,106796.7578,471612.0
2025-06-16,DOGE,0.1727,6975051581.0
2025-06-16,ETH,2540.605,8971269.0
2025-06-16,SOL,150.87,30684960.0
2025-06-16,XRP,2.2418,2089913943.0
2025-06-17,ADA,0.6104,1174131729.0
2025-06-17,BNB,648.5108,2750978.0
2025-06-17,BTC,104601.1172,535024.0
2025-06-17,DOGE,0.1697,7503340127.0
2025-06-17,ETH,2510.7615,10217312.0
2025-06-17,SOL,147.7498,30495763.0
2025-06-17,XRP,2.1607,1835129398.0
2025-06-18,ADA,0.6034,1195254902.0
2025-06-18,BNB,644.8068,2585832.0
2025-06-18,BTC,104883.3281,451150.0
2025-06-18,DOGE,0.1706,5687133568.0
2025-06-18,ETH,2524.3015,7873052.0
2025-06-18,SOL,146.3531,23964801.0
2025-06-18,XRP,2.1697,1290896716.0
2025-06-19,ADA,0.6021,785414579.0
2025-06-19,BNB,644.6807,2132812.0
2025-06-19,BTC,104684.2891,356632.0
2025-06-19,DOGE,0.171,3170905082.0
2025-06-19,ETH,2521.6536,5069186.0
2025-06-19,SOL,147.0715,18732152.0
2025-06-19,XRP,2.1659,812009641.0
2025-06-20,ADA,0.5773,1314751247.0
2025-06-20,BNB,641.7844,2515052.0
2025-06-20,BTC,103309.6016,493196.0
2025-06-20,DOGE,0.1625,6765309830.0
2025-06-20,ETH,2407.3042,9385015.0
2025-06-20,SOL,140.1686,29337827.0
2025-06-20,XRP,2.1203,1238795286.0
2025-06-21,ADA,0.5543,1238203115.0
2025-06-21,BNB,628.7479,2364733.0
2025-06-21,BTC,102257.4062,375137.0
2025-06-21,DOGE,0.1542,5274678798.0
2025-06-21,ETH,2300.4956,7002314.0
2025-06-21,SOL,135.161,24678884.0
2025-06-21,XRP,2.0576,1193273641.0
2025-06-22,ADA,0.541,2159495866.0
2025-06-22,BNB,615.9946,3077241.0
2025-06-22,BTC,100987.1406,648964.0
2025-06-22,DOGE,0.1513,12171119081.0
2025-06-22,ETH,2228.2131,12771737.0
2025-06-22,SOL,131.6157,37915574.0
2025-06-22,XRP,2.014,2536239739.0
2025-06-23,ADA,0.5833,1783525312.0
2025-06-23,BNB,641.2962,2781414.0
2025-06-23,BTC,105577.7734,617912.0
2025-06-23,DOGE,0.1644,8193404088.0
2025-06-23,ETH,2421.825,10837876.0
2025-06-23,SOL,144.8467,39647018.0
2025-06-23,XRP,2.1663,2109030818.0
2025-06-24,ADA,0.5874,1359518966.0
2025-06-24,BNB,643.7372,2328233.0
2025-06-24,BTC,106045.6328,460396.0
2025-06-24,DOGE,0.1657,6470071727.0
2025-06-24,ETH,2448.0088,7981608.0
2025-06-24,SOL,145.9545,25418186.0
2025-06-24,XRP,2.1908,1631356237.0
2025-06-25,ADA,0.5671,1095075238.0
2025-06-25,BNB,645.9232,2560176.0
2025-06-25,BTC,107361.2578,480845.0
2025-06-25,DOGE,0.1646,5099736697.0
2025-06-25,ETH,2419.3103,7092153.0
2025-06-25,SOL,143.5051,21572710.0
2025-06-25,XRP,2.1859,1204486347.0
2025-06-26,ADA,0.554,1088114786.0
2025-06-26,BNB,642.4142,2240677.0
2025-06-26,BTC,106960.0,410359.0
2025-06-26,DOGE,0.16,5729326158.0
2025-06-26,ETH,2416.1467,7574215.0
2025-06-26,SOL,139.0599,25031178.0
2025-06-26,XRP,2.1059,1444841038.0
2025-06-27,ADA,0.5588,884926173.0
2025-06-27,BNB,646.1536,2102050.0
2025-06-27,BTC,107088.4297,423516.0
2025-06-27,DOGE,0.1611,3963099448.0
2025-06-27,ETH,2423.8669,6316285.0
2025-06-27,SOL,142.1915,23399193.0
2025-06-27,XRP,2.1426,1434038221.0
2025-06-28,ADA,0.5657,651655992.0
2025-06-28,BNB,648.7504,1827538.0
2025-06-28,BTC,107327.7031,279869.0
2025-06-28,DOGE,0.1637,2447214574.0
2025-06-28,ETH,2437.1094,3394626.0
2025-06-28,SOL,150.8276,18879144.0
2025-06-28,XRP,2.186,936533320.0
2025-06-29,ADA,0.5781,1009237832.0
2025-06-29,BNB,655.0362,1960914.0
2025-06-29,BTC,108385.5703,327856.0
2025-06-29,DOGE,0.1696,3207027539.0
2025-06-29,ETH,2500.96,4998313.0
2025-06-29,SOL,153.3531,16060585.0
2025-06-29,XRP,2.2071,691310540.0
2025-06-30,ADA,0.5721,1305401250.0
2025-06-30,BNB,657.0253,2263743.0
2025-06-30,BTC,107135.3359,392632.0
2025-06-30,DOGE,0.1651,5075056085.0
2025-06-30,ETH,2486.4644,6780603.0
2025-06-30,SOL,154.7353,30711563.0
2025-06-30,XRP,2.2387,1692205682.0
2025-07-01,ADA,0.5422,1318154027.0
2025-07-01,BNB,646.3979,2139196.0
2025-07-01,BTC,105698.2812,417326.0
2025-07-01,DOGE,0.1578,4358241636.0
2025-07-01,ETH,2405.7927,6245530.0
2025-07-01,SOL,146.9266,24498046.0
2025-07-01,XRP,2.1722,1467670213.0
2025-07-02,ADA,0.5841,1698037091.0
2025-07-02,BNB,660.0573,2388330.0
2025-07-02,BTC,108859.3203,516710.0
2025-07-02,DOGE,0.1687,6822358159.0
2025-07-02,ETH,2571.3354,8864076.0
2025-07-02,SOL,152.2276,25895116.0
2025-07-02,XRP,2.2338,1724596404.0
2025-07-03,ADA,0.5991,1301796624.0
2025-07-03,BNB,663.3231,2280214.0
2025-07-03,BTC,109647.9766,460517.0
2025-07-03,DOGE,0.172,7441998322.0
2025-07-03,ETH,2591.0073,8056156.0
2025-07-03,SOL,152.4018,24594383.0
2025-07-03,XRP,2.2577,1645917529.0
2025-07-04,ADA,0.5729,1026387584.0
2025-07-04,BNB,653.7395,2110648.0
2025-07-04,BTC,108034.3359,394471.0
2025-07-04,DOGE,0.1629,6173407436.0
2025-07-04,ETH,2508.5183,6865702.0
2025-07-04,SOL,147.7636,24198383.0
2025-07-04,XRP,2.2211,938915438.0
2025-07-05,ADA,0.5759,549481883.0
2025-07-05,BNB,656.1429,1818551.0
2025-07-05,BTC,108231.1797,282872.0
2025-07-05,DOGE,0.1643,2708581392.0
2025-07-05,ETH,2517.28,3690246.0
2025-07-05,SOL,147.6414,10700754.0
2025-07-05,XRP,2.2185,530108282.0
2025-07-06,ADA,0.586,703359885.0
2025-07-06,BNB,663.089,2092631.0
2025-07-06,BTC,109232.0703,336403.0
2025-07-06,DOGE,0.172,6352120678.0
2025-07-06,ETH,2571.2366,5129997.0
2025-07-06,SOL,151.8729,19236557.0
2025-07-06,XRP,2.2725,1097662036.0
2025-07-07,ADA,0.5802,1041353324.0
2025-07-07,BNB,661.0182,2306914.0
2025-07-07,BTC,108299.8516,419351.0
2025-07-07,DOGE,0.168,7374437871.0
2025-07-07,ETH,2543.0132,7251345.0
2025-07-07,SOL,148.8723,24593515.0
2025-07-07,XRP,2.2741,1955677900.0
2025-07-08,ADA,0.5885,927555332.0
2025-07-08,BNB,660.7629,2296751.0
2025-07-08,BTC,108950.2734,406444.0
2025-07-08,DOGE,0.171,4983794041.0
2025-07-08,ETH,2615.5059,6705199.0
2025-07-08,SOL,151.8104,25593827.0
2025-07-08,XRP,2.3112,1339967217.0
2025-07-09,ADA,0.6235,1642487172.0
2025-07-09,BNB,669.1525,2491228.0
2025-07-09,BTC,111326.5547,520338.0
2025-07-09,DOGE,0.1808,9167502546.0
2025-07-09,ETH,2770.7776,9827369.0
2025-07-09,SOL,157.2815,30260125.0
2025-07-09,XRP,2.4056,2118331504.0
2025-07-10,ADA,0.6766,1733114321.0
2025-07-10,BNB,685.6607,2951264.0
2025-07-10,BTC,115987.2031,826915.0
2025-07-10,DOGE,0.1948,8939316226.0
2025-07-10,ETH,2954.8452,11482565.0
2025-07-10,SOL,164.0628,34762623.0
2025-07-10,XRP,2.5467,2375555989.0
2025-07-11,ADA,0.7105,4039109080.0
2025-07-11,BNB,689.8734,3373868.0
2025-07-11,BTC,117516.9922,739709.0
2025-07-11,DOGE,0.2012,19181222574.0
2025-07-11,ETH,2957.8862,12247448.0
2025-07-11,SOL,162.8834,43563955.0
2025-07-11,XRP,2.7349,5773266555.0
2025-07-12,ADA,0.7083,1873722615.0
2025-07-12,BNB,685.7779,2501279.0
2025-07-12,BTC,117435.2266,387657.0
2025-07-12,DOGE,0.1973,8337541857.0
2025-07-12,ETH,2942.9116,5544576.0
2025-07-12,SOL,160.6848,23619512.0
2025-07-12,XRP,2.7376,3158606579.0
2025-07-13,ADA,0.7373,2115961065.0
2025-07-13,BNB,692.2304,2357024.0
2025-07-13,BTC,119116.1172,411540.0
2025-07-13,DOGE,0.1986,7355978671.0
2025-07-13,ETH,2973.3589,5839104.0
2025-07-13,SOL,161.194,23982892.0
2025-07-13,XRP,2.8359,2524666128.0
2025-07-14,ADA,0.7343,2444218077.0
2025-07-14,BNB,689.4167,3426486.0
2025-07-14,BTC,119849.7031,1516453.0
2025-07-14,DOGE,0.1974,13385375765.0
2025-07-14,ETH,3013.3508,12062748.0
2025-07-14,SOL,162.2752,43941895.0
2025-07-14,XRP,2.955,4193995817.0
2025-07-15,ADA,0.7468,2039346410.0
2025-07-15,BNB,689.9211,3141232.0
2025-07-15,BTC,117777.1875,834811.0
2025-07-15,DOGE,0.1992,10587080886.0
2025-07-15,ETH,3139.8896,12425168.0
2025-07-15,SOL,163.9504,39850377.0
2025-07-15,XRP,2.919,3042101985.0
2025-07-16,ADA,0.7645,2008335937.0
2025-07-16,BNB,708.1261,3246102.0
2025-07-16,BTC,118738.5078,607739.0
2025-07-16,DOGE,0.2127,13469006991.0
2025-07-16,ETH,3371.5068,13872537.0
2025-07-16,SOL,173.7085,48445244.0
2025-07-16,XRP,3.0414,2921270126.0
2025-07-17,ADA,0.8238,3213867607.0
2025-07-17,BNB,721.212,3990063.0
2025-07-17,BTC,119289.8438,606622.0
2025-07-17,DOGE,0.218,16164966002.0
2025-07-17,ETH,3476.7844,13671497.0
2025-07-17,SOL,175.793,45014584.0
2025-07-17,XRP,3.4951,5467560941.0
2025-07-18,ADA,0.8159,3748716990.0
2025-07-18,BNB,730.2164,4666265.0
2025-07-18,BTC,118003.2266,660540.0
2025-07-18,DOGE,0.2361,29261767039.0
2025-07-18,ETH,3549.0164,16680246.0
2025-07-18,SOL,177.382,47577281.0
2025-07-18,XRP,3.4182,5332168943.0
2025-07-19,ADA,0.8303,1261586431.0
2025-07-19,BNB,733.5291,2818826.0
2025-07-19,BTC,117939.9766,403295.0
2025-07-19,DOGE,0.2415,17709362686.0
2025-07-19,ETH,3595.2737,7240539.0
2025-07-19,SOL,177.0701,23012868.0
2025-07-19,XRP,3.4294,1962015837.0
2025-07-20,ADA,0.8587,2039506006.0
2025-07-20,BNB,757.7399,3105623.0
2025-07-20,BTC,117300.7891,490324.0
2025-07-20,DOGE,0.2729,22269405078.0
2025-07-20,ETH,3759.4714,11863490.0
2025-07-20,SOL,181.546,35824403.0
2025-07-20,XRP,3.4595,2533109788.0
2025-07-21,ADA,0.8904,2801375522.0
2025-07-21,BNB,766.7839,3620618.0
2025-07-21,BTC,117439.5391,594519.0
2025-07-21,DOGE,0.2717,22557926159.0
2025-07-21,ETH,3763.3713,11322685.0
2025-07-21,SOL,195.9943,57203256.0
2025-07-21,XRP,3.5558,2675927335.0
2025-07-22,ADA,0.9029,2322979060.0
2025-07-22,BNB,786.1412,3828134.0
2025-07-22,BTC,119995.4141,660172.0
2025-07-22,DOGE,0.2704,16270350147.0
2025-07-22,ETH,3749.1455,12069115.0
2025-07-22,SOL,205.7005,70533187.0
2025-07-22,XRP,3.5517,2513543262.0
2025-07-23,ADA,0.8162,2415291516.0
2025-07-23,BNB,776.6404,5134209.0
2025-07-23,BTC,118754.9609,560891.0
2025-07-23,DOGE,0.2406,18377229232.0
2025-07-23,ETH,3629.7036,11373719.0
2025-07-23,SOL,189.5429,56300445.0
2025-07-23,XRP,3.1849,4227236221.0
2025-07-24,ADA,0.8056,2596778289.0
2025-07-24,BNB,771.24,3674171.0
2025-07-24,BTC,118368.0,613572.0
2025-07-24,DOGE,0.232,18303000115.0
2025-07-24,ETH,3708.0056,10889401.0
2025-07-24,SOL,182.6061,48858683.0
2025-07-24,XRP,3.1439,3944648062.0
2025-07-25,ADA,0.8161,1774565635.0
2025-07-25,BNB,785.6064,3228139.0
2025-07-25,BTC,117635.8828,891369.0
2025-07-25,DOGE,0.2368,14788638766.0
2025-07-25,ETH,3727.2668,11339277.0
2025-07-25,SOL,186.7797,46116141.0
2025-07-25,XRP,3.1417,2772110971.0
2025-07-26,ADA,0.8198,1060315888.0
2025-07-26,BNB,793.2826,2219271.0
2025-07-26,BTC,117947.3672,411276.0
2025-07-26,DOGE,0.2355,6366798804.0
2025-07-26,ETH,3741.396,6584517.0
2025-07-26,SOL,184.9139,20313152.0
2025-07-26,XRP,3.1675,1299741074.0
2025-07-27,ADA,0.832,1164967449.0
2025-07-27,BNB,843.262,3456175.0
2025-07-27,BTC,119448.4922,457799.0
2025-07-27,DOGE,0.2408,8203402756.0
2025-07-27,ETH,3875.2466,7456932.0
2025-07-27,SOL,188.7335,24973616.0
2025-07-27,XRP,3.2413,1550785725.0
2025-07-28,ADA,0.7909,1642103441.0
2025-07-28,BNB,822.0186,4195052.0
2025-07-28,BTC,117924.4766,549699.0
2025-07-28,DOGE,0.2252,12878858434.0
2025-07-28,ETH,3787.4258,9460604.0
2025-07-28,SOL,182.5416,40846677.0
2025-07-28,XRP,3.1158,2586958283.0
2025-07-29,ADA,0.7825,1261129191.0
2025-07-29,BNB,804.8989,3848068.0
2025-07-29,BTC,117922.1484,580579.0
2025-07-29,DOGE,0.2238,9918886843.0
2025-07-29,ETH,3793.4548,9368883.0
2025-07-29,SOL,181.3353,29946207.0
2025-07-29,XRP,3.1284,1989677312.0
2025-07-30,ADA,0.7634,1547018559.0
2025-07-30,BNB,793.1448,3576322.0
2025-07-30,BTC,117831.1875,584702.0
2025-07-30,DOGE,0.2199,10440426513.0
2025-07-30,ETH,3808.2017,9031164.0
2025-07-30,SOL,177.694,34186658.0
2025-07-30,XRP,3.0984,2106099216.0
2025-07-31,ADA,0.7401,1320217614.0
2025-07-31,BNB,783.6668,3293667.0
2025-07-31,BTC,115758.2031,599269.0
2025-07-31,DOGE,0.2099,8458080979.0
2025-07-31,ETH,3696.7078,8883537.0
2025-07-31,SOL,172.4243,31570542.0
2025-07-31,XRP,3.0252,1794938289.0
2025-08-01,ADA,0.7157,2056134414.0
2025-08-01,BNB,757.1866,4043089.0
2025-08-01,BTC,113320.0859,805634.0
2025-08-01,DOGE,0.2012,16897373817.0
2025-08-01,ETH,3488.366,13261670.0
2025-08-01,SOL,162.8771,50346904.0
2025-08-01,XRP,2.9646,3203414504.0
2025-08-02,ADA,0.6977,1320945657.0
2025-08-02,BNB,736.6464,2961211.0
2025-08-02,BTC,112526.9141,505398.0
2025-08-02,DOGE,0.1912,11518928860.0
2025-08-02,ETH,3392.7412,8891060.0
2025-08-02,SOL,158.483,28110646.0
2025-08-02,XRP,2.7664,2460604171.0
2025-08-03,ADA,0.727,1042003966.0
2025-08-03,BNB,751.561,2343797.0
2025-08-03,BTC,114217.6719,421122.0
2025-08-03,DOGE,0.1989,6958627607.0
2025-08-03,ETH,3497.3792,5536601.0
2025-08-03,SOL,161.955,22861677.0
2025-08-03,XRP,2.9495,1862435792.0
2025-08-04,ADA,0.7548,1183743333.0
2025-08-04,BNB,769.0591,2523339.0
2025-08-04,BTC,115071.8828,310962.0
2025-08-04,DOGE,0.2104,8595955931.0
2025-08-04,ETH,3718.9861,8310262.0
2025-08-04,SOL,169.4257,29381078.0
2025-08-04,XRP,3.0728,1986932204.0
2025-08-05,ADA,0.726,1302151362.0
2025-08-05,BNB,754.851,2584776.0
2025-08-05,BTC,114141.4453,534768.0
2025-08-05,DOGE,0.1997,8040791199.0
2025-08-05,ETH,3611.8994,9075209.0
2025-08-05,SOL,164.0964,30343767.0
2025-08-05,XRP,2.9637,1944081587.0
2025-08-06,ADA,0.7418,998316964.0
2025-08-06,BNB,769.8478,2557794.0
2025-08-06,BTC,115028.0,490134.0
2025-08-06,DOGE,0.2053,6203074902.0
2025-08-06,ETH,3683.9207,7308631.0
2025-08-06,SOL,168.1757,22901902.0
2025-08-06,XRP,2.9919,1568986125.0
2025-08-07,ADA,0.7864,1355732592.0
2025-08-07,BNB,788.1964,2743214.0
2025-08-07,BTC,117496.8984,545135.0
2025-08-07,DOGE,0.2224,9267087929.0
2025-08-07,ETH,3914.3259,9868321.0
2025-08-07,SOL,175.4854,29501055.0
2025-08-07,XRP,3.3182,2433115795.0
2025-08-08,ADA,0.7912,1696425638.0
2025-08-08,BNB,793.4396,3062007.0
2025-08-08,BTC,116688.7266,511729.0
2025-08-08,DOGE,0.2302,12219973868.0
2025-08-08,ETH,4009.8489,11337159.0
2025-08-08,SOL,176.7633,37140129.0
2025-08-08,XRP,3.2871,3263018085.0
2025-08-09,ADA,0.804,1273546568.0
2025-08-09,BNB,799.0867,2772094.0
2025-08-09,BTC,116500.3594,463555.0
2025-08-09,DOGE,0.2403,13181783019.0
2025-08-09,ETH,4263.5991,10620069.0
2025-08-09,SOL,180.1823,29401411.0
2025-08-09,XRP,3.2279,1781739452.0
2025-08-10,ADA,0.8023,1346773252.0
2025-08-10,BNB,805.8735,2594582.0
2025-08-10,BTC,119306.7578,542764.0
2025-08-10,DOGE,0.2341,9718669910.0
2025-08-10,ETH,4254.2178,8503075.0
2025-08-10,SOL,182.903,36737934.0
2025-08-10,XRP,3.1879,1719230053.0
2025-08-11,ADA,0.774,1826860637.0
2025-08-11,BNB,806.7302,3477859.0
2025-08-11,BTC,118731.4453,762467.0
2025-08-11,DOGE,0.2226,12665287186.0
2025-08-11,ETH,4226.9668,11826413.0
2025-08-11,SOL,174.9778,42027973.0
2025-08-11,XRP,3.1345,2761474721.0
2025-08-12,ADA,0.8412,2359467739.0
2025-08-12,BNB,832.9266,3468755.0
2025-08-12,BTC,120172.9062,605824.0
2025-08-12,DOGE,0.2357,11549814175.0
2025-08-12,ETH,4590.9248,12467464.0
2025-08-12,SOL,191.8568,44885060.0
2025-08-12,XRP,3.2665,2727416602.0
2025-08-13,ADA,0.9059,2600547766.0
2025-08-13,BNB,849.0055,3963048.0
2025-08-13,BTC,123344.0625,737002.0
2025-08-13,DOGE,0.2452,16586099398.0
2025-08-13,ETH,4756.2759,13151048.0
2025-08-13,SOL,201.5904,58690349.0
2025-08-13,XRP,3.2806,2702721346.0
2025-08-14,ADA,0.9254,7096504920.0
2025-08-14,BNB,840.931,5574168.0
2025-08-14,BTC,118359.5781,879148.0
2025-08-14,DOGE,0.2239,24256997161.0
2025-08-14,ETH,4548.1665,16640031.0
2025-08-14,SOL,192.586,76144998.0
2025-08-14,XRP,3.0835,3967790798.0
2025-08-15,ADA,0.9438,3949007532.0
2025-08-15,BNB,827.2892,4645429.0
2025-08-15,BTC,117398.3516,584892.0
2025-08-15,DOGE,0.2286,14366806819.0
2025-08-15,ETH,4439.9888,12487805.0
2025-08-15,SOL,185.7413,41378876.0
2025-08-15,XRP,3.0787,2312429866.0
2025-08-16,ADA,0.9213,2542463351.0
2025-08-16,BNB,839.3981,2335272.0
2025-08-16,BTC,117491.3516,408855.0
2025-08-16,DOGE,0.2312,8704102541.0
2025-08-16,ETH,4426.1802,6058708.0
2025-08-16,SOL,189.767,19581955.0
2025-08-16,XRP,3.1081,1342232261.0
2025-08-17,ADA,0.9619,2277363854.0
2025-08-17,BNB,856.403,2670343.0
2025-08-17,BTC,117453.0625,390387.0
2025-08-17,DOGE,0.2346,9842995544.0
2025-08-17,ETH,4473.2715,7007869.0
2025-08-17,SOL,191.1648,22084545.0
2025-08-17,XRP,3.089,1199578735.0
2025-08-18,ADA,0.9233,2492985231.0
2025-08-18,BNB,847.4179,3262950.0
2025-08-18,BTC,116252.3125,626119.0
2025-08-18,DOGE,0.2224,14482454936.0
2025-08-18,ETH,4312.5049,12410055.0
2025-08-18,SOL,183.0699,34566195.0
2025-08-18,XRP,3.0615,2640073052.0
2025-08-19,ADA,0.845,3317417337.0
2025-08-19,BNB,823.5659,3301250.0
2025-08-19,BTC,112831.1797,635087.0
2025-08-19,DOGE,0.209,14184494566.0
2025-08-19,ETH,4073.4641,12382671.0
2025-08-19,SOL,176.1123,34016005.0
2025-08-19,XRP,2.8529,2463038904.0
2025-08-20,ADA,0.8808,2487186746.0
2025-08-20,BNB,869.1039,4156654.0
2025-08-20,BTC,114274.7422,595003.0
2025-08-20,DOGE,0.2215,15046703946.0
2025-08-20,ETH,4334.5005,11437965.0
2025-08-20,SOL,187.5863,33494511.0
2025-08-20,XRP,2.9507,2374716267.0
2025-08-21,ADA,0.851,1520561714.0
2025-08-21,BNB,839.0408,3395542.0
2025-08-21,BTC,112419.0312,514307.0
2025-08-21,DOGE,0.2147,9994788110.0
2025-08-21,ETH,4223.21,7960381.0
2025-08-21,SOL,180.2806,29837416.0
2025-08-21,XRP,2.8505,1635024658.0
2025-08-22,ADA,0.9299,3048323267.0
2025-08-22,BNB,898.7745,3932064.0
2025-08-22,BTC,116874.0859,706128.0
2025-08-22,DOGE,0.2406,18927637684.0
2025-08-22,ETH,4831.3486,15723461.0
2025-08-22,SOL,200.6474,51116611.0
2025-08-22,XRP,3.0758,3270885169.0
2025-08-23,ADA,0.9131,1627209535.0
2025-08-23,BNB,880.0461,2807414.0
2025-08-23,BTC,115374.3281,479978.0
2025-08-23,DOGE,0.236,11158514424.0
2025-08-23,ETH,4776.0903,7642993.0
2025-08-23,SOL,203.9367,38469750.0
2025-08-23,XRP,3.0462,1546796434.0
2025-08-24,ADA,0.9096,2346171547.0
2025-08-24,BNB,876.0802,3320553.0
2025-08-24,BTC,113458.4297,651882.0
2025-08-24,DOGE,0.2318,13993259836.0
2025-08-24,ETH,4779.6475,10964199.0
2025-08-24,SOL,205.8524,55656330.0
2025-08-24,XRP,3.0259,2119744720.0
2025-08-25,ADA,0.8376,2820124705.0
2025-08-25,BNB,840.1719,3928338.0
2025-08-25,BTC,110124.3516,778273.0
2025-08-25,DOGE,0.2098,17166476450.0
2025-08-25,ETH,4372.9878,14620705.0
2025-08-25,SOL,187.2784,69672985.0
2025-08-25,XRP,2.8613,2602546793.0
2025-08-26,ADA,0.8667,1627029787.0
2025-08-26,BNB,863.6305,3021968.0
2025-08-26,BTC,111802.6562,620704.0
2025-08-26,DOGE,0.2185,10406365816.0
2025-08-26,ETH,4600.4268,11701034.0
2025-08-26,SOL,195.9051,41000033.0
2025-08-26,XRP,3.0122,2328861823.0
2025-08-27,ADA,0.8502,1557031269.0
2025-08-27,BNB,855.6463,2794599.0
2025-08-27,BTC,111222.0625,558676.0
2025-08-27,DOGE,0.2189,10466522815.0
2025-08-27,ETH,4503.3931,9661582.0
2025-08-27,SOL,202.9234,63487609.0
2025-08-27,XRP,2.9666,2243719496.0
2025-08-28,ADA,0.8577,1402422432.0
2025-08-28,BNB,874.366,3138635.0
2025-08-28,BTC,112544.8047,522993.0
2025-08-28,DOGE,0.2243,8472473028.0
2025-08-28,ETH,4507.1777,7997305.0
2025-08-28,SOL,214.4056,56337332.0
2025-08-28,XRP,2.9671,2009129908.0
2025-08-29,ADA,0.8271,2028854177.0
2025-08-29,BNB,863.2766,3028587.0
2025-08-29,BTC,108410.8359,718041.0
2025-08-29,DOGE,0.214,12035346393.0
2025-08-29,ETH,4360.1528,10756502.0
2025-08-29,SOL,205.22,68487727.0
2025-08-29,XRP,2.822,2996201606.0
2025-08-30,ADA,0.8224,967880428.0
2025-08-30,BNB,862.404,2355008.0
2025-08-30,BTC,108808.0703,473184.0
2025-08-30,DOGE,0.216,5059088048.0
2025-08-30,ETH,4374.1533,5917285.0
2025-08-30,SOL,202.8601,28732613.0
2025-08-30,XRP,2.8182,1343722314.0
2025-08-31,ADA,0.8114,845982987.0
2025-08-31,BNB,857.8168,2029708.0
2025-08-31,BTC,108236.7109,443345.0
2025-08-31,DOGE,0.2138,4886129627.0
2025-08-31,ETH,4390.019,6078116.0
2025-08-31,SOL,200.8635,25036885.0
2025-08-31,XRP,2.7766,1185960404.0
2025-09-01,ADA,0.8002,1950750126.0
2025-09-01,BNB,845.8263,3259079.0
2025-09-01,BTC,109250.5938,612082.0
2025-09-01,DOGE,0.2103,12969029615.0
2025-09-01,ETH,4314.4702,8698808.0
2025-09-01,SOL,197.1083,36798696.0
2025-09-01,XRP,2.7537,2920238622.0
2025-09-02,ADA,0.8346,1468713554.0
2025-09-02,BNB,851.7772,2800538.0
2025-09-02,BTC,111200.5859,672451.0
2025-09-02,DOGE,0.2148,9696917406.0
2025-09-02,ETH,4325.3657,9221114.0
2025-09-02,SOL,209.4815,41174037.0
2025-09-02,XRP,2.8619,2618465334.0
2025-09-03,ADA,0.8365,1044728538.0
2025-09-03,BNB,855.2588,2239496.0
2025-09-03,BTC,111723.2109,547063.0
2025-09-03,DOGE,0.2206,8189844407.0
2025-09-03,ETH,4450.3892,7923099.0
2025-09-03,SOL,210.7463,33056115.0
2025-09-03,XRP,2.8449,1559087073.0
2025-09-04,ADA,0.8099,1069015541.0
2025-09-04,BNB,843.803,2269498.0
2025-09-04,BTC,110723.6016,543074.0
2025-09-04,DOGE,0.2125,7532639899.0
2025-09-04,ETH,4298.7441,8123256.0
2025-09-04,SOL,202.5602,25878174.0
2025-09-04,XRP,2.7958,1737048216.0
2025-09-05,ADA,0.8311,1519499197.0
2025-09-05,BNB,849.9792,2382576.0
2025-09-05,BTC,110650.9844,544429.0
2025-09-05,DOGE,0.2179,11148523885.0
2025-09-05,ETH,4306.9888,10253971.0
2025-09-05,SOL,203.4985,38231662.0
2025-09-05,XRP,2.8162,2454365210.0
2025-09-06,ADA,0.8185,707622484.0
2025-09-06,BNB,861.7721,2311807.0
2025-09-06,BTC,110224.6953,195063.0
2025-09-06,DOGE,0.2159,5537794204.0
2025-09-06,ETH,4274.2422,4236598.0
2025-09-06,SOL,200.2463,15267250.0
2025-09-06,XRP,2.8109,746574544.0
2025-09-07,ADA,0.8351,861493933.0
2025-09-07,BNB,880.613,2267033.0
2025-09-07,BTC,111167.6172,221449.0
2025-09-07,DOGE,0.2284,8377507791.0
2025-09-07,ETH,4305.3477,4047706.0
2025-09-07,SOL,206.4682,20115286.0
2025-09-07,XRP,2.8786,1341368867.0
2025-09-08,ADA,0.8651,1616105396.0
2025-09-08,BNB,878.2759,2606267.0
2025-09-08,BTC,112071.4297,358814.0
2025-09-08,DOGE,0.2419,15416672002.0
2025-09-08,ETH,4308.0723,7492247.0
2025-09-08,SOL,214.1864,46778724.0
2025-09-08,XRP,2.9704,2063696753.0
2025-09-09,ADA,0.865,1999943958.0
2025-09-09,BNB,880.015,2039930.0
2025-09-09,BTC,111530.5469,412304.0
2025-09-09,DOGE,0.2407,17519084197.0
2025-09-09,ETH,4309.0415,7125325.0
2025-09-09,SOL,217.2507,40500181.0
2025-09-09,XRP,2.9466,2007892229.0
2025-09-10,ADA,0.8847,1361119942.0
2025-09-10,BNB,893.5666,3210338.0
2025-09-10,BTC,113955.3594,494733.0
2025-09-10,DOGE,0.2454,11532237985.0
2025-09-10,ETH,4349.146,9087155.0
2025-09-10,SOL,223.9869,40494612.0
2025-09-10,XRP,2.9817,1453982956.0
2025-09-11,ADA,0.8942,1461685257.0
2025-09-11,BNB,902.9833,2492351.0
2025-09-11,BTC,115507.5391,395516.0
2025-09-11,DOGE,0.2557,14709724337.0
2025-09-11,ETH,4461.2334,8060375.0
2025-09-11,SOL,228.7562,41882214.0
2025-09-11,XRP,3.0409,1745822176.0
2025-09-12,ADA,0.9171,1729544421.0
2025-09-12,BNB,925.0307,2862716.0
2025-09-12,BTC,116101.5781,471878.0
2025-09-12,DOGE,0.2754,16859287519.0
2025-09-12,ETH,4715.2461,9297448.0
2025-09-12,SOL,242.3033,53687350.0
2025-09-12,XRP,3.1076,2009018790.0
2025-09-13,ADA,0.9298,2372234051.0
2025-09-13,BNB,933.8997,2938423.0
2025-09-13,BTC,115950.5078,297967.0
2025-09-13,DOGE,0.2895,31177923504.0
2025-09-13,ETH,4668.1797,7464118.0
2025-09-13,SOL,242.5959,30827320.0
2025-09-13,XRP,3.1215,1786647590.0
2025-09-14,ADA,0.889,1562002132.0
2025-09-14,BNB,927.2417,2521810.0
2025-09-14,BTC,115407.6562,284193.0
2025-09-14,DOGE,0.2786,20489701733.0
2025-09-14,ETH,4609.5977,6159791.0
2025-09-14,SOL,240.5577,38902064.0
2025-09-14,XRP,3.0325,1576307724.0
2025-09-15,ADA,0.8635,2255476381.0
2025-09-15,BNB,919.9702,2691225.0
2025-09-15,BTC,115444.875,458555.0
2025-09-15,DOGE,0.2686,21298420207.0
2025-09-15,ETH,4526.8203,8885721.0
2025-09-15,SOL,234.3576,42745559.0
2025-09-15,XRP,2.9971,2058098444.0
2025-09-16,ADA,0.8807,1439050230.0
2025-09-16,BNB,955.7126,3244956.0
2025-09-16,BTC,116843.1875,391822.0
2025-09-16,DOGE,0.2698,16251175648.0
2025-09-16,ETH,4503.5645,7274571.0
2025-09-16,SOL,236.9896,31736451.0
2025-09-16,XRP,3.0385,1576669732.0
2025-09-17,ADA,0.9131,2053766012.0
2025-09-17,BNB,990.3098,3677270.0
2025-09-17,BTC,116468.5078,519694.0
2025-09-17,DOGE,0.2825,17124553642.0
2025-09-17,ETH,4592.7334,9606676.0
2025-09-17,SOL,244.8575,42558441.0
2025-09-17,XRP,3.085,2095611543.0
2025-09-18,ADA,0.9254,2171781020.0
2025-09-18,BNB,981.8352,3810469.0
2025-09-18,BTC,117137.2031,422217.0
2025-09-18,DOGE,0.2788,15855730608.0
2025-09-18,ETH,4589.9189,7298007.0
2025-09-18,SOL,247.6371,37387978.0
2025-09-18,XRP,3.0763,2070922711.0
2025-09-19,ADA,0.8909,1766238387.0
2025-09-19,BNB,984.1241,3346907.0
2025-09-19,BTC,115688.8594,335628.0
2025-09-19,DOGE,0.2654,12821211228.0
2025-09-19,ETH,4470.917,6788903.0
2025-09-19,SOL,238.5527,31496782.0
2025-09-19,XRP,2.9919,1698454320.0
2025-09-20,ADA,0.8939,878990379.0
2025-09-20,BNB,1042.6501,3605281.0
2025-09-20,BTC,115721.9609,197581.0
2025-09-20,DOGE,0.2677,6691549006.0
2025-09-20,ETH,4482.2656,4028430.0
2025-09-20,SOL,239.5925,14686237.0
2025-09-20,XRP,2.9789,1050090528.0
2025-09-21,ADA,0.8853,992103782.0
2025-09-21,BNB,1048.6724,4106556.0
2025-09-21,BTC,115306.0938,195097.0
2025-09-21,DOGE,0.2612,6737984731.0
2025-09-21,ETH,4451.3291,4342592.0
2025-09-21,SOL,236.5755,14849609.0
2025-09-21,XRP,2.9734,1011245907.0
2025-09-22,ADA,0.8258,2893161231.0
2025-09-22,BNB,993.014,4927325.0
2025-09-22,BTC,112748.5078,626919.0
2025-09-22,DOGE,0.2413,23209447141.0
2025-09-22,ETH,4202.8774,13852732.0
2025-09-22,SOL,220.4964,54888540.0
2025-09-22,XRP,2.853,3526472322.0
2025-09-23,ADA,0.8076,1372992809.0
2025-09-23,BNB,1017.0199,3970926.0
2025-09-23,BTC,112014.5,421480.0
2025-09-23,DOGE,0.2374,12552469768.0
2025-09-23,ETH,4165.5039,7792593.0
2025-09-23,SOL,213.7173,34500836.0
2025-09-23,XRP,2.8282,1924619926.0
2025-09-24,ADA,0.8132,1312177280.0
2025-09-24,BNB,1018.8478,3537256.0
2025-09-24,BTC,113328.6328,423940.0
2025-09-24,DOGE,0.2412,14205269503.0
2025-09-24,ETH,4153.4692,8074789.0
2025-09-24,SOL,211.7563,39560184.0
2025-09-24,XRP,2.928,2128942646.0
2025-09-25,ADA,0.7628,2509950044.0
2025-09-25,BNB,945.7136,4963196.0
2025-09-25,BTC,109049.2891,692610.0
2025-09-25,DOGE,0.2227,20266403766.0
2025-09-25,ETH,3868.334,17827595.0
2025-09-25,SOL,192.3808,64009899.0
2025-09-25,XRP,2.7423,3377447432.0
2025-09-26,ADA,0.7922,1477366909.0
2025-09-26,BNB,960.924,3943812.0
2025-09-26,BTC,109712.8281,526267.0
2025-09-26,DOGE,0.2326,13482159867.0
2025-09-26,ETH,4035.8879,11861952.0
2025-09-26,SOL,205.3526,50325884.0
2025-09-26,XRP,2.7858,2868632066.0
2025-09-27,ADA,0.7817,709515442.0
2025-09-27,BNB,968.7896,2866654.0
2025-09-27,BTC,109681.9453,239858.0
2025-09-27,DOGE,0.2308,6083262596.0
2025-09-27,ETH,4018.6582,5071980.0
2025-09-27,SOL,203.5833,19728011.0
2025-09-27,XRP,2.8077,1041571744.0
2025-09-28,ADA,0.8082,921732466.0
2025-09-28,BNB,993.3156,2536414.0
2025-09-28,BTC,112122.6406,297630.0
2025-09-28,DOGE,0.2374,6863799833.0
2025-09-28,ETH,4141.4766,5947470.0
2025-09-28,SOL,210.7377,21201136.0
2025-09-28,XRP,2.8666,1153373303.0
2025-09-29,ADA,0.8068,1299710868.0
2025-09-29,BNB,1030.7412,3259131.0
2025-09-29,BTC,114400.3828,524475.0
2025-09-29,DOGE,0.2351,10429107051.0
2025-09-29,ETH,4217.3418,9143302.0
2025-09-29,SOL,213.0534,32323353.0
2025-09-29,XRP,2.8827,1818385232.0
2025-09-30,ADA,0.8072,1356751642.0
2025-09-30,BNB,1008.4835,3050738.0
2025-09-30,BTC,114056.0859,517170.0
2025-09-30,DOGE,0.2329,9072231721.0
2025-09-30,ETH,4145.9575,9088167.0
2025-09-30,SOL,208.7431,32929078.0
2025-09-30,XRP,2.8469,1750472528.0
2025-10-01,ADA,0.85,1623621604.0
2025-10-01,BNB,1026.1667,3021131.0
2025-10-01,BTC,118648.9297,601174.0
2025-10-01,DOGE,0.2484,11819273498.0
2025-10-01,ETH,4351.1123,10609164.0
2025-10-01,SOL,221.6759,37282827.0
2025-10-01,XRP,2.9473,2144653618.0
2025-10-02,ADA,0.8703,1628887143.0
2025-10-02,BNB,1090.6556,3496212.0
2025-10-02,BTC,120681.2578,591767.0
2025-10-02,DOGE,0.2619,13234541540.0
2025-10-02,ETH,4487.9238,10711872.0
2025-10-02,SOL,234.8569,41154013.0
2025-10-02,XRP,3.0393,2415986919.0
2025-10-03,ADA,0.8663,1635958422.0
2025-10-03,BNB,1189.9191,5124081.0
2025-10-03,BTC,122266.5312,686544.0
2025-10-03,DOGE,0.2586,12706323782.0
2025-10-03,ETH,4514.8706,10986683.0
2025-10-03,SOL,233.002,39867683.0
2025-10-03,XRP,3.0409,2291868703.0
2025-10-04,ADA,0.8399,1099125833.0
2025-10-04,BNB,1150.5476,3281465.0
2025-10-04,BTC,122425.4297,300339.0
2025-10-04,DOGE,0.2509,8454615619.0
2025-10-04,ETH,4489.1973,4863291.0
2025-10-04,SOL,228.0032,19969526.0
2025-10-04,XRP,2.9693,1402406530.0
2025-10-05,ADA,0.8374,1710835614.0
2025-10-05,BNB,1165.5276,3098555.0
2025-10-05,BTC,123513.4766,596610.0
2025-10-05,DOGE,0.253,13531672791.0
2025-10-05,ETH,4515.4229,9939447.0
2025-10-05,SOL,228.6012,31202263.0
2025-10-05,XRP,2.9706,1863276968.0
2025-10-06,ADA,0.8718,1762226500.0
2025-10-06,BNB,1223.5811,4620268.0
2025-10-06,BTC,124752.5312,581703.0
2025-10-06,DOGE,0.2663,14789929102.0
2025-10-06,ETH,4687.7715,9597835.0
2025-10-06,SOL,232.516,32347298.0
2025-10-06,XRP,2.9907,2137931583.0
2025-10-07,ADA,0.8209,1938623998.0
2025-10-07,BNB,1310.2144,8520111.0
2025-10-07,BTC,121451.3828,626995.0
2025-10-07,DOGE,0.2473,17239158501.0
2025-10-07,ETH,4451.1519,12329264.0
2025-10-07,SOL,220.4827,42358107.0
2025-10-07,XRP,2.856,2547443828.0
2025-10-08,ADA,0.8389,1353576072.0
2025-10-08,BNB,1306.5994,6058982.0
2025-10-08,BTC,123354.8672,529807.0
2025-10-08,DOGE,0.2556,12271169804.0
2025-10-08,ETH,4527.6479,8935462.0
2025-10-08,SOL,229.1012,31421328.0
2025-10-08,XRP,2.8808,1620687929.0
2025-10-09,ADA,0.8156,1466979830.0
2025-10-09,BNB,1255.8906,6507070.0
2025-10-09,BTC,121705.5859,613390.0
2025-10-09,DOGE,0.2486,12959665777.0
2025-10-09,ETH,4369.1436,10963951.0
2025-10-09,SOL,220.9911,35753417.0
2025-10-09,XRP,2.8049,2010917230.0
2025-10-10,ADA,0.6348,6620905792.0
2025-10-10,BNB,1106.8986,9331954.0
2025-10-10,BTC,113214.3672,1352523.0
2025-10-10,DOGE,0.1932,46539192154.0
2025-10-10,ETH,3843.0088,25432318.0
2025-10-10,SOL,188.6639,88964716.0
2025-10-10,XRP,2.3586,6623898364.0
2025-10-11,ADA,0.6322,4275767447.0
2025-10-11,BNB,1137.1993,7123996.0
2025-10-11,BTC,110807.8828,994847.0
2025-10-11,DOGE,0.1854,37471082809.0
2025-10-11,ETH,3750.6116,16657410.0
2025-10-11,SOL,178.0542,72169120.0
2025-10-11,XRP,2.386,4924449823.0
2025-10-12,ADA,0.7015,2280909433.0
2025-10-12,BNB,1303.1173,7828183.0
2025-10-12,BTC,115169.7656,813672.0
2025-10-12,DOGE,0.2078,24943723775.0
2025-10-12,ETH,4164.4277,14699781.0
2025-10-12,SOL,197.5085,59729270.0
2025-10-12,XRP,2.535,3896569346.0
2025-10-13,ADA,0.7293,2351235282.0
2025-10-13,BNB,1293.4733,9138486.0
2025-10-13,BTC,115271.0781,620989.0
2025-10-13,DOGE,0.214,22178477068.0
2025-10-13,ETH,4245.4678,11837042.0
2025-10-13,SOL,208.3673,55044410.0
2025-10-13,XRP,2.6065,3291655067.0
2025-10-14,ADA,0.6997,2661114177.0
2025-10-14,BNB,1211.0511,8345303.0
2025-10-14,BTC,113118.6641,815187.0
2025-10-14,DOGE,0.2045,23672215431.0
2025-10-14,ETH,4125.4121,16263623.0
2025-10-14,SOL,202.4603,67174630.0
2025-10-14,XRP,2.5057,3335769166.0
2025-10-15,ADA,0.6688,1808529139.0
2025-10-15,BNB,1162.6918,5034808.0
2025-10-15,BTC,110783.1641,655101.0
2025-10-15,DOGE,0.1963,14655984335.0
2025-10-15,ETH,3987.4595,12655399.0
2025-10-15,SOL,194.0219,50858231.0
2025-10-15,XRP,2.4127,2296317937.0
2025-10-16,ADA,0.6449,2107432610.0
2025-10-16,BNB,1145.8253,4891975.0
2025-10-16,BTC,108186.0391,807003.0
2025-10-16,DOGE,0.1884,18575347214.0
2025-10-16,ETH,3894.7544,12618868.0
2025-10-16,SOL,184.6889,54377299.0
2025-10-16,XRP,2.3291,3014472957.0
2025-10-17,ADA,0.6248,2695345550.0
2025-10-17,BNB,1071.963,6209568.0
2025-10-17,BTC,106467.7891,936462.0
2025-10-17,DOGE,0.1848,17950165572.0
2025-10-17,ETH,3832.5588,14978054.0
2025-10-17,SOL,182.0348,57141471.0
2025-10-17,XRP,2.2942,3450043654.0
2025-10-18,ADA,0.6345,865925660.0
2025-10-18,BNB,1093.1525,3446713.0
2025-10-18,BTC,107198.2656,352430.0
2025-10-18,DOGE,0.1896,6534048507.0
2025-10-18,ETH,3890.3462,6121737.0
2025-10-18,SOL,187.6603,21895430.0
2025-10-18,XRP,2.3605,1229924732.0
2025-10-19,ADA,0.6526,1339417663.0
2025-10-19,BNB,1109.6801,3325676.0
2025-10-19,BTC,108666.7109,438561.0
2025-10-19,DOGE,0.1953,10148618688.0
2025-10-19,ETH,3984.6497,8249321.0
2025-10-19,SOL,187.7982,25896026.0
2025-10-19,XRP,2.3906,1422057879.0
2025-10-20,ADA,0.6633,1580587490.0
2025-10-20,BNB,1101.0616,3822904.0
2025-10-20,BTC,110588.9297,574269.0
2025-10-20,DOGE,0.2001,10734047826.0
2025-10-20,ETH,3980.7603,10104756.0
2025-10-20,SOL,189.7507,32168243.0
2025-10-20,XRP,2.4934,1877128031.0
2025-10-21,ADA,0.6429,1860026135.0
2025-10-21,BNB,1057.4404,4159752.0
2025-10-21,BTC,108476.8906,932866.0
2025-10-21,DOGE,0.1944,14320131105.0
2025-10-21,ETH,3876.7642,12887111.0
2025-10-21,SOL,185.6663,44092954.0
2025-10-21,XRP,2.4243,2129501625.0
2025-10-22,ADA,0.624,1736650844.0
2025-10-22,BNB,1072.048,3382085.0
2025-10-22,BTC,107688.5859,750377.0
2025-10-22,DOGE,0.19,13544210931.0
2025-10-22,ETH,3808.1223,12124953.0
2025-10-22,SOL,180.1481,40729622.0
2025-10-22,XRP,2.3639,1930465983.0
2025-10-23,ADA,0.6428,1223102624.0
2025-10-23,BNB,1127.573,5020634.0
2025-10-23,BTC,110069.7266,499175.0
2025-10-23,DOGE,0.1948,9079945558.0
2025-10-23,ETH,3856.0264,9429825.0
2025-10-23,SOL,191.3883,33222201.0
2025-10-23,XRP,2.3951,1330327871.0
2025-10-24,ADA,0.6559,1278468743.0
2025-10-24,BNB,1109.1487,3112079.0
2025-10-24,BTC,111033.9219,433749.0
2025-10-24,DOGE,0.1977,7821596540.0
2025-10-24,ETH,3934.5674,8664411.0
2025-10-24,SOL,193.5602,30249386.0
2025-10-24,XRP,2.5075,1755039644.0
2025-10-25,ADA,0.6547,716968083.0
2025-10-25,BNB,1116.7412,1997160.0
2025-10-25,BTC,111641.7266,221312.0
2025-10-25,DOGE,0.1966,5781775715.0
2025-10-25,ETH,3953.4709,3856163.0
2025-10-25,SOL,194.0404,16337048.0
2025-10-25,XRP,2.5964,1522787317.0
2025-10-26,ADA,0.6811,1157453828.0
2025-10-26,BNB,1137.5869,2414495.0
2025-10-26,BTC,114472.4453,364354.0
2025-10-26,DOGE,0.2057,8166629188.0
2025-10-26,ETH,4157.9893,7003574.0
2025-10-26,SOL,200.0286,23763152.0
2025-10-26,XRP,2.6451,1438493761.0
2025-10-27,ADA,0.6674,1362505124.0
2025-10-27,BNB,1139.746,3949437.0
2025-10-27,BTC,114119.3281,541200.0
2025-10-27,DOGE,0.2004,9903190261.0
2025-10-27,ETH,4120.1221,9774306.0
2025-10-27,SOL,198.7417,33785041.0
2025-10-27,XRP,2.6346,1928111911.0
2025-10-28,ADA,0.6463,2413646628.0
2025-10-28,BNB,1103.1448,3787397.0
2025-10-28,BTC,112956.1641,571266.0
2025-10-28,DOGE,0.1938,14502156521.0
2025-10-28,ETH,3982.2625,9965228.0
2025-10-28,SOL,194.4428,41622184.0
2025-10-28,XRP,2.606,2169923867.0
2025-10-29,ADA,0.6402,1790092609.0
2025-10-29,BNB,1107.1633,3765677.0
2025-10-29,BTC,110055.3047,565098.0
2025-10-29,DOGE,0.1924,13466844317.0
2025-10-29,ETH,3903.353,9032203.0
2025-10-29,SOL,194.4109,41444841.0
2025-10-29,XRP,2.552,1996287633.0
2025-10-30,ADA,0.6011,2043699606.0
2025-10-30,BNB,1078.6115,3851039.0
2025-10-30,BTC,108305.5469,643309.0
2025-10-30,DOGE,0.1827,17036090141.0
2025-10-30,ETH,3804.3752,10509463.0
2025-10-30,SOL,184.6244,47059828.0
2025-10-30,XRP,2.4397,2510204480.0
2025-10-31,ADA,0.6092,1427833112.0
2025-10-31,BNB,1088.9554,4040012.0
2025-10-31,BTC,109556.1641,548489.0
2025-10-31,DOGE,0.1864,8473814427.0
2025-10-31,ETH,3847.0803,9825659.0
2025-10-31,SOL,187.2095,30445066.0
2025-10-31,XRP,2.5087,1848617599.0
2025-11-01,ADA,0.6122,810358210.0
2025-11-01,BNB,1094.6423,1953319.0
2025-11-01,BTC,110064.0156,235060.0
2025-11-01,DOGE,0.1873,4537973856.0
2025-11-01,ETH,3874.188,4514567.0
2025-11-01,SOL,186.3801,14714402.0
2025-11-01,XRP,2.5052,798043350.0
2025-11-02,ADA,0.6108,928269861.0
2025-11-02,BNB,1084.3599,1890435.0
2025-11-02,BTC,110639.625,309873.0
2025-11-02,DOGE,0.1866,5184066175.0
2025-11-02,ETH,3911.0632,5236328.0
2025-11-02,SOL,187.826,17111530.0
2025-11-02,XRP,2.5291,976572667.0
2025-11-03,ADA,0.5523,2792380029.0
2025-11-03,BNB,992.5354,4886126.0
2025-11-03,BTC,106547.5234,683751.0
2025-11-03,DOGE,0.1672,21818460654.0
2025-11-03,ETH,3602.3081,14738181.0
2025-11-03,SOL,166.0907,60713342.0
2025-11-03,XRP,2.3094,2850022183.0
2025-11-04,ADA,0.5215,3584518958.0
2025-11-04,BNB,937.8932,6210227.0
2025-11-04,BTC,101590.5234,1092299.0
2025-11-04,DOGE,0.1627,29478984928.0
2025-11-04,ETH,3292.5745,23333570.0
2025-11-04,SOL,155.4032,75419770.0
2025-11-04,XRP,2.2106,4460698534.0
2025-11-05,ADA,0.5461,2081919240.0
2025-11-05,BNB,959.951,3975491.0
2025-11-05,BTC,103891.8359,746786.0
2025-11-05,DOGE,0.1674,15071021017.0
2025-11-05,ETH,3425.1711,13709062.0
2025-11-05,SOL,162.5661,44769517.0
2025-11-05,XRP,2.3452,2939393816.0
2025-11-06,ADA,0.531,1642422621.0
2025-11-06,BNB,949.1805,2947883.0
2025-11-06,BTC,101301.2891,631115.0
2025-11-06,DOGE,0.1614,11589981905.0
2025-11-06,ETH,3312.2578,11089671.0
2025-11-06,SOL,155.0659,35749635.0
2025-11-06,XRP,2.2108,2583224924.0
2025-11-07,ADA,0.576,2219941056.0
2025-11-07,BNB,990.5524,3649422.0
2025-11-07,BTC,103372.4062,891612.0
2025-11-07,DOGE,0.1787,16408676191.0
2025-11-07,ETH,3435.301,12403569.0
2025-11-07,SOL,161.7082,40602843.0
2025-11-07,XRP,2.3142,2585333727.0
2025-11-08,ADA,0.5684,1379690349.0
2025-11-08,BNB,990.2227,2942575.0
2025-11-08,BTC,102282.1172,502988.0
2025-11-08,DOGE,0.1762,12692202687.0
2025-11-08,ETH,3400.376,6944488.0
2025-11-08,SOL,158.1025,23891328.0
2025-11-08,XRP,2.2849,1394707310.0
2025-11-09,ADA,0.5786,1234104641.0
2025-11-09,BNB,996.5798,2651280.0
2025-11-09,BTC,104719.6406,569895.0
2025-11-09,DOGE,0.1793,8975457457.0
2025-11-09,ETH,3582.6213,8044820.0
2025-11-09,SOL,164.4538,27594523.0
2025-11-09,XRP,2.3677,1362945881.0
2025-11-10,ADA,0.593,1401949702.0
2025-11-10,BNB,991.9197,2867243.0
2025-11-10,BTC,105996.5938,656492.0
2025-11-10,DOGE,0.1818,11698789339.0
2025-11-10,ETH,3568.46,9986954.0
2025-11-10,SOL,167.367,32409997.0
2025-11-10,XRP,2.5264,2562799392.0
2025-11-11,ADA,0.5565,1540174316.0
2025-11-11,BNB,958.2657,2814351.0
2025-11-11,BTC,102997.4688,690600.0
2025-11-11,DOGE,0.172,12250523890.0
2025-11-11,ETH,3415.2822,11634379.0
2025-11-11,SOL,154.5683,40125048.0
2025-11-11,XRP,2.3917,1886467004.0
2025-11-12,ADA,0.5453,1406315112.0
2025-11-12,BNB,953.0105,2524602.0
2025-11-12,BTC,101663.1875,632945.0
2025-11-12,DOGE,0.1701,10606347724.0
2025-11-12,ETH,3413.0942,10225020.0
2025-11-12,SOL,153.262,39016069.0
2025-11-12,XRP,2.3869,1998140536.0
2025-11-13,ADA,0.5311,1988884690.0
2025-11-13,BNB,928.0466,3269720.0
2025-11-13,BTC,99697.4922,1018549.0
2025-11-13,DOGE,0.1643,16615416225.0
2025-11-13,ETH,3232.7571,15554344.0
2025-11-13,SOL,145.1085,50686123.0
2025-11-13,XRP,2.3311,3257786307.0
2025-11-14,ADA,0.4984,2392488249.0
2025-11-14,BNB,915.3093,4128073.0
2025-11-14,BTC,94397.7891,1211325.0
2025-11-14,DOGE,0.1575,19623613889.0
2025-11-14,ETH,3103.7856,15144026.0
2025-11-14,SOL,138.6766,58918101.0
2025-11-14,XRP,2.244,3155534610.0
2025-11-15,ADA,0.5034,1413891799.0
2025-11-15,BNB,932.2019,2106602.0
2025-11-15,BTC,95549.1484,402941.0
2025-11-15,DOGE,0.1631,7632631004.0
2025-11-15,ETH,3166.6313,6294683.0
2025-11-15,SOL,139.5352,24720191.0
2025-11-15,XRP,2.2352,1308052106.0
2025-11-16,ADA,0.4848,2134660600.0
2025-11-16,BNB,927.2579,2693014.0
2025-11-16,BTC,94177.0781,754815.0
2025-11-16,DOGE,0.1587,11120463901.0
2025-11-16,ETH,3092.8474,10019210.0
2025-11-16,SOL,137.2657,34401207.0
2025-11-16,XRP,2.2166,1902753837.0
2025-11-17,ADA,0.4655,2599055707.0
2025-11-17,BNB,906.4824,4145079.0
2025-11-17,BTC,92093.875,1022719.0
2025-11-17,DOGE,0.1519,18383391834.0
2025-11-17,ETH,3024.5388,13564644.0
2025-11-17,SOL,130.8483,56023738.0
2025-11-17,XRP,2.1621,2806716211.0
2025-11-18,ADA,0.475,2318467470.0
2025-11-18,BNB,932.4824,3885697.0
2025-11-18,BTC,92948.875,1090208.0
2025-11-18,DOGE,0.1617,15117049123.0
2025-11-18,ETH,3122.979,13314689.0
2025-11-18,SOL,140.7144,52594151.0
2025-11-18,XRP,2.2165,2613710011.0
2025-11-19,ADA,0.4632,2239797837.0
2025-11-19,BNB,895.6197,3633757.0
2025-11-19,BTC,91465.9922,878472.0
2025-11-19,DOGE,0.1543,14680036699.0
2025-11-19,ETH,3023.0708,13307574.0
2025-11-19,SOL,136.767,43909766.0
2025-11-19,XRP,2.1076,2915142606.0
2025-11-20,ADA,0.4324,2285657757.0
2025-11-20,BNB,866.3439,3507633.0
2025-11-20,BTC,86631.8984,1130884.0
2025-11-20,DOGE,0.1491,16772737577.0
2025-11-20,ETH,2831.7776,15508946.0
2025-11-20,SOL,133.5172,63643501.0
2025-11-20,XRP,1.9988,3311253560.0
2025-11-21,ADA,0.4091,4326252167.0
2025-11-21,BNB,830.0787,5749232.0
2025-11-21,BTC,85090.6875,1517881.0
2025-11-21,DOGE,0.1402,27024953622.0
2025-11-21,ETH,2765.6992,18612467.0
2025-11-21,SOL,128.5005,78457402.0
2025-11-21,XRP,1.9504,4719213867.0
2025-11-22,ADA,0.4046,1368667700.0
2025-11-22,BNB,833.3511,2418425.0
2025-11-22,BTC,84648.3594,481912.0
2025-11-22,DOGE,0.1403,10749264374.0
2025-11-22,ETH,2767.6074,5567599.0
2025-11-22,SOL,127.5512,27369191.0
2025-11-22,XRP,1.9498,1597699434.0
2025-11-23,ADA,0.4085,1582163106.0
2025-11-23,BNB,843.2248,2081201.0
2025-11-23,BTC,86805.0078,669125.0
2025-11-23,DOGE,0.1448,9291792846.0
2025-11-23,ETH,2801.676,7266509.0
2025-11-23,SOL,130.7051,29226428.0
2025-11-23,XRP,2.0463,2013521935.0
2025-11-24,ADA,0.4278,1903763349.0
2025-11-24,BNB,864.4211,2875682.0
2025-11-24,BTC,88270.5625,843247.0
2025-11-24,DOGE,0.1518,12428032260.0
2025-11-24,ETH,2952.7134,11004000.0
2025-11-24,SOL,138.3714,43700705.0
2025-11-24,XRP,2.2259,2922770260.0
2025-11-25,ADA,0.4216,1548160100.0
2025-11-25,BNB,862.108,2328734.0
2025-11-25,BTC,87341.8906,742340.0
2025-11-25,DOGE,0.153,10361286420.0
2025-11-25,ETH,2957.9363,7889290.0
2025-11-25,SOL,138.8911,32486289.0
2025-11-25,XRP,2.1985,2233451276.0
2025-11-26,ADA,0.4356,1336883124.0
2025-11-26,BNB,891.7534,2287914.0
2025-11-26,BTC,90518.3672,734617.0
2025-11-26,DOGE,0.1548,9727900387.0
2025-11-26,ETH,3027.812,7078763.0
2025-11-26,SOL,143.0122,37490787.0
2025-11-26,XRP,2.2243,1732306821.0
2025-11-27,ADA,0.4337,1111769159.0
2025-11-27,BNB,895.5598,1988321.0
2025-11-27,BTC,91285.375,624860.0
2025-11-27,DOGE,0.1527,6041777621.0
2025-11-27,ETH,3014.5422,5630301.0
2025-11-27,SOL,140.8464,24274795.0
2025-11-27,XRP,2.2008,1281735922.0
2025-11-28,ADA,0.4202,1485866772.0
2025-11-28,BNB,887.6468,2264017.0
2025-11-28,BTC,90919.2656,669779.0
2025-11-28,DOGE,0.1503,8701253910.0
2025-11-28,ETH,3032.3044,6813287.0
2025-11-28,SOL,137.3902,35411470.0
2025-11-28,XRP,2.1806,1986863437.0
2025-11-29,ADA,0.4154,912988242.0
2025-11-29,BNB,873.6899,1553801.0
2025-11-29,BTC,90851.7578,417403.0
2025-11-29,DOGE,0.1486,4363764897.0
2025-11-29,ETH,2991.6853,4270329.0
2025-11-29,SOL,136.0817,17844677.0
2025-11-29,XRP,2.2034,956755951.0
2025-11-30,ADA,0.4159,956289673.0
2025-11-30,BNB,877.5768,1655676.0
2025-11-30,BTC,90394.3125,425889.0
2025-11-30,DOGE,0.1467,4892863182.0
2025-11-30,ETH,2992.1125,3853614.0
2025-11-30,SOL,133.5648,23387708.0
2025-11-30,XRP,2.161,873926503.0
2025-12-01,ADA,0.3857,2503310517.0
2025-12-01,BNB,827.4054,3358056.0
2025-12-01,BTC,86321.5703,1019014.0
2025-12-01,DOGE,0.1356,14273020754.0
2025-12-01,ETH,2800.189,13098973.0
2025-12-01,SOL,126.709,49027375.0
2025-12-01,XRP,2.0309,2699364070.0
2025-12-02,ADA,0.434,1929530866.0
2025-12-02,BNB,877.0347,2582435.0
2025-12-02,BTC,91350.2031,859843.0
2025-12-02,DOGE,0.146,9879593032.0
2025-12-02,ETH,2997.9397,8870640.0
2025-12-02,SOL,138.6742,44519334.0
2025-12-02,XRP,2.1555,2035542473.0
2025-12-03,ADA,0.4508,1814485036.0
2025-12-03,BNB,921.7537,2988626.0
2025-12-03,BTC,93527.8047,830237.0
2025-12-03,DOGE,0.1519,10018530541.0
2025-12-03,ETH,3191.5718,9383872.0
2025-12-03,SOL,144.8985,40092648.0
2025-12-03,XRP,2.2019,1753116848.0
2025-12-04,ADA,0.4395,1461256604.0
2025-12-04,BNB,900.0661,2280254.0
2025-12-04,BTC,92141.625,700426.0
2025-12-04,DOGE,0.1475,8355950312.0
2025-12-04,ETH,3134.3164,8753102.0
2025-12-04,SOL,139.0145,30966674.0
2025-12-04,XRP,2.0972,1601171678.0
2025-12-05,ADA,0.4163,1418900419.0
2025-12-05,BNB,884.2181,2226658.0
2025-12-05,BTC,89387.7578,707663.0
2025-12-05,DOGE,0.1396,9162995675.0
2025-12-05,ETH,3024.4329,9258023.0
2025-12-05,SOL,133.323,34182059.0
2025-12-05,XRP,2.0376,1627133641.0
2025-12-06,ADA,0.4139,788312379.0
2025-12-06,BNB,890.545,1592716.0
2025-12-06,BTC,89272.375,425597.0
2025-12-06,DOGE,0.1397,4560832956.0
2025-12-06,ETH,3040.2078,3605944.0
2025-12-06,SOL,132.3484,15574691.0
2025-12-06,XRP,2.0326,827575641.0
2025-12-07,ADA,0.4168,1461473372.0
2025-12-07,BNB,894.0223,1990975.0
2025-12-07,BTC,90405.6406,524247.0
2025-12-07,DOGE,0.1386,7688551675.0
2025-12-07,ETH,3061.3018,6658441.0
2025-12-07,SOL,132.0936,28955931.0
2025-12-07,XRP,2.0434,1385919174.0
2025-12-08,ADA,0.4322,1451533326.0
2025-12-08,BNB,897.6041,2123506.0
2025-12-08,BTC,90640.2031,633208.0
2025-12-08,DOGE,0.1426,8188698851.0
2025-12-08,ETH,3125.198,8083381.0
2025-12-08,SOL,133.2782,35342660.0
2025-12-08,XRP,2.0731,1403212679.0
2025-12-09,ADA,0.47,2913073958.0
2025-12-09,BNB,898.8104,2622419.0
2025-12-09,BTC,92691.7109,721334.0
2025-12-09,DOGE,0.148,11279915239.0
2025-12-09,ETH,3321.115,9639098.0
2025-12-09,SOL,137.9016,42565807.0
2025-12-09,XRP,2.1084,1714512283.0
2025-12-10,ADA,0.4539,2348483659.0
2025-12-10,BNB,894.6506,2715741.0
2025-12-10,BTC,92020.9453,710933.0
2025-12-10,DOGE,0.1435,10136742711.0
2025-12-10,ETH,3325.3901,9230312.0
2025-12-10,SOL,136.469,43599126.0
2025-12-10,XRP,2.0433,1844379195.0
2025-12-11,ADA,0.4253,2879029437.0
2025-12-11,BNB,886.1666,2848768.0
2025-12-11,BTC,92511.3359,697567.0
2025-12-11,DOGE,0.1404,10397887141.0
2025-12-11,ETH,3237.0569,8979219.0
2025-12-11,SOL,136.3716,42777809.0
2025-12-11,XRP,2.0355,1749145419.0
2025-12-12,ADA,0.4091,1841083077.0
2025-12-12,BNB,881.8676,2049290.0
2025-12-12,BTC,90270.4141,889282.0
2025-12-12,DOGE,0.1369,7783152098.0
2025-12-12,ETH,3084.1726,7908443.0
2025-12-12,SOL,132.3243,39917542.0
2025-12-12,XRP,2.0091,1319349362.0
2025-12-13,ADA,0.4111,819593156.0
2025-12-13,BNB,897.4296,1640651.0
2025-12-13,BTC,90298.7109,711392.0
2025-12-13,DOGE,0.1392,3735521308.0
2025-12-13,ETH,3116.6953,3181854.0
2025-12-13,SOL,133.2475,15190226.0
2025-12-13,XRP,2.024,801782225.0
2025-12-14,ADA,0.3966,1347352400.0
2025-12-14,BNB,877.8069,1868942.0
2025-12-14,BTC,88175.1797,572338.0
2025-12-14,DOGE,0.1342,6194491912.0
2025-12-14,ETH,3060.5947,5103434.0
2025-12-14,SOL,129.4811,19222893.0
2025-12-14,XRP,1.9793,828339398.0
2025-12-15,ADA,0.3881,1722544706.0
2025-12-15,BNB,858.5451,2588283.0
2025-12-15,BTC,86419.7812,527188.0
2025-12-15,DOGE,0.1297,10662593716.0
2025-12-15,ETH,2964.1831,9704521.0
2025-12-15,SOL,127.7571,40076387.0
2025-12-15,XRP,1.8987,1832855737.0
2025-12-16,ADA,0.3857,1441276218.0
2025-12-16,BNB,874.899,2719977.0
2025-12-16,BTC,87843.9844,469721.0
2025-12-16,DOGE,0.1317,7788983454.0
2025-12-16,ETH,2964.1809,7661202.0
2025-12-16,SOL,129.2512,30318342.0
2025-12-16,XRP,1.9301,1602823712.0
2025-12-17,ADA,0.3665,1874880386.0
2025-12-17,BNB,842.9302,3521518.0
2025-12-17,BTC,86143.7578,513600.0
2025-12-17,DOGE,0.1262,10849498905.0
2025-12-17,ETH,2831.4036,9239172.0
2025-12-17,SOL,123.1198,44287319.0
2025-12-17,XRP,1.8618,1853008889.0
2025-12-18,ADA,0.3514,2143890654.0
2025-12-18,BNB,829.3011,3853406.0
2025-12-18,BTC,85462.5078,616260.0
2025-12-18,DOGE,0.122,14441840662.0
2025-12-18,ETH,2827.0691,10326660.0
2025-12-18,SOL,119.5702,48805434.0
2025-12-18,XRP,1.8078,2131378019.0
2025-12-19,ADA,0.3766,1624465068.0
2025-12-19,BNB,855.9433,6343775.0
2025-12-19,BTC,88103.3828,530437.0
2025-12-19,DOGE,0.1322,11187430268.0
2025-12-19,ETH,2977.9707,9358953.0
2025-12-19,SOL,126.1927,39980138.0
2025-12-19,XRP,1.9074,2057158647.0
2025-12-20,ADA,0.3731,807914940.0
2025-12-20,BNB,853.5862,1610482.0
2025-12-20,BTC,88344.0,166261.0
2025-12-20,DOGE,0.132,4076812630.0
2025-12-20,ETH,2977.5825,2556577.0
2025-12-20,SOL,125.809,13543208.0
2025-12-20,XRP,1.9324,1032754042.0
2025-12-21,ADA,0.3659,1239068767.0
2025-12-21,BNB,857.8892,1750712.0
2025-12-21,BTC,88621.75,223935.0
2025-12-21,DOGE,0.1311,5054172004.0
2025-12-21,ETH,3001.6138,3724029.0
2025-12-21,SOL,125.9915,18540714.0
2025-12-21,XRP,1.922,1244707086.0
2025-12-22,ADA,0.3708,1637088005.0
2025-12-22,BNB,857.8574,2284136.0
2025-12-22,BTC,88490.0156,429963.0
2025-12-22,DOGE,0.1324,8482737124.0
2025-12-22,ETH,3006.0737,6766978.0
2025-12-22,SOL,125.8012,29075863.0
2025-12-22,XRP,1.9028,1389926987.0
2025-12-23,ADA,0.3629,1266798560.0
2025-12-23,BNB,843.7714,2010983.0
2025-12-23,BTC,87414.0,499726.0
2025-12-23,DOGE,0.1292,7122578641.0
2025-12-23,ETH,2963.374,7239455.0
2025-12-23,SOL,123.8572,24900846.0
2025-12-23,XRP,1.8728,1175605101.0
2025-12-24,ADA,0.3564,1172151790.0
2025-12-24,BNB,846.2596,1814809.0
2025-12-24,BTC,87611.9609,291630.0
2025-12-24,DOGE,0.1285,4964554061.0
2025-12-24,ETH,2945.5906,4747697.0
2025-12-24,SOL,122.4586,18892582.0
2025-12-24,XRP,1.8612,1016453878.0
2025-12-25,ADA,0.3432,1520140127.0
2025-12-25,BNB,829.4244,1706279.0
2025-12-25,BTC,87234.7422,228730.0
2025-12-25,DOGE,0.1235,5882348764.0
2025-12-25,ETH,2903.5796,4073893.0
2025-12-25,SOL,119.9471,18293123.0
2025-12-25,XRP,1.8318,818204974.0
2025-12-26,ADA,0.3496,1566244226.0
2025-12-26,BNB,834.1516,2074912.0
2025-12-26,BTC,87301.4297,486311.0
2025-12-26,DOGE,0.122,9592495797.0
2025-12-26,ETH,2925.7456,6344433.0
2025-12-26,SOL,122.196,30929895.0
2025-12-26,XRP,1.843,1222006450.0
2025-12-27,ADA,0.3695,1028860146.0
2025-12-27,BNB,844.5545,1772030.0
2025-12-27,BTC,87802.1562,156502.0
2025-12-27,DOGE,0.1242,3876396511.0
2025-12-27,ETH,2947.9983,2502981.0
2025-12-27,SOL,124.6477,13729564.0
2025-12-27,XRP,1.8729,555479553.0
2025-12-28,ADA,0.3685,1248252878.0
2025-12-28,BNB,858.8288,2160140.0
2025-12-28,BTC,87835.8359,172556.0
2025-12-28,DOGE,0.1238,3701376965.0
2025-12-28,ETH,2948.5681,3129519.0
2025-12-28,SOL,125.1994,16004185.0
2025-12-28,XRP,1.8644,559558779.0
2025-12-29,ADA,0.3529,2190093519.0
2025-12-29,BNB,851.1876,2668205.0
2025-12-29,BTC,87138.1406,555573.0
2025-12-29,DOGE,0.1227,9196918898.0
2025-12-29,ETH,2934.5383,8845580.0
2025-12-29,SOL,123.1252,39568229.0
2025-12-29,XRP,1.8477,1246770713.0
2025-12-30,ADA,0.3511,1400515760.0
2025-12-30,BNB,860.5537,2373627.0
2025-12-30,BTC,88430.1328,402423.0
2025-12-30,DOGE,0.1233,7428869138.0
2025-12-30,ETH,2971.4167,6332570.0
2025-12-30,SOL,124.9313,24787314.0
2025-12-30,XRP,1.8755,962271510.0
2025-12-31,ADA,0.3328,1868146068.0
2025-12-31,BNB,863.2574,2942198.0
2025-12-31,BTC,87508.8281,386592.0
2025-12-31,DOGE,0.1173,8842574619.0
2025-12-31,ETH,2967.0376,5544888.0
2025-12-31,SOL,124.4845,29137997.0
2025-12-31,XRP,1.84,1086504935.0
2026-01-01,ADA,0.3562,1492955562.0
2026-01-01,BNB,863.0546,1880725.0
2026-01-01,BTC,88731.9844,212427.0
2026-01-01,DOGE,0.1267,10288670953.0
2026-01-01,ETH,3000.3943,3422482.0
2026-01-01,SOL,126.7611,19419628.0
2026-01-01,XRP,1.8779,746382773.0
2026-01-02,ADA,0.3938,2460362254.0
2026-01-02,BNB,880.8442,2582277.0
2026-01-02,BTC,89944.6953,515860.0
2026-01-02,DOGE,0.1417,22099880397.0
2026-01-02,ETH,3124.4226,8079182.0
2026-01-02,SOL,132.1337,34121826.0
2026-01-02,XRP,2.0058,1802164985.0
2026-01-03,ADA,0.3894,1404804195.0
2026-01-03,BNB,878.6395,1889794.0
2026-01-03,BTC,90603.1875,229295.0
2026-01-03,DOGE,0.1431,11210566264.0
2026-01-03,ETH,3125.9175,3666350.0
2026-01-03,SOL,133.2985,18582640.0
2026-01-03,XRP,2.0174,1162451570.0
2026-01-04,ADA,0.4001,1615401047.0
2026-01-04,BNB,894.3837,2090614.0
2026-01-04,BTC,91413.4922,292851.0
2026-01-04,DOGE,0.1493,15600948274.0
2026-01-04,ETH,3140.7104,4422719.0
2026-01-04,SOL,133.8996,22274754.0
2026-01-04,XRP,2.09,1537903145.0
2026-01-05,ADA,0.4219,2146493549.0
2026-01-05,BNB,910.7884,2406102.0
2026-01-05,BTC,93882.5547,568544.0
2026-01-05,DOGE,0.1518,13661977876.0
2026-01-05,ETH,3226.1304,8434872.0
2026-01-05,SOL,137.99,37688791.0
2026-01-05,XRP,2.3488,2666410595.0
2026-01-06,ADA,0.4196,2304326478.0
2026-01-06,BNB,917.5073,2611430.0
2026-01-06,BTC,93729.0312,559385.0
2026-01-06,DOGE,0.1506,14826112950.0
2026-01-06,ETH,3295.9468,8450980.0
2026-01-06,SOL,141.0984,41633615.0
2026-01-06,XRP,2.3069,3391414725.0
2026-01-07,ADA,0.4019,1479679725.0
2026-01-07,BNB,899.4143,2588942.0
2026-01-07,BTC,91308.0547,475985.0
2026-01-07,DOGE,0.1463,10445308900.0
2026-01-07,ETH,3166.844,7157278.0
2026-01-07,SOL,136.313,28684309.0
2026-01-07,XRP,2.1671,1866597057.0
2026-01-08,ADA,0.3956,1608929022.0
2026-01-08,BNB,891.7537,2411733.0
2026-01-08,BTC,91027.125,465649.0
2026-01-08,DOGE,0.142,11589251008.0
2026-01-08,ETH,3104.3826,7331647.0
2026-01-08,SOL,138.2934,34540793.0
2026-01-08,XRP,2.1221,2222243712.0
2026-01-09,ADA,0.3907,1317887735.0
2026-01-09,BNB,895.4692,1931248.0
2026-01-09,BTC,90513.1016,423208.0
2026-01-09,DOGE,0.1405,9273907372.0
2026-01-09,ETH,3083.0471,6123655.0
2026-01-09,SOL,135.7564,36849923.0
2026-01-09,XRP,2.0916,1701009036.0
2026-01-10,ADA,0.3879,680871527.0
2026-01-10,BNB,906.1125,2115665.0
2026-01-10,BTC,90386.6484,137032.0
2026-01-10,DOGE,0.1395,3359585679.0
2026-01-10,ETH,3082.396,2258199.0
2026-01-10,SOL,135.727,12021569.0
2026-01-10,XRP,2.088,575642798.0
2026-01-11,ADA,0.3903,1008045574.0
2026-01-11,BNB,902.7508,1941889.0
2026-01-11,BTC,90827.4609,188991.0
2026-01-11,DOGE,0.1377,5927306292.0
2026-01-11,ETH,3118.8853,3365696.0
2026-01-11,SOL,139.4905,22573494.0
2026-01-11,XRP,2.0711,826998896.0
2026-01-12,ADA,0.3859,1635048232.0
2026-01-12,BNB,905.4177,2289641.0
2026-01-12,BTC,91192.9922,453393.0
2026-01-12,DOGE,0.1365,9722449510.0
2026-01-12,ETH,3092.3252,6840390.0
2026-01-12,SOL,139.1362,43808136.0
2026-01-12,XRP,2.0525,1767890800.0
2026-01-13,ADA,0.4214,1896966822.0
2026-01-13,BNB,942.4601,3514924.0
2026-01-13,BTC,95321.7812,576790.0
2026-01-13,DOGE,0.1481,11697713949.0
2026-01-13,ETH,3322.0955,8198834.0
2026-01-13,SOL,145.3609,46671740.0
2026-01-13,XRP,2.1638,1761691750.0
2026-01-14,ADA,0.4145,1948792593.0
2026-01-14,BNB,949.1089,3053893.0
2026-01-14,BTC,96929.3281,625120.0
2026-01-14,DOGE,0.1472,12083706746.0
2026-01-14,ETH,3354.7227,10113030.0
2026-01-14,SOL,146.7528,43329194.0
2026-01-14,XRP,2.1397,2008284192.0
2026-01-15,ADA,0.3935,1794678569.0
2026-01-15,BNB,930.8784,2518778.0
2026-01-15,BTC,95551.1875,555580.0
2026-01-15,DOGE,0.14,11013858347.0
2026-01-15,ETH,3317.1013,8320122.0
2026-01-15,SOL,142.3324,32435604.0
2026-01-15,XRP,2.0781,1457925850.0
2026-01-16,ADA,0.3955,1418331740.0
2026-01-16,BNB,937.5319,1998542.0
2026-01-16,BTC,95525.1172,348057.0
2026-01-16,DOGE,0.1381,10128058069.0
2026-01-16,ETH,3295.4822,6898198.0
2026-01-16,SOL,144.8605,25214674.0
2026-01-16,XRP,2.0682,1121235000.0
2026-01-17,ADA,0.3967,864943238.0
2026-01-17,BNB,947.0446,1943201.0
2026-01-17,BTC,95099.9219,168472.0
2026-01-17,DOGE,0.1378,4480109342.0
2026-01-17,ETH,3308.8643,3386809.0
2026-01-17,SOL,143.7257,13221367.0
2026-01-17,XRP,2.0624,639436071.0
2026-01-18,ADA,0.3757,1099583514.0
2026-01-18,BNB,932.5914,2033159.0
2026-01-18,BTC,93634.4297,222245.0
2026-01-18,DOGE,0.1317,6144474006.0
2026-01-18,ETH,3281.1577,4132036.0
2026-01-18,SOL,137.9954,21625311.0
2026-01-18,XRP,1.9927,837517965.0
2026-01-19,ADA,0.3701,2674145420.0
2026-01-19,BNB,922.4951,3360243.0
2026-01-19,BTC,92553.5938,423487.0
2026-01-19,DOGE,0.1291,14830021692.0
2026-01-19,ETH,3186.6211,8772964.0
2026-01-19,SOL,133.3387,37637577.0
2026-01-19,XRP,1.9864,2022622929.0
2026-01-20,ADA,0.3504,2133794756.0
2026-01-20,BNB,884.6755,3376999.0
2026-01-20,BTC,88310.9062,600979.0
2026-01-20,DOGE,0.1233,10740836535.0
2026-01-20,ETH,2935.6057,11236285.0
2026-01-20,SOL,125.7057,44928603.0
2026-01-20,XRP,1.8896,1921579738.0
2026-01-21,ADA,0.3657,1932767963.0
2026-01-21,BNB,882.5583,4337258.0
2026-01-21,BTC,89376.9609,630257.0
2026-01-21,DOGE,0.1265,12609750888.0
2026-01-21,ETH,2978.9011,12017141.0
2026-01-21,SOL,129.3791,42010222.0
2026-01-21,XRP,1.9456,2232402483.0
2026-01-22,ADA,0.3589,1199380600.0
2026-01-22,BNB,886.9724,2109009.0
2026-01-22,BTC,89462.4531,397370.0
2026-01-22,DOGE,0.1242,6662242868.0
2026-01-22,ETH,2949.6333,7456382.0
2026-01-22,SOL,128.2883,25037776.0
2026-01-22,XRP,1.9217,1307648139.0
2026-01-23,ADA,0.3601,1234778594.0
2026-01-23,BNB,890.7664,2294309.0
2026-01-23,BTC,89503.875,435708.0
2026-01-23,DOGE,0.1246,7256067270.0
2026-01-23,ETH,2953.2563,7590841.0
2026-01-23,SOL,127.3616,29569357.0
2026-01-23,XRP,1.9195,1285995045.0
2026-01-24,ADA,0.3582,584668669.0
2026-01-24,BNB,886.1796,1455737.0
2026-01-24,BTC,89110.7344,163377.0
2026-01-24,DOGE,0.1241,3039886088.0
2026-01-24,ETH,2948.7407,2780396.0
2026-01-24,SOL,127.0538,12754964.0
2026-01-24,XRP,1.9131,507526700.0
2026-01-25,ADA,0.3387,1589461389.0
2026-01-25,BNB,864.7267,2388494.0
2026-01-25,BTC,86572.2188,417282.0
2026-01-25,DOGE,0.1193,8724822175.0
2026-01-25,ETH,2815.9023,7959825.0
2026-01-25,SOL,118.7729,45038010.0
2026-01-25,XRP,1.833,1495218714.0
2026-01-26,ADA,0.352,1411582487.0
2026-01-26,BNB,878.7445,2398817.0
2026-01-26,BTC,88267.1406,513547.0
2026-01-26,DOGE,0.1223,9411729595.0
2026-01-26,ETH,2926.457,10138068.0
2026-01-26,SOL,124.1397,34426696.0
2026-01-26,XRP,1.9035,1584265812.0
2026-01-27,ADA,0.3603,1337605457.0
2026-01-27,BNB,897.6655,2317639.0
2026-01-27,BTC,89102.5703,434835.0
2026-01-27,DOGE,0.126,8701814212.0
2026-01-27,ETH,3022.2109,9256801.0
2026-01-27,SOL,127.0548,28991720.0
2026-01-27,XRP,1.9139,1155609419.0
2026-01-28,ADA,0.3579,1321735017.0
2026-01-28,BNB,901.3489,2140410.0
2026-01-28,BTC,89184.5703,446349.0
2026-01-28,DOGE,0.1249,8521239604.0
2026-01-28,ETH,3006.6074,7234588.0
2026-01-28,SOL,125.1184,28330435.0
2026-01-28,XRP,1.9087,1206529965.0
2026-01-29,ADA,0.334,2016027750.0
2026-01-29,BNB,867.0981,4575847.0
2026-01-29,BTC,84561.5859,764568.0
2026-01-29,DOGE,0.1171,14358423515.0
2026-01-29,ETH,2818.2327,13301669.0
2026-01-29,SOL,117.6058,51392680.0
2026-01-29,XRP,1.8051,2545750201.0
2026-01-30,ADA,0.3204,2484446526.0
2026-01-30,BNB,857.2587,3574114.0
2026-01-30,BTC,84128.6562,856828.0
2026-01-30,DOGE,0.1157,14166490734.0
2026-01-30,ETH,2702.3752,15496623.0
2026-01-30,SOL,117.363,58099352.0
2026-01-30,XRP,1.7324,2917593823.0
2026-01-31,ADA,0.2935,4850113996.0
2026-01-31,BNB,780.4846,4165342.0
2026-01-31,BTC,78621.1172,896442.0
2026-01-31,DOGE,0.1041,25400107710.0
2026-01-31,ETH,2445.0918,19455111.0
2026-01-31,SOL,105.4417,90495710.0
2026-01-31,XRP,1.6455,3781884750.0
2026-02-01,ADA,0.286,2649215057.0
2026-02-01,BNB,758.4574,3335992.0
2026-02-01,BTC,76974.4453,693380.0
2026-02-01,DOGE,0.1043,13993715454.0
2026-02-01,ETH,2267.9648,17795086.0
2026-02-01,SOL,100.8505,53942109.0
2026-02-01,XRP,1.5913,2571850950.0
2026-02-02,ADA,0.2989,3091926660.0
2026-02-02,BNB,774.5793,4040744.0
2026-02-02,BTC,78688.7656,954909.0
2026-02-02,DOGE,0.1079,18425337655.0
2026-02-02,ETH,2344.3567,20834861.0
2026-02-02,SOL,104.4712,66520988.0
2026-02-02,XRP,1.6205,3114015825.0
2026-02-03,ADA,0.2908,2607220681.0
2026-02-03,BNB,753.5782,3547384.0
2026-02-03,BTC,75633.5469,902366.0
2026-02-03,DOGE,0.1056,18524168617.0
2026-02-03,ETH,2227.5588,21506091.0
2026-02-03,SOL,97.5639,59698830.0
2026-02-03,XRP,1.5742,2597525893.0
2026-02-04,ADA,0.2863,2659689685.0
2026-02-04,BNB,697.8618,4676814.0
2026-02-04,BTC,73019.7031,920510.0
2026-02-04,DOGE,0.1038,15877067312.0
2026-02-04,ETH,2143.5042,21096113.0
2026-02-04,SOL,92.0293,77836506.0
2026-02-04,XRP,1.5105,2774499932.0
2026-02-05,ADA,0.2449,5885872732.0
2026-02-05,BNB,606.5428,8072339.0
2026-02-05,BTC,62702.0977,2001678.0
2026-02-05,DOGE,0.0883,36660849662.0
2026-02-05,ETH,1821.6831,33146085.0
2026-02-05,SOL,78.1874,135077582.0
2026-02-05,XRP,1.2135,9345496491.0
2026-02-06,ADA,0.2762,6925169753.0
2026-02-06,BNB,657.4215,6391035.0
2026-02-06,BTC,70555.3906,1625308.0
2026-02-06,DOGE,0.0985,30661272480.0
2026-02-06,ETH,2063.387,31500855.0
2026-02-06,SOL,87.4648,133407436.0
2026-02-06,XRP,1.4715,8043376875.0
2026-02-07,ADA,0.2724,4647286844.0
2026-02-07,BNB,647.3503,3456008.0
2026-02-07,BTC,69281.9688,899904.0
2026-02-07,DOGE,0.0983,15818331474.0
2026-02-07,ETH,2090.5493,19681636.0
2026-02-07,SOL,87.6398,59342832.0
2026-02-07,XRP,1.4242,3760543393.0
2026-02-08,ADA,0.2703,2957686687.0
2026-02-08,BNB,640.2537,2535447.0
2026-02-08,BTC,70264.7266,565315.0
2026-02-08,DOGE,0.0967,8411826760.0
2026-02-08,ETH,2088.7629,9355640.0
2026-02-08,SOL,87.0441,35257695.0
2026-02-08,XRP,1.4322,1930251287.0
2026-02-09,ADA,0.2697,2332395169.0
2026-02-09,BNB,635.9545,2955401.0
2026-02-09,BTC,70120.7812,742741.0
2026-02-09,DOGE,0.096,9849884023.0
2026-02-09,ETH,2103.5676,12716959.0
2026-02-09,SOL,86.7018,47000186.0
2026-02-09,XRP,1.4361,2607853301.0
2026-02-10,ADA,0.2617,1528735415.0
2026-02-10,BNB,619.5703,2620067.0
2026-02-10,BTC,68793.9609,590067.0
2026-02-10,DOGE,0.0927,9066959928.0
2026-02-10,ETH,2019.4974,11521350.0
2026-02-10,SOL,82.9155,34722728.0
2026-02-10,XRP,1.3995,1707875910.0
2026-02-11,ADA,0.2556,1847947073.0
2026-02-11,BNB,607.1871,3519757.0
2026-02-11,BTC,66991.9688,741461.0
2026-02-11,DOGE,0.091,11338172182.0
2026-02-11,ETH,1940.6213,12327330.0
2026-02-11,SOL,79.2542,54319581.0
2026-02-11,XRP,1.368,2598764219.0
2026-02-12,ADA,0.2642,1767788107.0
2026-02-12,BNB,613.7109,2601686.0
2026-02-12,BTC,66221.8438,674265.0
2026-02-12,DOGE,0.093,9161880180.0
2026-02-12,ETH,1946.9407,10327158.0
2026-02-12,SOL,78.3484,47070804.0
2026-02-12,XRP,1.3621,1917493634.0
2026-02-13,ADA,0.2727,1632615773.0
2026-02-13,BNB,619.0839,3013577.0
2026-02-13,BTC,68857.8438,592827.0
2026-02-13,DOGE,0.0966,9106259471.0
2026-02-13,ETH,2048.5273,9964441.0
2026-02-13,SOL,84.3225,43449114.0
2026-02-13,XRP,1.4075,1889590682.0
2026-02-14,ADA,0.2953,1769263219.0
2026-02-14,BNB,633.3452,2245345.0
2026-02-14,BTC,69767.625,516176.0
2026-02-14,DOGE,0.1112,14477404072.0
2026-02-14,ETH,2086.0098,8113843.0
2026-02-14,SOL,88.1608,33509553.0
2026-02-14,XRP,1.51,1758026048.0
2026-02-15,ADA,0.2818,2177980166.0
2026-02-15,BNB,614.638,2558786.0
2026-02-15,BTC,68788.1875,584274.0
2026-02-15,DOGE,0.1027,24974269893.0
2026-02-15,ETH,1966.043,15783245.0
2026-02-15,SOL,86.0051,48520248.0
2026-02-15,XRP,1.4749,4170638969.0
2026-02-16,ADA,0.2855,1339778773.0
2026-02-16,BNB,626.5707,2210315.0
2026-02-16,BTC,68843.1562,488330.0
2026-02-16,DOGE,0.101,12106459198.0
2026-02-16,ETH,1997.9177,9619641.0
2026-02-16,SOL,86.4288,40766937.0
2026-02-16,XRP,1.4867,2088686008.0
2026-02-17,ADA,0.281,1336018970.0
2026-02-17,BNB,617.5621,2062765.0
2026-02-17,BTC,67494.2188,516591.0
2026-02-17,DOGE,0.1006,9804796550.0
2026-02-17,ETH,1992.1943,10505948.0
2026-02-17,SOL,85.1976,37270827.0
2026-02-17,XRP,1.4744,1611032773.0
2026-02-18,ADA,0.2736,1307165241.0
2026-02-18,BNB,604.5238,2329101.0
2026-02-18,BTC,66425.3203,498218.0
2026-02-18,DOGE,0.0985,7402998438.0
2026-02-18,ETH,1953.9741,10331410.0
2026-02-18,SOL,81.5669,40239617.0
2026-02-18,XRP,1.4216,1510879155.0
2026-02-19,ADA,0.2725,1309774693.0
2026-02-19,BNB,607.1599,2418544.0
2026-02-19,BTC,66957.5234,470343.0
2026-02-19,DOGE,0.0983,8145571629.0
2026-02-19,ETH,1948.201,8921104.0
2026-02-19,SOL,82.3932,35045988.0
2026-02-19,XRP,1.4064,1664525065.0
2026-02-20,ADA,0.2849,1773149507.0
2026-02-20,BNB,625.6635,2732964.0
2026-02-20,BTC,68005.4219,698589.0
2026-02-20,DOGE,0.1001,10887226721.0
2026-02-20,ETH,1969.0223,11012052.0
2026-02-20,SOL,84.6351,45684497.0
2026-02-20,XRP,1.4294,1860336008.0
2026-02-21,ADA,0.28,913156835.0
2026-02-21,BNB,625.8981,1891543.0
2026-02-21,BTC,68003.7656,269950.0
2026-02-21,DOGE,0.0985,5080784600.0
2026-02-21,ETH,1973.7372,5857549.0
2026-02-21,SOL,85.2111,23711369.0
2026-02-21,XRP,1.4317,981363504.0
2026-02-22,ADA,0.2714,906525562.0
2026-02-22,BNB,614.4067,1772490.0
2026-02-22,BTC,67659.3906,264465.0
2026-02-22,DOGE,0.0955,5541535534.0
2026-02-22,ETH,1957.8059,4846665.0
2026-02-22,SOL,82.791,24528293.0
2026-02-22,XRP,1.3931,1013177471.0
2026-02-23,ADA,0.2623,1812503348.0
2026-02-23,BNB,595.8651,3542353.0
2026-02-23,BTC,64616.7383,788549.0
2026-02-23,DOGE,0.0926,11455488126.0
2026-02-23,ETH,1855.5028,12789618.0
2026-02-23,SOL,77.7533,63885826.0
2026-02-23,XRP,1.3516,2604651480.0
2026-02-24,ADA,0.2588,1455890023.0
2026-02-24,BNB,584.1098,3042951.0
2026-02-24,BTC,64080.043,637474.0
2026-02-24,DOGE,0.0915,8888162541.0
2026-02-24,ETH,1852.9695,9970549.0
2026-02-24,SOL,79.0365,45829858.0
2026-02-24,XRP,1.3489,2068448783.0
2026-02-25,ADA,0.2967,3648129496.0
2026-02-25,BNB,629.0726,4278819.0
2026-02-25,BTC,67960.125,789128.0
2026-02-25,DOGE,0.1007,17057603391.0
2026-02-25,ETH,2054.6279,13490129.0
2026-02-25,SOL,87.9156,65770189.0
2026-02-25,XRP,1.4337,3064721675.0
2026-02-26,ADA,0.287,2357956898.0
2026-02-26,BNB,625.9132,4419405.0
2026-02-26,BTC,67453.7734,637305.0
2026-02-26,DOGE,0.097,11676725391.0
2026-02-26,ETH,2026.7926,11509673.0
2026-02-26,SOL,85.9091,48354932.0
2026-02-26,XRP,1.402,2361978775.0
2026-02-27,ADA,0.2776,1811584570.0
2026-02-27,BNB,613.9695,2903610.0
2026-02-27,BTC,65881.7969,611454.0
2026-02-27,DOGE,0.0934,10718429624.0
2026-02-27,ETH,1930.7618,10947399.0
2026-02-27,SOL,81.9515,47090936.0
2026-02-27,XRP,1.3559,2391143829.0
2026-02-28,ADA,0.2816,2585230436.0
2026-02-28,BNB,617.2464,2948447.0
2026-02-28,BTC,66995.8594,627524.0
2026-02-28,DOGE,0.0941,16384242471.0
2026-02-28,ETH,1965.0505,11030721.0
2026-02-28,SOL,84.3662,56438829.0
2026-02-28,XRP,1.3772,3012539955.0
2026-03-01,ADA,0.2736,2170567169.0
2026-03-01,BNB,618.1072,3104509.0
2026-03-01,BTC,65738.1016,619628.0
2026-03-01,DOGE,0.0919,14203437728.0
2026-03-01,ETH,1939.0667,12196111.0
2026-03-01,SOL,83.5777,55820712.0
2026-03-01,XRP,1.3517,2485500169.0
2026-03-02,ADA,0.2768,2250996009.0
2026-03-02,BNB,637.2396,3056802.0
2026-03-02,BTC,68775.8516,824390.0
2026-03-02,DOGE,0.0935,13295437292.0
2026-03-02,ETH,2027.2689,12941271.0
2026-03-02,SOL,86.6345,62974780.0
2026-03-02,XRP,1.391,2398330271.0
2026-03-03,ADA,0.2629,2699866724.0
2026-03-03,BNB,633.8309,2843961.0
2026-03-03,BTC,68293.6484,702086.0
2026-03-03,DOGE,0.09,14803538175.0
2026-03-03,ETH,1982.7689,12154818.0
2026-03-03,SOL,87.0198,55572987.0
2026-03-03,XRP,1.3606,2063249910.0
2026-03-04,ADA,0.2761,3582681418.0
2026-03-04,BNB,657.8168,3234860.0
2026-03-04,BTC,72710.5781,1032492.0
2026-03-04,DOGE,0.099,25824812875.0
2026-03-04,ETH,2126.5054,15805719.0
2026-03-04,SOL,90.8343,76047723.0
2026-03-04,XRP,1.4302,3085952364.0
2026-03-05,ADA,0.269,2129058975.0
2026-03-05,BNB,647.6259,2582974.0
2026-03-05,BTC,70841.125,722361.0
2026-03-05,DOGE,0.0935,14555945775.0
2026-03-05,ETH,2071.6055,10804942.0
2026-03-05,SOL,88.6911,50311826.0
2026-03-05,XRP,1.4031,1889696208.0
2026-03-06,ADA,0.259,1865687675.0
2026-03-06,BNB,627.2734,2209404.0
2026-03-06,BTC,68136.4922,642489.0
2026-03-06,DOGE,0.0913,11139139042.0
2026-03-06,ETH,1978.7512,9972779.0
2026-03-06,SOL,84.6818,44160154.0
2026-03-06,XRP,1.3636,1739512977.0
2026-03-07,ADA,0.2547,1358919153.0
2026-03-07,BNB,620.0663,1745450.0
2026-03-07,BTC,67272.5938,345738.0
2026-03-07,DOGE,0.0899,6114895516.0
2026-03-07,ETH,1969.4554,5197832.0
2026-03-07,SOL,83.18,23034602.0
2026-03-07,XRP,1.3564,842016815.0
2026-03-08,ADA,0.2492,1641778261.0
2026-03-08,BNB,612.0389,2107316.0
2026-03-08,BTC,65969.7812,503186.0
2026-03-08,DOGE,0.0892,10119233732.0
2026-03-08,ETH,1936.6047,8424038.0
2026-03-08,SOL,81.6246,32918397.0
2026-03-08,XRP,1.3414,1228555026.0
2026-03-09,ADA,0.255,2073608492.0
2026-03-09,BNB,634.5004,2563541.0
2026-03-09,BTC,68402.3828,723657.0
2026-03-09,DOGE,0.0904,12651453121.0
2026-03-09,ETH,1992.9382,12050462.0
2026-03-09,SOL,84.9362,49641455.0
2026-03-09,XRP,1.3618,1824953395.0
2026-03-10,ADA,0.262,2479411668.0
2026-03-10,BNB,641.8792,2462517.0
2026-03-10,BTC,69926.9219,772292.0
2026-03-10,DOGE,0.0945,21167110154.0
2026-03-10,ETH,2037.1205,11561591.0
2026-03-10,SOL,85.8382,50580932.0
2026-03-10,XRP,1.3864,2419205391.0
2026-03-11,ADA,0.2625,1946470105.0
2026-03-11,BNB,651.4783,2481434.0
2026-03-11,BTC,70204.8828,644355.0
2026-03-11,DOGE,0.0929,14988767984.0
2026-03-11,ETH,2051.5732,9276644.0
2026-03-11,SOL,86.5649,45748192.0
2026-03-11,XRP,1.3849,1682016251.0
2026-03-12,ADA,0.2632,1409045078.0
2026-03-12,BNB,652.135,2398661.0
2026-03-12,BTC,70493.4609,579796.0
2026-03-12,DOGE,0.0947,11467865992.0
2026-03-12,ETH,2073.1362,9948673.0
2026-03-12,SOL,86.8678,43069992.0
2026-03-12,XRP,1.3846,1432458809.0
2026-03-13,ADA,0.2657,2610403957.0
2026-03-13,BNB,655.882,3469210.0
2026-03-13,BTC,70968.2656,861895.0
2026-03-13,DOGE,0.0959,21501414102.0
2026-03-13,ETH,2092.5635,14023571.0
2026-03-13,SOL,88.1533,64915142.0
2026-03-13,XRP,1.3989,2653040262.0
2026-03-14,ADA,0.2634,1435592417.0
2026-03-14,BNB,657.8316,1976762.0
2026-03-14,BTC,71214.625,312907.0
2026-03-14,DOGE,0.096,8301879443.0
2026-03-14,ETH,2097.0867,4803526.0
2026-03-14,SOL,88.0707,24607163.0
2026-03-14,XRP,1.4073,852974190.0
2026-03-15,ADA,0.2698,1377395314.0
2026-03-15,BNB,673.7012,2330420.0
2026-03-15,BTC,72789.9141,384549.0
2026-03-15,DOGE,0.0974,9960652707.0
2026-03-15,ETH,2177.4763,7042045.0
2026-03-15,SOL,92.2518,35524262.0
2026-03-15,XRP,1.4476,1384007017.0
2026-03-16,ADA,0.2904,3847178204.0
2026-03-16,BNB,679.3548,3532493.0
2026-03-16,BTC,74861.0859,742341.0
2026-03-16,DOGE,0.1031,23599915226.0
2026-03-16,ETH,2351.176,16561231.0
2026-03-16,SOL,96.2237,67626788.0
2026-03-16,XRP,1.5436,2729224501.0
2026-03-17,ADA,0.2891,2222034592.0
2026-03-17,BNB,668.7809,2804146.0
2026-03-17,BTC,73922.4766,669630.0
2026-03-17,DOGE,0.1002,15253664809.0
2026-03-17,ETH,2318.0535,11534490.0
2026-03-17,SOL,94.706,44766299.0
2026-03-17,XRP,1.5185,3089694044.0
2026-03-18,ADA,0.2742,2219724438.0
2026-03-18,BNB,652.0591,2945168.0
2026-03-18,BTC,71245.5781,648868.0
2026-03-18,DOGE,0.0952,16539720691.0
2026-03-18,ETH,2203.6716,11625129.0
2026-03-18,SOL,90.0657,48096428.0
2026-03-18,XRP,1.4639,2066776243.0
2026-03-19,ADA,0.2674,1694034968.0
2026-03-19,BNB,639.2662,2758867.0
2026-03-19,BTC,69912.7891,638387.0
2026-03-19,DOGE,0.0936,10251421868.0
2026-03-19,ETH,2137.4238,11271005.0
2026-03-19,SOL,88.9178,41096576.0
2026-03-19,XRP,1.4473,1703508947.0
2026-03-20,ADA,0.2661,1483946010.0
2026-03-20,BNB,642.1833,2543964.0
2026-03-20,BTC,70522.5859,543075.0
2026-03-20,DOGE,0.0942,8080189525.0
2026-03-20,ETH,2146.4971,8372007.0
2026-03-20,SOL,89.8536,34397288.0
2026-03-20,XRP,1.4455,1308927068.0
2026-03-21,ADA,0.2578,1051850106.0
2026-03-21,BNB,630.1338,1962235.0
2026-03-21,BTC,68711.5234,307217.0
2026-03-21,DOGE,0.0912,5732584304.0
2026-03-21,ETH,2076.6899,4167648.0
2026-03-21,SOL,87.4654,21758749.0
2026-03-21,XRP,1.4066,785607174.0
2026-03-22,ADA,0.2506,1900476006.0
2026-03-22,BNB,626.6013,2579515.0
2026-03-22,BTC,67845.2109,443776.0
2026-03-22,DOGE,0.0901,10410832302.0
2026-03-22,ETH,2053.0483,8006704.0
2026-03-22,SOL,86.1283,34590882.0
2026-03-22,XRP,1.3849,1254131965.0
2026-03-23,ADA,0.2616,2613785300.0
2026-03-23,BNB,638.5368,3713224.0
2026-03-23,BTC,70914.8594,726345.0
2026-03-23,DOGE,0.0942,17130929413.0
2026-03-23,ETH,2152.146,13246814.0
2026-03-23,SOL,91.4241,59249047.0
2026-03-23,XRP,1.4319,2370397092.0
2026-03-24,ADA,0.2662,1689017686.0
2026-03-24,BNB,638.2528,2578453.0
2026-03-24,BTC,70517.8594,569806.0
2026-03-24,DOGE,0.0951,11095777418.0
2026-03-24,ETH,2155.7043,8530684.0
2026-03-24,SOL,90.8224,45661921.0
2026-03-24,XRP,1.4154,1524138179.0
2026-03-25,ADA,0.2703,1836632854.0
2026-03-25,BNB,647.3281,2627625.0
2026-03-25,BTC,71309.8828,496562.0
2026-03-25,DOGE,0.0961,12493373091.0
2026-03-25,ETH,2168.0215,7881057.0
2026-03-25,SOL,91.7082,40900992.0
2026-03-25,XRP,1.4142,1360609312.0
2026-03-26,ADA,0.2548,1981958903.0
2026-03-26,BNB,628.9947,2490001.0
2026-03-26,BTC,68791.625,566378.0
2026-03-26,DOGE,0.092,13259683607.0
2026-03-26,ETH,2059.5784,9044624.0
2026-03-26,SOL,86.4439,49515785.0
2026-03-26,XRP,1.3601,1754707669.0
2026-03-27,ADA,0.246,2009614223.0
2026-03-27,BNB,613.2924,2730221.0
2026-03-27,BTC,66338.375,700702.0
2026-03-27,DOGE,0.09,9504079093.0
2026-03-27,ETH,1991.272,9769634.0
2026-03-27,SOL,83.0188,44499393.0
2026-03-27,XRP,1.325,1750078827.0
2026-03-28,ADA,0.2457,1238210962.0
2026-03-28,BNB,610.7012,1433248.0
2026-03-28,BTC,66319.6953,315515.0
2026-03-28,DOGE,0.0909,10776563474.0
2026-03-28,ETH,1992.6946,4336450.0
2026-03-28,SOL,82.0156,27781356.0
2026-03-28,XRP,1.3328,818736429.0
2026-03-29,ADA,0.2396,1743333161.0
2026-03-29,BNB,605.6762,2212988.0
2026-03-29,BTC,65954.9219,328192.0
2026-03-29,DOGE,0.0904,8147911108.0
2026-03-29,ETH,1982.5597,4767163.0
2026-03-29,SOL,81.4224,29456106.0
2026-03-29,XRP,1.3273,908479233.0
2026-03-30,ADA,0.2432,1755585923.0
2026-03-30,BNB,608.5535,2779417.0
2026-03-30,BTC,66691.4453,565215.0
2026-03-30,DOGE,0.0907,12935228972.0
2026-03-30,ETH,2023.5149,8816670.0
2026-03-30,SOL,82.4441,48366673.0
2026-03-30,XRP,1.3226,1424616382.0
2026-03-31,ADA,0.2416,2100620334.0
2026-03-31,BNB,617.0492,2900756.0
2026-03-31,BTC,68233.3125,630157.0
2026-03-31,DOGE,0.0922,11760641507.0
2026-03-31,ETH,2104.7083,10109981.0
2026-03-31,SOL,83.1065,58156727.0
2026-03-31,XRP,1.3403,1516577890.0
2026-04-01,ADA,0.2481,2061203941.0
2026-04-01,BNB,610.623,2798377.0
2026-04-01,BTC,68078.5547,535637.0
2026-04-01,DOGE,0.0922,10756605600.0
2026-04-01,ETH,2138.7371,9137634.0
2026-04-01,SOL,81.1953,62731220.0
2026-04-01,XRP,1.3478,1333433724.0
2026-04-02,ADA,0.2394,2546216324.0
2026-04-02,BNB,583.1368,3864605.0
2026-04-02,BTC,66888.5703,587894.0
2026-04-02,DOGE,0.0904,11506142405.0
2026-04-02,ETH,2056.8525,9163112.0
2026-04-02,SOL,78.9513,62421070.0
2026-04-02,XRP,1.3187,1853217912.0
2026-04-03,ADA,0.2462,1643442592.0
2026-04-03,BNB,588.1,2124437.0
2026-04-03,BTC,66931.1016,340881.0
2026-04-03,DOGE,0.0915,7416824332.0
2026-04-03,ETH,2053.3853,4679920.0
2026-04-03,SOL,80.3685,37263181.0
2026-04-03,XRP,1.3179,1008369895.0
2026-04-04,ADA,0.2479,991173967.0
2026-04-04,BNB,593.2837,1231050.0
2026-04-04,BTC,67290.5156,235974.0
2026-04-04,DOGE,0.092,5238798473.0
2026-04-04,ETH,2065.3516,3353867.0
2026-04-04,SOL,80.8084,26333778.0
2026-04-04,XRP,1.3156,669155743.0
2026-04-05,ADA,0.2504,1170269096.0
2026-04-05,BNB,601.5356,1445681.0
2026-04-05,BTC,68981.8984,333024.0
2026-04-05,DOGE,0.0923,7149094864.0
2026-04-05,ETH,2108.9956,4707834.0
2026-04-05,SOL,81.8545,29610000.0
2026-04-05,XRP,1.3255,1092880324.0
2026-04-06,ADA,0.2461,2125441106.0
2026-04-06,BNB,600.3857,2597316.0
2026-04-06,BTC,68859.8281,574241.0
2026-04-06,DOGE,0.0906,12348462523.0
2026-04-06,ETH,2107.7615,9060573.0
2026-04-06,SOL,80.1516,44191135.0
2026-04-06,XRP,1.3212,1520345522.0
2026-04-07,ADA,0.2638,2242238622.0
2026-04-07,BNB,620.8987,3148204.0
2026-04-07,BTC,71940.7031,620657.0
2026-04-07,DOGE,0.095,15609508931.0
2026-04-07,ETH,2241.8066,10076210.0
2026-04-07,SOL,85.648,63750115.0
2026-04-07,XRP,1.3815,1819723707.0
2026-04-08,ADA,0.2507,2064396901.0
2026-04-08,BNB,601.1722,3379556.0
2026-04-08,BTC,71123.3594,596775.0
2026-04-08,DOGE,0.0924,15523138889.0
2026-04-08,ETH,2190.3354,9801912.0
2026-04-08,SOL,82.5817,56706504.0
2026-04-08,XRP,1.3424,1936033914.0
2026-04-09,ADA,0.2538,1459498614.0
2026-04-09,BNB,602.8275,3046676.0
2026-04-09,BTC,71767.8281,540626.0
2026-04-09,DOGE,0.0925,15918913056.0
2026-04-09,ETH,2189.144,7865466.0
2026-04-09,SOL,83.2977,53672613.0
2026-04-09,XRP,1.3441,1933927934.0
2026-04-10,ADA,0.2543,1657349884.0
2026-04-10,BNB,605.9915,2936614.0
2026-04-10,BTC,72979.0469,516896.0
2026-04-10,DOGE,0.0937,13911268247.0
2026-04-10,ETH,2245.1487,7630661.0
2026-04-10,SOL,84.8285,149987895.0
2026-04-10,XRP,1.3566,1512125341.0
2026-04-11,ADA,0.2497,1934358491.0
2026-04-11,BNB,607.3914,2755933.0
2026-04-11,BTC,73054.2734,318764.0
2026-04-11,DOGE,0.0931,10988582173.0
2026-04-11,ETH,2285.3901,5522453.0
2026-04-11,SOL,84.9488,136065900.0
2026-04-11,XRP,1.3554,1162510075.0
2026-04-12,ADA,0.2363,2416977668.0
2026-04-12,BNB,592.2141,3099350.0
2026-04-12,BTC,70753.4062,422351.0
2026-04-12,DOGE,0.0908,13817739281.0
2026-04-12,ETH,2192.2012,6982512.0
2026-04-12,SOL,81.5352,47798803.0
2026-04-12,XRP,1.325,1401043775.0
2026-04-13,ADA,0.2486,2148452281.0
2026-04-13,BNB,615.0513,3180928.0
2026-04-13,BTC,74484.6406,701866.0
2026-04-13,DOGE,0.0941,15999306461.0
2026-04-13,ETH,2370.7148,10000837.0
2026-04-13,SOL,86.6566,57444380.0
2026-04-13,XRP,1.3767,1943221001.0
2026-04-14,ADA,0.2397,2169132811.0
2026-04-14,BNB,614.0372,3270304.0
2026-04-14,BTC,74181.6094,721753.0
2026-04-14,DOGE,0.093,25564325177.0
2026-04-14,ETH,2323.3086,10840216.0
2026-04-14,SOL,83.7746,68378923.0
2026-04-14,XRP,1.3618,1992196140.0
2026-04-15,ADA,0.2459,1917131334.0
2026-04-15,BNB,622.6653,2641281.0
2026-04-15,BTC,74805.0781,509192.0
2026-04-15,DOGE,0.0949,14016172139.0
2026-04-15,ETH,2359.437,7206960.0
2026-04-15,SOL,84.9193,54758103.0
2026-04-15,XRP,1.3917,2035334719.0
2026-04-16,ADA,0.2592,2828490454.0
2026-04-16,BNB,635.5834,2920913.0
2026-04-16,BTC,75152.1328,549722.0
2026-04-16,DOGE,0.0992,28439517968.0
2026-04-16,ETH,2348.645,8772221.0
2026-04-16,SOL,88.9942,69837949.0
2026-04-16,XRP,1.4526,2797921193.0
2026-04-17,ADA,0.2589,2757968707.0
2026-04-17,BNB,643.4501,3100175.0
2026-04-17,BTC,77126.875,701924.0
2026-04-17,DOGE,0.0995,27112257906.0
2026-04-17,ETH,2421.0718,10932191.0
2026-04-17,SOL,88.8742,72630572.0
2026-04-17,XRP,1.477,2866848683.0
2026-04-18,ADA,0.2495,1702957858.0
2026-04-18,BNB,630.3224,2515207.0
2026-04-18,BTC,75726.2109,343533.0
2026-04-18,DOGE,0.0949,17159683996.0
2026-04-18,ETH,2351.1006,6124828.0
2026-04-18,SOL,86.2027,41982770.0
2026-04-18,XRP,1.4347,1762284690.0
2026-04-19,ADA,0.2425,2304691785.0
2026-04-19,BNB,616.5245,2445535.0
2026-04-19,BTC,73856.3516,418806.0
2026-04-19,DOGE,0.0931,20142391018.0
2026-04-19,ETH,2264.917,7542750.0
2026-04-19,SOL,83.5809,52991330.0
2026-04-19,XRP,1.3947,2048545807.0
2026-04-20,ADA,0.2483,2045678195.0
2026-04-20,BNB,629.2552,2443744.0
2026-04-20,BTC,75872.5234,522909.0
2026-04-20,DOGE,0.0952,14551530644.0
2026-04-20,ETH,2315.2124,8243204.0
2026-04-20,SOL,85.333,50704111.0
2026-04-20,XRP,1.4249,2023479195.0
2026-04-21,ADA,0.2497,1709511738.0
2026-04-21,BNB,631.7922,2592992.0
2026-04-21,BTC,76352.7734,477435.0
2026-04-21,DOGE,0.0952,10965069038.0
2026-04-21,ETH,2327.9705,6919210.0
2026-04-21,SOL,86.0295,47469299.0
2026-04-21,XRP,1.4318,1688389934.0
2026-04-22,ADA,0.2486,1926352691.0
2026-04-22,BNB,637.9318,2889255.0
2026-04-22,BTC,78203.1016,618091.0
2026-04-22,DOGE,0.0957,17198351375.0
2026-04-22,ETH,2376.0881,9454849.0
2026-04-22,SOL,86.9158,58654714.0
2026-04-22,XRP,1.43,1760338381.0
2026-04-23,ADA,0.25,1851725260.0
2026-04-23,BNB,638.7263,2493974.0
2026-04-23,BTC,78268.9531,515593.0
2026-04-23,DOGE,0.0972,16600178185.0
2026-04-23,ETH,2331.5139,8539156.0
2026-04-23,SOL,86.1411,55011630.0
2026-04-23,XRP,1.4391,1807611853.0
2026-04-24,ADA,0.2504,1317812029.0
2026-04-24,BNB,636.403,2135144.0
2026-04-24,BTC,77455.3125,423266.0
2026-04-24,DOGE,0.0985,16253750081.0
2026-04-24,ETH,2315.6902,5774161.0
2026-04-24,SOL,86.2319,42692859.0
2026-04-24,XRP,1.4337,1508808114.0
2026-04-25,ADA,0.2503,1269500326.0
2026-04-25,BNB,628.6573,1206345.0
2026-04-25,BTC,77612.0156,215211.0
2026-04-25,DOGE,0.098,9201889360.0
2026-04-25,ETH,2318.8291,2822813.0
2026-04-25,SOL,86.1512,28814264.0
2026-04-25,XRP,1.4242,745765836.0
2026-04-26,ADA,0.2523,1116398955.0
2026-04-26,BNB,636.1115,1831326.0
2026-04-26,BTC,78657.5391,273120.0
2026-04-26,DOGE,0.0993,10701487059.0
2026-04-26,ETH,2369.729,4482777.0
2026-04-26,SOL,86.9704,34100612.0
2026-04-26,XRP,1.4316,879670156.0
2026-04-27,ADA,0.2482,1697572706.0
2026-04-27,BNB,626.9642,2611968.0
2026-04-27,BTC,77366.625,492921.0
2026-04-27,DOGE,0.099,16156578017.0
2026-04-27,ETH,2303.064,7763405.0
2026-04-27,SOL,84.8178,56108891.0
2026-04-27,XRP,1.4009,1637880787.0
2026-04-28,ADA,0.2468,1139367744.0
2026-04-28,BNB,624.311,1974132.0
2026-04-28,BTC,76350.6719,419864.0
2026-04-28,DOGE,0.0994,18121796665.0
2026-04-28,ETH,2289.4197,5574130.0
2026-04-28,SOL,84.039,39148882.0
2026-04-28,XRP,1.3807,1289876372.0
2026-04-29,ADA,0.2445,2244100628.0
2026-04-29,BNB,617.3298,2591253.0
2026-04-29,BTC,75776.1328,547150.0
2026-04-29,DOGE,0.104,43999130613.0
2026-04-29,ETH,2253.4158,9711804.0
2026-04-29,SOL,83.0269,54560325.0
2026-04-29,XRP,1.3693,1733841126.0
2026-04-30,ADA,0.2462,1214756891.0
2026-04-30,BNB,615.0667,2067678.0
2026-04-30,BTC,76304.3203,386582.0
2026-04-30,DOGE,0.1065,23896641163.0
2026-04-30,ETH,2256.2512,5455730.0
2026-04-30,SOL,83.0238,40420769.0
2026-04-30,XRP,1.3674,1222703457.0
2026-05-01,ADA,0.2481,1266897288.0
2026-05-01,BNB,615.3311,2232045.0
2026-05-01,BTC,78179.0,500957.0
2026-05-01,DOGE,0.1084,20691497786.0
2026-05-01,ETH,2295.0938,5770518.0
2026-05-01,SOL,83.7235,41973013.0
2026-05-01,XRP,1.3847,1281162918.0
2026-05-02,ADA,0.2501,924059771.0
2026-05-02,BNB,617.8276,1153337.0
2026-05-02,BTC,78657.25,213096.0
2026-05-02,DOGE,0.1084,10700459109.0
2026-05-02,ETH,2316.2319,2981142.0
2026-05-02,SOL,84.2766,29575904.0
2026-05-02,XRP,1.3932,833534320.0
2026-05-03,ADA,0.2494,1082761737.0
2026-05-03,BNB,617.4824,1350967.0
2026-05-03,BTC,78538.2266,261585.0
2026-05-03,DOGE,0.1083,9454213254.0
2026-05-03,ETH,2321.6357,4247467.0
2026-05-03,SOL,83.8996,32222290.0
2026-05-03,XRP,1.3876,805965246.0
2026-05-04,ADA,0.2499,2017068660.0
2026-05-04,BNB,622.6591,3661619.0
2026-05-04,BTC,79827.9062,680527.0
2026-05-04,DOGE,0.1102,24188199526.0
2026-05-04,ETH,2346.397,10866663.0
2026-05-04,SOL,84.0899,63920420.0
2026-05-04,XRP,1.392,1876599559.0
2026-05-05,ADA,0.2621,2205247942.0
2026-05-05,BNB,630.3912,2756771.0
2026-05-05,BTC,80927.0547,490567.0
2026-05-05,DOGE,0.1149,15784934086.0
2026-05-05,ETH,2361.1826,7513020.0
2026-05-05,SOL,86.3192,51344279.0
2026-05-05,XRP,1.4131,1437644897.0
2026-05-06,ADA,0.2667,2386248176.0
2026-05-06,BNB,647.5737,3831960.0
2026-05-06,BTC,81427.5312,512745.0
2026-05-06,DOGE,0.1124,21523978410.0
2026-05-06,ETH,2350.802,9675756.0
2026-05-06,SOL,89.145,63824131.0
2026-05-06,XRP,1.4247,2025675913.0
2026-05-07,ADA,0.2626,1877264715.0
2026-05-07,BNB,637.022,2617440.0
2026-05-07,BTC,80009.9922,461582.0
2026-05-07,DOGE,0.1078,15346688278.0
2026-05-07,ETH,2291.1077,10217688.0
2026-05-07,SOL,88.4048,54193954.0
2026-05-07,XRP,1.3871,1504771528.0
2026-05-08,ADA,0.2733,1653586575.0
2026-05-08,BNB,649.0093,2216337.0
2026-05-08,BTC,80186.7656,421383.0
2026-05-08,DOGE,0.1095,11760751874.0
2026-05-08,ETH,2306.9722,8675208.0
2026-05-08,SOL,91.9498,50110284.0
2026-05-08,XRP,1.4183,1176281170.0
2026-05-09,ADA,0.2708,1210890956.0
2026-05-09,BNB,649.7374,1968381.0
2026-05-09,BTC,80664.3672,224412.0
2026-05-09,DOGE,0.1087,7746662230.0
2026-05-09,ETH,2326.7273,5250811.0
2026-05-09,SOL,93.1455,40150460.0
2026-05-09,XRP,1.4201,947729756.0
2026-05-10,ADA,0.2825,2199378690.0
2026-05-10,BNB,663.6635,2127772.0
2026-05-10,BTC,82138.9297,328297.0
2026-05-10,DOGE,0.1125,12279679706.0
2026-05-10,ETH,2369.0439,8267971.0
2026-05-10,SOL,96.427,48860072.0
2026-05-10,XRP,1.4728,2070553163.0
2026-05-11,ADA,0.2805,1751441492.0
2026-05-11,BNB,669.9736,2692536.0
2026-05-11,BTC,81728.2969,396555.0
2026-05-11,DOGE,0.1113,13184562758.0
2026-05-11,ETH,2339.3608,6636695.0
2026-05-11,SOL,97.3502,54483864.0
2026-05-11,XRP,1.4768,1840597095.0
2026-05-12,ADA,0.2709,1730465152.0
2026-05-12,BNB,664.5411,2471650.0
2026-05-12,BTC,80477.4922,399946.0
2026-05-12,DOGE,0.11,11096113665.0
2026-05-12,ETH,2274.6436,7097989.0
2026-05-12,SOL,94.2843,44617893.0
2026-05-12,XRP,1.4361,1614612827.0
2026-05-13,ADA,0.2647,1907545018.0
2026-05-13,BNB,671.3828,2920597.0
2026-05-13,BTC,79277.1172,429827.0
2026-05-13,DOGE,0.1127,17406259293.0
2026-05-13,ETH,2257.5764,6730124.0
2026-05-13,SOL,91.0855,50145342.0
2026-05-13,XRP,1.4263,1654851435.0
2026-05-14,ADA,0.2702,1904232912.0
2026-05-14,BNB,677.9398,2443878.0
2026-05-14,BTC,81051.25,539556.0
2026-05-14,DOGE,0.1153,23430873205.0
2026-05-14,ETH,2280.9348,7700103.0
2026-05-14,SOL,92.1487,44682574.0
2026-05-14,XRP,1.4841,2678512607.0
2026-05-15,ADA,0.2615,1726447872.0
2026-05-15,BNB,672.1113,2534086.0
2026-05-15,BTC,79065.6797,482932.0
2026-05-15,DOGE,0.1134,15304855793.0
2026-05-15,ETH,2223.3289,8162021.0
2026-05-15,SOL,89.2004,44333996.0
2026-05-15,XRP,1.4337,1851982219.0
2026-05-16,ADA,0.255,1270131876.0
2026-05-16,BNB,656.2161,2102604.0
2026-05-16,BTC,78131.4375,331439.0
2026-05-16,DOGE,0.1094,9517321007.0
2026-05-16,ETH,2179.752,5253658.0
2026-05-16,SOL,86.5365,35748436.0
2026-05-16,XRP,1.414,1163663393.0
2026-05-17,ADA,0.2519,1257920720.0
2026-05-17,BNB,648.7941,1207939.0
2026-05-17,BTC,77429.3516,269926.0
2026-05-17,DOGE,0.1088,8811875255.0
2026-05-17,ETH,2127.6453,4767339.0
2026-05-17,SOL,85.173,34049652.0
2026-05-17,XRP,1.4009,1020705123.0
2026-05-18,ADA,0.2514,1872703857.0
2026-05-18,BNB,643.0562,2205475.0
2026-05-18,BTC,76954.1719,539548.0
2026-05-18,DOGE,0.1047,15028915192.0
2026-05-18,ETH,2128.5161,9344909.0
2026-05-18,SOL,85.2969,44716942.0
2026-05-18,XRP,1.3892,1657434623.0
2026-05-19,ADA,0.2482,1294281771.0
2026-05-19,BNB,639.45,1740826.0
2026-05-19,BTC,76750.9062,339174.0
2026-05-19,DOGE,0.1029,6588295073.0
2026-05-19,ETH,2109.9639,5701872.0
2026-05-19,SOL,84.2086,32620069.0
2026-05-19,XRP,1.3606,1366594994.0
2026-05-20,ADA,0.249,1438696605.0
2026-05-20,BNB,648.8193,1736878.0
2026-05-20,BTC,77457.7734,344295.0
2026-05-20,DOGE,0.1036,6938748228.0
2026-05-20,ETH,2126.9834,5677900.0
2026-05-20,SOL,86.0419,40289613.0
2026-05-20,XRP,1.3654,1206319823.0
2026-05-21,ADA,0.2503,1754051278.0
2026-05-21,BNB,657.3499,1868626.0
2026-05-21,BTC,77539.1719,350036.0
2026-05-21,DOGE,0.1055,8676614233.0
2026-05-21,ETH,2131.4106,6729998.0
2026-05-21,SOL,87.1562,44011200.0
2026-05-21,XRP,1.3721,1269586634.0
2026-05-22,ADA,0.2424,1997453559.0
2026-05-22,BNB,649.4689,2043956.0
2026-05-22,BTC,75488.2422,369051.0
2026-05-22,DOGE,0.1023,7647715508.0
2026-05-22,ETH,2064.637,6407659.0
2026-05-22,SOL,84.3071,40125104.0
2026-05-22,XRP,1.3337,1433632036.0
2026-05-23,ADA,0.2459,2059539582.0
2026-05-23,BNB,655.7097,1974158.0
2026-05-23,BTC,76673.3672,390921.0
2026-05-23,DOGE,0.103,11157196494.0
2026-05-23,ETH,2115.9514,7869136.0
2026-05-23,SOL,85.6585,47079812.0
2026-05-23,XRP,1.3575,1444337962.0
2026-05-24,ADA,0.2421,1151002871.0
2026-05-24,BNB,656.0983,1683944.0
2026-05-24,BTC,76981.125,267244.0
2026-05-24,DOGE,0.1022,5640852387.0
2026-05-24,ETH,2097.9939,5053665.0
2026-05-24,SOL,85.2497,36272434.0
2026-05-24,XRP,1.35,888041557.0
2026-05-25,ADA,0.2435,1276856826.0
2026-05-25,BNB,662.3038,1976653.0
2026-05-25,BTC,77279.9297,256320.0
2026-05-25,DOGE,0.1021,5016535248.0
2026-05-25,ETH,2111.3704,4815563.0
2026-05-25,SOL,85.0105,32779800.0
2026-05-25,XRP,1.3494,966395435.0
2026-05-26,ADA,0.2398,1804182388.0
2026-05-26,BNB,655.5964,2468698.0
2026-05-26,BTC,75825.7344,474766.0
2026-05-26,DOGE,0.1009,7868678852.0
2026-05-26,ETH,2070.8582,7689605.0
2026-05-26,SOL,83.5865,43699903.0
2026-05-26,XRP,1.3277,1303070409.0
2026-05-27,ADA,0.2371,1779588741.0
2026-05-27,BNB,648.1592,2004554.0
2026-05-27,BTC,74344.7031,454668.0
2026-05-27,DOGE,0.1004,8007591344.0
2026-05-27,ETH,2022.1982,7187371.0
2026-05-27,SOL,82.3681,40223073.0
2026-05-27,XRP,1.3062,1437851155.0
2026-05-28,ADA,0.2344,2220470178.0
2026-05-28,BNB,637.4938,2175888.0
2026-05-28,BTC,73536.5547,545962.0
2026-05-28,DOGE,0.0994,9716434164.0
2026-05-28,ETH,2007.5527,9020856.0
2026-05-28,SOL,81.9854,44761061.0
2026-05-28,XRP,1.3135,1952044564.0
2026-05-29,ADA,0.2326,1548644255.0
2026-05-29,BNB,642.2873,1913805.0
2026-05-29,BTC,73372.5234,469630.0
2026-05-29,DOGE,0.0996,7158924263.0
2026-05-29,ETH,2011.9785,7426120.0
2026-05-29,SOL,81.9325,40776342.0
2026-05-29,XRP,1.3283,1637738791.0
2026-05-30,ADA,0.2354,1494204388.0
2026-05-30,BNB,717.9338,5000968.0
2026-05-30,BTC,73754.8359,265252.0
2026-05-30,DOGE,0.1004,5711044220.0
2026-05-30,ETH,2019.4583,3703179.0
2026-05-30,SOL,82.5473,27350831.0
2026-05-30,XRP,1.3383,1294347661.0
2026-05-31,ADA,0.2353,1239293375.0
2026-05-31,BNB,708.5842,4249688.0
2026-05-31,BTC,73579.6875,237096.0
2026-05-31,DOGE,0.1003,5180493139.0
2026-05-31,ETH,2004.3416,4616731.0
2026-05-31,SOL,82.2983,26828931.0
2026-05-31,XRP,1.3313,902265584.0
2026-06-01,ADA,0.2306,2138109195.0
2026-06-01,BNB,692.1308,5206949.0
2026-06-01,BTC,71319.7734,608230.0
2026-06-01,DOGE,0.1007,10772733897.0
2026-06-01,ETH,2003.2212,9713760.0
2026-06-01,SOL,81.087,46423221.0
2026-06-01,XRP,1.2949,1715820906.0
2026-06-02,ADA,0.2126,3095915974.0
2026-06-02,BNB,650.43,3402315.0
2026-06-02,BTC,66703.6562,824394.0
2026-06-02,DOGE,0.0926,15978235066.0
2026-06-02,ETH,1857.7163,13567950.0
2026-06-02,SOL,74.1429,60422595.0
2026-06-02,XRP,1.2099,2595908141.0
2026-06-03,ADA,0.2005,3211885003.0
2026-06-03,BNB,620.0994,3262514.0
2026-06-03,BTC,64014.3672,740639.0
2026-06-03,DOGE,0.0914,10471878174.0
2026-06-03,ETH,1811.7323,13292996.0
2026-06-03,SOL,71.6124,60325785.0
2026-06-03,XRP,1.2003,2095821527.0
2026-06-04,ADA,0.1796,5266747437.0
2026-06-04,BNB,603.5347,3822200.0
2026-06-04,BTC,63801.5742,999978.0
2026-06-04,DOGE,0.0884,16462976698.0
2026-06-04,ETH,1769.5806,15321497.0
2026-06-04,SOL,68.7189,80502454.0
2026-06-04,XRP,1.1666,2896536305.0
2026-06-05,ADA,0.1566,7715742824.0
2026-06-05,BNB,572.1069,4557072.0
2026-06-05,BTC,60922.668,1173054.0
2026-06-05,DOGE,0.0814,24009272697.0
2026-06-05,ETH,1580.8608,25254707.0
2026-06-05,SOL,63.4869,103648751.0
2026-06-05,XRP,1.0964,3743660454.0
2026-06-06,ADA,0.1573,4344835146.0
2026-06-06,BNB,574.5108,2469485.0
2026-06-06,BTC,60867.4141,507636.0
2026-06-06,DOGE,0.0819,11464455200.0
2026-06-06,ETH,1568.7677,11745683.0
2026-06-06,SOL,62.1898,49818993.0
2026-06-06,XRP,1.0935,2003176915.0
2026-06-07,ADA,0.165,3303692331.0
2026-06-07,BNB,603.629,2246313.0
2026-06-07,BTC,63239.5195,569367.0
2026-06-07,DOGE,0.0861,9582490028.0
2026-06-07,ETH,1686.3962,8997059.0
2026-06-07,SOL,66.3106,41042647.0
2026-06-07,XRP,1.1547,1849699286.0
2026-06-08,ADA,0.1703,2856484650.0
2026-06-08,BNB,601.6277,1924030.0
2026-06-08,BTC,63090.5898,541020.0
2026-06-08,DOGE,0.0863,7571608540.0
2026-06-08,ETH,1690.1486,10311087.0
2026-06-08,SOL,66.795,42364566.0
2026-06-08,XRP,1.1682,1817857648.0
2026-06-09,ADA,0.1653,2560692732.0
2026-06-09,BNB,592.8506,2002281.0
2026-06-09,BTC,61643.7812,651233.0
2026-06-09,DOGE,0.0848,8971969557.0
2026-06-09,ETH,1637.7067,9279351.0
2026-06-09,SOL,64.9621,43019246.0
2026-06-09,XRP,1.1373,1658839539.0
2026-06-10,ADA,0.1608,2845799803.0
2026-06-10,BNB,586.1738,1735945.0
2026-06-10,BTC,61449.2891,447418.0
2026-06-10,DOGE,0.083,7277991667.0
2026-06-10,ETH,1620.1377,7811516.0
2026-06-10,SOL,63.161,43873985.0
2026-06-10,XRP,1.0972,1758092149.0
2026-06-11,ADA,0.1703,2762085331.0
2026-06-11,BNB,605.0416,1809916.0
2026-06-11,BTC,63561.0547,461236.0
2026-06-11,DOGE,0.086,7220811723.0
2026-06-11,ETH,1672.2806,7402993.0
2026-06-11,SOL,66.822,38676394.0
2026-06-11,XRP,1.1416,1504747932.0
2026-06-12,ADA,0.1698,2580537210.0
2026-06-12,BNB,603.5066,1647066.0
2026-06-12,BTC,63543.1992,423049.0
2026-06-12,DOGE,0.086,14352562787.0
2026-06-12,ETH,1665.1278,5999022.0
2026-06-12,SOL,66.7493,37394764.0
2026-06-12,XRP,1.1321,1305147236.0
2026-06-13,ADA,0.1718,1949195163.0
2026-06-13,BNB,609.5438,1347132.0
2026-06-13,BTC,64421.3242,263209.0
2026-06-13,DOGE,0.0879,6763785491.0
2026-06-13,ETH,1680.2146,3631140.0
2026-06-13,SOL,68.8728,21395978.0
2026-06-13,XRP,1.15,810708793.0
2026-06-14,ADA,0.1828,2087704138.0
2026-06-14,BNB,616.0859,1682432.0
2026-06-14,BTC,65710.3984,328292.0
2026-06-14,DOGE,0.0888,6173625722.0
2026-06-14,ETH,1724.6133,4525642.0
2026-06-14,SOL,71.1662,22748717.0
2026-06-14,XRP,1.1858,969422822.0
2026-06-15,ADA,0.1786,3720117493.0
2026-06-15,BNB,617.4219,2175648.0
2026-06-15,BTC,66289.5,496720.0
2026-06-15,DOGE,0.0881,11252742432.0
2026-06-15,ETH,1794.9612,9984245.0
2026-06-15,SOL,73.9793,38604384.0
2026-06-15,XRP,1.2382,2478281467.0
2026-06-16,ADA,0.1721,2344818268.0
2026-06-16,BNB,604.3461,2229463.0
2026-06-16,BTC,65600.6406,382069.0
2026-06-16,DOGE,0.0871,7988859649.0
2026-06-16,ETH,1790.3982,8209622.0
2026-06-16,SOL,73.4138,29703627.0
2026-06-16,XRP,1.216,1456212250.0
2026-06-17,ADA,0.1666,3118886242.0
2026-06-17,BNB,600.9587,2131642.0
2026-06-17,BTC,64418.4453,485713.0
2026-06-17,DOGE,0.0858,6793621405.0
2026-06-17,ETH,1747.8855,8115782.0
2026-06-17,SOL,71.931,36003955.0
2026-06-17,XRP,1.1851,1625408886.0
2026-06-18,ADA,0.1634,2059016497.0
2026-06-18,BNB,578.0147,1948010.0
2026-06-18,BTC,62896.4727,483850.0
2026-06-18,DOGE,0.0834,6403082038.0
2026-06-18,ETH,1709.5334,7570639.0
2026-06-18,SOL,69.6265,32481440.0
2026-06-18,XRP,1.1454,1601785006.0
2026-06-19,ADA,0.1621,1642513214.0
2026-06-19,BNB,581.1638,1496174.0
2026-06-19,BTC,63540.8359,351930.0
2026-06-19,DOGE,0.0835,4362926174.0
2026-06-19,ETH,1710.9824,4591354.0
2026-06-19,SOL,69.7206,24732604.0
2026-06-19,XRP,1.1364,1139229080.0
2026-06-20,ADA,0.1631,1393362440.0
2026-06-20,BNB,587.6139,1409153.0
2026-06-20,BTC,64239.6758,272205.0
2026-06-20,DOGE,0.0836,4274352769.0
2026-06-20,ETH,1739.3014,4469344.0
2026-06-20,SOL,73.1727,27448678.0
2026-06-20,XRP,1.1491,809540290.0
2026-06-21,ADA,0.1566,1576720216.0
2026-06-21,BNB,583.7516,1299785.0
2026-06-21,BTC,63237.5391,248897.0
2026-06-21,DOGE,0.0822,3732674318.0
2026-06-21,ETH,1704.5806,4985808.0
2026-06-21,SOL,72.4182,26514665.0
2026-06-21,XRP,1.1244,806379407.0
2026-06-22,ADA,0.1584,1878184720.0
2026-06-22,BNB,589.9187,1677810.0
2026-06-22,BTC,63952.1055,415334.0
2026-06-22,DOGE,0.0824,5470858576.0
2026-06-22,ETH,1726.5109,7868105.0
2026-06-22,SOL,71.9082,33502193.0
2026-06-22,XRP,1.1286,1276202657.0
2026-06-23,ADA,0.1514,2631410770.0
2026-06-23,BNB,577.5997,1672570.0
2026-06-23,BTC,62668.0195,472473.0
2026-06-23,DOGE,0.0788,8389278184.0
2026-06-23,ETH,1665.4368,6263485.0
2026-06-23,SOL,69.6437,29755934.0
2026-06-23,XRP,1.1094,1245534675.0
2026-06-24,ADA,0.1475,4441154186.0
2026-06-24,BNB,563.7708,2352734.0
2026-06-24,BTC,60995.1328,699139.0
2026-06-24,DOGE,0.076,12417051116.0
2026-06-24,ETH,1619.9249,8679349.0
2026-06-24,SOL,67.9825,48119029.0
2026-06-24,XRP,1.0723,2056362176.0
2026-06-25,ADA,0.1434,3236656926.0
2026-06-25,BNB,559.799,2429125.0
2026-06-25,BTC,59721.6758,680239.0
2026-06-25,DOGE,0.0748,11028720104.0
2026-06-25,ETH,1564.8167,10209619.0
2026-06-25,SOL,67.5741,51408378.0
2026-06-25,XRP,1.0416,2261448762.0
2026-06-26,ADA,0.1482,3102322016.0
2026-06-26,BNB,566.8585,2621141.0
2026-06-26,BTC,60016.4297,691525.0
2026-06-26,DOGE,0.0757,10256119212.0
2026-06-26,ETH,1576.6161,9686712.0
2026-06-26,SOL,71.8354,62130224.0
2026-06-26,XRP,1.0471,2370846236.0
2026-06-27,ADA,0.1451,1776398707.0
2026-06-27,BNB,556.3909,1632685.0
2026-06-27,BTC,59940.0977,251915.0
2026-06-27,DOGE,0.0744,5684923458.0
2026-06-27,ETH,1571.5883,3888685.0
2026-06-27,SOL,70.4107,26598571.0
2026-06-27,XRP,1.0464,1156686613.0
2026-06-28,ADA,0.1437,1501902265.0
2026-06-28,BNB,550.6997,1634519.0
2026-06-28,BTC,59532.3398,273502.0
2026-06-28,DOGE,0.0731,6178640391.0
2026-06-28,ETH,1570.3612,3968235.0
2026-06-28,SOL,71.3129,25150683.0
2026-06-28,XRP,1.0476,995679781.0
2026-06-29,ADA,0.1456,2113102775.0
2026-06-29,BNB,558.6682,1996323.0
2026-06-29,BTC,60138.3789,512651.0
2026-06-29,DOGE,0.0733,8631385858.0
2026-06-29,ETH,1610.2058,7379493.0
2026-06-29,SOL,74.9468,53499136.0
2026-06-29,XRP,1.0573,1772190421.0
2026-06-30,ADA,0.1442,2075428709.0
2026-06-30,BNB,545.6862,2040299.0
2026-06-30,BTC,58558.8594,559222.0
2026-06-30,DOGE,0.072,11179702908.0
2026-06-30,ETH,1569.5839,6141631.0
2026-06-30,SOL,73.5233,38204578.0
2026-06-30,XRP,1.0384,1341007435.0
2026-07-01,ADA,0.154,3896915995.0
2026-07-01,BNB,550.1095,2489735.0
2026-07-01,BTC,60003.7578,631701.0
2026-07-01,DOGE,0.0722,8793536819.0
2026-07-01,ETH,1608.9607,7251017.0
2026-07-01,SOL,77.3837,50227346.0
2026-07-01,XRP,1.0521,1618698485.0
2026-07-02,ADA,0.1613,2731072892.0
2026-07-02,BNB,558.0145,2388850.0
2026-07-02,BTC,61485.3008,652340.0
2026-07-02,DOGE,0.0741,9727194047.0
2026-07-02,ETH,1698.1694,7972388.0
2026-07-02,SOL,80.644,51409974.0
2026-07-02,XRP,1.0865,1667368105.0
2026-07-03,ADA,0.1799,4174939559.0
2026-07-03,BNB,573.4422,1885995.0
2026-07-03,BTC,62544.1992,417814.0
2026-07-03,DOGE,0.0775,8860367906.0
2026-07-03,ETH,1756.5187,5794269.0
2026-07-03,SOL,82.2801,26331305.0
2026-07-03,XRP,1.1339,1512899980.0
2026-07-04,ADA,0.192,4307728173.0
2026-07-04,BNB,574.973,1886717.0
2026-07-04,BTC,63088.3047,294958.0
2026-07-04,DOGE,0.0776,8220449178.0
2026-07-04,ETH,1779.033,4543562.0
2026-07-04,SOL,81.6496,25958779.0
2026-07-04,XRP,1.1568,1585049433.0
2026-07-05,ADA,0.1894,2999203243.0
2026-07-05,BNB,588.9351,2255069.0
2026-07-05,BTC,63547.8828,287460.0
2026-07-05,DOGE,0.0777,7412141711.0
2026-07-05,ETH,1783.006,6350790.0
2026-07-05,SOL,81.423,21778308.0
2026-07-05,XRP,1.1559,1090332435.0
2026-07-06,ADA,0.184,2699199272.0
2026-07-06,BNB,585.4335,2401366.0
2026-07-06,BTC,63995.0156,571173.0
2026-07-06,DOGE,0.0766,10406272781.0
2026-07-06,ETH,1797.5737,9455794.0
2026-07-06,SOL,81.9152,34021940.0
2026-07-06,XRP,1.1438,1569400848.0
2026-07-07,ADA,0.1745,1936481012.0
2026-07-07,BNB,576.7966,1892600.0
2026-07-07,BTC,63297.3945,490170.0
2026-07-07,DOGE,0.0742,8278006240.0
2026-07-07,ETH,1768.5115,5598556.0
2026-07-07,SOL,80.6487,28265664.0
2026-07-07,XRP,1.1118,1246115061.0
2026-07-08,ADA,0.1669,2034413638.0
2026-07-08,BNB,568.3061,1944037.0
2026-07-08,BTC,62257.5742,439292.0
2026-07-08,DOGE,0.0723,8616204164.0
2026-07-08,ETH,1742.6776,5801574.0
2026-07-08,SOL,77.787,31715409.0
2026-07-08,XRP,1.09,1456880163.0
2026-07-09,ADA,0.1665,1869197540.0
2026-07-09,BNB,568.4684,1795977.0
2026-07-09,BTC,63193.1484,420081.0
2026-07-09,DOGE,0.0729,6506343493.0
2026-07-09,ETH,1744.4846,4450408.0
2026-07-09,SOL,78.0455,22963546.0
2026-07-09,XRP,1.0933,931660537.0
2026-07-10,ADA,0.1665,2016185178.0
2026-07-10,BNB,575.032,1808515.0
2026-07-10,BTC,64127.1406,428059.0
2026-07-10,DOGE,0.074,6625934369.0
2026-07-10,ETH,1795.6932,5252396.0
2026-07-10,SOL,78.0666,27487545.0
2026-07-10,XRP,1.1039,1003717478.0
2026-07-11,ADA,0.166,1574766315.0
2026-07-11,BNB,574.8895,1513101.0
2026-07-11,BTC,63802.0273,218719.0
2026-07-11,DOGE,0.0733,5713485919.0
2026-07-11,ETH,1788.0996,3859785.0
2026-07-11,SOL,76.8242,18939281.0
2026-07-11,XRP,1.0976,595092249.0
2026-07-12,ADA,0.162,1347669540.0
2026-07-12,BNB,573.9483,1687324.0
2026-07-12,BTC,63758.2188,298682.0
2026-07-12,DOGE,0.0727,5645346453.0
2026-07-12,ETH,1805.7881,3358357.0
2026-07-12,SOL,76.8738,18029464.0
2026-07-12,XRP,1.0857,684900213.0
2026-07-13,ADA,0.1572,1645246084.0
2026-07-13,BNB,566.6337,1749348.0
2026-07-13,BTC,62239.1211,604926.0
2026-07-13,DOGE,0.0719,6719136111.0
2026-07-13,ETH,1773.5007,6448455.0
2026-07-13,SOL,74.8614,25925635.0
2026-07-13,XRP,1.0655,1153724049.0
2026-07-14,ADA,0.1652,1929172229.0
2026-07-14,BNB,581.7557,2042465.0
2026-07-14,BTC,64956.1133,459407.0
2026-07-14,DOGE,0.0744,8409408540.0
2026-07-14,ETH,1889.4799,7322352.0
2026-07-14,SOL,77.7624,27292199.0
2026-07-14,XRP,1.1111,1187887629.0
2026-07-15,ADA,0.1651,1874504991.0
2026-07-15,BNB,580.1041,2017335.0
2026-07-15,BTC,64712.375,417691.0
2026-07-15,DOGE,0.074,8694661381.0
2026-07-15,ETH,1916.9437,6616829.0
2026-07-15,SOL,77.2641,26996209.0
2026-07-15,XRP,1.1128,1091576508.0
2026-07-16,ADA,0.1607,1512323048.0
2026-07-16,BNB,572.1932,1807569.0
2026-07-16,BTC,63789.2812,426912.0
2026-07-16,DOGE,0.0723,6627211198.0
2026-07-16,ETH,1863.1934,6125408.0
2026-07-16,SOL,75.272,23836923.0
2026-07-16,XRP,1.0863,997453648.0
2026-07-17,ADA,0.1666,2282133149.0
2026-07-17,BNB,567.7648,2172724.0
2026-07-17,BTC,63899.4609,426924.0
2026-07-17,DOGE,0.0725,6645436415.0
2026-07-17,ETH,1840.9882,5785593.0
2026-07-17,SOL,75.0116,22058526.0
2026-07-17,XRP,1.0886,953398673.0
2026-07-18,ADA,0.1666,1451250693.0
2026-07-18,BNB,570.2855,1463750.0
2026-07-18,BTC,64796.6016,218569.0
2026-07-18,DOGE,0.0725,3983814542.0
2026-07-18,ETH,1861.3921,2554475.0
2026-07-18,SOL,75.4609,11788159.0
2026-07-18,XRP,1.0922,532729387.0
2026-07-19,ADA,0.166,969919605.0
2026-07-19,BNB,570.4042,1445944.0
2026-07-19,BTC,64690.8047,231882.0
2026-07-19,DOGE,0.0723,4388295286.0
2026-07-19,ETH,1871.5085,3742830.0
2026-07-19,SOL,76.3553,17117197.0
2026-07-19,XRP,1.0959,577418043.0
2026-07-20,ADA,0.1698,2381480540.0
2026-07-20,BNB,570.7333,1933365.0
2026-07-20,BTC,65230.0273,475072.0
2026-07-20,DOGE,0.0721,9540789202.0
2026-07-20,ETH,1903.7589,6325713.0
2026-07-20,SOL,77.7919,28132286.0
2026-07-20,XRP,1.1121,1137938872.0
2026-07-21,ADA,0.1733,2302937653.0
2026-07-21,BNB,573.5969,1943987.0
2026-07-21,BTC,66505.125,444394.0
2026-07-21,DOGE,0.0733,7684728362.0
2026-07-21,ETH,1928.3838,6495995.0
2026-07-21,SOL,78.1086,20388465.0
2026-07-21,XRP,1.1425,1348318529.0
2026-07-22,ADA,0.1742,1708045403.0
2026-07-22,BNB,570.754,1736720.0
2026-07-22,BTC,66100.7969,425748.0
2026-07-22,DOGE,0.073,7541298810.0
2026-07-22,ETH,1933.4901,5586249.0
2026-07-22,SOL,77.9063,21758329.0
2026-07-22,XRP,1.1416,932354322.0
2026-07-23,ADA,0.1683,1350125486.0
2026-07-23,BNB,566.9455,1613513.0
2026-07-23,BTC,65044.8125,374579.0
2026-07-23,DOGE,0.0691,11950690696.0
2026-07-23,ETH,1877.1002,5204069.0
2026-07-23,SOL,75.8598,20815708.0
2026-07-23,XRP,1.1069,946330588.0
2026-07-24,ADA,0.1638,1233322807.0
2026-07-24,BNB,564.3375,1792080.0
2026-07-24,BTC,64098.4961,404340.0
2026-07-24,DOGE,0.0695,9618219117.0
2026-07-24,ETH,1860.1768,4868618.0
2026-07-24,SOL,73.8799,22458862.0
2026-07-24,XRP,1.0909,941408016.0
2026-07-25,ADA,0.1646,854433163.0
2026-07-25,BNB,568.4688,1381836.0
2026-07-25,BTC,64311.8125,214852.0
2026-07-25,DOGE,0.0717,9530580069.0
2026-07-25,ETH,1873.2224,2331551.0
2026-07-25,SOL,74.4286,11813750.0
2026-07-25,XRP,1.0973,537776079.0
2026-07-26,ADA,0.1657,799052814.0
2026-07-26,BNB,574.5038,1424854.0
2026-07-26,BTC,65340.3008,218877.0
2026-07-26,DOGE,0.0733,8388671270.0
2026-07-26,ETH,1953.4113,3398279.0
2026-07-26,SOL,76.6022,13972581.0
2026-07-26,XRP,1.1117,555278350.0
2026-07-27,ADA,0.1554,1759907753.0
2026-07-27,BNB,565.7305,1700114.0
2026-07-27,BTC,63724.8984,410888.0
2026-07-27,DOGE,0.0703,8169302792.0
2026-07-27,ETH,1890.6135,7235643.0
2026-07-27,SOL,74.1418,25169084.0
2026-07-27,XRP,1.0653,1153254624.0
2026-07-28,ADA,0.1616,1980545388.0
2026-07-28,BNB,570.4872,1731622.0
2026-07-28,BTC,63871.3633,377771.0
2026-07-28,DOGE,0.0707,8145319923.0
2026-07-28,ETH,1919.9485,5977280.0
2026-07-28,SOL,73.6991,25804705.0
2026-07-28,XRP,1.068,1153515304.0
2026-07-29,ADA,0.162,2228506927.0
2026-07-29,BNB,571.402,1644604.0
2026-07-29,BTC,63908.168,447692.0
2026-07-29,DOGE,0.0701,8469683585.0
2026-07-29,ETH,1908.519,6289395.0
2026-07-29,SOL,73.5972,25966180.0
2026-07-29,XRP,1.0729,1465970484.0
2026-07-30,ADA,0.1697,2302188914.0
2026-07-30,BNB,592.0128,2240942.0
2026-07-30,BTC,64725.3086,405561.0
2026-07-30,DOGE,0.0706,6906821543.0
2026-07-30,ETH,1917.3729,4211537.0
2026-07-30,SOL,74.468,19280578.0
2026-07-30,XRP,1.0838,947122739.0
2026-07-31,ADA,0.168,1901702601.0
2026-07-31,BNB,586.427,2067115.0
2026-07-31,BTC,62813.7461,484603.0
2026-07-31,DOGE,0.0695,8144301213.0
2026-07-31,ETH,1860.3459,5511385.0
2026-07-31,SOL,72.7897,21743492.0
2026-07-31,XRP,1.0605,1066303649.0
2026-08-01,ADA,0.1742,1734863917.0
2026-08-01,BNB,574.9597,1900970.0
2026-08-01,BTC,62763.3203,215943.0
2026-08-01,DOGE,0.0691,6089749477.0
2026-08-01,ETH,1843.4177,2652545.0
2026-08-01,SOL,71.8663,16187045.0
2026-08-01,XRP,1.0597,553617632.0
2026-08-02,ADA,0.1894,3653607465.0
2026-08-02,BNB,587.5683,1602186.0
2026-08-02,BTC,63482.0,250493.0
2026-08-02,DOGE,0.0707,5980560548.0
2026-08-02,ETH,1882.522,3080134.0
2026-08-02,SOL,73.4488,14335349.0
2026-08-02,XRP,1.0846,774146494.0
2026-08-03,ADA,0.1936,3333045494.0
2026-08-03,BNB,588.7952,1709432.0
2026-08-03,BTC,63460.8984,410314.0
2026-08-03,DOGE,0.0701,6840326014.0
2026-08-03,ETH,1858.2565,4209655.0
2026-08-03,SOL,73.4737,19743632.0
2026-08-03,XRP,1.0746,996834084.0
2026-08-04,ADA,0.1928,2634556127.0
2026-08-04,BNB,592.8079,1601440.0
2026-08-04,BTC,64055.9531,369401.0
2026-08-04,DOGE,0.07,5739106360.0
2026-08-04,ETH,1868.3859,4255026.0
2026-08-04,SOL,73.7178,19732621.0
2026-08-04,XRP,1.0732,905306119.0
2026-08-05,ADA,0.1913,2195859715.0
2026-08-05,BNB,593.2213,2203038.0
2026-08-05,BTC,64597.5,364853.0
2026-08-05,DOGE,0.07,5912458401.0
2026-08-05,ETH,1906.526,5136030.0
2026-08-05,SOL,73.9614,23653620.0
2026-08-05,XRP,1.061,1012530989.0
2026-08-06,ADA,0.2008,3879536312.0
2026-08-06,BNB,591.6529,1611998.0
2026-08-06,BTC,64262.1133,288341.0
2026-08-06,DOGE,0.069,5894047375.0
2026-08-06,ETH,1902.0575,4192651.0
2026-08-06,SOL,72.5765,20522744.0
2026-08-06,XRP,1.0337,1446433260.0
2026-08-07,ADA,0.2011,2113603828.0
2026-08-07,BNB,592.1971,2314883.0
2026-08-07,BTC,64880.1914,341641.0
2026-08-07,DOGE,0.0696,6557363859.0
2026-08-07,ETH,1913.2794,4746377.0
2026-08-07,SOL,73.6427,22439848.0
2026-08-07,XRP,1.0212,1602795549.0
2026-08-08,ADA,0.1992,978498648.0
2026-08-08,BNB,600.4221,1786238.0
2026-08-08,BTC,64904.6875,190280.0
2026-08-08,DOGE,0.0704,5538600429.0
2026-08-08,ETH,1915.533,1955967.0
2026-08-08,SOL,75.9722,19822258.0
2026-08-08,XRP,1.0386,716533482.0
2026-08-09,ADA,0.1947,1067347422.0
2026-08-09,BNB,601.7663,1714971.0
2026-08-09,BTC,64844.8867,204095.0
2026-08-09,DOGE,0.0693,4510169803.0
2026-08-09,ETH,1908.6827,2433918.0
2026-08-09,SOL,76.2121,15309818.0
2026-08-09,XRP,1.0289,670131756.0
2026-08-10,ADA,0.1911,1241527101.0
2026-08-10,BNB,598.6873,1761514.0
2026-08-10,BTC,63910.5859,350251.0
2026-08-10,DOGE,0.0697,5305978736.0
2026-08-10,ETH,1871.2787,4695286.0
2026-08-10,SOL,75.9452,19703552.0
2026-08-10,XRP,1.0115,1152252193.0
2026-08-11,ADA,0.1869,1468447497.0
2026-08-11,BNB,616.4987,2126617.0
2026-08-11,BTC,63551.875,327682.0
2026-08-11,DOGE,0.0718,7503851621.0
2026-08-11,ETH,1881.3735,4229621.0
2026-08-11,SOL,76.1951,18908891.0
2026-08-11,XRP,1.0219,1423706902.0
2026-08-12,ADA,0.1824,1202941444.0
2026-08-12,BNB,609.6798,1934121.0
2026-08-12,BTC,63402.4336,363769.0
2026-08-12,DOGE,0.0696,7165443065.0
2026-08-12,ETH,1878.135,4076081.0
2026-08-12,SOL,75.5255,17440784.0
2026-08-12,XRP,1.0044,1012495689.0
2026-08-13,ADA,0.1823,1084767969.0
2026-08-13,BNB,610.0367,1625015.0
2026-08-13,BTC,63402.1719,295977.0
2026-08-13,DOGE,0.0701,4416084366.0
2026-08-13,ETH,1883.9913,3738619.0
2026-08-13,SOL,76.1773,16141330.0
2026-08-13,XRP,1.0081,925079298.0
2026-08-14,ADA,0.1799,1038726524.0
2026-08-14,BNB,607.5798,1489458.0
2026-08-14,BTC,62975.5938,322030.0
2026-08-14,DOGE,0.07,3538724571.0
2026-08-14,ETH,1880.65,2985689.0
2026-08-14,SOL,75.3273,15159498.0
2026-08-14,XRP,0.998,1074341826.0
2026-08-15,ADA,0.1761,681776312.0
2026-08-15,BNB,607.1042,915431.0
2026-08-15,BTC,63024.3203,159193.0
2026-08-15,DOGE,0.0696,2541151800.0
2026-08-15,ETH,1880.9083,1672119.0
2026-08-15,SOL,75.2723,8962459.0
2026-08-15,XRP,1.0014,509167622.0
2026-08-16,ADA,0.1748,917081693.0
2026-08-16,BNB,602.4794,1054229.0
2026-08-16,BTC,62818.6523,144527.0
2026-08-16,DOGE,0.0695,2816816380.0
2026-08-16,ETH,1873.943,1988959.0
2026-08-16,SOL,74.539,10128118.0
2026-08-16,XRP,0.992,556554280.0
2026-08-17,ADA,0.174,1133944780.0
2026-08-17,BNB,605.1724,1690095.0
2026-08-17,BTC,64506.2539,334160.0
2026-08-17,DOGE,0.0703,4351729960.0
2026-08-17,ETH,1912.2021,4083264.0
2026-08-17,SOL,75.9441,18007469.0
2026-08-17,XRP,1.0026,926459631.0
2026-08-18,ADA,0.1743,1029489959.0
2026-08-18,BNB,603.5282,1611391.0
2026-08-18,BTC,64680.7109,289545.0
2026-08-18,DOGE,0.0702,4137699690.0
2026-08-18,ETH,1916.4596,3558346.0
2026-08-18,SOL,77.0312,19898160.0
2026-08-18,XRP,1.0014,899203181.0
2026-08-19,ADA,0.1869,2512159216.0
2026-08-19,BNB,626.4718,2975799.0
2026-08-19,BTC,69266.1875,667398.0
2026-08-19,DOGE,0.075,11709736698.0
2026-08-19,ETH,2251.458,13157745.0
2026-08-19,SOL,85.3745,53112446.0
2026-08-19,XRP,1.1044,2923369320.0
2026-08-20,ADA,0.199,3545603687.0
2026-08-20,BNB,654.9075,3514579.0
2026-08-20,BTC,73032.7578,759171.0
2026-08-20,DOGE,0.0804,19168356635.0
2026-08-20,ETH,2326.3848,11973993.0
2026-08-20,SOL,87.6369,49884078.0
2026-08-20,XRP,1.2684,5558087704.0
2026-08-21,ADA,0.2292,5047508906.0
2026-08-21,BNB,686.9668,4268954.0
2026-08-21,BTC,78335.1875,950761.0
2026-08-21,DOGE,0.0916,24023195779.0
2026-08-21,ETH,2515.2817,13250432.0
2026-08-21,SOL,93.6536,76464388.0
2026-08-21,XRP,1.4538,6689060626.0
2026-08-22,ADA,0.2263,5896279537.0
2026-08-22,BNB,695.7017,4550846.0
2026-08-22,BTC,77083.4141,546576.0
2026-08-22,DOGE,0.092,37028676657.0
2026-08-22,ETH,2424.2512,9893898.0
2026-08-22,SOL,93.9125,92849226.0
2026-08-22,XRP,1.4637,10545586380.0
2026-08-23,ADA,0.2269,2869381401.0
2026-08-23,BNB,701.8467,2491059.0
2026-08-23,BTC,77755.2656,400724.0
2026-08-23,DOGE,0.0934,14168371169.0
2026-08-23,ETH,2463.8159,7415023.0
2026-08-23,SOL,95.4422,49362190.0
2026-08-23,XRP,1.5222,4314369593.0
2026-08-24,ADA,0.2212,2808665012.0
2026-08-24,BNB,703.6381,2744232.0
2026-08-24,BTC,78964.4844,702875.0
2026-08-24,DOGE,0.0899,15164504710.0
2026-08-24,ETH,2481.8313,9207811.0
2026-08-24,SOL,98.5617,59271138.0
2026-08-24,XRP,1.479,4386938147.0
2026-08-25,ADA,0.2091,2670987333.0
2026-08-25,BNB,694.0258,2590353.0
2026-08-25,BTC,78564.9766,594770.0
2026-08-25,DOGE,0.0857,13100104821.0
2026-08-25,ETH,2443.1594,7069069.0
2026-08-25,SOL,96.6035,67649018.0
2026-08-25,XRP,1.4332,3525636434.0
2026-08-26,ADA,0.2126,1846778279.0
2026-08-26,BNB,707.8805,2179466.0
2026-08-26,BTC,79027.4219,371125.0
2026-08-26,DOGE,0.0877,8422428733.0
2026-08-26,ETH,2506.261,5250875.0
2026-08-26,SOL,102.1674,34980755.0
2026-08-26,XRP,1.4224,2883903350.0
2026-08-27,ADA,0.2138,1990981745.0
2026-08-27,BNB,712.1706,2062424.0
2026-08-27,BTC,80257.5391,424048.0
2026-08-27,DOGE,0.0891,9365115622.0
2026-08-27,ETH,2510.4102,6718354.0
2026-08-27,SOL,109.2082,65524706.0
2026-08-27,XRP,1.453,2576265236.0
2026-08-28,ADA,0.2031,2084254644.0
2026-08-28,BNB,691.117,2154819.0
2026-08-28,BTC,77830.2891,505753.0
2026-08-28,DOGE,0.0852,10199423870.0
2026-08-28,ETH,2442.5359,6822094.0
2026-08-28,SOL,104.127,57686157.0
2026-08-28,XRP,1.3832,2712075318.0
2026-08-29,ADA,0.2016,919562792.0
2026-08-29,BNB,692.6039,1367523.0
2026-08-29,BTC,78245.8125,179602.0
2026-08-29,DOGE,0.0853,4081307781.0
2026-08-29,ETH,2457.6863,2354704.0
2026-08-29,SOL,105.652,19420809.0
2026-08-29,XRP,1.3967,905095372.0
2026-08-30,ADA,0.1927,1670432410.0
2026-08-30,BNB,684.8091,1732023.0
2026-08-30,BTC,77667.5703,248686.0
2026-08-30,DOGE,0.0821,8131076456.0
2026-08-30,ETH,2417.9387,4975169.0
2026-08-30,SOL,101.8767,28038421.0
2026-08-30,XRP,1.3595,1537164108.0
2026-08-31,ADA,0.1978,1709679348.0
2026-08-31,BNB,691.0253,1786148.0
2026-08-31,BTC,78548.6328,389674.0
2026-08-31,DOGE,0.0828,6807879879.0
2026-08-31,ETH,2466.8203,5588062.0
2026-08-31,SOL,102.9969,29832927.0
2026-08-31,XRP,1.379,1706561243.0
