heure,coin,close
00:00,BTC,121662.47
00:01,BTC,121697.5
00:02,BTC,121754.33
00:03,BTC,121731.6
00:04,BTC,121695.19
00:05,BTC,121645.64
00:06,BTC,121641.49
00:07,BTC,121595.75
00:08,BTC,121630.29
00:09,BTC,121704.4
00:10,BTC,121674.98
00:11,BTC,121649.19
00:12,BTC,121620.08
00:13,BTC,121644.39
00:14,BTC,121646.98
00:15,BTC,121693.66
00:16,BTC,121715.69
00:17,BTC,121735.43
00:18,BTC,121754.34
00:19,BTC,121747.36
00:20,BTC,121724.85
00:21,BTC,121724.86
00:22,BTC,121710.67
00:23,BTC,121734.14
00:24,BTC,121770.45
00:25,BTC,121759.55
00:26,BTC,121839.66
00:27,BTC,121849.78
00:28,BTC,121859.48
00:29,BTC,121863.74
00:30,BTC,121844.26
00:31,BTC,121824.24
00:32,BTC,121803.89
00:33,BTC,121820.96
00:34,BTC,121800.02
00:35,BTC,121768.04
00:36,BTC,121782.66
00:37,BTC,121746.0
00:38,BTC,121786.27
00:39,BTC,121794.35
00:40,BTC,121760.11
00:41,BTC,121760.71
00:42,BTC,121712.44
00:43,BTC,121705.25
00:44,BTC,121702.07
00:45,BTC,121671.95
00:46,BTC,121629.35
00:47,BTC,121629.34
00:48,BTC,121649.12
00:49,BTC,121635.26
00:50,BTC,121704.0
00:51,BTC,121704.0
00:52,BTC,121703.99
00:53,BTC,121773.62
00:54,BTC,121785.02
00:55,BTC,121782.32
00:56,BTC,121764.3
00:57,BTC,121754.14
00:58,BTC,121745.27
00:59,BTC,121745.27
01:00,BTC,121760.3
01:01,BTC,121785.48
01:02,BTC,121800.64
01:03,BTC,121840.0
01:04,BTC,121839.99
01:05,BTC,121844.13
01:06,BTC,121824.93
01:07,BTC,121776.34
01:08,BTC,121754.33
01:09,BTC,121732.52
01:10,BTC,121780.0
01:11,BTC,121771.08
01:12,BTC,121786.27
01:13,BTC,121786.26
01:14,BTC,121799.99
01:15,BTC,121754.33
01:16,BTC,121796.1
01:17,BTC,121772.06
01:18,BTC,121754.33
01:19,BTC,121731.19
01:20,BTC,121755.5
01:21,BTC,121707.5
01:22,BTC,121697.75
01:23,BTC,121668.95
01:24,BTC,121697.98
01:25,BTC,121754.34
01:26,BTC,121741.74
01:27,BTC,121734.33
01:28,BTC,121777.2
01:29,BTC,121811.7
01:30,BTC,121811.71
01:31,BTC,121811.7
01:32,BTC,121790.8
01:33,BTC,121811.62
01:34,BTC,121811.95
01:35,BTC,121754.33
01:36,BTC,121690.88
01:37,BTC,121673.07
01:38,BTC,121656.0
01:39,BTC,121643.42
01:40,BTC,121549.83
01:41,BTC,121521.75
01:42,BTC,121573.26
01:43,BTC,121573.27
01:44,BTC,121565.47
01:45,BTC,121557.54
01:46,BTC,121565.49
01:47,BTC,121565.49
01:48,BTC,121557.53
01:49,BTC,121584.34
01:50,BTC,121565.23
01:51,BTC,121583.21
01:52,BTC,121688.07
01:53,BTC,121622.93
01:54,BTC,121639.33
01:55,BTC,121637.35
01:56,BTC,121659.53
01:57,BTC,121659.54
01:58,BTC,121659.57
01:59,BTC,121623.97
02:00,BTC,121550.0
02:01,BTC,121500.01
02:02,BTC,121428.57
02:03,BTC,121445.04
02:04,BTC,121438.91
02:05,BTC,121426.73
02:06,BTC,121366.43
02:07,BTC,121264.39
02:08,BTC,121228.62
02:09,BTC,121320.51
02:10,BTC,121313.98
02:11,BTC,121345.41
02:12,BTC,121257.37
02:13,BTC,121245.63
02:14,BTC,121272.5
02:15,BTC,121257.15
02:16,BTC,121305.66
02:17,BTC,121301.7
02:18,BTC,121316.13
02:19,BTC,121363.84
02:20,BTC,121375.97
02:21,BTC,121376.02
02:22,BTC,121376.01
02:23,BTC,121375.97
02:24,BTC,121311.45
02:25,BTC,121296.4
02:26,BTC,121276.73
02:27,BTC,121332.13
02:28,BTC,121349.23
02:29,BTC,121349.64
02:30,BTC,121321.23
02:31,BTC,121308.1
02:32,BTC,121200.01
02:33,BTC,121162.5
02:34,BTC,121123.47
02:35,BTC,121100.23
02:36,BTC,121100.22
02:37,BTC,121091.42
02:38,BTC,121127.33
02:39,BTC,121204.01
02:40,BTC,121215.7
02:41,BTC,121234.95
02:42,BTC,121312.19
02:43,BTC,121249.12
02:44,BTC,121220.95
02:45,BTC,121240.0
02:46,BTC,121164.73
02:47,BTC,121200.0
02:48,BTC,121274.77
02:49,BTC,121256.86
02:50,BTC,121262.18
02:51,BTC,121217.6
02:52,BTC,121110.11
02:53,BTC,121002.89
02:54,BTC,120958.09
02:55,BTC,121054.57
02:56,BTC,121051.74
02:57,BTC,121073.74
02:58,BTC,121075.59
02:59,BTC,121059.73
03:00,BTC,121079.21
03:01,BTC,121054.06
03:02,BTC,121034.98
03:03,BTC,120986.56
03:04,BTC,120935.76
03:05,BTC,121011.51
03:06,BTC,120996.54
03:07,BTC,120994.41
03:08,BTC,120964.83
03:09,BTC,120964.83
03:10,BTC,121004.53
03:11,BTC,121012.47
03:12,BTC,121011.38
03:13,BTC,121013.81
03:14,BTC,121092.03
03:15,BTC,121165.01
03:16,BTC,121133.16
03:17,BTC,121130.32
03:18,BTC,121154.25
03:19,BTC,121227.73
03:20,BTC,121309.84
03:21,BTC,121360.46
03:22,BTC,121337.9
03:23,BTC,121312.08
03:24,BTC,121372.46
03:25,BTC,121388.13
03:26,BTC,121325.33
03:27,BTC,121394.41
03:28,BTC,121396.04
03:29,BTC,121438.91
03:30,BTC,121471.45
03:31,BTC,121512.54
03:32,BTC,121461.48
03:33,BTC,121463.71
03:34,BTC,121441.92
03:35,BTC,121503.91
03:36,BTC,121516.62
03:37,BTC,121493.97
03:38,BTC,121493.64
03:39,BTC,121496.62
03:40,BTC,121524.0
03:41,BTC,121504.79
03:42,BTC,121507.08
03:43,BTC,121501.6
03:44,BTC,121502.21
03:45,BTC,121543.41
03:46,BTC,121563.16
03:47,BTC,121563.21
03:48,BTC,121568.07
03:49,BTC,121500.64
03:50,BTC,121441.73
03:51,BTC,121354.52
03:52,BTC,121319.49
03:53,BTC,121276.88
03:54,BTC,121231.33
03:55,BTC,121142.85
03:56,BTC,121163.69
03:57,BTC,121110.51
03:58,BTC,121084.62
03:59,BTC,121026.01
04:00,BTC,121056.7
04:01,BTC,121122.5
04:02,BTC,121089.97
04:03,BTC,121076.68
04:04,BTC,121109.17
04:05,BTC,121199.99
04:06,BTC,121228.61
04:07,BTC,121280.61
04:08,BTC,121307.8
04:09,BTC,121285.4
04:10,BTC,121279.89
04:11,BTC,121242.3
04:12,BTC,121290.43
04:13,BTC,121380.49
04:14,BTC,121370.48
04:15,BTC,121349.7
04:16,BTC,121326.66
04:17,BTC,121303.35
04:18,BTC,121262.0
04:19,BTC,121232.46
04:20,BTC,121299.99
04:21,BTC,121309.35
04:22,BTC,121331.34
04:23,BTC,121286.3
04:24,BTC,121246.97
04:25,BTC,121250.0
04:26,BTC,121270.88
04:27,BTC,121270.88
04:28,BTC,121282.76
04:29,BTC,121288.07
04:30,BTC,121301.89
04:31,BTC,121348.0
04:32,BTC,121330.11
04:33,BTC,121193.52
04:34,BTC,121212.93
04:35,BTC,121154.84
04:36,BTC,121110.51
04:37,BTC,121118.05
04:38,BTC,121107.32
04:39,BTC,121095.71
04:40,BTC,121139.6
04:41,BTC,121123.93
04:42,BTC,121124.41
04:43,BTC,121122.21
04:44,BTC,121152.69
04:45,BTC,121125.3
04:46,BTC,121141.8
04:47,BTC,121162.56
04:48,BTC,121189.05
04:49,BTC,121198.64
04:50,BTC,121200.0
04:51,BTC,121217.89
04:52,BTC,121217.89
04:53,BTC,121259.99
04:54,BTC,121260.0
04:55,BTC,121218.16
04:56,BTC,121224.83
04:57,BTC,121281.03
04:58,BTC,121243.77
04:59,BTC,121234.51
05:00,BTC,121172.71
05:01,BTC,121188.75
05:02,BTC,121157.82
05:03,BTC,121121.6
05:04,BTC,121032.0
05:05,BTC,121037.64
05:06,BTC,121058.33
05:07,BTC,121109.27
05:08,BTC,121085.33
05:09,BTC,121064.37
05:10,BTC,121066.38
05:11,BTC,121082.0
05:12,BTC,121081.99
05:13,BTC,121118.33
05:14,BTC,121104.32
05:15,BTC,121137.12
05:16,BTC,121123.47
05:17,BTC,121160.19
05:18,BTC,121163.64
05:19,BTC,121163.63
05:20,BTC,121191.33
05:21,BTC,121225.31
05:22,BTC,121239.96
05:23,BTC,121368.81
05:24,BTC,121426.07
05:25,BTC,121426.08
05:26,BTC,121429.28
05:27,BTC,121385.38
05:28,BTC,121350.34
05:29,BTC,121370.87
05:30,BTC,121340.74
05:31,BTC,121360.0
05:32,BTC,121234.36
05:33,BTC,121259.25
05:34,BTC,121217.23
05:35,BTC,121238.19
05:36,BTC,121248.97
05:37,BTC,121281.23
05:38,BTC,121310.86
05:39,BTC,121309.52
05:40,BTC,121375.95
05:41,BTC,121399.99
05:42,BTC,121427.32
05:43,BTC,121427.31
05:44,BTC,121437.69
05:45,BTC,121481.99
05:46,BTC,121544.05
05:47,BTC,121517.06
05:48,BTC,121544.04
05:49,BTC,121493.04
05:50,BTC,121540.23
05:51,BTC,121527.81
05:52,BTC,121527.99
05:53,BTC,121528.0
05:54,BTC,121604.49
05:55,BTC,121556.56
05:56,BTC,121578.83
05:57,BTC,121578.83
05:58,BTC,121583.9
05:59,BTC,121583.89
06:00,BTC,121614.77
06:01,BTC,121600.18
06:02,BTC,121660.0
06:03,BTC,121612.0
06:04,BTC,121660.85
06:05,BTC,121713.21
06:06,BTC,121702.0
06:07,BTC,121737.87
06:08,BTC,121746.51
06:09,BTC,121675.57
06:10,BTC,121601.56
06:11,BTC,121579.44
06:12,BTC,121578.14
06:13,BTC,121559.91
06:14,BTC,121575.42
06:15,BTC,121636.21
06:16,BTC,121605.5
06:17,BTC,121623.12
06:18,BTC,121676.0
06:19,BTC,121617.99
06:20,BTC,121631.2
06:21,BTC,121637.62
06:22,BTC,121651.26
06:23,BTC,121627.2
06:24,BTC,121610.51
06:25,BTC,121609.0
06:26,BTC,121601.37
06:27,BTC,121582.01
06:28,BTC,121512.19
06:29,BTC,121526.88
06:30,BTC,121506.6
06:31,BTC,121504.76
06:32,BTC,121494.32
06:33,BTC,121532.46
06:34,BTC,121623.63
06:35,BTC,121552.29
06:36,BTC,121508.55
06:37,BTC,121500.01
06:38,BTC,121529.56
06:39,BTC,121594.94
06:40,BTC,121650.04
06:41,BTC,121712.73
06:42,BTC,121728.36
06:43,BTC,121718.62
06:44,BTC,121662.17
06:45,BTC,121723.06
06:46,BTC,121702.21
06:47,BTC,121674.01
06:48,BTC,121626.23
06:49,BTC,121496.59
06:50,BTC,121420.62
06:51,BTC,121305.36
06:52,BTC,121266.19
06:53,BTC,121345.03
06:54,BTC,121399.99
06:55,BTC,121395.32
06:56,BTC,121429.14
06:57,BTC,121434.61
06:58,BTC,121410.32
06:59,BTC,121378.18
07:00,BTC,121367.75
07:01,BTC,121261.86
07:02,BTC,121261.97
07:03,BTC,121285.29
07:04,BTC,121256.04
07:05,BTC,121276.75
07:06,BTC,121264.13
07:07,BTC,121250.24
07:08,BTC,121204.26
07:09,BTC,121256.23
07:10,BTC,121311.4
07:11,BTC,121286.59
07:12,BTC,121298.95
07:13,BTC,121291.08
07:14,BTC,121280.1
07:15,BTC,121249.48
07:16,BTC,121230.25
07:17,BTC,121259.57
07:18,BTC,121235.74
07:19,BTC,121309.08
07:20,BTC,121339.22
07:21,BTC,121339.24
07:22,BTC,121229.45
07:23,BTC,121254.57
07:24,BTC,121253.7
07:25,BTC,121247.45
07:26,BTC,121293.44
07:27,BTC,121340.44
07:28,BTC,121321.51
07:29,BTC,121313.56
07:30,BTC,121323.79
07:31,BTC,121242.92
07:32,BTC,121247.16
07:33,BTC,121200.0
07:34,BTC,121137.3
07:35,BTC,121127.79
07:36,BTC,121160.42
07:37,BTC,121161.88
07:38,BTC,121131.35
07:39,BTC,121125.51
07:40,BTC,121156.0
07:41,BTC,121139.39
07:42,BTC,121099.86
07:43,BTC,121123.52
07:44,BTC,121119.39
07:45,BTC,121100.82
07:46,BTC,121046.02
07:47,BTC,121076.05
07:48,BTC,121030.21
07:49,BTC,121036.76
07:50,BTC,121006.29
07:51,BTC,121000.01
07:52,BTC,121047.79
07:53,BTC,121091.21
07:54,BTC,121114.6
07:55,BTC,121111.62
07:56,BTC,121026.87
07:57,BTC,120992.47
07:58,BTC,120910.04
07:59,BTC,120932.05
08:00,BTC,120959.46
08:01,BTC,121020.44
08:02,BTC,121188.0
08:03,BTC,121110.29
08:04,BTC,121127.28
08:05,BTC,121091.98
08:06,BTC,121149.08
08:07,BTC,121070.88
08:08,BTC,121088.02
08:09,BTC,121141.8
08:10,BTC,121141.42
08:11,BTC,121164.48
08:12,BTC,121158.99
08:13,BTC,121179.9
08:14,BTC,121159.38
08:15,BTC,121207.56
08:16,BTC,121201.68
08:17,BTC,121238.06
08:18,BTC,121249.99
08:19,BTC,121229.34
08:20,BTC,121234.78
08:21,BTC,121244.79
08:22,BTC,121249.99
08:23,BTC,121250.92
08:24,BTC,121285.19
08:25,BTC,121285.18
08:26,BTC,121265.65
08:27,BTC,121287.27
08:28,BTC,121316.02
08:29,BTC,121279.89
08:30,BTC,121320.02
08:31,BTC,121342.0
08:32,BTC,121299.72
08:33,BTC,121302.27
08:34,BTC,121276.59
08:35,BTC,121249.99
08:36,BTC,121265.72
08:37,BTC,121235.78
08:38,BTC,121272.81
08:39,BTC,121266.48
08:40,BTC,121252.36
08:41,BTC,121230.0
08:42,BTC,121230.01
08:43,BTC,121259.35
08:44,BTC,121278.68
08:45,BTC,121364.39
08:46,BTC,121346.64
08:47,BTC,121372.0
08:48,BTC,121365.01
08:49,BTC,121365.42
08:50,BTC,121438.91
08:51,BTC,121479.06
08:52,BTC,121469.55
08:53,BTC,121475.82
08:54,BTC,121470.36
08:55,BTC,121512.24
08:56,BTC,121544.04
08:57,BTC,121588.68
08:58,BTC,121605.7
08:59,BTC,121631.54
09:00,BTC,121626.84
09:01,BTC,121574.91
09:02,BTC,121518.28
09:03,BTC,121558.89
09:04,BTC,121536.0
09:05,BTC,121556.0
09:06,BTC,121550.63
09:07,BTC,121554.48
09:08,BTC,121510.42
09:09,BTC,121539.81
09:10,BTC,121514.29
09:11,BTC,121582.41
09:12,BTC,121544.04
09:13,BTC,121545.01
09:14,BTC,121515.8
09:15,BTC,121544.58
09:16,BTC,121522.84
09:17,BTC,121568.27
09:18,BTC,121531.2
09:19,BTC,121484.92
09:20,BTC,121480.67
09:21,BTC,121545.68
09:22,BTC,121588.12
09:23,BTC,121588.13
09:24,BTC,121631.21
09:25,BTC,121634.88
09:26,BTC,121687.99
09:27,BTC,121754.33
09:28,BTC,121726.53
09:29,BTC,121754.33
09:30,BTC,121699.68
09:31,BTC,121740.0
09:32,BTC,121758.8
09:33,BTC,121702.33
09:34,BTC,121717.78
09:35,BTC,121727.22
09:36,BTC,121727.22
09:37,BTC,121726.79
09:38,BTC,121689.98
09:39,BTC,121689.97
09:40,BTC,121689.98
09:41,BTC,121655.28
09:42,BTC,121700.11
09:43,BTC,121711.06
09:44,BTC,121694.25
09:45,BTC,121738.87
09:46,BTC,121667.36
09:47,BTC,121684.95
09:48,BTC,121478.23
09:49,BTC,121397.0
09:50,BTC,121323.51
09:51,BTC,121404.78
09:52,BTC,121381.93
09:53,BTC,121368.4
09:54,BTC,121382.42
09:55,BTC,121409.34
09:56,BTC,121367.23
09:57,BTC,121329.56
09:58,BTC,121300.0
09:59,BTC,121314.73
10:00,BTC,121312.32
10:01,BTC,121373.46
10:02,BTC,121368.95
10:03,BTC,121385.43
10:04,BTC,121361.17
10:05,BTC,121393.93
10:06,BTC,121397.08
10:07,BTC,121383.88
10:08,BTC,121394.04
10:09,BTC,121406.54
10:10,BTC,121376.44
10:11,BTC,121388.35
10:12,BTC,121388.35
10:13,BTC,121338.87
10:14,BTC,121339.42
10:15,BTC,121351.58
10:16,BTC,121351.58
10:17,BTC,121363.72
10:18,BTC,121480.01
10:19,BTC,121445.39
10:20,BTC,121424.0
10:21,BTC,121448.77
10:22,BTC,121407.79
10:23,BTC,121363.99
10:24,BTC,121373.18
10:25,BTC,121336.1
10:26,BTC,121345.56
10:27,BTC,121345.56
10:28,BTC,121334.01
10:29,BTC,121334.0
10:30,BTC,121346.09
10:31,BTC,121340.33
10:32,BTC,121294.01
10:33,BTC,121331.1
10:34,BTC,121279.8
10:35,BTC,121249.22
10:36,BTC,121253.86
10:37,BTC,121275.44
10:38,BTC,121320.0
10:39,BTC,121270.01
10:40,BTC,121270.0
10:41,BTC,121245.75
10:42,BTC,121270.18
10:43,BTC,121291.02
10:44,BTC,121319.01
10:45,BTC,121319.01
10:46,BTC,121314.49
10:47,BTC,121304.77
10:48,BTC,121336.01
10:49,BTC,121378.27
10:50,BTC,121393.49
10:51,BTC,121408.32
10:52,BTC,121476.58
10:53,BTC,121475.0
10:54,BTC,121452.64
10:55,BTC,121531.99
10:56,BTC,121538.38
10:57,BTC,121523.01
10:58,BTC,121491.78
10:59,BTC,121496.33
11:00,BTC,121518.23
11:01,BTC,121549.8
11:02,BTC,121570.37
11:03,BTC,121596.07
11:04,BTC,121596.09
11:05,BTC,121614.27
11:06,BTC,121574.21
11:07,BTC,121559.02
11:08,BTC,121599.18
11:09,BTC,121655.59
11:10,BTC,121661.61
11:11,BTC,121585.93
11:12,BTC,121570.76
11:13,BTC,121570.76
11:14,BTC,121534.0
11:15,BTC,121541.57
11:16,BTC,121517.44
11:17,BTC,121553.97
11:18,BTC,121556.18
11:19,BTC,121563.6
11:20,BTC,121550.57
11:21,BTC,121490.34
11:22,BTC,121447.54
11:23,BTC,121438.91
11:24,BTC,121438.91
11:25,BTC,121462.46
11:26,BTC,121462.45
11:27,BTC,121455.22
11:28,BTC,121443.14
11:29,BTC,121449.81
11:30,BTC,121456.16
11:31,BTC,121474.61
11:32,BTC,121562.25
11:33,BTC,121504.04
11:34,BTC,121476.08
11:35,BTC,121491.68
11:36,BTC,121533.9
11:37,BTC,121546.26
11:38,BTC,121521.5
11:39,BTC,121545.35
11:40,BTC,121557.54
11:41,BTC,121551.46
11:42,BTC,121479.3
11:43,BTC,121531.3
11:44,BTC,121530.57
11:45,BTC,121501.16
11:46,BTC,121501.16
11:47,BTC,121501.15
11:48,BTC,121500.73
11:49,BTC,121489.19
11:50,BTC,121502.21
11:51,BTC,121549.98
11:52,BTC,121623.94
11:53,BTC,121615.59
11:54,BTC,121609.45
11:55,BTC,121609.43
11:56,BTC,121632.51
11:57,BTC,121568.57
11:58,BTC,121563.38
11:59,BTC,121554.55
12:00,BTC,121556.06
12:01,BTC,121571.0
12:02,BTC,121554.2
12:03,BTC,121674.02
12:04,BTC,121665.34
12:05,BTC,121661.34
12:06,BTC,121589.41
12:07,BTC,121635.17
12:08,BTC,121640.66
12:09,BTC,121562.57
12:10,BTC,121519.39
12:11,BTC,121471.84
12:12,BTC,121518.07
12:13,BTC,121462.85
12:14,BTC,121477.75
12:15,BTC,121452.73
12:16,BTC,121465.06
12:17,BTC,121477.76
12:18,BTC,121501.84
12:19,BTC,121501.85
12:20,BTC,121516.01
12:21,BTC,121494.98
12:22,BTC,121495.47
12:23,BTC,121512.01
12:24,BTC,121521.17
12:25,BTC,121548.49
12:26,BTC,121568.93
12:27,BTC,121552.83
12:28,BTC,121546.83
12:29,BTC,121544.4
12:30,BTC,121495.26
12:31,BTC,121495.26
12:32,BTC,121546.34
12:33,BTC,121533.04
12:34,BTC,121569.8
12:35,BTC,121544.39
12:36,BTC,121525.9
12:37,BTC,121472.7
12:38,BTC,121438.9
12:39,BTC,121464.89
12:40,BTC,121503.92
12:41,BTC,121448.2
12:42,BTC,121442.72
12:43,BTC,121453.74
12:44,BTC,121475.74
12:45,BTC,121475.74
12:46,BTC,121479.48
12:47,BTC,121475.75
12:48,BTC,121476.16
12:49,BTC,121475.75
12:50,BTC,121484.93
12:51,BTC,121543.31
12:52,BTC,121556.66
12:53,BTC,121556.66
12:54,BTC,121556.66
12:55,BTC,121581.09
12:56,BTC,121612.09
12:57,BTC,121597.22
12:58,BTC,121597.21
12:59,BTC,121597.21
13:00,BTC,121619.07
13:01,BTC,121654.71
13:02,BTC,121698.99
13:03,BTC,121814.57
13:04,BTC,121889.09
13:05,BTC,121782.68
13:06,BTC,121822.48
13:07,BTC,121880.74
13:08,BTC,121853.24
13:09,BTC,121775.29
13:10,BTC,121718.09
13:11,BTC,121753.05
13:12,BTC,121754.34
13:13,BTC,121754.34
13:14,BTC,121813.29
13:15,BTC,121797.59
13:16,BTC,121696.05
13:17,BTC,121763.03
13:18,BTC,121826.02
13:19,BTC,121913.26
13:20,BTC,121934.07
13:21,BTC,121892.45
13:22,BTC,121914.66
13:23,BTC,121902.31
13:24,BTC,121898.86
13:25,BTC,121971.57
13:26,BTC,122050.9
13:27,BTC,122017.37
13:28,BTC,121941.68
13:29,BTC,121975.32
13:30,BTC,121836.23
13:31,BTC,121939.32
13:32,BTC,121867.24
13:33,BTC,121899.11
13:34,BTC,121989.61
13:35,BTC,122031.08
13:36,BTC,122037.97
13:37,BTC,122108.82
13:38,BTC,122297.63
13:39,BTC,122422.71
13:40,BTC,122395.68
13:41,BTC,122409.0
13:42,BTC,122442.64
13:43,BTC,122396.71
13:44,BTC,122259.02
13:45,BTC,122173.69
13:46,BTC,122109.14
13:47,BTC,122109.01
13:48,BTC,121990.44
13:49,BTC,121775.36
13:50,BTC,121726.0
13:51,BTC,121544.05
13:52,BTC,121629.71
13:53,BTC,121534.29
13:54,BTC,121428.01
13:55,BTC,121505.55
13:56,BTC,121580.16
13:57,BTC,121673.43
13:58,BTC,121710.33
13:59,BTC,121684.2
14:00,BTC,121806.01
14:01,BTC,121558.81
14:02,BTC,121812.93
14:03,BTC,121837.74
14:04,BTC,121950.48
14:05,BTC,121872.64
14:06,BTC,121904.33
14:07,BTC,121981.88
14:08,BTC,121900.4
14:09,BTC,121869.83
14:10,BTC,121868.75
14:11,BTC,121916.29
14:12,BTC,121875.86
14:13,BTC,121686.46
14:14,BTC,121678.21
14:15,BTC,121651.19
14:16,BTC,121500.01
14:17,BTC,121190.77
14:18,BTC,121315.65
14:19,BTC,121240.0
14:20,BTC,121342.86
14:21,BTC,121357.52
14:22,BTC,121267.64
14:23,BTC,121210.0
14:24,BTC,121221.3
14:25,BTC,121264.18
14:26,BTC,121333.76
14:27,BTC,121258.78
14:28,BTC,121228.61
14:29,BTC,121215.01
14:30,BTC,121345.14
14:31,BTC,121319.11
14:32,BTC,121384.57
14:33,BTC,121304.18
14:34,BTC,121438.91
14:35,BTC,121381.13
14:36,BTC,121290.1
14:37,BTC,121378.0
14:38,BTC,121345.4
14:39,BTC,121338.71
14:40,BTC,121331.59
14:41,BTC,121264.51
14:42,BTC,121210.0
14:43,BTC,121348.09
14:44,BTC,121348.69
14:45,BTC,121298.48
14:46,BTC,121250.02
14:47,BTC,121344.14
14:48,BTC,121350.01
14:49,BTC,121380.0
14:50,BTC,121407.21
14:51,BTC,121366.15
14:52,BTC,121315.57
14:53,BTC,121328.0
14:54,BTC,121281.21
14:55,BTC,121254.09
14:56,BTC,121237.4
14:57,BTC,120769.21
14:58,BTC,120600.47
14:59,BTC,120493.17
15:00,BTC,120390.11
15:01,BTC,120289.03
15:02,BTC,120221.99
15:03,BTC,120218.97
15:04,BTC,120040.12
15:05,BTC,120229.43
15:06,BTC,120308.01
15:07,BTC,120390.32
15:08,BTC,120280.85
15:09,BTC,120220.01
15:10,BTC,120489.62
15:11,BTC,120530.47
15:12,BTC,120427.54
15:13,BTC,120440.61
15:14,BTC,120424.29
15:15,BTC,120477.92
15:16,BTC,120238.38
15:17,BTC,120246.42
15:18,BTC,119980.66
15:19,BTC,119938.15
15:20,BTC,119887.95
15:21,BTC,119661.67
15:22,BTC,119755.5
15:23,BTC,119429.42
15:24,BTC,119399.35
15:25,BTC,119408.51
15:26,BTC,119372.3
15:27,BTC,119700.0
15:28,BTC,119445.07
15:29,BTC,119252.86
15:30,BTC,119039.99
15:31,BTC,118792.24
15:32,BTC,118686.17
15:33,BTC,118731.99
15:34,BTC,118669.25
15:35,BTC,119050.77
15:36,BTC,119083.16
15:37,BTC,119140.01
15:38,BTC,119266.0
15:39,BTC,119226.8
15:40,BTC,118876.0
15:41,BTC,119165.28
15:42,BTC,119149.47
15:43,BTC,119355.43
15:44,BTC,119570.69
15:45,BTC,119337.53
15:46,BTC,119291.09
15:47,BTC,119170.08
15:48,BTC,119308.18
15:49,BTC,119292.82
15:50,BTC,119294.32
15:51,BTC,119230.52
15:52,BTC,119185.82
15:53,BTC,119179.81
15:54,BTC,119170.01
15:55,BTC,118999.01
15:56,BTC,118959.13
15:57,BTC,118904.36
15:58,BTC,119074.67
15:59,BTC,119018.98
16:00,BTC,118890.0
16:01,BTC,118868.32
16:02,BTC,118763.89
16:03,BTC,118803.86
16:04,BTC,118828.87
16:05,BTC,118979.16
16:06,BTC,118963.86
16:07,BTC,119025.78
16:08,BTC,119197.42
16:09,BTC,119168.0
16:10,BTC,118963.91
16:11,BTC,119125.91
16:12,BTC,118980.59
16:13,BTC,118966.24
16:14,BTC,118942.59
16:15,BTC,118833.61
16:16,BTC,118716.73
16:17,BTC,118612.59
16:18,BTC,118700.85
16:19,BTC,118757.93
16:20,BTC,118687.01
16:21,BTC,118818.0
16:22,BTC,118935.57
16:23,BTC,119107.54
16:24,BTC,119159.42
16:25,BTC,119089.69
16:26,BTC,119160.25
16:27,BTC,119216.79
16:28,BTC,119197.76
16:29,BTC,119068.86
16:30,BTC,119094.43
16:31,BTC,119114.26
16:32,BTC,119277.36
16:33,BTC,119316.1
16:34,BTC,119284.01
16:35,BTC,119273.1
16:36,BTC,119375.44
16:37,BTC,119351.97
16:38,BTC,119268.89
16:39,BTC,119291.64
16:40,BTC,119159.88
16:41,BTC,119019.4
16:42,BTC,118977.98
16:43,BTC,118850.69
16:44,BTC,118882.69
16:45,BTC,118770.42
16:46,BTC,118820.6
16:47,BTC,118764.01
16:48,BTC,118722.62
16:49,BTC,118570.3
16:50,BTC,118511.19
16:51,BTC,118648.0
16:52,BTC,118713.05
16:53,BTC,118540.0
16:54,BTC,118510.22
16:55,BTC,118370.81
16:56,BTC,118429.28
16:57,BTC,118333.46
16:58,BTC,118319.0
16:59,BTC,118205.61
17:00,BTC,118363.1
17:01,BTC,118343.84
17:02,BTC,118182.12
17:03,BTC,118186.02
17:04,BTC,118105.76
17:05,BTC,117882.24
17:06,BTC,118019.16
17:07,BTC,117827.64
17:08,BTC,117879.13
17:09,BTC,117763.02
17:10,BTC,117711.06
17:11,BTC,117795.6
17:12,BTC,117969.46
17:13,BTC,117887.2
17:14,BTC,117906.5
17:15,BTC,117978.83
17:16,BTC,118069.52
17:17,BTC,118095.82
17:18,BTC,118039.15
17:19,BTC,118064.59
17:20,BTC,117760.7
17:21,BTC,117879.91
17:22,BTC,118047.21
17:23,BTC,118220.56
17:24,BTC,118108.39
17:25,BTC,118150.39
17:26,BTC,118076.08
17:27,BTC,118171.53
17:28,BTC,118187.32
17:29,BTC,118150.75
17:30,BTC,118074.01
17:31,BTC,118091.17
17:32,BTC,118069.52
17:33,BTC,118034.98
17:34,BTC,118061.53
17:35,BTC,118031.29
17:36,BTC,118003.99
17:37,BTC,118059.75
17:38,BTC,117896.29
17:39,BTC,117879.12
17:40,BTC,117840.49
17:41,BTC,117927.85
17:42,BTC,117940.79
17:43,BTC,117882.6
17:44,BTC,117846.11
17:45,BTC,117818.1
17:46,BTC,117730.73
17:47,BTC,117802.85
17:48,BTC,117909.48
17:49,BTC,117777.21
17:50,BTC,117700.01
17:51,BTC,117723.45
17:52,BTC,117593.18
17:53,BTC,117663.99
17:54,BTC,117590.7
17:55,BTC,117723.01
17:56,BTC,117631.2
17:57,BTC,117659.01
17:58,BTC,117712.35
17:59,BTC,117623.8
18:00,BTC,117638.46
18:01,BTC,117544.64
18:02,BTC,117625.81
18:03,BTC,117625.72
18:04,BTC,117661.13
18:05,BTC,117654.3
18:06,BTC,117566.01
18:07,BTC,117662.0
18:08,BTC,117616.01
18:09,BTC,117591.02
18:10,BTC,117615.57
18:11,BTC,117595.89
18:12,BTC,117586.36
18:13,BTC,117558.98
18:14,BTC,117653.19
18:15,BTC,117661.18
18:16,BTC,117721.55
18:17,BTC,117676.63
18:18,BTC,117541.99
18:19,BTC,117537.38
18:20,BTC,117657.56
18:21,BTC,117617.68
18:22,BTC,117744.01
18:23,BTC,117698.46
18:24,BTC,117761.01
18:25,BTC,117785.52
18:26,BTC,117835.7
18:27,BTC,117754.57
18:28,BTC,117669.93
18:29,BTC,117612.26
18:30,BTC,117622.0
18:31,BTC,117581.38
18:32,BTC,117630.85
18:33,BTC,117667.32
18:34,BTC,117552.37
18:35,BTC,117518.01
18:36,BTC,117508.25
18:37,BTC,117450.0
18:38,BTC,117467.79
18:39,BTC,117442.03
18:40,BTC,117496.34
18:41,BTC,117461.01
18:42,BTC,117508.7
18:43,BTC,117536.21
18:44,BTC,117462.63
18:45,BTC,117550.26
18:46,BTC,117610.0
18:47,BTC,117487.42
18:48,BTC,117317.18
18:49,BTC,117442.8
18:50,BTC,117378.7
18:51,BTC,117386.56
18:52,BTC,117283.77
18:53,BTC,117268.25
18:54,BTC,117286.4
18:55,BTC,117291.26
18:56,BTC,117317.16
18:57,BTC,117311.33
18:58,BTC,117283.73
18:59,BTC,117237.7
19:00,BTC,117297.64
19:01,BTC,117279.61
19:02,BTC,117296.39
19:03,BTC,117292.31
19:04,BTC,117303.02
19:05,BTC,117233.0
19:06,BTC,117241.74
19:07,BTC,117227.74
19:08,BTC,117061.22
19:09,BTC,117061.04
19:10,BTC,117067.79
19:11,BTC,116816.92
19:12,BTC,116990.0
19:13,BTC,116964.91
19:14,BTC,116827.4
19:15,BTC,116823.5
19:16,BTC,116672.0
19:17,BTC,116752.56
19:18,BTC,116670.24
19:19,BTC,116581.77
19:20,BTC,116304.35
19:21,BTC,116077.22
19:22,BTC,116281.94
19:23,BTC,116283.43
19:24,BTC,116515.99
19:25,BTC,116737.19
19:26,BTC,116719.63
19:27,BTC,116529.89
19:28,BTC,116352.0
19:29,BTC,116040.38
19:30,BTC,116388.88
19:31,BTC,116366.68
19:32,BTC,116254.89
19:33,BTC,116047.49
19:34,BTC,116220.0
19:35,BTC,116272.74
19:36,BTC,116342.81
19:37,BTC,116364.23
19:38,BTC,116369.49
19:39,BTC,116446.65
19:40,BTC,116433.53
19:41,BTC,116764.72
19:42,BTC,116795.78
19:43,BTC,116776.74
19:44,BTC,116923.96
19:45,BTC,116958.64
19:46,BTC,116861.52
19:47,BTC,116959.33
19:48,BTC,117072.49
19:49,BTC,117093.74
19:50,BTC,116879.93
19:51,BTC,116860.0
19:52,BTC,116931.49
19:53,BTC,116928.15
19:54,BTC,116854.53
19:55,BTC,116897.61
19:56,BTC,116845.98
19:57,BTC,116933.76
19:58,BTC,116782.42
19:59,BTC,116661.5
20:00,BTC,116734.0
20:01,BTC,116757.7
20:02,BTC,116769.86
20:03,BTC,116743.13
20:04,BTC,116899.43
20:05,BTC,116799.99
20:06,BTC,116832.75
20:07,BTC,116783.83
20:08,BTC,116721.0
20:09,BTC,116620.61
20:10,BTC,116636.0
20:11,BTC,116703.35
20:12,BTC,116828.5
20:13,BTC,116813.93
20:14,BTC,116780.01
20:15,BTC,116840.69
20:16,BTC,116924.1
20:17,BTC,116768.62
20:18,BTC,116811.02
20:19,BTC,116771.99
20:20,BTC,116778.02
20:21,BTC,116779.33
20:22,BTC,116870.84
20:23,BTC,116954.19
20:24,BTC,117000.0
20:25,BTC,117018.32
20:26,BTC,117036.86
20:27,BTC,117118.89
20:28,BTC,117038.47
20:29,BTC,117065.91
20:30,BTC,116932.12
20:31,BTC,116891.18
20:32,BTC,116932.1
20:33,BTC,116896.84
20:34,BTC,116914.67
20:35,BTC,116867.11
20:36,BTC,116821.91
20:37,BTC,116792.24
20:38,BTC,116879.42
20:39,BTC,116880.21
20:40,BTC,116867.61
20:41,BTC,116935.49
20:42,BTC,116947.0
20:43,BTC,117073.14
20:44,BTC,117034.61
20:45,BTC,117053.43
20:46,BTC,117000.0
20:47,BTC,117005.47
20:48,BTC,116900.01
20:49,BTC,116890.8
20:50,BTC,116435.39
20:51,BTC,116408.16
20:52,BTC,115832.84
20:53,BTC,115172.29
20:54,BTC,115406.0
20:55,BTC,114918.35
20:56,BTC,114409.94
20:57,BTC,114583.54
20:58,BTC,114347.98
20:59,BTC,114266.82
21:00,BTC,114641.68
21:01,BTC,114847.04
21:02,BTC,114745.19
21:03,BTC,114914.43
21:04,BTC,115062.01
21:05,BTC,115059.17
21:06,BTC,114952.82
21:07,BTC,114648.28
21:08,BTC,114447.97
21:09,BTC,114437.5
21:10,BTC,114340.03
21:11,BTC,113662.76
21:12,BTC,113016.44
21:13,BTC,111958.32
21:14,BTC,112209.36
21:15,BTC,111096.85
21:16,BTC,109000.0
21:17,BTC,108066.05
21:18,BTC,108635.51
21:19,BTC,103975.26
21:20,BTC,104384.6
21:21,BTC,106766.11
21:22,BTC,107195.99
21:23,BTC,107478.75
21:24,BTC,108219.08
21:25,BTC,106891.53
21:26,BTC,106582.03
21:27,BTC,108066.86
21:28,BTC,108500.0
21:29,BTC,108432.09
21:30,BTC,108701.32
21:31,BTC,109225.75
21:32,BTC,110079.56
21:33,BTC,110926.14
21:34,BTC,111338.21
21:35,BTC,111703.1
21:36,BTC,110785.41
21:37,BTC,111578.2
21:38,BTC,111027.98
21:39,BTC,111399.71
21:40,BTC,111191.32
21:41,BTC,111530.71
21:42,BTC,111527.33
21:43,BTC,111900.5
21:44,BTC,110809.05
21:45,BTC,112122.14
21:46,BTC,113169.4
21:47,BTC,112826.21
21:48,BTC,113499.99
21:49,BTC,113104.41
21:50,BTC,112780.49
21:51,BTC,112614.86
21:52,BTC,112931.87
21:53,BTC,112912.59
21:54,BTC,113038.99
21:55,BTC,113107.51
21:56,BTC,113689.35
21:57,BTC,113531.53
21:58,BTC,113650.51
21:59,BTC,113451.86
22:00,BTC,113416.95
22:01,BTC,113113.28
22:02,BTC,113218.45
22:03,BTC,113106.87
22:04,BTC,113210.81
22:05,BTC,111644.19
22:06,BTC,112065.92
22:07,BTC,112638.62
22:08,BTC,112659.25
22:09,BTC,112913.66
22:10,BTC,113000.03
22:11,BTC,113499.96
22:12,BTC,113481.66
22:13,BTC,113569.79
22:14,BTC,113688.22
22:15,BTC,113500.0
22:16,BTC,113336.43
22:17,BTC,113283.09
22:18,BTC,113266.03
22:19,BTC,113213.78
22:20,BTC,113329.88
22:21,BTC,113087.14
22:22,BTC,112697.97
22:23,BTC,112633.53
22:24,BTC,112675.78
22:25,BTC,112680.02
22:26,BTC,112513.26
22:27,BTC,112205.0
22:28,BTC,112349.99
22:29,BTC,112360.83
22:30,BTC,112169.75
22:31,BTC,112382.53
22:32,BTC,112650.0
22:33,BTC,112690.02
22:34,BTC,113099.64
22:35,BTC,112930.38
22:36,BTC,112741.75
22:37,BTC,112928.35
22:38,BTC,112948.23
22:39,BTC,113006.25
22:40,BTC,112976.0
22:41,BTC,112988.13
22:42,BTC,113097.29
22:43,BTC,113201.76
22:44,BTC,113172.34
22:45,BTC,113515.92
22:46,BTC,113462.15
22:47,BTC,113779.47
22:48,BTC,113978.0
22:49,BTC,113851.88
22:50,BTC,113632.26
22:51,BTC,113556.16
22:52,BTC,113726.29
22:53,BTC,113516.8
22:54,BTC,113629.74
22:55,BTC,113555.91
22:56,BTC,113569.0
22:57,BTC,113666.74
22:58,BTC,113527.94
22:59,BTC,113700.0
23:00,BTC,113665.47
23:01,BTC,113586.6
23:02,BTC,113549.61
23:03,BTC,113640.84
23:04,BTC,113520.08
23:05,BTC,113282.02
23:06,BTC,113019.57
23:07,BTC,113285.13
23:08,BTC,113279.78
23:09,BTC,113126.24
23:10,BTC,112912.38
23:11,BTC,112879.09
23:12,BTC,112955.64
23:13,BTC,112842.71
23:14,BTC,113050.99
23:15,BTC,113027.58
23:16,BTC,112950.0
23:17,BTC,112923.64
23:18,BTC,113238.62
23:19,BTC,113190.85
23:20,BTC,113233.99
23:21,BTC,113073.07
23:22,BTC,113154.18
23:23,BTC,113361.76
23:24,BTC,113223.02
23:25,BTC,113431.99
23:26,BTC,113629.17
23:27,BTC,113753.65
23:28,BTC,113742.93
23:29,BTC,113771.8
23:30,BTC,113769.0
23:31,BTC,113814.71
23:32,BTC,113798.58
23:33,BTC,113760.0
23:34,BTC,113835.82
23:35,BTC,114078.91
23:36,BTC,113873.45
23:37,BTC,113946.57
23:38,BTC,114140.57
23:39,BTC,114333.34
23:40,BTC,114536.0
23:41,BTC,114715.3
23:42,BTC,114535.01
23:43,BTC,114525.25
23:44,BTC,114617.32
23:45,BTC,114406.5
23:46,BTC,114271.41
23:47,BTC,114136.85
23:48,BTC,114042.88
23:49,BTC,113579.83
23:50,BTC,113325.31
23:51,BTC,113285.26
23:52,BTC,113249.85
23:53,BTC,113075.71
23:54,BTC,112964.66
23:55,BTC,112960.68
23:56,BTC,112879.99
23:57,BTC,112993.49
23:58,BTC,112980.01
23:59,BTC,112774.5
00:00,ETH,4367.22
00:01,ETH,4368.7
00:02,ETH,4371.63
00:03,ETH,4371.53
00:04,ETH,4370.48
00:05,ETH,4368.8
00:06,ETH,4367.97
00:07,ETH,4363.17
00:08,ETH,4366.51
00:09,ETH,4370.0
00:10,ETH,4367.81
00:11,ETH,4366.12
00:12,ETH,4364.59
00:13,ETH,4366.81
00:14,ETH,4366.65
00:15,ETH,4368.6
00:16,ETH,4369.91
00:17,ETH,4375.41
00:18,ETH,4377.53
00:19,ETH,4375.7
00:20,ETH,4374.88
00:21,ETH,4375.15
00:22,ETH,4372.94
00:23,ETH,4373.95
00:24,ETH,4375.69
00:25,ETH,4376.67
00:26,ETH,4379.9
00:27,ETH,4381.73
00:28,ETH,4382.3
00:29,ETH,4383.29
00:30,ETH,4380.61
00:31,ETH,4378.82
00:32,ETH,4377.87
00:33,ETH,4380.19
00:34,ETH,4378.66
00:35,ETH,4377.89
00:36,ETH,4377.94
00:37,ETH,4377.04
00:38,ETH,4381.22
00:39,ETH,4383.15
00:40,ETH,4380.23
00:41,ETH,4380.8
00:42,ETH,4376.36
00:43,ETH,4376.84
00:44,ETH,4377.68
00:45,ETH,4375.76
00:46,ETH,4373.52
00:47,ETH,4373.87
00:48,ETH,4374.16
00:49,ETH,4373.39
00:50,ETH,4376.04
00:51,ETH,4376.26
00:52,ETH,4377.0
00:53,ETH,4380.24
00:54,ETH,4381.29
00:55,ETH,4381.05
00:56,ETH,4380.0
00:57,ETH,4378.62
00:58,ETH,4381.0
00:59,ETH,4380.7
01:00,ETH,4379.78
01:01,ETH,4384.01
01:02,ETH,4385.6
01:03,ETH,4389.11
01:04,ETH,4389.17
01:05,ETH,4388.54
01:06,ETH,4387.9
01:07,ETH,4385.03
01:08,ETH,4384.38
01:09,ETH,4384.77
01:10,ETH,4385.29
01:11,ETH,4385.07
01:12,ETH,4385.0
01:13,ETH,4386.7
01:14,ETH,4387.05
01:15,ETH,4385.34
01:16,ETH,4385.65
01:17,ETH,4385.18
01:18,ETH,4385.01
01:19,ETH,4387.05
01:20,ETH,4390.45
01:21,ETH,4387.65
01:22,ETH,4387.12
01:23,ETH,4387.04
01:24,ETH,4388.9
01:25,ETH,4392.16
01:26,ETH,4390.01
01:27,ETH,4390.5
01:28,ETH,4392.67
01:29,ETH,4392.31
01:30,ETH,4391.02
01:31,ETH,4388.51
01:32,ETH,4387.59
01:33,ETH,4388.21
01:34,ETH,4388.52
01:35,ETH,4385.06
01:36,ETH,4382.86
01:37,ETH,4382.47
01:38,ETH,4380.47
01:39,ETH,4379.57
01:40,ETH,4374.91
01:41,ETH,4372.83
01:42,ETH,4374.68
01:43,ETH,4374.6
01:44,ETH,4373.7
01:45,ETH,4371.53
01:46,ETH,4373.4
01:47,ETH,4374.97
01:48,ETH,4373.99
01:49,ETH,4375.66
01:50,ETH,4374.04
01:51,ETH,4375.96
01:52,ETH,4379.28
01:53,ETH,4374.83
01:54,ETH,4375.63
01:55,ETH,4373.33
01:56,ETH,4374.39
01:57,ETH,4373.36
01:58,ETH,4373.93
01:59,ETH,4373.38
02:00,ETH,4370.59
02:01,ETH,4369.17
02:02,ETH,4366.74
02:03,ETH,4366.62
02:04,ETH,4363.99
02:05,ETH,4363.11
02:06,ETH,4362.66
02:07,ETH,4359.65
02:08,ETH,4360.53
02:09,ETH,4364.17
02:10,ETH,4365.42
02:11,ETH,4367.66
02:12,ETH,4363.68
02:13,ETH,4365.93
02:14,ETH,4366.36
02:15,ETH,4367.71
02:16,ETH,4371.61
02:17,ETH,4370.96
02:18,ETH,4371.94
02:19,ETH,4377.89
02:20,ETH,4378.57
02:21,ETH,4378.78
02:22,ETH,4378.26
02:23,ETH,4379.99
02:24,ETH,4378.32
02:25,ETH,4377.76
02:26,ETH,4376.41
02:27,ETH,4377.83
02:28,ETH,4377.05
02:29,ETH,4376.5
02:30,ETH,4374.87
02:31,ETH,4371.57
02:32,ETH,4366.22
02:33,ETH,4365.91
02:34,ETH,4365.12
02:35,ETH,4365.68
02:36,ETH,4365.46
02:37,ETH,4366.32
02:38,ETH,4366.77
02:39,ETH,4369.87
02:40,ETH,4370.7
02:41,ETH,4371.3
02:42,ETH,4372.08
02:43,ETH,4369.28
02:44,ETH,4368.28
02:45,ETH,4367.82
02:46,ETH,4363.09
02:47,ETH,4363.0
02:48,ETH,4366.62
02:49,ETH,4363.11
02:50,ETH,4363.39
02:51,ETH,4360.73
02:52,ETH,4357.01
02:53,ETH,4356.3
02:54,ETH,4356.23
02:55,ETH,4360.01
02:56,ETH,4358.46
02:57,ETH,4359.74
02:58,ETH,4359.03
02:59,ETH,4359.19
03:00,ETH,4359.53
03:01,ETH,4356.99
03:02,ETH,4353.77
03:03,ETH,4350.0
03:04,ETH,4348.5
03:05,ETH,4353.9
03:06,ETH,4353.29
03:07,ETH,4352.0
03:08,ETH,4348.8
03:09,ETH,4349.55
03:10,ETH,4349.93
03:11,ETH,4351.52
03:12,ETH,4353.44
03:13,ETH,4351.84
03:14,ETH,4354.67
03:15,ETH,4355.84
03:16,ETH,4352.72
03:17,ETH,4353.47
03:18,ETH,4355.67
03:19,ETH,4358.78
03:20,ETH,4364.01
03:21,ETH,4367.08
03:22,ETH,4364.01
03:23,ETH,4362.77
03:24,ETH,4366.56
03:25,ETH,4366.34
03:26,ETH,4366.01
03:27,ETH,4369.74
03:28,ETH,4372.25
03:29,ETH,4376.96
03:30,ETH,4382.99
03:31,ETH,4389.23
03:32,ETH,4384.73
03:33,ETH,4384.29
03:34,ETH,4385.45
03:35,ETH,4388.05
03:36,ETH,4387.64
03:37,ETH,4388.11
03:38,ETH,4385.02
03:39,ETH,4383.72
03:40,ETH,4381.68
03:41,ETH,4381.99
03:42,ETH,4382.88
03:43,ETH,4384.29
03:44,ETH,4385.93
03:45,ETH,4387.58
03:46,ETH,4388.2
03:47,ETH,4388.52
03:48,ETH,4387.96
03:49,ETH,4384.38
03:50,ETH,4380.09
03:51,ETH,4372.63
03:52,ETH,4362.55
03:53,ETH,4359.17
03:54,ETH,4354.65
03:55,ETH,4347.97
03:56,ETH,4350.04
03:57,ETH,4352.56
03:58,ETH,4351.94
03:59,ETH,4347.13
04:00,ETH,4348.23
04:01,ETH,4349.94
04:02,ETH,4349.35
04:03,ETH,4349.19
04:04,ETH,4350.03
04:05,ETH,4353.57
04:06,ETH,4355.53
04:07,ETH,4357.73
04:08,ETH,4357.01
04:09,ETH,4355.85
04:10,ETH,4356.49
04:11,ETH,4354.61
04:12,ETH,4356.29
04:13,ETH,4357.59
04:14,ETH,4357.03
04:15,ETH,4356.48
04:16,ETH,4353.77
04:17,ETH,4350.61
04:18,ETH,4349.57
04:19,ETH,4347.48
04:20,ETH,4353.61
04:21,ETH,4351.27
04:22,ETH,4355.0
04:23,ETH,4353.46
04:24,ETH,4350.05
04:25,ETH,4348.8
04:26,ETH,4349.92
04:27,ETH,4348.28
04:28,ETH,4347.91
04:29,ETH,4348.46
04:30,ETH,4350.41
04:31,ETH,4354.21
04:32,ETH,4352.82
04:33,ETH,4345.62
04:34,ETH,4346.99
04:35,ETH,4343.0
04:36,ETH,4339.89
04:37,ETH,4340.46
04:38,ETH,4338.29
04:39,ETH,4338.46
04:40,ETH,4341.51
04:41,ETH,4338.85
04:42,ETH,4340.49
04:43,ETH,4340.72
04:44,ETH,4342.13
04:45,ETH,4340.78
04:46,ETH,4340.34
04:47,ETH,4341.95
04:48,ETH,4342.14
04:49,ETH,4344.4
04:50,ETH,4342.32
04:51,ETH,4343.85
04:52,ETH,4344.63
04:53,ETH,4345.73
04:54,ETH,4345.62
04:55,ETH,4342.53
04:56,ETH,4342.28
04:57,ETH,4344.63
04:58,ETH,4343.61
04:59,ETH,4344.49
05:00,ETH,4342.98
05:01,ETH,4343.31
05:02,ETH,4341.97
05:03,ETH,4338.85
05:04,ETH,4333.24
05:05,ETH,4332.04
05:06,ETH,4332.99
05:07,ETH,4337.69
05:08,ETH,4337.46
05:09,ETH,4335.21
05:10,ETH,4334.7
05:11,ETH,4333.89
05:12,ETH,4334.33
05:13,ETH,4337.0
05:14,ETH,4334.38
05:15,ETH,4338.34
05:16,ETH,4335.38
05:17,ETH,4339.3
05:18,ETH,4339.42
05:19,ETH,4338.72
05:20,ETH,4342.14
05:21,ETH,4344.59
05:22,ETH,4344.99
05:23,ETH,4353.5
05:24,ETH,4358.69
05:25,ETH,4359.08
05:26,ETH,4357.84
05:27,ETH,4360.1
05:28,ETH,4356.56
05:29,ETH,4355.2
05:30,ETH,4352.97
05:31,ETH,4352.9
05:32,ETH,4346.43
05:33,ETH,4347.77
05:34,ETH,4346.2
05:35,ETH,4346.59
05:36,ETH,4347.42
05:37,ETH,4346.93
05:38,ETH,4348.17
05:39,ETH,4349.42
05:40,ETH,4353.77
05:41,ETH,4357.76
05:42,ETH,4357.56
05:43,ETH,4357.84
05:44,ETH,4358.07
05:45,ETH,4359.69
05:46,ETH,4362.71
05:47,ETH,4361.04
05:48,ETH,4364.54
05:49,ETH,4362.43
05:50,ETH,4365.49
05:51,ETH,4363.63
05:52,ETH,4364.27
05:53,ETH,4365.67
05:54,ETH,4370.0
05:55,ETH,4367.44
05:56,ETH,4367.62
05:57,ETH,4367.82
05:58,ETH,4366.83
05:59,ETH,4368.34
06:00,ETH,4370.34
06:01,ETH,4367.87
06:02,ETH,4373.32
06:03,ETH,4374.0
06:04,ETH,4375.29
06:05,ETH,4376.14
06:06,ETH,4373.34
06:07,ETH,4373.14
06:08,ETH,4372.75
06:09,ETH,4370.08
06:10,ETH,4366.05
06:11,ETH,4364.48
06:12,ETH,4365.32
06:13,ETH,4366.33
06:14,ETH,4367.8
06:15,ETH,4371.1
06:16,ETH,4368.51
06:17,ETH,4367.82
06:18,ETH,4369.45
06:19,ETH,4363.41
06:20,ETH,4358.85
06:21,ETH,4356.53
06:22,ETH,4358.18
06:23,ETH,4357.58
06:24,ETH,4357.09
06:25,ETH,4356.52
06:26,ETH,4355.67
06:27,ETH,4356.81
06:28,ETH,4352.14
06:29,ETH,4351.61
06:30,ETH,4351.15
06:31,ETH,4350.31
06:32,ETH,4348.75
06:33,ETH,4351.34
06:34,ETH,4356.88
06:35,ETH,4352.73
06:36,ETH,4346.16
06:37,ETH,4343.25
06:38,ETH,4342.13
06:39,ETH,4345.0
06:40,ETH,4346.69
06:41,ETH,4351.27
06:42,ETH,4351.99
06:43,ETH,4350.45
06:44,ETH,4348.67
06:45,ETH,4352.0
06:46,ETH,4349.59
06:47,ETH,4346.24
06:48,ETH,4337.88
06:49,ETH,4328.3
06:50,ETH,4328.63
06:51,ETH,4326.9
06:52,ETH,4322.69
06:53,ETH,4325.67
06:54,ETH,4325.3
06:55,ETH,4325.32
06:56,ETH,4324.86
06:57,ETH,4328.1
06:58,ETH,4329.64
06:59,ETH,4328.0
07:00,ETH,4330.07
07:01,ETH,4319.6
07:02,ETH,4321.78
07:03,ETH,4321.96
07:04,ETH,4320.74
07:05,ETH,4321.77
07:06,ETH,4319.17
07:07,ETH,4316.93
07:08,ETH,4316.26
07:09,ETH,4323.29
07:10,ETH,4325.92
07:11,ETH,4325.53
07:12,ETH,4327.57
07:13,ETH,4328.33
07:14,ETH,4327.14
07:15,ETH,4322.84
07:16,ETH,4319.97
07:17,ETH,4321.41
07:18,ETH,4321.17
07:19,ETH,4326.34
07:20,ETH,4328.06
07:21,ETH,4328.49
07:22,ETH,4322.69
07:23,ETH,4324.12
07:24,ETH,4322.64
07:25,ETH,4321.35
07:26,ETH,4326.43
07:27,ETH,4328.95
07:28,ETH,4329.76
07:29,ETH,4328.0
07:30,ETH,4328.69
07:31,ETH,4323.21
07:32,ETH,4324.48
07:33,ETH,4324.11
07:34,ETH,4325.8
07:35,ETH,4324.94
07:36,ETH,4329.37
07:37,ETH,4329.63
07:38,ETH,4329.71
07:39,ETH,4330.65
07:40,ETH,4334.06
07:41,ETH,4333.37
07:42,ETH,4331.23
07:43,ETH,4332.77
07:44,ETH,4332.83
07:45,ETH,4332.22
07:46,ETH,4321.19
07:47,ETH,4323.5
07:48,ETH,4322.57
07:49,ETH,4322.27
07:50,ETH,4322.43
07:51,ETH,4320.91
07:52,ETH,4322.64
07:53,ETH,4323.69
07:54,ETH,4327.03
07:55,ETH,4329.33
07:56,ETH,4325.95
07:57,ETH,4326.28
07:58,ETH,4322.28
07:59,ETH,4323.39
08:00,ETH,4324.23
08:01,ETH,4327.08
08:02,ETH,4332.88
08:03,ETH,4325.67
08:04,ETH,4323.27
08:05,ETH,4319.87
08:06,ETH,4323.99
08:07,ETH,4321.17
08:08,ETH,4321.13
08:09,ETH,4323.27
08:10,ETH,4323.66
08:11,ETH,4325.49
08:12,ETH,4323.51
08:13,ETH,4324.72
08:14,ETH,4324.89
08:15,ETH,4329.15
08:16,ETH,4328.42
08:17,ETH,4331.54
08:18,ETH,4332.44
08:19,ETH,4331.23
08:20,ETH,4331.99
08:21,ETH,4329.18
08:22,ETH,4331.04
08:23,ETH,4331.36
08:24,ETH,4332.8
08:25,ETH,4334.04
08:26,ETH,4333.83
08:27,ETH,4335.53
08:28,ETH,4336.3
08:29,ETH,4335.01
08:30,ETH,4336.7
08:31,ETH,4338.04
08:32,ETH,4333.73
08:33,ETH,4331.21
08:34,ETH,4330.08
08:35,ETH,4329.85
08:36,ETH,4331.5
08:37,ETH,4331.02
08:38,ETH,4333.4
08:39,ETH,4331.65
08:40,ETH,4330.0
08:41,ETH,4326.51
08:42,ETH,4327.15
08:43,ETH,4326.99
08:44,ETH,4331.62
08:45,ETH,4335.43
08:46,ETH,4334.01
08:47,ETH,4335.22
08:48,ETH,4334.12
08:49,ETH,4334.82
08:50,ETH,4340.15
08:51,ETH,4342.36
08:52,ETH,4342.09
08:53,ETH,4342.18
08:54,ETH,4342.36
08:55,ETH,4343.85
08:56,ETH,4344.86
08:57,ETH,4346.61
08:58,ETH,4345.56
08:59,ETH,4346.12
09:00,ETH,4342.05
09:01,ETH,4341.1
09:02,ETH,4336.74
09:03,ETH,4339.9
09:04,ETH,4337.72
09:05,ETH,4339.88
09:06,ETH,4337.43
09:07,ETH,4338.72
09:08,ETH,4336.0
09:09,ETH,4336.03
09:10,ETH,4335.91
09:11,ETH,4341.68
09:12,ETH,4339.43
09:13,ETH,4339.88
09:14,ETH,4339.39
09:15,ETH,4340.79
09:16,ETH,4338.3
09:17,ETH,4341.54
09:18,ETH,4338.43
09:19,ETH,4333.17
09:20,ETH,4333.84
09:21,ETH,4335.12
09:22,ETH,4338.41
09:23,ETH,4339.15
09:24,ETH,4339.6
09:25,ETH,4340.03
09:26,ETH,4344.99
09:27,ETH,4347.92
09:28,ETH,4349.37
09:29,ETH,4348.62
09:30,ETH,4344.5
09:31,ETH,4346.23
09:32,ETH,4348.0
09:33,ETH,4350.22
09:34,ETH,4349.7
09:35,ETH,4348.55
09:36,ETH,4347.41
09:37,ETH,4347.96
09:38,ETH,4346.45
09:39,ETH,4345.46
09:40,ETH,4343.72
09:41,ETH,4340.92
09:42,ETH,4342.44
09:43,ETH,4342.3
09:44,ETH,4342.22
09:45,ETH,4344.24
09:46,ETH,4339.69
09:47,ETH,4341.0
09:48,ETH,4333.47
09:49,ETH,4328.67
09:50,ETH,4323.98
09:51,ETH,4326.43
09:52,ETH,4325.39
09:53,ETH,4324.72
09:54,ETH,4325.8
09:55,ETH,4327.14
09:56,ETH,4322.71
09:57,ETH,4321.15
09:58,ETH,4320.01
09:59,ETH,4322.12
10:00,ETH,4321.6
10:01,ETH,4325.5
10:02,ETH,4324.9
10:03,ETH,4325.95
10:04,ETH,4323.68
10:05,ETH,4327.26
10:06,ETH,4328.58
10:07,ETH,4327.72
10:08,ETH,4328.49
10:09,ETH,4328.95
10:10,ETH,4328.2
10:11,ETH,4329.53
10:12,ETH,4328.57
10:13,ETH,4324.41
10:14,ETH,4325.0
10:15,ETH,4326.54
10:16,ETH,4327.4
10:17,ETH,4329.31
10:18,ETH,4333.55
10:19,ETH,4332.45
10:20,ETH,4330.78
10:21,ETH,4333.84
10:22,ETH,4329.75
10:23,ETH,4326.84
10:24,ETH,4328.08
10:25,ETH,4325.59
10:26,ETH,4325.87
10:27,ETH,4325.24
10:28,ETH,4324.1
10:29,ETH,4325.21
10:30,ETH,4328.5
10:31,ETH,4327.07
10:32,ETH,4325.17
10:33,ETH,4329.18
10:34,ETH,4326.07
10:35,ETH,4324.13
10:36,ETH,4323.7
10:37,ETH,4328.36
10:38,ETH,4328.48
10:39,ETH,4326.14
10:40,ETH,4326.07
10:41,ETH,4326.43
10:42,ETH,4330.57
10:43,ETH,4330.81
10:44,ETH,4332.46
10:45,ETH,4331.9
10:46,ETH,4332.47
10:47,ETH,4331.71
10:48,ETH,4332.47
10:49,ETH,4340.91
10:50,ETH,4343.66
10:51,ETH,4342.64
10:52,ETH,4342.99
10:53,ETH,4341.54
10:54,ETH,4339.08
10:55,ETH,4343.56
10:56,ETH,4343.42
10:57,ETH,4342.82
10:58,ETH,4341.14
10:59,ETH,4342.89
11:00,ETH,4343.93
11:01,ETH,4344.39
11:02,ETH,4344.72
11:03,ETH,4347.12
11:04,ETH,4344.61
11:05,ETH,4345.63
11:06,ETH,4341.13
11:07,ETH,4342.33
11:08,ETH,4343.42
11:09,ETH,4345.31
11:10,ETH,4345.26
11:11,ETH,4340.0
11:12,ETH,4337.79
11:13,ETH,4338.75
11:14,ETH,4336.11
11:15,ETH,4336.5
11:16,ETH,4336.6
11:17,ETH,4338.38
11:18,ETH,4337.58
11:19,ETH,4336.11
11:20,ETH,4336.3
11:21,ETH,4332.35
11:22,ETH,4330.23
11:23,ETH,4329.07
11:24,ETH,4329.95
11:25,ETH,4331.95
11:26,ETH,4331.63
11:27,ETH,4333.82
11:28,ETH,4333.82
11:29,ETH,4334.99
11:30,ETH,4335.77
11:31,ETH,4337.15
11:32,ETH,4339.23
11:33,ETH,4336.69
11:34,ETH,4335.84
11:35,ETH,4337.27
11:36,ETH,4339.28
11:37,ETH,4339.32
11:38,ETH,4338.68
11:39,ETH,4338.13
11:40,ETH,4338.99
11:41,ETH,4339.64
11:42,ETH,4335.68
11:43,ETH,4337.46
11:44,ETH,4338.32
11:45,ETH,4339.48
11:46,ETH,4339.78
11:47,ETH,4339.6
11:48,ETH,4340.04
11:49,ETH,4339.92
11:50,ETH,4339.77
11:51,ETH,4342.99
11:52,ETH,4346.03
11:53,ETH,4345.15
11:54,ETH,4344.76
11:55,ETH,4345.63
11:56,ETH,4346.73
11:57,ETH,4345.26
11:58,ETH,4344.33
11:59,ETH,4343.02
12:00,ETH,4343.26
12:01,ETH,4345.36
12:02,ETH,4343.66
12:03,ETH,4347.74
12:04,ETH,4347.69
12:05,ETH,4346.38
12:06,ETH,4342.4
12:07,ETH,4347.42
12:08,ETH,4349.36
12:09,ETH,4345.88
12:10,ETH,4342.78
12:11,ETH,4339.26
12:12,ETH,4339.35
12:13,ETH,4337.11
12:14,ETH,4338.03
12:15,ETH,4334.95
12:16,ETH,4336.54
12:17,ETH,4338.06
12:18,ETH,4339.48
12:19,ETH,4340.81
12:20,ETH,4341.93
12:21,ETH,4341.84
12:22,ETH,4343.06
12:23,ETH,4344.99
12:24,ETH,4345.35
12:25,ETH,4346.28
12:26,ETH,4347.32
12:27,ETH,4345.28
12:28,ETH,4345.34
12:29,ETH,4344.43
12:30,ETH,4342.87
12:31,ETH,4341.55
12:32,ETH,4344.69
12:33,ETH,4346.06
12:34,ETH,4347.13
12:35,ETH,4346.46
12:36,ETH,4347.0
12:37,ETH,4343.4
12:38,ETH,4340.56
12:39,ETH,4342.35
12:40,ETH,4343.41
12:41,ETH,4342.8
12:42,ETH,4341.04
12:43,ETH,4340.57
12:44,ETH,4339.03
12:45,ETH,4339.56
12:46,ETH,4339.43
12:47,ETH,4338.2
12:48,ETH,4340.39
12:49,ETH,4340.96
12:50,ETH,4341.69
12:51,ETH,4344.98
12:52,ETH,4345.25
12:53,ETH,4345.9
12:54,ETH,4345.88
12:55,ETH,4348.0
12:56,ETH,4348.06
12:57,ETH,4348.02
12:58,ETH,4347.62
12:59,ETH,4348.54
13:00,ETH,4353.17
13:01,ETH,4352.37
13:02,ETH,4355.08
13:03,ETH,4357.63
13:04,ETH,4361.17
13:05,ETH,4355.49
13:06,ETH,4357.82
13:07,ETH,4358.49
13:08,ETH,4357.04
13:09,ETH,4354.59
13:10,ETH,4352.17
13:11,ETH,4352.21
13:12,ETH,4352.89
13:13,ETH,4353.3
13:14,ETH,4354.49
13:15,ETH,4355.33
13:16,ETH,4349.18
13:17,ETH,4352.95
13:18,ETH,4356.88
13:19,ETH,4365.26
13:20,ETH,4364.37
13:21,ETH,4361.93
13:22,ETH,4361.27
13:23,ETH,4361.92
13:24,ETH,4363.49
13:25,ETH,4362.94
13:26,ETH,4365.63
13:27,ETH,4363.83
13:28,ETH,4363.37
13:29,ETH,4365.24
13:30,ETH,4359.86
13:31,ETH,4368.67
13:32,ETH,4363.61
13:33,ETH,4367.21
13:34,ETH,4373.56
13:35,ETH,4374.15
13:36,ETH,4375.68
13:37,ETH,4377.86
13:38,ETH,4382.73
13:39,ETH,4386.5
13:40,ETH,4382.85
13:41,ETH,4379.36
13:42,ETH,4379.63
13:43,ETH,4376.13
13:44,ETH,4376.24
13:45,ETH,4374.16
13:46,ETH,4372.54
13:47,ETH,4377.02
13:48,ETH,4371.16
13:49,ETH,4361.36
13:50,ETH,4359.75
13:51,ETH,4353.13
13:52,ETH,4357.88
13:53,ETH,4352.54
13:54,ETH,4347.18
13:55,ETH,4349.69
13:56,ETH,4351.81
13:57,ETH,4353.21
13:58,ETH,4356.64
13:59,ETH,4356.1
14:00,ETH,4362.19
14:01,ETH,4351.27
14:02,ETH,4364.26
14:03,ETH,4365.77
14:04,ETH,4368.31
14:05,ETH,4363.88
14:06,ETH,4366.67
14:07,ETH,4373.4
14:08,ETH,4368.21
14:09,ETH,4366.06
14:10,ETH,4361.49
14:11,ETH,4362.64
14:12,ETH,4360.01
14:13,ETH,4352.48
14:14,ETH,4351.24
14:15,ETH,4351.0
14:16,ETH,4342.65
14:17,ETH,4332.19
14:18,ETH,4335.49
14:19,ETH,4332.6
14:20,ETH,4335.61
14:21,ETH,4335.6
14:22,ETH,4330.8
14:23,ETH,4323.73
14:24,ETH,4325.44
14:25,ETH,4327.81
14:26,ETH,4331.44
14:27,ETH,4328.06
14:28,ETH,4325.85
14:29,ETH,4326.52
14:30,ETH,4333.28
14:31,ETH,4334.33
14:32,ETH,4334.98
14:33,ETH,4335.25
14:34,ETH,4340.47
14:35,ETH,4333.4
14:36,ETH,4331.88
14:37,ETH,4338.33
14:38,ETH,4334.21
14:39,ETH,4334.33
14:40,ETH,4333.31
14:41,ETH,4330.41
14:42,ETH,4324.84
14:43,ETH,4329.79
14:44,ETH,4330.5
14:45,ETH,4328.91
14:46,ETH,4320.59
14:47,ETH,4327.77
14:48,ETH,4329.06
14:49,ETH,4330.57
14:50,ETH,4331.46
14:51,ETH,4330.83
14:52,ETH,4325.66
14:53,ETH,4329.32
14:54,ETH,4326.08
14:55,ETH,4325.63
14:56,ETH,4325.38
14:57,ETH,4298.6
14:58,ETH,4284.71
14:59,ETH,4280.35
15:00,ETH,4275.13
15:01,ETH,4267.74
15:02,ETH,4267.38
15:03,ETH,4263.36
15:04,ETH,4255.13
15:05,ETH,4259.37
15:06,ETH,4267.68
15:07,ETH,4271.69
15:08,ETH,4261.29
15:09,ETH,4259.3
15:10,ETH,4271.87
15:11,ETH,4270.97
15:12,ETH,4267.5
15:13,ETH,4267.2
15:14,ETH,4258.47
15:15,ETH,4265.53
15:16,ETH,4252.58
15:17,ETH,4242.54
15:18,ETH,4233.41
15:19,ETH,4227.45
15:20,ETH,4218.5
15:21,ETH,4200.51
15:22,ETH,4204.51
15:23,ETH,4192.22
15:24,ETH,4183.99
15:25,ETH,4178.42
15:26,ETH,4172.16
15:27,ETH,4195.62
15:28,ETH,4175.33
15:29,ETH,4162.01
15:30,ETH,4128.03
15:31,ETH,4098.69
15:32,ETH,4106.44
15:33,ETH,4115.88
15:34,ETH,4095.32
15:35,ETH,4107.99
15:36,ETH,4108.86
15:37,ETH,4114.61
15:38,ETH,4110.73
15:39,ETH,4110.69
15:40,ETH,4091.96
15:41,ETH,4116.94
15:42,ETH,4118.31
15:43,ETH,4126.84
15:44,ETH,4139.19
15:45,ETH,4124.01
15:46,ETH,4126.74
15:47,ETH,4119.14
15:48,ETH,4124.69
15:49,ETH,4119.89
15:50,ETH,4117.79
15:51,ETH,4113.15
15:52,ETH,4108.77
15:53,ETH,4107.09
15:54,ETH,4110.02
15:55,ETH,4104.83
15:56,ETH,4102.19
15:57,ETH,4098.56
15:58,ETH,4110.53
15:59,ETH,4103.11
16:00,ETH,4095.32
16:01,ETH,4097.95
16:02,ETH,4094.07
16:03,ETH,4097.01
16:04,ETH,4099.29
16:05,ETH,4115.0
16:06,ETH,4120.0
16:07,ETH,4121.23
16:08,ETH,4127.92
16:09,ETH,4125.43
16:10,ETH,4116.37
16:11,ETH,4123.16
16:12,ETH,4112.22
16:13,ETH,4113.3
16:14,ETH,4112.49
16:15,ETH,4109.01
16:16,ETH,4106.41
16:17,ETH,4101.6
16:18,ETH,4103.1
16:19,ETH,4104.5
16:20,ETH,4102.83
16:21,ETH,4110.54
16:22,ETH,4114.08
16:23,ETH,4123.64
16:24,ETH,4122.84
16:25,ETH,4121.47
16:26,ETH,4123.12
16:27,ETH,4125.14
16:28,ETH,4126.27
16:29,ETH,4117.3
16:30,ETH,4113.7
16:31,ETH,4118.52
16:32,ETH,4126.04
16:33,ETH,4130.72
16:34,ETH,4131.13
16:35,ETH,4129.6
16:36,ETH,4137.3
16:37,ETH,4136.11
16:38,ETH,4132.55
16:39,ETH,4134.2
16:40,ETH,4125.01
16:41,ETH,4122.45
16:42,ETH,4121.46
16:43,ETH,4113.81
16:44,ETH,4113.12
16:45,ETH,4112.52
16:46,ETH,4113.66
16:47,ETH,4114.23
16:48,ETH,4108.33
16:49,ETH,4104.92
16:50,ETH,4105.69
16:51,ETH,4107.84
16:52,ETH,4109.5
16:53,ETH,4104.19
16:54,ETH,4105.68
16:55,ETH,4108.49
16:56,ETH,4112.49
16:57,ETH,4109.22
16:58,ETH,4109.67
16:59,ETH,4108.99
17:00,ETH,4107.96
17:01,ETH,4111.99
17:02,ETH,4109.01
17:03,ETH,4106.13
17:04,ETH,4100.29
17:05,ETH,4100.22
17:06,ETH,4107.65
17:07,ETH,4099.83
17:08,ETH,4106.89
17:09,ETH,4102.58
17:10,ETH,4100.79
17:11,ETH,4105.55
17:12,ETH,4106.68
17:13,ETH,4096.19
17:14,ETH,4093.02
17:15,ETH,4100.11
17:16,ETH,4106.45
17:17,ETH,4105.72
17:18,ETH,4107.64
17:19,ETH,4103.4
17:20,ETH,4090.3
17:21,ETH,4096.49
17:22,ETH,4103.26
17:23,ETH,4108.42
17:24,ETH,4100.53
17:25,ETH,4101.94
17:26,ETH,4100.03
17:27,ETH,4102.78
17:28,ETH,4105.47
17:29,ETH,4105.33
17:30,ETH,4101.27
17:31,ETH,4106.18
17:32,ETH,4105.96
17:33,ETH,4103.81
17:34,ETH,4105.52
17:35,ETH,4103.13
17:36,ETH,4102.5
17:37,ETH,4101.21
17:38,ETH,4095.96
17:39,ETH,4096.41
17:40,ETH,4096.1
17:41,ETH,4097.51
17:42,ETH,4099.21
17:43,ETH,4096.7
17:44,ETH,4095.9
17:45,ETH,4094.46
17:46,ETH,4089.95
17:47,ETH,4092.32
17:48,ETH,4103.72
17:49,ETH,4100.1
17:50,ETH,4095.64
17:51,ETH,4098.17
17:52,ETH,4091.81
17:53,ETH,4096.45
17:54,ETH,4092.59
17:55,ETH,4097.4
17:56,ETH,4092.01
17:57,ETH,4091.13
17:58,ETH,4095.01
17:59,ETH,4093.97
18:00,ETH,4089.49
18:01,ETH,4086.43
18:02,ETH,4093.5
18:03,ETH,4090.97
18:04,ETH,4092.17
18:05,ETH,4092.92
18:06,ETH,4090.65
18:07,ETH,4092.6
18:08,ETH,4088.05
18:09,ETH,4086.77
18:10,ETH,4087.89
18:11,ETH,4085.59
18:12,ETH,4084.91
18:13,ETH,4077.3
18:14,ETH,4084.71
18:15,ETH,4084.8
18:16,ETH,4093.83
18:17,ETH,4088.35
18:18,ETH,4081.94
18:19,ETH,4082.16
18:20,ETH,4090.93
18:21,ETH,4088.06
18:22,ETH,4094.48
18:23,ETH,4092.18
18:24,ETH,4096.71
18:25,ETH,4098.35
18:26,ETH,4098.51
18:27,ETH,4095.39
18:28,ETH,4091.28
18:29,ETH,4088.19
18:30,ETH,4088.65
18:31,ETH,4086.32
18:32,ETH,4087.37
18:33,ETH,4091.27
18:34,ETH,4085.04
18:35,ETH,4083.03
18:36,ETH,4081.25
18:37,ETH,4079.13
18:38,ETH,4078.85
18:39,ETH,4077.45
18:40,ETH,4076.62
18:41,ETH,4074.99
18:42,ETH,4077.62
18:43,ETH,4077.65
18:44,ETH,4074.34
18:45,ETH,4078.57
18:46,ETH,4080.6
18:47,ETH,4074.01
18:48,ETH,4056.12
18:49,ETH,4067.31
18:50,ETH,4064.65
18:51,ETH,4065.6
18:52,ETH,4061.83
18:53,ETH,4058.71
18:54,ETH,4063.48
18:55,ETH,4063.35
18:56,ETH,4063.86
18:57,ETH,4063.45
18:58,ETH,4060.72
18:59,ETH,4053.84
19:00,ETH,4060.68
19:01,ETH,4060.1
19:02,ETH,4062.52
19:03,ETH,4060.31
19:04,ETH,4059.52
19:05,ETH,4050.35
19:06,ETH,4054.75
19:07,ETH,4050.25
19:08,ETH,4035.83
19:09,ETH,4033.68
19:10,ETH,4035.24
19:11,ETH,4027.54
19:12,ETH,4036.58
19:13,ETH,4036.27
19:14,ETH,4031.17
19:15,ETH,4027.72
19:16,ETH,4026.31
19:17,ETH,4030.25
19:18,ETH,4027.81
19:19,ETH,4029.04
19:20,ETH,4013.97
19:21,ETH,4004.82
19:22,ETH,4010.1
19:23,ETH,4002.98
19:24,ETH,4011.43
19:25,ETH,4022.54
19:26,ETH,4019.75
19:27,ETH,4011.09
19:28,ETH,3986.81
19:29,ETH,3951.65
19:30,ETH,3991.19
19:31,ETH,3978.87
19:32,ETH,3977.73
19:33,ETH,3965.35
19:34,ETH,3974.32
19:35,ETH,3983.54
19:36,ETH,3985.61
19:37,ETH,3987.81
19:38,ETH,3991.92
19:39,ETH,3989.88
19:40,ETH,3989.54
19:41,ETH,4010.51
19:42,ETH,4012.42
19:43,ETH,4015.68
19:44,ETH,4026.51
19:45,ETH,4028.25
19:46,ETH,4020.14
19:47,ETH,4031.21
19:48,ETH,4037.23
19:49,ETH,4037.0
19:50,ETH,4022.15
19:51,ETH,4019.25
19:52,ETH,4018.47
19:53,ETH,4013.51
19:54,ETH,4007.69
19:55,ETH,4011.49
19:56,ETH,4007.43
19:57,ETH,4010.66
19:58,ETH,4003.56
19:59,ETH,3997.56
20:00,ETH,4002.39
20:01,ETH,4007.65
20:02,ETH,4007.36
20:03,ETH,4011.23
20:04,ETH,4019.1
20:05,ETH,4014.11
20:06,ETH,4016.48
20:07,ETH,4013.23
20:08,ETH,4003.21
20:09,ETH,4000.63
20:10,ETH,4005.2
20:11,ETH,4006.8
20:12,ETH,4012.61
20:13,ETH,4007.73
20:14,ETH,4003.63
20:15,ETH,4007.77
20:16,ETH,4011.95
20:17,ETH,4003.1
20:18,ETH,4001.3
20:19,ETH,4002.05
20:20,ETH,4006.03
20:21,ETH,4006.0
20:22,ETH,4010.71
20:23,ETH,4017.96
20:24,ETH,4015.64
20:25,ETH,4016.47
20:26,ETH,4020.95
20:27,ETH,4021.63
20:28,ETH,4020.93
20:29,ETH,4024.4
20:30,ETH,4019.77
20:31,ETH,4013.81
20:32,ETH,4013.5
20:33,ETH,4014.45
20:34,ETH,4015.41
20:35,ETH,4014.45
20:36,ETH,4014.28
20:37,ETH,4012.88
20:38,ETH,4012.86
20:39,ETH,4012.18
20:40,ETH,4013.44
20:41,ETH,4012.69
20:42,ETH,4011.25
20:43,ETH,4017.51
20:44,ETH,4017.18
20:45,ETH,4015.0
20:46,ETH,4005.11
20:47,ETH,4014.89
20:48,ETH,4012.43
20:49,ETH,4013.42
20:50,ETH,3982.73
20:51,ETH,3981.07
20:52,ETH,3915.98
20:53,ETH,3891.28
20:54,ETH,3927.58
20:55,ETH,3912.96
20:56,ETH,3913.58
20:57,ETH,3915.72
20:58,ETH,3892.6
20:59,ETH,3871.3
21:00,ETH,3866.25
21:01,ETH,3895.91
21:02,ETH,3895.56
21:03,ETH,3895.27
21:04,ETH,3910.99
21:05,ETH,3906.25
21:06,ETH,3900.01
21:07,ETH,3897.51
21:08,ETH,3892.63
21:09,ETH,3898.92
21:10,ETH,3884.82
21:11,ETH,3853.8
21:12,ETH,3800.0
21:13,ETH,3757.31
21:14,ETH,3731.82
21:15,ETH,3730.71
21:16,ETH,3593.22
21:17,ETH,3623.14
21:18,ETH,3549.49
21:19,ETH,3500.6
21:20,ETH,3488.88
21:21,ETH,3650.05
21:22,ETH,3658.05
21:23,ETH,3641.02
21:24,ETH,3623.7
21:25,ETH,3642.68
21:26,ETH,3547.2
21:27,ETH,3548.26
21:28,ETH,3594.33
21:29,ETH,3590.0
21:30,ETH,3633.84
21:31,ETH,3664.38
21:32,ETH,3731.68
21:33,ETH,3746.39
21:34,ETH,3744.52
21:35,ETH,3766.32
21:36,ETH,3734.69
21:37,ETH,3712.82
21:38,ETH,3705.88
21:39,ETH,3706.24
21:40,ETH,3714.59
21:41,ETH,3748.79
21:42,ETH,3747.68
21:43,ETH,3755.33
21:44,ETH,3813.49
21:45,ETH,3842.49
21:46,ETH,3864.8
21:47,ETH,3804.5
21:48,ETH,3796.31
21:49,ETH,3838.77
21:50,ETH,3858.23
21:51,ETH,3907.52
21:52,ETH,3912.56
21:53,ETH,3906.76
21:54,ETH,3895.51
21:55,ETH,3897.37
21:56,ETH,4066.66
21:57,ETH,3946.9
21:58,ETH,3945.04
21:59,ETH,3949.99
22:00,ETH,3945.0
22:01,ETH,3945.0
22:02,ETH,3941.2
22:03,ETH,3915.71
22:04,ETH,3888.76
22:05,ETH,3854.42
22:06,ETH,3876.22
22:07,ETH,3881.77
22:08,ETH,3901.06
22:09,ETH,3898.82
22:10,ETH,3889.59
22:11,ETH,3893.66
22:12,ETH,3889.86
22:13,ETH,3883.14
22:14,ETH,3895.51
22:15,ETH,3903.8
22:16,ETH,3899.57
22:17,ETH,3895.68
22:18,ETH,3882.37
22:19,ETH,3878.23
22:20,ETH,3885.09
22:21,ETH,3888.29
22:22,ETH,3868.9
22:23,ETH,3845.49
22:24,ETH,3854.19
22:25,ETH,3853.2
22:26,ETH,3855.41
22:27,ETH,3856.05
22:28,ETH,3863.01
22:29,ETH,3867.31
22:30,ETH,3863.0
22:31,ETH,3876.64
22:32,ETH,3878.2
22:33,ETH,3857.38
22:34,ETH,3879.36
22:35,ETH,3885.0
22:36,ETH,3873.6
22:37,ETH,3863.86
22:38,ETH,3866.97
22:39,ETH,3866.52
22:40,ETH,3860.71
22:41,ETH,3854.5
22:42,ETH,3856.92
22:43,ETH,3866.71
22:44,ETH,3867.75
22:45,ETH,3878.03
22:46,ETH,3876.61
22:47,ETH,3885.34
22:48,ETH,3891.0
22:49,ETH,3884.45
22:50,ETH,3870.05
22:51,ETH,3861.28
22:52,ETH,3862.39
22:53,ETH,3859.71
22:54,ETH,3858.98
22:55,ETH,3847.2
22:56,ETH,3846.39
22:57,ETH,3845.23
22:58,ETH,3841.7
22:59,ETH,3855.09
23:00,ETH,3857.94
23:01,ETH,3861.43
23:02,ETH,3859.18
23:03,ETH,3865.61
23:04,ETH,3855.84
23:05,ETH,3837.36
23:06,ETH,3840.86
23:07,ETH,3848.17
23:08,ETH,3848.02
23:09,ETH,3837.99
23:10,ETH,3813.91
23:11,ETH,3797.84
23:12,ETH,3820.01
23:13,ETH,3818.67
23:14,ETH,3825.52
23:15,ETH,3829.3
23:16,ETH,3842.02
23:17,ETH,3838.27
23:18,ETH,3848.53
23:19,ETH,3843.05
23:20,ETH,3843.78
23:21,ETH,3838.6
23:22,ETH,3844.46
23:23,ETH,3846.53
23:24,ETH,3837.55
23:25,ETH,3850.44
23:26,ETH,3854.37
23:27,ETH,3865.26
23:28,ETH,3872.11
23:29,ETH,3865.51
23:30,ETH,3871.54
23:31,ETH,3875.09
23:32,ETH,3870.0
23:33,ETH,3874.31
23:34,ETH,3882.85
23:35,ETH,3888.52
23:36,ETH,3888.0
23:37,ETH,3894.2
23:38,ETH,3897.08
23:39,ETH,3905.92
23:40,ETH,3912.0
23:41,ETH,3912.89
23:42,ETH,3905.45
23:43,ETH,3907.95
23:44,ETH,3901.14
23:45,ETH,3898.05
23:46,ETH,3888.35
23:47,ETH,3877.93
23:48,ETH,3867.99
23:49,ETH,3851.84
23:50,ETH,3854.0
23:51,ETH,3854.17
23:52,ETH,3845.82
23:53,ETH,3843.27
23:54,ETH,3841.45
23:55,ETH,3826.95
23:56,ETH,3836.1
23:57,ETH,3837.81
23:58,ETH,3830.8
23:59,ETH,3829.72
00:00,SOL,220.85
00:01,SOL,220.94
00:02,SOL,221.21
00:03,SOL,221.12
00:04,SOL,221.25
00:05,SOL,221.1
00:06,SOL,221.27
00:07,SOL,221.21
00:08,SOL,221.46
00:09,SOL,221.54
00:10,SOL,221.5
00:11,SOL,221.31
00:12,SOL,221.34
00:13,SOL,221.49
00:14,SOL,221.48
00:15,SOL,221.5
00:16,SOL,221.55
00:17,SOL,221.61
00:18,SOL,221.68
00:19,SOL,221.59
00:20,SOL,221.35
00:21,SOL,221.2
00:22,SOL,221.08
00:23,SOL,221.19
00:24,SOL,221.39
00:25,SOL,221.41
00:26,SOL,221.63
00:27,SOL,221.71
00:28,SOL,221.86
00:29,SOL,221.84
00:30,SOL,221.75
00:31,SOL,221.55
00:32,SOL,221.51
00:33,SOL,221.72
00:34,SOL,221.6
00:35,SOL,221.5
00:36,SOL,221.56
00:37,SOL,221.54
00:38,SOL,221.81
00:39,SOL,221.99
00:40,SOL,221.86
00:41,SOL,221.9
00:42,SOL,221.49
00:43,SOL,221.34
00:44,SOL,221.4
00:45,SOL,221.25
00:46,SOL,221.11
00:47,SOL,220.99
00:48,SOL,221.05
00:49,SOL,221.01
00:50,SOL,221.14
00:51,SOL,221.17
00:52,SOL,221.17
00:53,SOL,221.45
00:54,SOL,221.32
00:55,SOL,221.29
00:56,SOL,221.16
00:57,SOL,221.11
00:58,SOL,221.24
00:59,SOL,221.23
01:00,SOL,221.29
01:01,SOL,221.71
01:02,SOL,221.6
01:03,SOL,221.87
01:04,SOL,222.0
01:05,SOL,221.83
01:06,SOL,221.73
01:07,SOL,221.49
01:08,SOL,221.5
01:09,SOL,221.43
01:10,SOL,221.6
01:11,SOL,221.75
01:12,SOL,221.89
01:13,SOL,222.01
01:14,SOL,222.0
01:15,SOL,221.8
01:16,SOL,221.8
01:17,SOL,221.81
01:18,SOL,221.8
01:19,SOL,221.8
01:20,SOL,221.87
01:21,SOL,221.78
01:22,SOL,221.72
01:23,SOL,221.66
01:24,SOL,221.77
01:25,SOL,221.89
01:26,SOL,221.69
01:27,SOL,221.68
01:28,SOL,221.9
01:29,SOL,222.05
01:30,SOL,222.05
01:31,SOL,221.81
01:32,SOL,221.75
01:33,SOL,221.78
01:34,SOL,221.86
01:35,SOL,221.57
01:36,SOL,221.43
01:37,SOL,221.34
01:38,SOL,221.14
01:39,SOL,221.12
01:40,SOL,221.0
01:41,SOL,220.93
01:42,SOL,221.1
01:43,SOL,221.06
01:44,SOL,220.97
01:45,SOL,220.93
01:46,SOL,221.0
01:47,SOL,221.01
01:48,SOL,220.92
01:49,SOL,220.89
01:50,SOL,220.55
01:51,SOL,220.84
01:52,SOL,221.14
01:53,SOL,220.94
01:54,SOL,220.94
01:55,SOL,220.88
01:56,SOL,220.96
01:57,SOL,220.9
01:58,SOL,220.91
01:59,SOL,220.97
02:00,SOL,220.89
02:01,SOL,220.88
02:02,SOL,220.58
02:03,SOL,220.6
02:04,SOL,220.39
02:05,SOL,220.53
02:06,SOL,220.6
02:07,SOL,220.39
02:08,SOL,220.33
02:09,SOL,220.72
02:10,SOL,220.62
02:11,SOL,220.76
02:12,SOL,220.53
02:13,SOL,220.7
02:14,SOL,220.73
02:15,SOL,220.96
02:16,SOL,221.28
02:17,SOL,221.31
02:18,SOL,221.42
02:19,SOL,221.81
02:20,SOL,221.61
02:21,SOL,221.64
02:22,SOL,221.67
02:23,SOL,221.75
02:24,SOL,221.55
02:25,SOL,221.4
02:26,SOL,221.28
02:27,SOL,221.25
02:28,SOL,221.11
02:29,SOL,221.11
02:30,SOL,221.06
02:31,SOL,220.81
02:32,SOL,220.45
02:33,SOL,220.44
02:34,SOL,220.46
02:35,SOL,220.47
02:36,SOL,220.42
02:37,SOL,220.48
02:38,SOL,220.59
02:39,SOL,220.77
02:40,SOL,220.77
02:41,SOL,220.72
02:42,SOL,220.79
02:43,SOL,220.66
02:44,SOL,220.62
02:45,SOL,220.65
02:46,SOL,220.34
02:47,SOL,220.39
02:48,SOL,220.57
02:49,SOL,220.47
02:50,SOL,220.52
02:51,SOL,220.28
02:52,SOL,219.99
02:53,SOL,220.1
02:54,SOL,220.28
02:55,SOL,220.4
02:56,SOL,220.25
02:57,SOL,220.29
02:58,SOL,220.31
02:59,SOL,220.33
03:00,SOL,220.42
03:01,SOL,220.22
03:02,SOL,220.02
03:03,SOL,219.78
03:04,SOL,219.58
03:05,SOL,219.9
03:06,SOL,219.97
03:07,SOL,219.88
03:08,SOL,219.81
03:09,SOL,219.86
03:10,SOL,219.83
03:11,SOL,219.89
03:12,SOL,220.08
03:13,SOL,219.88
03:14,SOL,219.96
03:15,SOL,220.02
03:16,SOL,219.96
03:17,SOL,220.14
03:18,SOL,220.24
03:19,SOL,220.49
03:20,SOL,220.98
03:21,SOL,221.2
03:22,SOL,221.0
03:23,SOL,220.98
03:24,SOL,221.29
03:25,SOL,221.26
03:26,SOL,221.06
03:27,SOL,221.21
03:28,SOL,221.4
03:29,SOL,221.6
03:30,SOL,221.92
03:31,SOL,222.38
03:32,SOL,221.97
03:33,SOL,222.07
03:34,SOL,222.25
03:35,SOL,222.38
03:36,SOL,222.49
03:37,SOL,222.52
03:38,SOL,222.39
03:39,SOL,222.36
03:40,SOL,222.25
03:41,SOL,222.33
03:42,SOL,222.31
03:43,SOL,222.32
03:44,SOL,222.49
03:45,SOL,222.69
03:46,SOL,222.76
03:47,SOL,222.8
03:48,SOL,222.56
03:49,SOL,222.42
03:50,SOL,222.2
03:51,SOL,222.02
03:52,SOL,221.74
03:53,SOL,221.76
03:54,SOL,221.57
03:55,SOL,221.32
03:56,SOL,221.5
03:57,SOL,221.66
03:58,SOL,221.76
03:59,SOL,221.65
04:00,SOL,221.83
04:01,SOL,222.01
04:02,SOL,221.99
04:03,SOL,222.06
04:04,SOL,222.13
04:05,SOL,222.44
04:06,SOL,222.48
04:07,SOL,222.63
04:08,SOL,222.65
04:09,SOL,222.71
04:10,SOL,222.63
04:11,SOL,222.52
04:12,SOL,222.59
04:13,SOL,222.64
04:14,SOL,222.7
04:15,SOL,222.71
04:16,SOL,222.47
04:17,SOL,222.44
04:18,SOL,222.36
04:19,SOL,222.27
04:20,SOL,222.4
04:21,SOL,222.35
04:22,SOL,222.48
04:23,SOL,222.25
04:24,SOL,222.07
04:25,SOL,222.02
04:26,SOL,222.13
04:27,SOL,221.9
04:28,SOL,221.97
04:29,SOL,221.89
04:30,SOL,221.91
04:31,SOL,222.21
04:32,SOL,222.07
04:33,SOL,221.48
04:34,SOL,221.6
04:35,SOL,221.29
04:36,SOL,221.02
04:37,SOL,220.99
04:38,SOL,220.94
04:39,SOL,221.15
04:40,SOL,221.19
04:41,SOL,221.15
04:42,SOL,221.3
04:43,SOL,221.34
04:44,SOL,221.46
04:45,SOL,221.27
04:46,SOL,221.26
04:47,SOL,221.21
04:48,SOL,221.04
04:49,SOL,221.19
04:50,SOL,221.13
04:51,SOL,221.16
04:52,SOL,221.2
04:53,SOL,221.29
04:54,SOL,221.26
04:55,SOL,221.09
04:56,SOL,221.04
04:57,SOL,221.21
04:58,SOL,221.23
04:59,SOL,221.22
05:00,SOL,221.15
05:01,SOL,221.05
05:02,SOL,220.92
05:03,SOL,220.76
05:04,SOL,220.58
05:05,SOL,220.37
05:06,SOL,220.47
05:07,SOL,220.75
05:08,SOL,220.72
05:09,SOL,220.7
05:10,SOL,220.66
05:11,SOL,220.48
05:12,SOL,220.49
05:13,SOL,220.65
05:14,SOL,220.42
05:15,SOL,220.64
05:16,SOL,220.47
05:17,SOL,220.68
05:18,SOL,220.62
05:19,SOL,220.61
05:20,SOL,220.76
05:21,SOL,220.76
05:22,SOL,220.7
05:23,SOL,221.03
05:24,SOL,221.12
05:25,SOL,221.08
05:26,SOL,221.03
05:27,SOL,220.99
05:28,SOL,220.97
05:29,SOL,220.98
05:30,SOL,220.81
05:31,SOL,220.86
05:32,SOL,220.42
05:33,SOL,220.57
05:34,SOL,220.41
05:35,SOL,220.55
05:36,SOL,220.58
05:37,SOL,220.52
05:38,SOL,220.58
05:39,SOL,220.6
05:40,SOL,220.83
05:41,SOL,220.92
05:42,SOL,220.95
05:43,SOL,221.04
05:44,SOL,220.98
05:45,SOL,221.11
05:46,SOL,221.34
05:47,SOL,221.14
05:48,SOL,221.35
05:49,SOL,221.1
05:50,SOL,221.25
05:51,SOL,221.15
05:52,SOL,221.19
05:53,SOL,221.38
05:54,SOL,221.73
05:55,SOL,221.55
05:56,SOL,221.61
05:57,SOL,221.68
05:58,SOL,221.58
05:59,SOL,221.68
06:00,SOL,221.84
06:01,SOL,221.72
06:02,SOL,222.01
06:03,SOL,222.0
06:04,SOL,222.14
06:05,SOL,222.26
06:06,SOL,222.17
06:07,SOL,222.26
06:08,SOL,222.37
06:09,SOL,222.09
06:10,SOL,221.98
06:11,SOL,221.8
06:12,SOL,221.93
06:13,SOL,221.84
06:14,SOL,221.88
06:15,SOL,222.05
06:16,SOL,221.88
06:17,SOL,221.93
06:18,SOL,222.11
06:19,SOL,221.81
06:20,SOL,221.65
06:21,SOL,221.57
06:22,SOL,221.7
06:23,SOL,221.61
06:24,SOL,221.58
06:25,SOL,221.55
06:26,SOL,221.46
06:27,SOL,221.55
06:28,SOL,221.32
06:29,SOL,221.22
06:30,SOL,221.35
06:31,SOL,221.28
06:32,SOL,221.08
06:33,SOL,221.19
06:34,SOL,221.48
06:35,SOL,221.15
06:36,SOL,220.83
06:37,SOL,220.65
06:38,SOL,220.65
06:39,SOL,220.81
06:40,SOL,220.89
06:41,SOL,221.07
06:42,SOL,221.1
06:43,SOL,220.98
06:44,SOL,220.99
06:45,SOL,221.26
06:46,SOL,221.13
06:47,SOL,221.0
06:48,SOL,220.73
06:49,SOL,220.38
06:50,SOL,220.0
06:51,SOL,219.78
06:52,SOL,219.56
06:53,SOL,219.81
06:54,SOL,219.75
06:55,SOL,219.6
06:56,SOL,219.61
06:57,SOL,219.61
06:58,SOL,219.58
06:59,SOL,219.39
07:00,SOL,219.54
07:01,SOL,218.92
07:02,SOL,219.03
07:03,SOL,219.08
07:04,SOL,218.96
07:05,SOL,218.9
07:06,SOL,218.68
07:07,SOL,218.48
07:08,SOL,218.21
07:09,SOL,218.68
07:10,SOL,218.85
07:11,SOL,218.76
07:12,SOL,218.82
07:13,SOL,218.74
07:14,SOL,218.81
07:15,SOL,218.53
07:16,SOL,218.33
07:17,SOL,218.29
07:18,SOL,218.28
07:19,SOL,218.58
07:20,SOL,218.52
07:21,SOL,218.56
07:22,SOL,218.26
07:23,SOL,218.33
07:24,SOL,218.17
07:25,SOL,218.07
07:26,SOL,218.5
07:27,SOL,218.6
07:28,SOL,218.67
07:29,SOL,218.61
07:30,SOL,218.73
07:31,SOL,218.34
07:32,SOL,218.44
07:33,SOL,218.37
07:34,SOL,218.45
07:35,SOL,218.51
07:36,SOL,218.79
07:37,SOL,218.72
07:38,SOL,218.77
07:39,SOL,218.92
07:40,SOL,219.08
07:41,SOL,219.23
07:42,SOL,219.18
07:43,SOL,219.23
07:44,SOL,219.13
07:45,SOL,219.05
07:46,SOL,218.63
07:47,SOL,218.77
07:48,SOL,218.82
07:49,SOL,218.77
07:50,SOL,218.7
07:51,SOL,218.62
07:52,SOL,218.73
07:53,SOL,218.86
07:54,SOL,218.74
07:55,SOL,218.8
07:56,SOL,218.49
07:57,SOL,218.32
07:58,SOL,218.0
07:59,SOL,218.12
08:00,SOL,218.0
08:01,SOL,218.39
08:02,SOL,218.54
08:03,SOL,218.06
08:04,SOL,217.75
08:05,SOL,217.72
08:06,SOL,217.99
08:07,SOL,217.84
08:08,SOL,217.87
08:09,SOL,217.84
08:10,SOL,218.12
08:11,SOL,218.41
08:12,SOL,218.2
08:13,SOL,218.4
08:14,SOL,218.44
08:15,SOL,218.81
08:16,SOL,218.7
08:17,SOL,218.94
08:18,SOL,218.97
08:19,SOL,218.94
08:20,SOL,218.89
08:21,SOL,218.73
08:22,SOL,218.82
08:23,SOL,218.82
08:24,SOL,219.04
08:25,SOL,218.94
08:26,SOL,218.88
08:27,SOL,219.14
08:28,SOL,219.28
08:29,SOL,219.05
08:30,SOL,219.16
08:31,SOL,219.11
08:32,SOL,218.78
08:33,SOL,218.7
08:34,SOL,218.65
08:35,SOL,218.71
08:36,SOL,218.85
08:37,SOL,218.84
08:38,SOL,218.95
08:39,SOL,218.97
08:40,SOL,218.87
08:41,SOL,218.45
08:42,SOL,218.46
08:43,SOL,218.45
08:44,SOL,218.55
08:45,SOL,218.85
08:46,SOL,218.82
08:47,SOL,218.86
08:48,SOL,218.78
08:49,SOL,218.7
08:50,SOL,219.07
08:51,SOL,219.21
08:52,SOL,219.23
08:53,SOL,219.34
08:54,SOL,219.31
08:55,SOL,219.77
08:56,SOL,219.9
08:57,SOL,219.95
08:58,SOL,219.93
08:59,SOL,220.06
09:00,SOL,219.91
09:01,SOL,219.81
09:02,SOL,219.62
09:03,SOL,219.84
09:04,SOL,219.64
09:05,SOL,219.67
09:06,SOL,219.38
09:07,SOL,219.45
09:08,SOL,219.32
09:09,SOL,219.28
09:10,SOL,219.18
09:11,SOL,219.51
09:12,SOL,219.3
09:13,SOL,219.45
09:14,SOL,219.35
09:15,SOL,219.67
09:16,SOL,219.49
09:17,SOL,219.8
09:18,SOL,219.56
09:19,SOL,219.3
09:20,SOL,219.34
09:21,SOL,219.55
09:22,SOL,219.69
09:23,SOL,219.71
09:24,SOL,219.84
09:25,SOL,219.86
09:26,SOL,220.3
09:27,SOL,220.57
09:28,SOL,220.49
09:29,SOL,220.56
09:30,SOL,220.42
09:31,SOL,220.35
09:32,SOL,220.39
09:33,SOL,220.55
09:34,SOL,220.54
09:35,SOL,220.5
09:36,SOL,220.44
09:37,SOL,220.38
09:38,SOL,220.26
09:39,SOL,220.29
09:40,SOL,220.25
09:41,SOL,220.14
09:42,SOL,220.27
09:43,SOL,220.18
09:44,SOL,220.27
09:45,SOL,220.39
09:46,SOL,220.11
09:47,SOL,220.18
09:48,SOL,220.0
09:49,SOL,219.71
09:50,SOL,219.33
09:51,SOL,219.56
09:52,SOL,219.34
09:53,SOL,219.23
09:54,SOL,219.33
09:55,SOL,219.32
09:56,SOL,219.15
09:57,SOL,219.05
09:58,SOL,219.0
09:59,SOL,218.95
10:00,SOL,218.84
10:01,SOL,219.1
10:02,SOL,219.15
10:03,SOL,219.26
10:04,SOL,219.13
10:05,SOL,219.45
10:06,SOL,219.55
10:07,SOL,219.52
10:08,SOL,219.6
10:09,SOL,219.71
10:10,SOL,219.62
10:11,SOL,219.75
10:12,SOL,219.72
10:13,SOL,219.58
10:14,SOL,219.73
10:15,SOL,219.75
10:16,SOL,219.65
10:17,SOL,219.68
10:18,SOL,219.91
10:19,SOL,219.82
10:20,SOL,219.61
10:21,SOL,219.88
10:22,SOL,219.65
10:23,SOL,219.58
10:24,SOL,219.78
10:25,SOL,219.76
10:26,SOL,219.8
10:27,SOL,219.78
10:28,SOL,219.64
10:29,SOL,219.55
10:30,SOL,219.81
10:31,SOL,219.69
10:32,SOL,219.55
10:33,SOL,219.91
10:34,SOL,219.74
10:35,SOL,219.54
10:36,SOL,219.41
10:37,SOL,219.76
10:38,SOL,219.75
10:39,SOL,219.57
10:40,SOL,219.42
10:41,SOL,219.4
10:42,SOL,219.66
10:43,SOL,219.78
10:44,SOL,219.85
10:45,SOL,219.9
10:46,SOL,219.91
10:47,SOL,219.75
10:48,SOL,219.89
10:49,SOL,220.19
10:50,SOL,220.39
10:51,SOL,220.27
10:52,SOL,220.3
10:53,SOL,220.24
10:54,SOL,220.15
10:55,SOL,220.49
10:56,SOL,220.59
10:57,SOL,220.44
10:58,SOL,220.38
10:59,SOL,220.4
11:00,SOL,220.45
11:01,SOL,220.43
11:02,SOL,220.56
11:03,SOL,220.84
11:04,SOL,220.76
11:05,SOL,220.9
11:06,SOL,220.6
11:07,SOL,220.67
11:08,SOL,220.8
11:09,SOL,221.16
11:10,SOL,221.35
11:11,SOL,220.72
11:12,SOL,220.67
11:13,SOL,220.79
11:14,SOL,220.69
11:15,SOL,220.83
11:16,SOL,220.78
11:17,SOL,220.94
11:18,SOL,220.88
11:19,SOL,220.73
11:20,SOL,220.93
11:21,SOL,220.54
11:22,SOL,220.36
11:23,SOL,220.32
11:24,SOL,220.44
11:25,SOL,220.48
11:26,SOL,220.46
11:27,SOL,220.58
11:28,SOL,220.56
11:29,SOL,220.78
11:30,SOL,220.72
11:31,SOL,220.81
11:32,SOL,220.94
11:33,SOL,220.89
11:34,SOL,220.81
11:35,SOL,220.87
11:36,SOL,221.05
11:37,SOL,221.16
11:38,SOL,221.19
11:39,SOL,221.15
11:40,SOL,221.19
11:41,SOL,221.28
11:42,SOL,221.11
11:43,SOL,221.27
11:44,SOL,221.36
11:45,SOL,221.34
11:46,SOL,221.34
11:47,SOL,221.34
11:48,SOL,221.31
11:49,SOL,221.15
11:50,SOL,221.07
11:51,SOL,221.28
11:52,SOL,221.54
11:53,SOL,221.45
11:54,SOL,221.46
11:55,SOL,221.42
11:56,SOL,221.47
11:57,SOL,221.24
11:58,SOL,221.12
11:59,SOL,221.14
12:00,SOL,221.16
12:01,SOL,221.4
12:02,SOL,221.41
12:03,SOL,221.6
12:04,SOL,221.53
12:05,SOL,221.55
12:06,SOL,221.35
12:07,SOL,221.58
12:08,SOL,221.66
12:09,SOL,221.38
12:10,SOL,221.15
12:11,SOL,221.0
12:12,SOL,221.07
12:13,SOL,220.86
12:14,SOL,221.05
12:15,SOL,220.85
12:16,SOL,221.07
12:17,SOL,221.27
12:18,SOL,221.31
12:19,SOL,221.58
12:20,SOL,221.49
12:21,SOL,221.6
12:22,SOL,221.57
12:23,SOL,221.67
12:24,SOL,221.6
12:25,SOL,221.63
12:26,SOL,221.6
12:27,SOL,221.55
12:28,SOL,221.55
12:29,SOL,221.5
12:30,SOL,221.26
12:31,SOL,221.26
12:32,SOL,221.39
12:33,SOL,221.48
12:34,SOL,221.6
12:35,SOL,221.62
12:36,SOL,221.51
12:37,SOL,221.27
12:38,SOL,220.99
12:39,SOL,221.11
12:40,SOL,221.18
12:41,SOL,221.29
12:42,SOL,221.16
12:43,SOL,221.18
12:44,SOL,221.08
12:45,SOL,221.08
12:46,SOL,221.09
12:47,SOL,220.94
12:48,SOL,221.12
12:49,SOL,221.21
12:50,SOL,221.27
12:51,SOL,221.48
12:52,SOL,221.48
12:53,SOL,221.47
12:54,SOL,221.49
12:55,SOL,221.59
12:56,SOL,221.62
12:57,SOL,221.72
12:58,SOL,221.66
12:59,SOL,221.76
13:00,SOL,221.78
13:01,SOL,221.64
13:02,SOL,221.83
13:03,SOL,222.06
13:04,SOL,222.35
13:05,SOL,221.97
13:06,SOL,222.12
13:07,SOL,222.12
13:08,SOL,222.06
13:09,SOL,221.86
13:10,SOL,221.72
13:11,SOL,221.71
13:12,SOL,221.72
13:13,SOL,221.76
13:14,SOL,221.86
13:15,SOL,221.81
13:16,SOL,221.55
13:17,SOL,221.76
13:18,SOL,222.11
13:19,SOL,222.33
13:20,SOL,222.24
13:21,SOL,222.1
13:22,SOL,222.16
13:23,SOL,222.14
13:24,SOL,222.15
13:25,SOL,222.41
13:26,SOL,222.64
13:27,SOL,222.6
13:28,SOL,222.52
13:29,SOL,222.52
13:30,SOL,222.41
13:31,SOL,222.71
13:32,SOL,222.64
13:33,SOL,222.79
13:34,SOL,223.23
13:35,SOL,223.02
13:36,SOL,223.09
13:37,SOL,223.25
13:38,SOL,223.61
13:39,SOL,224.06
13:40,SOL,223.76
13:41,SOL,224.0
13:42,SOL,224.36
13:43,SOL,224.12
13:44,SOL,224.03
13:45,SOL,223.95
13:46,SOL,223.65
13:47,SOL,223.79
13:48,SOL,223.61
13:49,SOL,223.1
13:50,SOL,223.24
13:51,SOL,222.81
13:52,SOL,223.08
13:53,SOL,222.88
13:54,SOL,222.25
13:55,SOL,222.55
13:56,SOL,222.82
13:57,SOL,223.11
13:58,SOL,223.38
13:59,SOL,223.41
14:00,SOL,224.04
14:01,SOL,223.24
14:02,SOL,224.19
14:03,SOL,224.1
14:04,SOL,224.33
14:05,SOL,223.92
14:06,SOL,224.07
14:07,SOL,224.22
14:08,SOL,223.96
14:09,SOL,224.04
14:10,SOL,223.88
14:11,SOL,224.3
14:12,SOL,224.34
14:13,SOL,223.94
14:14,SOL,223.9
14:15,SOL,223.8
14:16,SOL,223.24
14:17,SOL,222.62
14:18,SOL,222.9
14:19,SOL,222.87
14:20,SOL,223.15
14:21,SOL,223.12
14:22,SOL,222.61
14:23,SOL,222.23
14:24,SOL,222.4
14:25,SOL,222.37
14:26,SOL,222.61
14:27,SOL,222.29
14:28,SOL,222.1
14:29,SOL,222.18
14:30,SOL,222.73
14:31,SOL,222.99
14:32,SOL,222.99
14:33,SOL,222.94
14:34,SOL,223.35
14:35,SOL,222.97
14:36,SOL,222.99
14:37,SOL,223.13
14:38,SOL,222.82
14:39,SOL,222.7
14:40,SOL,222.65
14:41,SOL,222.53
14:42,SOL,222.08
14:43,SOL,222.45
14:44,SOL,222.43
14:45,SOL,222.46
14:46,SOL,222.11
14:47,SOL,222.63
14:48,SOL,222.96
14:49,SOL,223.0
14:50,SOL,223.24
14:51,SOL,223.09
14:52,SOL,222.76
14:53,SOL,222.98
14:54,SOL,222.65
14:55,SOL,222.53
14:56,SOL,222.47
14:57,SOL,221.06
14:58,SOL,220.3
14:59,SOL,219.79
15:00,SOL,219.34
15:01,SOL,218.95
15:02,SOL,218.85
15:03,SOL,218.17
15:04,SOL,218.13
15:05,SOL,218.48
15:06,SOL,218.52
15:07,SOL,218.89
15:08,SOL,218.23
15:09,SOL,218.11
15:10,SOL,219.03
15:11,SOL,218.86
15:12,SOL,218.64
15:13,SOL,218.74
15:14,SOL,218.45
15:15,SOL,218.67
15:16,SOL,217.96
15:17,SOL,217.44
15:18,SOL,216.99
15:19,SOL,216.6
15:20,SOL,215.99
15:21,SOL,214.38
15:22,SOL,214.83
15:23,SOL,213.96
15:24,SOL,213.6
15:25,SOL,213.09
15:26,SOL,213.01
15:27,SOL,214.29
15:28,SOL,213.84
15:29,SOL,213.24
15:30,SOL,211.53
15:31,SOL,210.4
15:32,SOL,210.2
15:33,SOL,210.36
15:34,SOL,210.06
15:35,SOL,210.12
15:36,SOL,210.86
15:37,SOL,211.02
15:38,SOL,211.08
15:39,SOL,211.16
15:40,SOL,210.63
15:41,SOL,211.58
15:42,SOL,211.7
15:43,SOL,212.12
15:44,SOL,213.44
15:45,SOL,212.21
15:46,SOL,212.29
15:47,SOL,212.01
15:48,SOL,212.09
15:49,SOL,211.64
15:50,SOL,211.64
15:51,SOL,211.28
15:52,SOL,211.13
15:53,SOL,211.27
15:54,SOL,211.29
15:55,SOL,210.82
15:56,SOL,210.51
15:57,SOL,210.27
15:58,SOL,211.04
15:59,SOL,210.7
16:00,SOL,210.28
16:01,SOL,210.42
16:02,SOL,210.15
16:03,SOL,210.52
16:04,SOL,210.74
16:05,SOL,211.45
16:06,SOL,211.49
16:07,SOL,211.56
16:08,SOL,212.06
16:09,SOL,212.17
16:10,SOL,211.46
16:11,SOL,211.89
16:12,SOL,211.47
16:13,SOL,211.51
16:14,SOL,211.39
16:15,SOL,211.1
16:16,SOL,210.89
16:17,SOL,210.67
16:18,SOL,210.55
16:19,SOL,210.93
16:20,SOL,211.0
16:21,SOL,211.4
16:22,SOL,211.64
16:23,SOL,212.12
16:24,SOL,211.97
16:25,SOL,211.76
16:26,SOL,211.83
16:27,SOL,211.73
16:28,SOL,211.58
16:29,SOL,211.41
16:30,SOL,211.29
16:31,SOL,211.58
16:32,SOL,211.98
16:33,SOL,212.2
16:34,SOL,212.32
16:35,SOL,212.15
16:36,SOL,212.77
16:37,SOL,212.92
16:38,SOL,212.95
16:39,SOL,212.94
16:40,SOL,212.52
16:41,SOL,212.15
16:42,SOL,212.06
16:43,SOL,211.78
16:44,SOL,211.56
16:45,SOL,211.63
16:46,SOL,211.65
16:47,SOL,211.7
16:48,SOL,211.15
16:49,SOL,210.96
16:50,SOL,210.95
16:51,SOL,211.32
16:52,SOL,211.47
16:53,SOL,211.0
16:54,SOL,211.27
16:55,SOL,211.24
16:56,SOL,210.95
16:57,SOL,211.08
16:58,SOL,211.24
16:59,SOL,211.26
17:00,SOL,211.33
17:01,SOL,211.26
17:02,SOL,210.79
17:03,SOL,210.7
17:04,SOL,210.19
17:05,SOL,210.18
17:06,SOL,210.65
17:07,SOL,210.15
17:08,SOL,210.44
17:09,SOL,210.13
17:10,SOL,209.97
17:11,SOL,210.32
17:12,SOL,210.57
17:13,SOL,210.13
17:14,SOL,209.96
17:15,SOL,210.28
17:16,SOL,210.67
17:17,SOL,210.62
17:18,SOL,210.63
17:19,SOL,210.56
17:20,SOL,210.01
17:21,SOL,210.55
17:22,SOL,210.96
17:23,SOL,211.38
17:24,SOL,210.84
17:25,SOL,210.73
17:26,SOL,210.59
17:27,SOL,210.75
17:28,SOL,211.2
17:29,SOL,210.97
17:30,SOL,210.77
17:31,SOL,210.8
17:32,SOL,210.59
17:33,SOL,210.47
17:34,SOL,210.48
17:35,SOL,210.29
17:36,SOL,210.27
17:37,SOL,210.23
17:38,SOL,209.78
17:39,SOL,209.93
17:40,SOL,209.63
17:41,SOL,209.77
17:42,SOL,209.77
17:43,SOL,209.76
17:44,SOL,209.56
17:45,SOL,209.3
17:46,SOL,209.32
17:47,SOL,209.66
17:48,SOL,210.26
17:49,SOL,210.0
17:50,SOL,209.95
17:51,SOL,209.94
17:52,SOL,209.44
17:53,SOL,209.67
17:54,SOL,209.41
17:55,SOL,209.78
17:56,SOL,209.48
17:57,SOL,209.42
17:58,SOL,209.75
17:59,SOL,209.68
18:00,SOL,209.29
18:01,SOL,209.01
18:02,SOL,209.41
18:03,SOL,209.07
18:04,SOL,209.05
18:05,SOL,209.1
18:06,SOL,208.97
18:07,SOL,209.01
18:08,SOL,208.86
18:09,SOL,208.85
18:10,SOL,208.94
18:11,SOL,208.8
18:12,SOL,208.54
18:13,SOL,208.4
18:14,SOL,208.87
18:15,SOL,208.55
18:16,SOL,209.01
18:17,SOL,208.67
18:18,SOL,208.35
18:19,SOL,208.41
18:20,SOL,209.21
18:21,SOL,209.11
18:22,SOL,209.78
18:23,SOL,209.56
18:24,SOL,209.72
18:25,SOL,209.78
18:26,SOL,209.88
18:27,SOL,209.72
18:28,SOL,209.53
18:29,SOL,209.18
18:30,SOL,209.33
18:31,SOL,209.1
18:32,SOL,209.09
18:33,SOL,209.25
18:34,SOL,208.84
18:35,SOL,208.72
18:36,SOL,208.61
18:37,SOL,208.54
18:38,SOL,208.51
18:39,SOL,208.4
18:40,SOL,208.52
18:41,SOL,208.38
18:42,SOL,208.64
18:43,SOL,208.73
18:44,SOL,208.42
18:45,SOL,208.76
18:46,SOL,208.76
18:47,SOL,208.28
18:48,SOL,207.57
18:49,SOL,208.18
18:50,SOL,208.1
18:51,SOL,208.42
18:52,SOL,208.11
18:53,SOL,207.83
18:54,SOL,207.89
18:55,SOL,207.89
18:56,SOL,207.96
18:57,SOL,207.78
18:58,SOL,207.67
18:59,SOL,207.47
19:00,SOL,207.86
19:01,SOL,208.0
19:02,SOL,208.16
19:03,SOL,207.94
19:04,SOL,207.95
19:05,SOL,207.88
19:06,SOL,207.95
19:07,SOL,208.04
19:08,SOL,207.4
19:09,SOL,207.55
19:10,SOL,207.43
19:11,SOL,206.8
19:12,SOL,207.24
19:13,SOL,207.32
19:14,SOL,206.98
19:15,SOL,207.01
19:16,SOL,206.77
19:17,SOL,206.71
19:18,SOL,206.5
19:19,SOL,206.43
19:20,SOL,206.06
19:21,SOL,205.89
19:22,SOL,206.07
19:23,SOL,205.65
19:24,SOL,206.15
19:25,SOL,206.66
19:26,SOL,206.32
19:27,SOL,205.91
19:28,SOL,205.21
19:29,SOL,203.5
19:30,SOL,205.16
19:31,SOL,204.89
19:32,SOL,204.88
19:33,SOL,204.24
19:34,SOL,204.63
19:35,SOL,204.83
19:36,SOL,205.0
19:37,SOL,204.84
19:38,SOL,204.99
19:39,SOL,204.92
19:40,SOL,204.98
19:41,SOL,205.91
19:42,SOL,205.82
19:43,SOL,206.09
19:44,SOL,206.52
19:45,SOL,206.68
19:46,SOL,206.3
19:47,SOL,206.63
19:48,SOL,207.1
19:49,SOL,207.16
19:50,SOL,206.59
19:51,SOL,206.25
19:52,SOL,206.43
19:53,SOL,206.34
19:54,SOL,205.96
19:55,SOL,206.17
19:56,SOL,206.08
19:57,SOL,206.17
19:58,SOL,206.12
19:59,SOL,205.32
20:00,SOL,205.41
20:01,SOL,205.45
20:02,SOL,205.68
20:03,SOL,205.86
20:04,SOL,206.37
20:05,SOL,206.14
20:06,SOL,206.47
20:07,SOL,206.31
20:08,SOL,206.11
20:09,SOL,205.87
20:10,SOL,206.25
20:11,SOL,206.39
20:12,SOL,206.95
20:13,SOL,206.65
20:14,SOL,206.51
20:15,SOL,206.76
20:16,SOL,206.95
20:17,SOL,206.54
20:18,SOL,206.58
20:19,SOL,206.53
20:20,SOL,206.63
20:21,SOL,206.72
20:22,SOL,206.9
20:23,SOL,207.37
20:24,SOL,207.15
20:25,SOL,207.09
20:26,SOL,207.33
20:27,SOL,207.54
20:28,SOL,207.4
20:29,SOL,207.6
20:30,SOL,207.41
20:31,SOL,206.98
20:32,SOL,207.0
20:33,SOL,207.27
20:34,SOL,207.33
20:35,SOL,207.19
20:36,SOL,207.14
20:37,SOL,207.2
20:38,SOL,207.3
20:39,SOL,207.37
20:40,SOL,207.4
20:41,SOL,207.35
20:42,SOL,207.31
20:43,SOL,207.62
20:44,SOL,207.51
20:45,SOL,207.45
20:46,SOL,207.14
20:47,SOL,207.33
20:48,SOL,207.17
20:49,SOL,207.23
20:50,SOL,205.83
20:51,SOL,205.74
20:52,SOL,204.53
20:53,SOL,203.3
20:54,SOL,203.9
20:55,SOL,202.51
20:56,SOL,201.33
20:57,SOL,201.67
20:58,SOL,199.25
20:59,SOL,196.84
21:00,SOL,195.55
21:01,SOL,198.0
21:02,SOL,197.65
21:03,SOL,197.75
21:04,SOL,198.14
21:05,SOL,197.68
21:06,SOL,197.64
21:07,SOL,197.66
21:08,SOL,196.87
21:09,SOL,197.23
21:10,SOL,196.54
21:11,SOL,194.54
21:12,SOL,189.41
21:13,SOL,186.25
21:14,SOL,187.39
21:15,SOL,181.94
21:16,SOL,180.32
21:17,SOL,182.02
21:18,SOL,180.42
21:19,SOL,180.05
21:20,SOL,181.31
21:21,SOL,179.11
21:22,SOL,177.14
21:23,SOL,174.84
21:24,SOL,174.67
21:25,SOL,177.09
21:26,SOL,173.68
21:27,SOL,170.4
21:28,SOL,172.48
21:29,SOL,174.74
21:30,SOL,177.69
21:31,SOL,182.74
21:32,SOL,185.7
21:33,SOL,185.48
21:34,SOL,183.19
21:35,SOL,183.76
21:36,SOL,184.27
21:37,SOL,180.69
21:38,SOL,177.36
21:39,SOL,178.02
21:40,SOL,181.89
21:41,SOL,186.17
21:42,SOL,185.01
21:43,SOL,189.58
21:44,SOL,196.82
21:45,SOL,195.04
21:46,SOL,193.19
21:47,SOL,193.18
21:48,SOL,191.68
21:49,SOL,192.18
21:50,SOL,191.83
21:51,SOL,193.42
21:52,SOL,193.61
21:53,SOL,195.0
21:54,SOL,193.92
21:55,SOL,193.84
21:56,SOL,194.93
21:57,SOL,196.27
21:58,SOL,193.92
21:59,SOL,193.41
22:00,SOL,191.92
22:01,SOL,192.38
22:02,SOL,191.5
22:03,SOL,191.12
22:04,SOL,191.17
22:05,SOL,191.86
22:06,SOL,189.51
22:07,SOL,189.35
22:08,SOL,190.7
22:09,SOL,190.45
22:10,SOL,189.56
22:11,SOL,191.54
22:12,SOL,189.35
22:13,SOL,188.57
22:14,SOL,189.64
22:15,SOL,189.26
22:16,SOL,188.98
22:17,SOL,188.06
22:18,SOL,186.91
22:19,SOL,186.31
22:20,SOL,187.19
22:21,SOL,187.97
22:22,SOL,187.88
22:23,SOL,187.32
22:24,SOL,187.0
22:25,SOL,185.57
22:26,SOL,184.8
22:27,SOL,184.73
22:28,SOL,185.84
22:29,SOL,185.12
22:30,SOL,185.5
22:31,SOL,186.61
22:32,SOL,187.3
22:33,SOL,187.44
22:34,SOL,188.39
22:35,SOL,188.56
22:36,SOL,188.67
22:37,SOL,188.86
22:38,SOL,189.43
22:39,SOL,189.88
22:40,SOL,190.16
22:41,SOL,189.81
22:42,SOL,190.08
22:43,SOL,189.37
22:44,SOL,189.34
22:45,SOL,190.42
22:46,SOL,191.03
22:47,SOL,192.19
22:48,SOL,192.94
22:49,SOL,191.81
22:50,SOL,191.09
22:51,SOL,191.0
22:52,SOL,190.53
22:53,SOL,187.78
22:54,SOL,188.15
22:55,SOL,188.48
22:56,SOL,188.74
22:57,SOL,188.96
22:58,SOL,190.0
22:59,SOL,189.93
23:00,SOL,190.05
23:01,SOL,190.15
23:02,SOL,190.49
23:03,SOL,191.15
23:04,SOL,190.26
23:05,SOL,190.4
23:06,SOL,190.25
23:07,SOL,190.3
23:08,SOL,190.3
23:09,SOL,190.23
23:10,SOL,189.78
23:11,SOL,188.79
23:12,SOL,188.52
23:13,SOL,188.55
23:14,SOL,189.33
23:15,SOL,189.99
23:16,SOL,190.01
23:17,SOL,189.78
23:18,SOL,190.27
23:19,SOL,190.44
23:20,SOL,190.6
23:21,SOL,189.57
23:22,SOL,190.2
23:23,SOL,190.65
23:24,SOL,190.44
23:25,SOL,191.09
23:26,SOL,191.09
23:27,SOL,192.57
23:28,SOL,193.23
23:29,SOL,192.56
23:30,SOL,192.38
23:31,SOL,192.32
23:32,SOL,192.04
23:33,SOL,192.06
23:34,SOL,191.94
23:35,SOL,192.56
23:36,SOL,191.92
23:37,SOL,192.92
23:38,SOL,193.43
23:39,SOL,194.22
23:40,SOL,194.1
23:41,SOL,194.56
23:42,SOL,194.73
23:43,SOL,194.93
23:44,SOL,194.41
23:45,SOL,194.3
23:46,SOL,193.88
23:47,SOL,191.99
23:48,SOL,191.81
23:49,SOL,189.0
23:50,SOL,189.53
23:51,SOL,189.71
23:52,SOL,188.87
23:53,SOL,189.23
23:54,SOL,188.81
23:55,SOL,188.24
23:56,SOL,187.87
23:57,SOL,188.1
23:58,SOL,188.4
23:59,SOL,188.43
00:00,DOGE,0.24845
00:01,DOGE,0.24852
00:02,DOGE,0.24882
00:03,DOGE,0.24883
00:04,DOGE,0.2489
00:05,DOGE,0.24858
00:06,DOGE,0.24858
00:07,DOGE,0.24832
00:08,DOGE,0.24857
00:09,DOGE,0.2487
00:10,DOGE,0.24857
00:11,DOGE,0.24837
00:12,DOGE,0.24828
00:13,DOGE,0.24858
00:14,DOGE,0.24858
00:15,DOGE,0.24874
00:16,DOGE,0.24898
00:17,DOGE,0.24918
00:18,DOGE,0.24928
00:19,DOGE,0.2492
00:20,DOGE,0.24918
00:21,DOGE,0.2492
00:22,DOGE,0.24911
00:23,DOGE,0.24937
00:24,DOGE,0.2495
00:25,DOGE,0.24946
00:26,DOGE,0.24965
00:27,DOGE,0.24973
00:28,DOGE,0.24982
00:29,DOGE,0.24982
00:30,DOGE,0.24968
00:31,DOGE,0.24943
00:32,DOGE,0.24935
00:33,DOGE,0.2495
00:34,DOGE,0.24924
00:35,DOGE,0.24899
00:36,DOGE,0.24909
00:37,DOGE,0.24891
00:38,DOGE,0.24924
00:39,DOGE,0.24961
00:40,DOGE,0.24936
00:41,DOGE,0.24942
00:42,DOGE,0.249
00:43,DOGE,0.24889
00:44,DOGE,0.24901
00:45,DOGE,0.24881
00:46,DOGE,0.24847
00:47,DOGE,0.24835
00:48,DOGE,0.24821
00:49,DOGE,0.24797
00:50,DOGE,0.24834
00:51,DOGE,0.24844
00:52,DOGE,0.24846
00:53,DOGE,0.24885
00:54,DOGE,0.24888
00:55,DOGE,0.24884
00:56,DOGE,0.24853
00:57,DOGE,0.24853
00:58,DOGE,0.24882
00:59,DOGE,0.24897
01:00,DOGE,0.24914
01:01,DOGE,0.24937
01:02,DOGE,0.24938
01:03,DOGE,0.24973
01:04,DOGE,0.24994
01:05,DOGE,0.24985
01:06,DOGE,0.24977
01:07,DOGE,0.24943
01:08,DOGE,0.24943
01:09,DOGE,0.2495
01:10,DOGE,0.24962
01:11,DOGE,0.24964
01:12,DOGE,0.2496
01:13,DOGE,0.2497
01:14,DOGE,0.24959
01:15,DOGE,0.24941
01:16,DOGE,0.24943
01:17,DOGE,0.24934
01:18,DOGE,0.24927
01:19,DOGE,0.24938
01:20,DOGE,0.24962
01:21,DOGE,0.2495
01:22,DOGE,0.24937
01:23,DOGE,0.24922
01:24,DOGE,0.24949
01:25,DOGE,0.2495
01:26,DOGE,0.24929
01:27,DOGE,0.24922
01:28,DOGE,0.24948
01:29,DOGE,0.2497
01:30,DOGE,0.24951
01:31,DOGE,0.24933
01:32,DOGE,0.24906
01:33,DOGE,0.24932
01:34,DOGE,0.24937
01:35,DOGE,0.24893
01:36,DOGE,0.24892
01:37,DOGE,0.24873
01:38,DOGE,0.24864
01:39,DOGE,0.2486
01:40,DOGE,0.24831
01:41,DOGE,0.24844
01:42,DOGE,0.24863
01:43,DOGE,0.24865
01:44,DOGE,0.24855
01:45,DOGE,0.24847
01:46,DOGE,0.24847
01:47,DOGE,0.24845
01:48,DOGE,0.24821
01:49,DOGE,0.24837
01:50,DOGE,0.2482
01:51,DOGE,0.24858
01:52,DOGE,0.24885
01:53,DOGE,0.24871
01:54,DOGE,0.24867
01:55,DOGE,0.24855
01:56,DOGE,0.24863
01:57,DOGE,0.24856
01:58,DOGE,0.2487
01:59,DOGE,0.24869
02:00,DOGE,0.24851
02:01,DOGE,0.24846
02:02,DOGE,0.24818
02:03,DOGE,0.24826
02:04,DOGE,0.24807
02:05,DOGE,0.24792
02:06,DOGE,0.24779
02:07,DOGE,0.24742
02:08,DOGE,0.24741
02:09,DOGE,0.2478
02:10,DOGE,0.24779
02:11,DOGE,0.248
02:12,DOGE,0.24795
02:13,DOGE,0.24818
02:14,DOGE,0.24817
02:15,DOGE,0.24827
02:16,DOGE,0.24849
02:17,DOGE,0.24843
02:18,DOGE,0.24861
02:19,DOGE,0.24914
02:20,DOGE,0.24957
02:21,DOGE,0.24986
02:22,DOGE,0.24979
02:23,DOGE,0.24987
02:24,DOGE,0.24955
02:25,DOGE,0.24947
02:26,DOGE,0.2492
02:27,DOGE,0.24916
02:28,DOGE,0.24909
02:29,DOGE,0.24901
02:30,DOGE,0.24898
02:31,DOGE,0.24873
02:32,DOGE,0.24853
02:33,DOGE,0.24845
02:34,DOGE,0.24839
02:35,DOGE,0.24839
02:36,DOGE,0.24844
02:37,DOGE,0.24855
02:38,DOGE,0.24862
02:39,DOGE,0.24881
02:40,DOGE,0.24886
02:41,DOGE,0.24895
02:42,DOGE,0.24915
02:43,DOGE,0.24877
02:44,DOGE,0.24904
02:45,DOGE,0.2488
02:46,DOGE,0.2485
02:47,DOGE,0.24864
02:48,DOGE,0.24903
02:49,DOGE,0.24905
02:50,DOGE,0.24905
02:51,DOGE,0.24864
02:52,DOGE,0.24844
02:53,DOGE,0.24845
02:54,DOGE,0.24872
02:55,DOGE,0.24884
02:56,DOGE,0.24856
02:57,DOGE,0.24858
02:58,DOGE,0.24853
02:59,DOGE,0.24858
03:00,DOGE,0.24864
03:01,DOGE,0.24841
03:02,DOGE,0.24811
03:03,DOGE,0.2479
03:04,DOGE,0.2475
03:05,DOGE,0.24775
03:06,DOGE,0.24776
03:07,DOGE,0.24767
03:08,DOGE,0.24753
03:09,DOGE,0.24757
03:10,DOGE,0.24761
03:11,DOGE,0.24779
03:12,DOGE,0.24804
03:13,DOGE,0.24816
03:14,DOGE,0.24842
03:15,DOGE,0.24851
03:16,DOGE,0.24827
03:17,DOGE,0.24847
03:18,DOGE,0.24861
03:19,DOGE,0.24901
03:20,DOGE,0.24964
03:21,DOGE,0.24993
03:22,DOGE,0.24966
03:23,DOGE,0.2501
03:24,DOGE,0.2502
03:25,DOGE,0.25054
03:26,DOGE,0.2504
03:27,DOGE,0.25077
03:28,DOGE,0.25116
03:29,DOGE,0.25156
03:30,DOGE,0.25212
03:31,DOGE,0.25233
03:32,DOGE,0.25166
03:33,DOGE,0.25185
03:34,DOGE,0.25228
03:35,DOGE,0.25241
03:36,DOGE,0.25234
03:37,DOGE,0.25247
03:38,DOGE,0.25241
03:39,DOGE,0.25273
03:40,DOGE,0.25238
03:41,DOGE,0.25238
03:42,DOGE,0.2526
03:43,DOGE,0.25251
03:44,DOGE,0.2526
03:45,DOGE,0.25295
03:46,DOGE,0.25297
03:47,DOGE,0.25326
03:48,DOGE,0.25316
03:49,DOGE,0.25284
03:50,DOGE,0.25241
03:51,DOGE,0.25215
03:52,DOGE,0.25213
03:53,DOGE,0.25204
03:54,DOGE,0.25164
03:55,DOGE,0.25127
03:56,DOGE,0.2514
03:57,DOGE,0.25155
03:58,DOGE,0.25173
03:59,DOGE,0.25128
04:00,DOGE,0.25168
04:01,DOGE,0.25208
04:02,DOGE,0.25183
04:03,DOGE,0.25181
04:04,DOGE,0.25166
04:05,DOGE,0.25218
04:06,DOGE,0.25256
04:07,DOGE,0.25268
04:08,DOGE,0.25246
04:09,DOGE,0.2521
04:10,DOGE,0.25192
04:11,DOGE,0.25205
04:12,DOGE,0.25211
04:13,DOGE,0.25213
04:14,DOGE,0.25198
04:15,DOGE,0.25202
04:16,DOGE,0.25174
04:17,DOGE,0.25186
04:18,DOGE,0.25161
04:19,DOGE,0.25118
04:20,DOGE,0.25151
04:21,DOGE,0.25133
04:22,DOGE,0.2515
04:23,DOGE,0.25124
04:24,DOGE,0.25112
04:25,DOGE,0.25102
04:26,DOGE,0.25103
04:27,DOGE,0.25108
04:28,DOGE,0.25125
04:29,DOGE,0.2514
04:30,DOGE,0.25144
04:31,DOGE,0.25186
04:32,DOGE,0.25185
04:33,DOGE,0.2511
04:34,DOGE,0.2511
04:35,DOGE,0.25073
04:36,DOGE,0.25053
04:37,DOGE,0.25064
04:38,DOGE,0.25047
04:39,DOGE,0.25067
04:40,DOGE,0.25081
04:41,DOGE,0.25054
04:42,DOGE,0.25051
04:43,DOGE,0.25059
04:44,DOGE,0.2507
04:45,DOGE,0.25051
04:46,DOGE,0.25054
04:47,DOGE,0.25054
04:48,DOGE,0.25053
04:49,DOGE,0.25068
04:50,DOGE,0.25055
04:51,DOGE,0.25064
04:52,DOGE,0.25075
04:53,DOGE,0.25102
04:54,DOGE,0.25108
04:55,DOGE,0.25085
04:56,DOGE,0.25089
04:57,DOGE,0.25116
04:58,DOGE,0.25113
04:59,DOGE,0.25115
05:00,DOGE,0.25106
05:01,DOGE,0.25096
05:02,DOGE,0.25075
05:03,DOGE,0.25042
05:04,DOGE,0.24967
05:05,DOGE,0.24924
05:06,DOGE,0.24921
05:07,DOGE,0.24943
05:08,DOGE,0.24919
05:09,DOGE,0.2492
05:10,DOGE,0.24908
05:11,DOGE,0.24901
05:12,DOGE,0.24908
05:13,DOGE,0.24924
05:14,DOGE,0.24896
05:15,DOGE,0.24928
05:16,DOGE,0.24912
05:17,DOGE,0.24947
05:18,DOGE,0.24951
05:19,DOGE,0.24925
05:20,DOGE,0.24953
05:21,DOGE,0.24965
05:22,DOGE,0.24963
05:23,DOGE,0.25008
05:24,DOGE,0.25023
05:25,DOGE,0.25023
05:26,DOGE,0.25017
05:27,DOGE,0.25017
05:28,DOGE,0.25003
05:29,DOGE,0.2501
05:30,DOGE,0.24985
05:31,DOGE,0.24991
05:32,DOGE,0.24935
05:33,DOGE,0.24966
05:34,DOGE,0.24953
05:35,DOGE,0.24953
05:36,DOGE,0.24957
05:37,DOGE,0.24964
05:38,DOGE,0.24967
05:39,DOGE,0.24983
05:40,DOGE,0.25028
05:41,DOGE,0.25057
05:42,DOGE,0.25052
05:43,DOGE,0.25075
05:44,DOGE,0.25085
05:45,DOGE,0.25121
05:46,DOGE,0.25158
05:47,DOGE,0.25144
05:48,DOGE,0.25179
05:49,DOGE,0.25168
05:50,DOGE,0.25188
05:51,DOGE,0.25181
05:52,DOGE,0.25188
05:53,DOGE,0.25201
05:54,DOGE,0.25239
05:55,DOGE,0.25198
05:56,DOGE,0.25204
05:57,DOGE,0.25193
05:58,DOGE,0.25186
05:59,DOGE,0.25198
06:00,DOGE,0.25232
06:01,DOGE,0.25189
06:02,DOGE,0.25231
06:03,DOGE,0.25237
06:04,DOGE,0.2525
06:05,DOGE,0.25269
06:06,DOGE,0.25233
06:07,DOGE,0.2523
06:08,DOGE,0.25213
06:09,DOGE,0.25179
06:10,DOGE,0.25162
06:11,DOGE,0.25149
06:12,DOGE,0.25151
06:13,DOGE,0.25146
06:14,DOGE,0.25152
06:15,DOGE,0.252
06:16,DOGE,0.25161
06:17,DOGE,0.25157
06:18,DOGE,0.25172
06:19,DOGE,0.25151
06:20,DOGE,0.25126
06:21,DOGE,0.2513
06:22,DOGE,0.25135
06:23,DOGE,0.25115
06:24,DOGE,0.25109
06:25,DOGE,0.25101
06:26,DOGE,0.25095
06:27,DOGE,0.25091
06:28,DOGE,0.25063
06:29,DOGE,0.2508
06:30,DOGE,0.25083
06:31,DOGE,0.25106
06:32,DOGE,0.25067
06:33,DOGE,0.25097
06:34,DOGE,0.25151
06:35,DOGE,0.2509
06:36,DOGE,0.25046
06:37,DOGE,0.25009
06:38,DOGE,0.24997
06:39,DOGE,0.25027
06:40,DOGE,0.25058
06:41,DOGE,0.2508
06:42,DOGE,0.25071
06:43,DOGE,0.25047
06:44,DOGE,0.25035
06:45,DOGE,0.2507
06:46,DOGE,0.25049
06:47,DOGE,0.2503
06:48,DOGE,0.24994
06:49,DOGE,0.24965
06:50,DOGE,0.24946
06:51,DOGE,0.24922
06:52,DOGE,0.24912
06:53,DOGE,0.2495
06:54,DOGE,0.24951
06:55,DOGE,0.24949
06:56,DOGE,0.24954
06:57,DOGE,0.24971
06:58,DOGE,0.24971
06:59,DOGE,0.24961
07:00,DOGE,0.2497
07:01,DOGE,0.24885
07:02,DOGE,0.24875
07:03,DOGE,0.24877
07:04,DOGE,0.24867
07:05,DOGE,0.24862
07:06,DOGE,0.24823
07:07,DOGE,0.24804
07:08,DOGE,0.24773
07:09,DOGE,0.24801
07:10,DOGE,0.2483
07:11,DOGE,0.24806
07:12,DOGE,0.24809
07:13,DOGE,0.24807
07:14,DOGE,0.24814
07:15,DOGE,0.24758
07:16,DOGE,0.24723
07:17,DOGE,0.24733
07:18,DOGE,0.24724
07:19,DOGE,0.24762
07:20,DOGE,0.24779
07:21,DOGE,0.24785
07:22,DOGE,0.24737
07:23,DOGE,0.24749
07:24,DOGE,0.24742
07:25,DOGE,0.24727
07:26,DOGE,0.24766
07:27,DOGE,0.2479
07:28,DOGE,0.24789
07:29,DOGE,0.248
07:30,DOGE,0.24802
07:31,DOGE,0.24758
07:32,DOGE,0.24763
07:33,DOGE,0.24759
07:34,DOGE,0.24768
07:35,DOGE,0.24779
07:36,DOGE,0.24815
07:37,DOGE,0.24815
07:38,DOGE,0.24807
07:39,DOGE,0.24824
07:40,DOGE,0.24835
07:41,DOGE,0.24847
07:42,DOGE,0.24835
07:43,DOGE,0.24835
07:44,DOGE,0.24838
07:45,DOGE,0.24815
07:46,DOGE,0.24759
07:47,DOGE,0.24794
07:48,DOGE,0.24788
07:49,DOGE,0.2477
07:50,DOGE,0.24771
07:51,DOGE,0.24755
07:52,DOGE,0.24781
07:53,DOGE,0.2479
07:54,DOGE,0.24773
07:55,DOGE,0.24797
07:56,DOGE,0.24758
07:57,DOGE,0.24747
07:58,DOGE,0.24721
07:59,DOGE,0.24731
08:00,DOGE,0.24741
08:01,DOGE,0.2477
08:02,DOGE,0.24807
08:03,DOGE,0.24756
08:04,DOGE,0.24742
08:05,DOGE,0.24723
08:06,DOGE,0.24767
08:07,DOGE,0.24727
08:08,DOGE,0.24769
08:09,DOGE,0.24783
08:10,DOGE,0.24803
08:11,DOGE,0.24805
08:12,DOGE,0.24789
08:13,DOGE,0.24813
08:14,DOGE,0.2481
08:15,DOGE,0.24859
08:16,DOGE,0.24851
08:17,DOGE,0.2488
08:18,DOGE,0.24879
08:19,DOGE,0.24874
08:20,DOGE,0.24869
08:21,DOGE,0.24844
08:22,DOGE,0.24854
08:23,DOGE,0.24853
08:24,DOGE,0.24884
08:25,DOGE,0.24879
08:26,DOGE,0.24867
08:27,DOGE,0.24871
08:28,DOGE,0.24884
08:29,DOGE,0.24872
08:30,DOGE,0.24874
08:31,DOGE,0.24875
08:32,DOGE,0.24831
08:33,DOGE,0.24827
08:34,DOGE,0.24804
08:35,DOGE,0.2481
08:36,DOGE,0.24816
08:37,DOGE,0.24788
08:38,DOGE,0.24822
08:39,DOGE,0.24824
08:40,DOGE,0.24811
08:41,DOGE,0.24787
08:42,DOGE,0.24793
08:43,DOGE,0.24785
08:44,DOGE,0.24805
08:45,DOGE,0.24828
08:46,DOGE,0.24828
08:47,DOGE,0.24826
08:48,DOGE,0.24823
08:49,DOGE,0.24823
08:50,DOGE,0.24873
08:51,DOGE,0.24896
08:52,DOGE,0.24884
08:53,DOGE,0.24896
08:54,DOGE,0.249
08:55,DOGE,0.249
08:56,DOGE,0.24917
08:57,DOGE,0.24922
08:58,DOGE,0.24913
08:59,DOGE,0.24914
09:00,DOGE,0.249
09:01,DOGE,0.24884
09:02,DOGE,0.24857
09:03,DOGE,0.24889
09:04,DOGE,0.24866
09:05,DOGE,0.24879
09:06,DOGE,0.24849
09:07,DOGE,0.24856
09:08,DOGE,0.24828
09:09,DOGE,0.24835
09:10,DOGE,0.24827
09:11,DOGE,0.24867
09:12,DOGE,0.24854
09:13,DOGE,0.24855
09:14,DOGE,0.24833
09:15,DOGE,0.24847
09:16,DOGE,0.24827
09:17,DOGE,0.24847
09:18,DOGE,0.24835
09:19,DOGE,0.24799
09:20,DOGE,0.24812
09:21,DOGE,0.24827
09:22,DOGE,0.2485
09:23,DOGE,0.24853
09:24,DOGE,0.24872
09:25,DOGE,0.24883
09:26,DOGE,0.24921
09:27,DOGE,0.2502
09:28,DOGE,0.25032
09:29,DOGE,0.25041
09:30,DOGE,0.25012
09:31,DOGE,0.25007
09:32,DOGE,0.25015
09:33,DOGE,0.25008
09:34,DOGE,0.25001
09:35,DOGE,0.2499
09:36,DOGE,0.24984
09:37,DOGE,0.24976
09:38,DOGE,0.24964
09:39,DOGE,0.24959
09:40,DOGE,0.24948
09:41,DOGE,0.24927
09:42,DOGE,0.24966
09:43,DOGE,0.24965
09:44,DOGE,0.24967
09:45,DOGE,0.25002
09:46,DOGE,0.2496
09:47,DOGE,0.24965
09:48,DOGE,0.24934
09:49,DOGE,0.24884
09:50,DOGE,0.24859
09:51,DOGE,0.24879
09:52,DOGE,0.24855
09:53,DOGE,0.24843
09:54,DOGE,0.24873
09:55,DOGE,0.2487
09:56,DOGE,0.24868
09:57,DOGE,0.24866
09:58,DOGE,0.24846
09:59,DOGE,0.24866
10:00,DOGE,0.24849
10:01,DOGE,0.24881
10:02,DOGE,0.24901
10:03,DOGE,0.24924
10:04,DOGE,0.249
10:05,DOGE,0.24935
10:06,DOGE,0.24947
10:07,DOGE,0.24947
10:08,DOGE,0.24961
10:09,DOGE,0.24954
10:10,DOGE,0.24943
10:11,DOGE,0.24962
10:12,DOGE,0.24948
10:13,DOGE,0.24933
10:14,DOGE,0.24936
10:15,DOGE,0.24956
10:16,DOGE,0.24961
10:17,DOGE,0.24974
10:18,DOGE,0.24998
10:19,DOGE,0.25035
10:20,DOGE,0.25014
10:21,DOGE,0.2505
10:22,DOGE,0.25007
10:23,DOGE,0.25017
10:24,DOGE,0.25018
10:25,DOGE,0.25008
10:26,DOGE,0.25008
10:27,DOGE,0.25002
10:28,DOGE,0.2495
10:29,DOGE,0.24946
10:30,DOGE,0.24975
10:31,DOGE,0.2496
10:32,DOGE,0.24947
10:33,DOGE,0.24987
10:34,DOGE,0.24968
10:35,DOGE,0.24951
10:36,DOGE,0.24951
10:37,DOGE,0.24997
10:38,DOGE,0.25023
10:39,DOGE,0.24992
10:40,DOGE,0.24971
10:41,DOGE,0.24985
10:42,DOGE,0.25008
10:43,DOGE,0.25
10:44,DOGE,0.25007
10:45,DOGE,0.25027
10:46,DOGE,0.25026
10:47,DOGE,0.25008
10:48,DOGE,0.2504
10:49,DOGE,0.25071
10:50,DOGE,0.25092
10:51,DOGE,0.25078
10:52,DOGE,0.2509
10:53,DOGE,0.25081
10:54,DOGE,0.25073
10:55,DOGE,0.25114
10:56,DOGE,0.25101
10:57,DOGE,0.25079
10:58,DOGE,0.25064
10:59,DOGE,0.25064
11:00,DOGE,0.25073
11:01,DOGE,0.2506
11:02,DOGE,0.25066
11:03,DOGE,0.25098
11:04,DOGE,0.25083
11:05,DOGE,0.25089
11:06,DOGE,0.25056
11:07,DOGE,0.25056
11:08,DOGE,0.25069
11:09,DOGE,0.25081
11:10,DOGE,0.25077
11:11,DOGE,0.25024
11:12,DOGE,0.25017
11:13,DOGE,0.25023
11:14,DOGE,0.25011
11:15,DOGE,0.25017
11:16,DOGE,0.25022
11:17,DOGE,0.25026
11:18,DOGE,0.25014
11:19,DOGE,0.25002
11:20,DOGE,0.25014
11:21,DOGE,0.24998
11:22,DOGE,0.24978
11:23,DOGE,0.24965
11:24,DOGE,0.24986
11:25,DOGE,0.24989
11:26,DOGE,0.24987
11:27,DOGE,0.24999
11:28,DOGE,0.24996
11:29,DOGE,0.25012
11:30,DOGE,0.2502
11:31,DOGE,0.2504
11:32,DOGE,0.25068
11:33,DOGE,0.25051
11:34,DOGE,0.2505
11:35,DOGE,0.25068
11:36,DOGE,0.25078
11:37,DOGE,0.25069
11:38,DOGE,0.25061
11:39,DOGE,0.25056
11:40,DOGE,0.25055
11:41,DOGE,0.25062
11:42,DOGE,0.2501
11:43,DOGE,0.25026
11:44,DOGE,0.25046
11:45,DOGE,0.25029
11:46,DOGE,0.25021
11:47,DOGE,0.25032
11:48,DOGE,0.2503
11:49,DOGE,0.2503
11:50,DOGE,0.25046
11:51,DOGE,0.25078
11:52,DOGE,0.25081
11:53,DOGE,0.25077
11:54,DOGE,0.25079
11:55,DOGE,0.25082
11:56,DOGE,0.25089
11:57,DOGE,0.25082
11:58,DOGE,0.2507
11:59,DOGE,0.25075
12:00,DOGE,0.25058
12:01,DOGE,0.25085
12:02,DOGE,0.25081
12:03,DOGE,0.25111
12:04,DOGE,0.25104
12:05,DOGE,0.25115
12:06,DOGE,0.25082
12:07,DOGE,0.25104
12:08,DOGE,0.25123
12:09,DOGE,0.25089
12:10,DOGE,0.25042
12:11,DOGE,0.25032
12:12,DOGE,0.2504
12:13,DOGE,0.25019
12:14,DOGE,0.25028
12:15,DOGE,0.24996
12:16,DOGE,0.2501
12:17,DOGE,0.25027
12:18,DOGE,0.25029
12:19,DOGE,0.25042
12:20,DOGE,0.25043
12:21,DOGE,0.25043
12:22,DOGE,0.25035
12:23,DOGE,0.2506
12:24,DOGE,0.25061
12:25,DOGE,0.25075
12:26,DOGE,0.25069
12:27,DOGE,0.25052
12:28,DOGE,0.25045
12:29,DOGE,0.25031
12:30,DOGE,0.25014
12:31,DOGE,0.25016
12:32,DOGE,0.25034
12:33,DOGE,0.25055
12:34,DOGE,0.25067
12:35,DOGE,0.25061
12:36,DOGE,0.25044
12:37,DOGE,0.25008
12:38,DOGE,0.24974
12:39,DOGE,0.24992
12:40,DOGE,0.24985
12:41,DOGE,0.24985
12:42,DOGE,0.24968
12:43,DOGE,0.24988
12:44,DOGE,0.24988
12:45,DOGE,0.24987
12:46,DOGE,0.24983
12:47,DOGE,0.24971
12:48,DOGE,0.2499
12:49,DOGE,0.25004
12:50,DOGE,0.25005
12:51,DOGE,0.25039
12:52,DOGE,0.25035
12:53,DOGE,0.25047
12:54,DOGE,0.2505
12:55,DOGE,0.25071
12:56,DOGE,0.2507
12:57,DOGE,0.25079
12:58,DOGE,0.25073
12:59,DOGE,0.25084
13:00,DOGE,0.25107
13:01,DOGE,0.25101
13:02,DOGE,0.2512
13:03,DOGE,0.25163
13:04,DOGE,0.25197
13:05,DOGE,0.25157
13:06,DOGE,0.25193
13:07,DOGE,0.25183
13:08,DOGE,0.25188
13:09,DOGE,0.25161
13:10,DOGE,0.25139
13:11,DOGE,0.25139
13:12,DOGE,0.25138
13:13,DOGE,0.25123
13:14,DOGE,0.25131
13:15,DOGE,0.25127
13:16,DOGE,0.2509
13:17,DOGE,0.25123
13:18,DOGE,0.25158
13:19,DOGE,0.25189
13:20,DOGE,0.25202
13:21,DOGE,0.25197
13:22,DOGE,0.25173
13:23,DOGE,0.25197
13:24,DOGE,0.25199
13:25,DOGE,0.25222
13:26,DOGE,0.25273
13:27,DOGE,0.25243
13:28,DOGE,0.25233
13:29,DOGE,0.25228
13:30,DOGE,0.25182
13:31,DOGE,0.25229
13:32,DOGE,0.25188
13:33,DOGE,0.25195
13:34,DOGE,0.25249
13:35,DOGE,0.25243
13:36,DOGE,0.25243
13:37,DOGE,0.25276
13:38,DOGE,0.25343
13:39,DOGE,0.25367
13:40,DOGE,0.25341
13:41,DOGE,0.25353
13:42,DOGE,0.25353
13:43,DOGE,0.25325
13:44,DOGE,0.2529
13:45,DOGE,0.25252
13:46,DOGE,0.25212
13:47,DOGE,0.25237
13:48,DOGE,0.2521
13:49,DOGE,0.25157
13:50,DOGE,0.25148
13:51,DOGE,0.25111
13:52,DOGE,0.25153
13:53,DOGE,0.25134
13:54,DOGE,0.25079
13:55,DOGE,0.25109
13:56,DOGE,0.25125
13:57,DOGE,0.25151
13:58,DOGE,0.25167
13:59,DOGE,0.25185
14:00,DOGE,0.25252
14:01,DOGE,0.25137
14:02,DOGE,0.25217
14:03,DOGE,0.25223
14:04,DOGE,0.25252
14:05,DOGE,0.25218
14:06,DOGE,0.25241
14:07,DOGE,0.25292
14:08,DOGE,0.2526
14:09,DOGE,0.25256
14:10,DOGE,0.25224
14:11,DOGE,0.25259
14:12,DOGE,0.25241
14:13,DOGE,0.25198
14:14,DOGE,0.25172
14:15,DOGE,0.25175
14:16,DOGE,0.25117
14:17,DOGE,0.25054
14:18,DOGE,0.25085
14:19,DOGE,0.25062
14:20,DOGE,0.25086
14:21,DOGE,0.2509
14:22,DOGE,0.25055
14:23,DOGE,0.24978
14:24,DOGE,0.24991
14:25,DOGE,0.25011
14:26,DOGE,0.25028
14:27,DOGE,0.24986
14:28,DOGE,0.24964
14:29,DOGE,0.24957
14:30,DOGE,0.25004
14:31,DOGE,0.25016
14:32,DOGE,0.25023
14:33,DOGE,0.25011
14:34,DOGE,0.25055
14:35,DOGE,0.2501
14:36,DOGE,0.24998
14:37,DOGE,0.25039
14:38,DOGE,0.2501
14:39,DOGE,0.24991
14:40,DOGE,0.25003
14:41,DOGE,0.24973
14:42,DOGE,0.24923
14:43,DOGE,0.24974
14:44,DOGE,0.24993
14:45,DOGE,0.24982
14:46,DOGE,0.24927
14:47,DOGE,0.24996
14:48,DOGE,0.25011
14:49,DOGE,0.25028
14:50,DOGE,0.25048
14:51,DOGE,0.25028
14:52,DOGE,0.24988
14:53,DOGE,0.25012
14:54,DOGE,0.24973
14:55,DOGE,0.24982
14:56,DOGE,0.2498
14:57,DOGE,0.24764
14:58,DOGE,0.24725
14:59,DOGE,0.24702
15:00,DOGE,0.24663
15:01,DOGE,0.24611
15:02,DOGE,0.24573
15:03,DOGE,0.24522
15:04,DOGE,0.24486
15:05,DOGE,0.24523
15:06,DOGE,0.24547
15:07,DOGE,0.24587
15:08,DOGE,0.24513
15:09,DOGE,0.24522
15:10,DOGE,0.24599
15:11,DOGE,0.24607
15:12,DOGE,0.24574
15:13,DOGE,0.24588
15:14,DOGE,0.24562
15:15,DOGE,0.24587
15:16,DOGE,0.24505
15:17,DOGE,0.24448
15:18,DOGE,0.2441
15:19,DOGE,0.2438
15:20,DOGE,0.24354
15:21,DOGE,0.24219
15:22,DOGE,0.24279
15:23,DOGE,0.24207
15:24,DOGE,0.24175
15:25,DOGE,0.24137
15:26,DOGE,0.24088
15:27,DOGE,0.24212
15:28,DOGE,0.24155
15:29,DOGE,0.24042
15:30,DOGE,0.23861
15:31,DOGE,0.23721
15:32,DOGE,0.23751
15:33,DOGE,0.23809
15:34,DOGE,0.23704
15:35,DOGE,0.23771
15:36,DOGE,0.23851
15:37,DOGE,0.2388
15:38,DOGE,0.23835
15:39,DOGE,0.23861
15:40,DOGE,0.23766
15:41,DOGE,0.23832
15:42,DOGE,0.23871
15:43,DOGE,0.23933
15:44,DOGE,0.24028
15:45,DOGE,0.23929
15:46,DOGE,0.23971
15:47,DOGE,0.23927
15:48,DOGE,0.23948
15:49,DOGE,0.23919
15:50,DOGE,0.23911
15:51,DOGE,0.23872
15:52,DOGE,0.23841
15:53,DOGE,0.2383
15:54,DOGE,0.23867
15:55,DOGE,0.23816
15:56,DOGE,0.23786
15:57,DOGE,0.23766
15:58,DOGE,0.23824
15:59,DOGE,0.23788
16:00,DOGE,0.23716
16:01,DOGE,0.23723
16:02,DOGE,0.23661
16:03,DOGE,0.23717
16:04,DOGE,0.23728
16:05,DOGE,0.23809
16:06,DOGE,0.23791
16:07,DOGE,0.23759
16:08,DOGE,0.23853
16:09,DOGE,0.23846
16:10,DOGE,0.23762
16:11,DOGE,0.23797
16:12,DOGE,0.23721
16:13,DOGE,0.23748
16:14,DOGE,0.23734
16:15,DOGE,0.23733
16:16,DOGE,0.23705
16:17,DOGE,0.23682
16:18,DOGE,0.23701
16:19,DOGE,0.237
16:20,DOGE,0.23701
16:21,DOGE,0.2375
16:22,DOGE,0.23766
16:23,DOGE,0.23861
16:24,DOGE,0.23862
16:25,DOGE,0.23833
16:26,DOGE,0.23856
16:27,DOGE,0.23843
16:28,DOGE,0.23831
16:29,DOGE,0.23785
16:30,DOGE,0.2381
16:31,DOGE,0.23834
16:32,DOGE,0.23897
16:33,DOGE,0.23904
16:34,DOGE,0.239
16:35,DOGE,0.23887
16:36,DOGE,0.23946
16:37,DOGE,0.23965
16:38,DOGE,0.2395
16:39,DOGE,0.23957
16:40,DOGE,0.23916
16:41,DOGE,0.23865
16:42,DOGE,0.23854
16:43,DOGE,0.23817
16:44,DOGE,0.23795
16:45,DOGE,0.23769
16:46,DOGE,0.23788
16:47,DOGE,0.23773
16:48,DOGE,0.23722
16:49,DOGE,0.23697
16:50,DOGE,0.23701
16:51,DOGE,0.23716
16:52,DOGE,0.23721
16:53,DOGE,0.23666
16:54,DOGE,0.23692
16:55,DOGE,0.237
16:56,DOGE,0.23701
16:57,DOGE,0.23679
16:58,DOGE,0.23667
16:59,DOGE,0.23654
17:00,DOGE,0.23664
17:01,DOGE,0.23677
17:02,DOGE,0.23613
17:03,DOGE,0.23622
17:04,DOGE,0.23565
17:05,DOGE,0.2356
17:06,DOGE,0.23618
17:07,DOGE,0.23553
17:08,DOGE,0.23599
17:09,DOGE,0.23589
17:10,DOGE,0.23574
17:11,DOGE,0.23619
17:12,DOGE,0.23643
17:13,DOGE,0.23573
17:14,DOGE,0.23582
17:15,DOGE,0.23611
17:16,DOGE,0.23647
17:17,DOGE,0.23644
17:18,DOGE,0.23649
17:19,DOGE,0.23644
17:20,DOGE,0.23554
17:21,DOGE,0.23616
17:22,DOGE,0.23673
17:23,DOGE,0.237
17:24,DOGE,0.2364
17:25,DOGE,0.2365
17:26,DOGE,0.23641
17:27,DOGE,0.23671
17:28,DOGE,0.23713
17:29,DOGE,0.23706
17:30,DOGE,0.23678
17:31,DOGE,0.23681
17:32,DOGE,0.23661
17:33,DOGE,0.23633
17:34,DOGE,0.23635
17:35,DOGE,0.23596
17:36,DOGE,0.23585
17:37,DOGE,0.23587
17:38,DOGE,0.23522
17:39,DOGE,0.2353
17:40,DOGE,0.23511
17:41,DOGE,0.23522
17:42,DOGE,0.23545
17:43,DOGE,0.23535
17:44,DOGE,0.23534
17:45,DOGE,0.23444
17:46,DOGE,0.23478
17:47,DOGE,0.23493
17:48,DOGE,0.23527
17:49,DOGE,0.23501
17:50,DOGE,0.2348
17:51,DOGE,0.23481
17:52,DOGE,0.23476
17:53,DOGE,0.23515
17:54,DOGE,0.23499
17:55,DOGE,0.23524
17:56,DOGE,0.2348
17:57,DOGE,0.23466
17:58,DOGE,0.23507
17:59,DOGE,0.23492
18:00,DOGE,0.23461
18:01,DOGE,0.23453
18:02,DOGE,0.23496
18:03,DOGE,0.2347
18:04,DOGE,0.2346
18:05,DOGE,0.23468
18:06,DOGE,0.23454
18:07,DOGE,0.23481
18:08,DOGE,0.23488
18:09,DOGE,0.23463
18:10,DOGE,0.23485
18:11,DOGE,0.23485
18:12,DOGE,0.23475
18:13,DOGE,0.2345
18:14,DOGE,0.23508
18:15,DOGE,0.23506
18:16,DOGE,0.2353
18:17,DOGE,0.23491
18:18,DOGE,0.23446
18:19,DOGE,0.23447
18:20,DOGE,0.23513
18:21,DOGE,0.23506
18:22,DOGE,0.23563
18:23,DOGE,0.23545
18:24,DOGE,0.2357
18:25,DOGE,0.23579
18:26,DOGE,0.23577
18:27,DOGE,0.2356
18:28,DOGE,0.23529
18:29,DOGE,0.23509
18:30,DOGE,0.23514
18:31,DOGE,0.23502
18:32,DOGE,0.23504
18:33,DOGE,0.23519
18:34,DOGE,0.23493
18:35,DOGE,0.23475
18:36,DOGE,0.23464
18:37,DOGE,0.23439
18:38,DOGE,0.23435
18:39,DOGE,0.23421
18:40,DOGE,0.23455
18:41,DOGE,0.23442
18:42,DOGE,0.23451
18:43,DOGE,0.23442
18:44,DOGE,0.23419
18:45,DOGE,0.23459
18:46,DOGE,0.23456
18:47,DOGE,0.23416
18:48,DOGE,0.23366
18:49,DOGE,0.23442
18:50,DOGE,0.23431
18:51,DOGE,0.2345
18:52,DOGE,0.23437
18:53,DOGE,0.23412
18:54,DOGE,0.23426
18:55,DOGE,0.23439
18:56,DOGE,0.23459
18:57,DOGE,0.23448
18:58,DOGE,0.23427
18:59,DOGE,0.23406
19:00,DOGE,0.23443
19:01,DOGE,0.23452
19:02,DOGE,0.23461
19:03,DOGE,0.23444
19:04,DOGE,0.23439
19:05,DOGE,0.23392
19:06,DOGE,0.23421
19:07,DOGE,0.23402
19:08,DOGE,0.23341
19:09,DOGE,0.23356
19:10,DOGE,0.23366
19:11,DOGE,0.23322
19:12,DOGE,0.23361
19:13,DOGE,0.23364
19:14,DOGE,0.23323
19:15,DOGE,0.23347
19:16,DOGE,0.23341
19:17,DOGE,0.23369
19:18,DOGE,0.23326
19:19,DOGE,0.23353
19:20,DOGE,0.23285
19:21,DOGE,0.23262
19:22,DOGE,0.23322
19:23,DOGE,0.23272
19:24,DOGE,0.23313
19:25,DOGE,0.23384
19:26,DOGE,0.23355
19:27,DOGE,0.23297
19:28,DOGE,0.23209
19:29,DOGE,0.23022
19:30,DOGE,0.2318
19:31,DOGE,0.23155
19:32,DOGE,0.23145
19:33,DOGE,0.23076
19:34,DOGE,0.23128
19:35,DOGE,0.23142
19:36,DOGE,0.23134
19:37,DOGE,0.23152
19:38,DOGE,0.23145
19:39,DOGE,0.23133
19:40,DOGE,0.23135
19:41,DOGE,0.23243
19:42,DOGE,0.23247
19:43,DOGE,0.23242
19:44,DOGE,0.23289
19:45,DOGE,0.23318
19:46,DOGE,0.23267
19:47,DOGE,0.23328
19:48,DOGE,0.23363
19:49,DOGE,0.23342
19:50,DOGE,0.23275
19:51,DOGE,0.23247
19:52,DOGE,0.23238
19:53,DOGE,0.23214
19:54,DOGE,0.23184
19:55,DOGE,0.23203
19:56,DOGE,0.23215
19:57,DOGE,0.23223
19:58,DOGE,0.23206
19:59,DOGE,0.23183
20:00,DOGE,0.23167
20:01,DOGE,0.232
20:02,DOGE,0.23229
20:03,DOGE,0.23223
20:04,DOGE,0.23295
20:05,DOGE,0.23269
20:06,DOGE,0.23293
20:07,DOGE,0.23261
20:08,DOGE,0.23217
20:09,DOGE,0.23194
20:10,DOGE,0.23236
20:11,DOGE,0.23257
20:12,DOGE,0.23322
20:13,DOGE,0.23311
20:14,DOGE,0.2331
20:15,DOGE,0.23332
20:16,DOGE,0.23354
20:17,DOGE,0.23309
20:18,DOGE,0.23333
20:19,DOGE,0.23324
20:20,DOGE,0.2336
20:21,DOGE,0.23363
20:22,DOGE,0.23372
20:23,DOGE,0.2339
20:24,DOGE,0.23398
20:25,DOGE,0.23414
20:26,DOGE,0.23422
20:27,DOGE,0.23439
20:28,DOGE,0.23426
20:29,DOGE,0.23447
20:30,DOGE,0.23408
20:31,DOGE,0.23395
20:32,DOGE,0.2338
20:33,DOGE,0.23386
20:34,DOGE,0.23395
20:35,DOGE,0.23389
20:36,DOGE,0.23377
20:37,DOGE,0.23364
20:38,DOGE,0.2337
20:39,DOGE,0.23364
20:40,DOGE,0.23365
20:41,DOGE,0.2336
20:42,DOGE,0.23365
20:43,DOGE,0.23397
20:44,DOGE,0.23372
20:45,DOGE,0.23381
20:46,DOGE,0.23345
20:47,DOGE,0.2339
20:48,DOGE,0.23375
20:49,DOGE,0.23386
20:50,DOGE,0.23197
20:51,DOGE,0.23154
20:52,DOGE,0.23012
20:53,DOGE,0.2281
20:54,DOGE,0.22821
20:55,DOGE,0.22602
20:56,DOGE,0.22439
20:57,DOGE,0.22431
20:58,DOGE,0.22229
20:59,DOGE,0.21904
21:00,DOGE,0.21684
21:01,DOGE,0.21982
21:02,DOGE,0.22011
21:03,DOGE,0.22008
21:04,DOGE,0.22111
21:05,DOGE,0.21939
21:06,DOGE,0.21872
21:07,DOGE,0.2187
21:08,DOGE,0.21811
21:09,DOGE,0.21889
21:10,DOGE,0.21784
21:11,DOGE,0.2162
21:12,DOGE,0.21
21:13,DOGE,0.20556
21:14,DOGE,0.20019
21:15,DOGE,0.18994
21:16,DOGE,0.17235
21:17,DOGE,0.16785
21:18,DOGE,0.12822
21:19,DOGE,0.11378
21:20,DOGE,0.10077
21:21,DOGE,0.11989
21:22,DOGE,0.13166
21:23,DOGE,0.1345
21:24,DOGE,0.14043
21:25,DOGE,0.14696
21:26,DOGE,0.15141
21:27,DOGE,0.15587
21:28,DOGE,0.1592
21:29,DOGE,0.1673
21:30,DOGE,0.16931
21:31,DOGE,0.15389
21:32,DOGE,0.16262
21:33,DOGE,0.16465
21:34,DOGE,0.16553
21:35,DOGE,0.17008
21:36,DOGE,0.16537
21:37,DOGE,0.16503
21:38,DOGE,0.1663
21:39,DOGE,0.16178
21:40,DOGE,0.16806
21:41,DOGE,0.1763
21:42,DOGE,0.185
21:43,DOGE,0.18597
21:44,DOGE,0.18536
21:45,DOGE,0.17999
21:46,DOGE,0.18459
21:47,DOGE,0.18492
21:48,DOGE,0.17703
21:49,DOGE,0.17882
21:50,DOGE,0.18191
21:51,DOGE,0.18497
21:52,DOGE,0.18607
21:53,DOGE,0.18563
21:54,DOGE,0.18591
21:55,DOGE,0.18758
21:56,DOGE,0.19049
21:57,DOGE,0.18977
21:58,DOGE,0.18712
21:59,DOGE,0.18614
22:00,DOGE,0.18375
22:01,DOGE,0.18459
22:02,DOGE,0.18469
22:03,DOGE,0.17916
22:04,DOGE,0.17955
22:05,DOGE,0.17065
22:06,DOGE,0.17484
22:07,DOGE,0.17848
22:08,DOGE,0.18129
22:09,DOGE,0.1819
22:10,DOGE,0.18158
22:11,DOGE,0.18136
22:12,DOGE,0.18191
22:13,DOGE,0.18227
22:14,DOGE,0.18183
22:15,DOGE,0.18237
22:16,DOGE,0.18459
22:17,DOGE,0.1832
22:18,DOGE,0.18411
22:19,DOGE,0.18302
22:20,DOGE,0.18299
22:21,DOGE,0.18219
22:22,DOGE,0.18334
22:23,DOGE,0.18246
22:24,DOGE,0.18191
22:25,DOGE,0.1817
22:26,DOGE,0.18015
22:27,DOGE,0.18095
22:28,DOGE,0.18089
22:29,DOGE,0.18082
22:30,DOGE,0.17944
22:31,DOGE,0.18053
22:32,DOGE,0.18086
22:33,DOGE,0.18011
22:34,DOGE,0.1845
22:35,DOGE,0.18338
22:36,DOGE,0.18471
22:37,DOGE,0.18588
22:38,DOGE,0.18704
22:39,DOGE,0.18971
22:40,DOGE,0.18913
22:41,DOGE,0.18995
22:42,DOGE,0.18979
22:43,DOGE,0.19042
22:44,DOGE,0.19104
22:45,DOGE,0.19235
22:46,DOGE,0.1914
22:47,DOGE,0.1935
22:48,DOGE,0.19477
22:49,DOGE,0.19422
22:50,DOGE,0.1921
22:51,DOGE,0.19258
22:52,DOGE,0.1939
22:53,DOGE,0.19244
22:54,DOGE,0.19325
22:55,DOGE,0.19258
22:56,DOGE,0.19152
22:57,DOGE,0.1934
22:58,DOGE,0.19385
22:59,DOGE,0.19412
23:00,DOGE,0.19379
23:01,DOGE,0.19228
23:02,DOGE,0.19122
23:03,DOGE,0.19218
23:04,DOGE,0.19229
23:05,DOGE,0.1925
23:06,DOGE,0.19227
23:07,DOGE,0.19263
23:08,DOGE,0.19208
23:09,DOGE,0.19064
23:10,DOGE,0.18998
23:11,DOGE,0.18869
23:12,DOGE,0.18856
23:13,DOGE,0.18984
23:14,DOGE,0.19022
23:15,DOGE,0.19238
23:16,DOGE,0.19215
23:17,DOGE,0.19183
23:18,DOGE,0.19267
23:19,DOGE,0.19465
23:20,DOGE,0.19427
23:21,DOGE,0.19383
23:22,DOGE,0.19394
23:23,DOGE,0.19482
23:24,DOGE,0.19539
23:25,DOGE,0.19655
23:26,DOGE,0.19623
23:27,DOGE,0.19668
23:28,DOGE,0.19715
23:29,DOGE,0.19695
23:30,DOGE,0.19622
23:31,DOGE,0.19627
23:32,DOGE,0.19506
23:33,DOGE,0.19543
23:34,DOGE,0.19665
23:35,DOGE,0.19683
23:36,DOGE,0.19697
23:37,DOGE,0.19691
23:38,DOGE,0.19699
23:39,DOGE,0.19695
23:40,DOGE,0.197
23:41,DOGE,0.1968
23:42,DOGE,0.19808
23:43,DOGE,0.19821
23:44,DOGE,0.19838
23:45,DOGE,0.19869
23:46,DOGE,0.1977
23:47,DOGE,0.19558
23:48,DOGE,0.19616
23:49,DOGE,0.19527
23:50,DOGE,0.19521
23:51,DOGE,0.1939
23:52,DOGE,0.1937
23:53,DOGE,0.19357
23:54,DOGE,0.19328
23:55,DOGE,0.19243
23:56,DOGE,0.19253
23:57,DOGE,0.19309
23:58,DOGE,0.1934
23:59,DOGE,0.19349
00:00,XRP,2.8015
00:01,XRP,2.8056
00:02,XRP,2.8073
00:03,XRP,2.8075
00:04,XRP,2.8082
00:05,XRP,2.8059
00:06,XRP,2.807
00:07,XRP,2.8058
00:08,XRP,2.8062
00:09,XRP,2.8084
00:10,XRP,2.8092
00:11,XRP,2.8072
00:12,XRP,2.8077
00:13,XRP,2.8089
00:14,XRP,2.8089
00:15,XRP,2.8097
00:16,XRP,2.8099
00:17,XRP,2.8113
00:18,XRP,2.812
00:19,XRP,2.8127
00:20,XRP,2.8108
00:21,XRP,2.8115
00:22,XRP,2.8103
00:23,XRP,2.8111
00:24,XRP,2.8115
00:25,XRP,2.8114
00:26,XRP,2.813
00:27,XRP,2.8134
00:28,XRP,2.8145
00:29,XRP,2.8146
00:30,XRP,2.8142
00:31,XRP,2.8132
00:32,XRP,2.8123
00:33,XRP,2.8138
00:34,XRP,2.8133
00:35,XRP,2.8123
00:36,XRP,2.8128
00:37,XRP,2.8121
00:38,XRP,2.8147
00:39,XRP,2.8172
00:40,XRP,2.8146
00:41,XRP,2.8149
00:42,XRP,2.8116
00:43,XRP,2.8105
00:44,XRP,2.8106
00:45,XRP,2.8099
00:46,XRP,2.8075
00:47,XRP,2.8061
00:48,XRP,2.8066
00:49,XRP,2.8072
00:50,XRP,2.8096
00:51,XRP,2.8119
00:52,XRP,2.8103
00:53,XRP,2.812
00:54,XRP,2.8116
00:55,XRP,2.8113
00:56,XRP,2.8095
00:57,XRP,2.8081
00:58,XRP,2.8092
00:59,XRP,2.8111
01:00,XRP,2.8113
01:01,XRP,2.8126
01:02,XRP,2.8124
01:03,XRP,2.8132
01:04,XRP,2.814
01:05,XRP,2.8141
01:06,XRP,2.8138
01:07,XRP,2.8119
01:08,XRP,2.8113
01:09,XRP,2.8117
01:10,XRP,2.8127
01:11,XRP,2.8131
01:12,XRP,2.8135
01:13,XRP,2.814
01:14,XRP,2.8133
01:15,XRP,2.8119
01:16,XRP,2.8124
01:17,XRP,2.8121
01:18,XRP,2.812
01:19,XRP,2.8129
01:20,XRP,2.8142
01:21,XRP,2.8131
01:22,XRP,2.8128
01:23,XRP,2.8123
01:24,XRP,2.8127
01:25,XRP,2.8136
01:26,XRP,2.8129
01:27,XRP,2.8133
01:28,XRP,2.8159
01:29,XRP,2.8173
01:30,XRP,2.8169
01:31,XRP,2.815
01:32,XRP,2.8151
01:33,XRP,2.816
01:34,XRP,2.8157
01:35,XRP,2.8133
01:36,XRP,2.8119
01:37,XRP,2.8114
01:38,XRP,2.811
01:39,XRP,2.8108
01:40,XRP,2.8087
01:41,XRP,2.8086
01:42,XRP,2.8103
01:43,XRP,2.8101
01:44,XRP,2.8087
01:45,XRP,2.8087
01:46,XRP,2.8093
01:47,XRP,2.8088
01:48,XRP,2.8075
01:49,XRP,2.8085
01:50,XRP,2.8064
01:51,XRP,2.8079
01:52,XRP,2.8104
01:53,XRP,2.8092
01:54,XRP,2.8091
01:55,XRP,2.8089
01:56,XRP,2.8092
01:57,XRP,2.8088
01:58,XRP,2.8098
01:59,XRP,2.8097
02:00,XRP,2.809
02:01,XRP,2.8091
02:02,XRP,2.8068
02:03,XRP,2.8067
02:04,XRP,2.8061
02:05,XRP,2.805
02:06,XRP,2.8036
02:07,XRP,2.8015
02:08,XRP,2.8002
02:09,XRP,2.8007
02:10,XRP,2.8001
02:11,XRP,2.802
02:12,XRP,2.8007
02:13,XRP,2.802
02:14,XRP,2.8023
02:15,XRP,2.8033
02:16,XRP,2.805
02:17,XRP,2.8052
02:18,XRP,2.806
02:19,XRP,2.81
02:20,XRP,2.8106
02:21,XRP,2.8112
02:22,XRP,2.811
02:23,XRP,2.8099
02:24,XRP,2.8076
02:25,XRP,2.8079
02:26,XRP,2.8071
02:27,XRP,2.8078
02:28,XRP,2.8078
02:29,XRP,2.8072
02:30,XRP,2.807
02:31,XRP,2.8051
02:32,XRP,2.8021
02:33,XRP,2.8012
02:34,XRP,2.8007
02:35,XRP,2.8006
02:36,XRP,2.8012
02:37,XRP,2.8023
02:38,XRP,2.802
02:39,XRP,2.804
02:40,XRP,2.8032
02:41,XRP,2.804
02:42,XRP,2.8033
02:43,XRP,2.8015
02:44,XRP,2.8012
02:45,XRP,2.8003
02:46,XRP,2.7966
02:47,XRP,2.7963
02:48,XRP,2.7981
02:49,XRP,2.7972
02:50,XRP,2.7995
02:51,XRP,2.7975
02:52,XRP,2.7949
02:53,XRP,2.7937
02:54,XRP,2.7954
02:55,XRP,2.7963
02:56,XRP,2.7952
02:57,XRP,2.7962
02:58,XRP,2.7967
02:59,XRP,2.7972
03:00,XRP,2.7978
03:01,XRP,2.7967
03:02,XRP,2.7932
03:03,XRP,2.7927
03:04,XRP,2.7913
03:05,XRP,2.7934
03:06,XRP,2.7931
03:07,XRP,2.793
03:08,XRP,2.792
03:09,XRP,2.7925
03:10,XRP,2.7918
03:11,XRP,2.7929
03:12,XRP,2.7946
03:13,XRP,2.7943
03:14,XRP,2.796
03:15,XRP,2.7962
03:16,XRP,2.7947
03:17,XRP,2.7949
03:18,XRP,2.7968
03:19,XRP,2.7998
03:20,XRP,2.8059
03:21,XRP,2.809
03:22,XRP,2.8085
03:23,XRP,2.809
03:24,XRP,2.8133
03:25,XRP,2.8164
03:26,XRP,2.8178
03:27,XRP,2.8197
03:28,XRP,2.8208
03:29,XRP,2.8209
03:30,XRP,2.8233
03:31,XRP,2.8255
03:32,XRP,2.8239
03:33,XRP,2.825
03:34,XRP,2.8257
03:35,XRP,2.8272
03:36,XRP,2.8259
03:37,XRP,2.8259
03:38,XRP,2.8245
03:39,XRP,2.8248
03:40,XRP,2.8238
03:41,XRP,2.8243
03:42,XRP,2.8251
03:43,XRP,2.8243
03:44,XRP,2.825
03:45,XRP,2.8259
03:46,XRP,2.8287
03:47,XRP,2.8291
03:48,XRP,2.8267
03:49,XRP,2.826
03:50,XRP,2.8234
03:51,XRP,2.8229
03:52,XRP,2.8212
03:53,XRP,2.8198
03:54,XRP,2.8174
03:55,XRP,2.8145
03:56,XRP,2.8145
03:57,XRP,2.8152
03:58,XRP,2.8168
03:59,XRP,2.8129
04:00,XRP,2.8161
04:01,XRP,2.8181
04:02,XRP,2.818
04:03,XRP,2.8185
04:04,XRP,2.8173
04:05,XRP,2.8196
04:06,XRP,2.8203
04:07,XRP,2.8223
04:08,XRP,2.8214
04:09,XRP,2.8204
04:10,XRP,2.8171
04:11,XRP,2.8165
04:12,XRP,2.8178
04:13,XRP,2.8187
04:14,XRP,2.8189
04:15,XRP,2.8186
04:16,XRP,2.8164
04:17,XRP,2.8163
04:18,XRP,2.8148
04:19,XRP,2.8136
04:20,XRP,2.8148
04:21,XRP,2.8148
04:22,XRP,2.8157
04:23,XRP,2.8143
04:24,XRP,2.8129
04:25,XRP,2.8132
04:26,XRP,2.8134
04:27,XRP,2.8125
04:28,XRP,2.812
04:29,XRP,2.8123
04:30,XRP,2.8142
04:31,XRP,2.8172
04:32,XRP,2.818
04:33,XRP,2.8123
04:34,XRP,2.8139
04:35,XRP,2.8122
04:36,XRP,2.8094
04:37,XRP,2.8101
04:38,XRP,2.8098
04:39,XRP,2.8111
04:40,XRP,2.8122
04:41,XRP,2.8112
04:42,XRP,2.8107
04:43,XRP,2.8104
04:44,XRP,2.8114
04:45,XRP,2.8099
04:46,XRP,2.8102
04:47,XRP,2.8095
04:48,XRP,2.8094
04:49,XRP,2.8109
04:50,XRP,2.8101
04:51,XRP,2.8113
04:52,XRP,2.811
04:53,XRP,2.812
04:54,XRP,2.8118
04:55,XRP,2.811
04:56,XRP,2.8116
04:57,XRP,2.8137
04:58,XRP,2.8141
04:59,XRP,2.8145
05:00,XRP,2.8152
05:01,XRP,2.8143
05:02,XRP,2.8133
05:03,XRP,2.8129
05:04,XRP,2.8087
05:05,XRP,2.8064
05:06,XRP,2.8081
05:07,XRP,2.8104
05:08,XRP,2.8098
05:09,XRP,2.8099
05:10,XRP,2.8112
05:11,XRP,2.8097
05:12,XRP,2.8104
05:13,XRP,2.8107
05:14,XRP,2.809
05:15,XRP,2.8113
05:16,XRP,2.8101
05:17,XRP,2.8127
05:18,XRP,2.8135
05:19,XRP,2.8125
05:20,XRP,2.8147
05:21,XRP,2.8147
05:22,XRP,2.8149
05:23,XRP,2.8204
05:24,XRP,2.8218
05:25,XRP,2.8216
05:26,XRP,2.8213
05:27,XRP,2.8209
05:28,XRP,2.8202
05:29,XRP,2.8204
05:30,XRP,2.8184
05:31,XRP,2.8192
05:32,XRP,2.8149
05:33,XRP,2.8167
05:34,XRP,2.816
05:35,XRP,2.8169
05:36,XRP,2.8169
05:37,XRP,2.817
05:38,XRP,2.8175
05:39,XRP,2.818
05:40,XRP,2.8196
05:41,XRP,2.8214
05:42,XRP,2.821
05:43,XRP,2.8219
05:44,XRP,2.8223
05:45,XRP,2.8248
05:46,XRP,2.8261
05:47,XRP,2.8241
05:48,XRP,2.8259
05:49,XRP,2.824
05:50,XRP,2.8258
05:51,XRP,2.8243
05:52,XRP,2.8237
05:53,XRP,2.8251
05:54,XRP,2.8293
05:55,XRP,2.8255
05:56,XRP,2.8255
05:57,XRP,2.8267
05:58,XRP,2.8248
05:59,XRP,2.8265
06:00,XRP,2.8288
06:01,XRP,2.8274
06:02,XRP,2.8284
06:03,XRP,2.8299
06:04,XRP,2.8287
06:05,XRP,2.8307
06:06,XRP,2.8299
06:07,XRP,2.8288
06:08,XRP,2.8282
06:09,XRP,2.8265
06:10,XRP,2.8252
06:11,XRP,2.8234
06:12,XRP,2.8239
06:13,XRP,2.8247
06:14,XRP,2.824
06:15,XRP,2.8254
06:16,XRP,2.8236
06:17,XRP,2.823
06:18,XRP,2.8238
06:19,XRP,2.8213
06:20,XRP,2.8207
06:21,XRP,2.8202
06:22,XRP,2.8221
06:23,XRP,2.8214
06:24,XRP,2.822
06:25,XRP,2.8218
06:26,XRP,2.8212
06:27,XRP,2.8216
06:28,XRP,2.8204
06:29,XRP,2.8199
06:30,XRP,2.8207
06:31,XRP,2.8212
06:32,XRP,2.8194
06:33,XRP,2.8205
06:34,XRP,2.8241
06:35,XRP,2.8205
06:36,XRP,2.8177
06:37,XRP,2.8161
06:38,XRP,2.816
06:39,XRP,2.8182
06:40,XRP,2.8191
06:41,XRP,2.822
06:42,XRP,2.822
06:43,XRP,2.8215
06:44,XRP,2.8197
06:45,XRP,2.8228
06:46,XRP,2.822
06:47,XRP,2.8209
06:48,XRP,2.8186
06:49,XRP,2.8164
06:50,XRP,2.8145
06:51,XRP,2.8124
06:52,XRP,2.8128
06:53,XRP,2.8153
06:54,XRP,2.8157
06:55,XRP,2.815
06:56,XRP,2.8149
06:57,XRP,2.8166
06:58,XRP,2.8163
06:59,XRP,2.8159
07:00,XRP,2.8178
07:01,XRP,2.8132
07:02,XRP,2.8144
07:03,XRP,2.8143
07:04,XRP,2.814
07:05,XRP,2.8143
07:06,XRP,2.8117
07:07,XRP,2.8101
07:08,XRP,2.8077
07:09,XRP,2.811
07:10,XRP,2.815
07:11,XRP,2.8144
07:12,XRP,2.8139
07:13,XRP,2.8126
07:14,XRP,2.8129
07:15,XRP,2.8098
07:16,XRP,2.8077
07:17,XRP,2.8063
07:18,XRP,2.8053
07:19,XRP,2.8083
07:20,XRP,2.8071
07:21,XRP,2.8077
07:22,XRP,2.8036
07:23,XRP,2.8036
07:24,XRP,2.8016
07:25,XRP,2.8001
07:26,XRP,2.803
07:27,XRP,2.8031
07:28,XRP,2.8043
07:29,XRP,2.8039
07:30,XRP,2.806
07:31,XRP,2.8016
07:32,XRP,2.8029
07:33,XRP,2.8008
07:34,XRP,2.8013
07:35,XRP,2.8029
07:36,XRP,2.8069
07:37,XRP,2.8067
07:38,XRP,2.8074
07:39,XRP,2.8088
07:40,XRP,2.8093
07:41,XRP,2.81
07:42,XRP,2.8097
07:43,XRP,2.8099
07:44,XRP,2.8103
07:45,XRP,2.8094
07:46,XRP,2.8049
07:47,XRP,2.8073
07:48,XRP,2.8078
07:49,XRP,2.8068
07:50,XRP,2.8068
07:51,XRP,2.8058
07:52,XRP,2.8085
07:53,XRP,2.8093
07:54,XRP,2.8076
07:55,XRP,2.8085
07:56,XRP,2.8053
07:57,XRP,2.8046
07:58,XRP,2.8035
07:59,XRP,2.8033
08:00,XRP,2.8041
08:01,XRP,2.8071
08:02,XRP,2.8105
08:03,XRP,2.8052
08:04,XRP,2.8037
08:05,XRP,2.802
08:06,XRP,2.8048
08:07,XRP,2.8027
08:08,XRP,2.8046
08:09,XRP,2.8065
08:10,XRP,2.8084
08:11,XRP,2.81
08:12,XRP,2.8086
08:13,XRP,2.8096
08:14,XRP,2.8097
08:15,XRP,2.8121
08:16,XRP,2.8129
08:17,XRP,2.815
08:18,XRP,2.8151
08:19,XRP,2.8159
08:20,XRP,2.8158
08:21,XRP,2.815
08:22,XRP,2.8156
08:23,XRP,2.8154
08:24,XRP,2.8162
08:25,XRP,2.8164
08:26,XRP,2.816
08:27,XRP,2.817
08:28,XRP,2.8171
08:29,XRP,2.8158
08:30,XRP,2.8171
08:31,XRP,2.8175
08:32,XRP,2.8155
08:33,XRP,2.8151
08:34,XRP,2.8143
08:35,XRP,2.8142
08:36,XRP,2.8144
08:37,XRP,2.8137
08:38,XRP,2.8155
08:39,XRP,2.8153
08:40,XRP,2.8145
08:41,XRP,2.8137
08:42,XRP,2.8145
08:43,XRP,2.815
08:44,XRP,2.8162
08:45,XRP,2.819
08:46,XRP,2.819
08:47,XRP,2.8188
08:48,XRP,2.8185
08:49,XRP,2.8185
08:50,XRP,2.8206
08:51,XRP,2.8204
08:52,XRP,2.8195
08:53,XRP,2.8204
08:54,XRP,2.8195
08:55,XRP,2.8209
08:56,XRP,2.8211
08:57,XRP,2.8212
08:58,XRP,2.8198
08:59,XRP,2.8201
09:00,XRP,2.8197
09:01,XRP,2.817
09:02,XRP,2.8152
09:03,XRP,2.8173
09:04,XRP,2.8168
09:05,XRP,2.8174
09:06,XRP,2.8157
09:07,XRP,2.8156
09:08,XRP,2.815
09:09,XRP,2.8157
09:10,XRP,2.8153
09:11,XRP,2.8179
09:12,XRP,2.818
09:13,XRP,2.8178
09:14,XRP,2.8171
09:15,XRP,2.8173
09:16,XRP,2.816
09:17,XRP,2.8182
09:18,XRP,2.8173
09:19,XRP,2.8151
09:20,XRP,2.8153
09:21,XRP,2.8165
09:22,XRP,2.8187
09:23,XRP,2.8186
09:24,XRP,2.82
09:25,XRP,2.8216
09:26,XRP,2.8238
09:27,XRP,2.8287
09:28,XRP,2.8266
09:29,XRP,2.8269
09:30,XRP,2.8276
09:31,XRP,2.8284
09:32,XRP,2.8295
09:33,XRP,2.829
09:34,XRP,2.8285
09:35,XRP,2.8278
09:36,XRP,2.8274
09:37,XRP,2.8273
09:38,XRP,2.8262
09:39,XRP,2.826
09:40,XRP,2.8255
09:41,XRP,2.8238
09:42,XRP,2.8248
09:43,XRP,2.8246
09:44,XRP,2.8245
09:45,XRP,2.8263
09:46,XRP,2.8231
09:47,XRP,2.8235
09:48,XRP,2.8206
09:49,XRP,2.8181
09:50,XRP,2.8156
09:51,XRP,2.8177
09:52,XRP,2.816
09:53,XRP,2.8152
09:54,XRP,2.8167
09:55,XRP,2.8159
09:56,XRP,2.8149
09:57,XRP,2.8149
09:58,XRP,2.8128
09:59,XRP,2.8135
10:00,XRP,2.8135
10:01,XRP,2.816
10:02,XRP,2.8159
10:03,XRP,2.8167
10:04,XRP,2.8149
10:05,XRP,2.8169
10:06,XRP,2.8174
10:07,XRP,2.8164
10:08,XRP,2.8164
10:09,XRP,2.8161
10:10,XRP,2.8145
10:11,XRP,2.8161
10:12,XRP,2.8164
10:13,XRP,2.8144
10:14,XRP,2.8143
10:15,XRP,2.8155
10:16,XRP,2.8167
10:17,XRP,2.8165
10:18,XRP,2.8181
10:19,XRP,2.8176
10:20,XRP,2.8161
10:21,XRP,2.8171
10:22,XRP,2.8144
10:23,XRP,2.8134
10:24,XRP,2.8145
10:25,XRP,2.814
10:26,XRP,2.8142
10:27,XRP,2.8147
10:28,XRP,2.8128
10:29,XRP,2.8127
10:30,XRP,2.8141
10:31,XRP,2.8124
10:32,XRP,2.8107
10:33,XRP,2.8124
10:34,XRP,2.8106
10:35,XRP,2.8099
10:36,XRP,2.8092
10:37,XRP,2.8109
10:38,XRP,2.8108
10:39,XRP,2.8089
10:40,XRP,2.8086
10:41,XRP,2.8089
10:42,XRP,2.8104
10:43,XRP,2.8113
10:44,XRP,2.8119
10:45,XRP,2.8121
10:46,XRP,2.8129
10:47,XRP,2.8118
10:48,XRP,2.8135
10:49,XRP,2.8157
10:50,XRP,2.8175
10:51,XRP,2.8165
10:52,XRP,2.8169
10:53,XRP,2.817
10:54,XRP,2.8166
10:55,XRP,2.8199
10:56,XRP,2.82
10:57,XRP,2.8186
10:58,XRP,2.8188
10:59,XRP,2.8189
11:00,XRP,2.8193
11:01,XRP,2.8195
11:02,XRP,2.8193
11:03,XRP,2.8201
11:04,XRP,2.8196
11:05,XRP,2.8209
11:06,XRP,2.8186
11:07,XRP,2.8195
11:08,XRP,2.8202
11:09,XRP,2.8211
11:10,XRP,2.8202
11:11,XRP,2.8171
11:12,XRP,2.8174
11:13,XRP,2.818
11:14,XRP,2.817
11:15,XRP,2.8178
11:16,XRP,2.8185
11:17,XRP,2.8196
11:18,XRP,2.819
11:19,XRP,2.8187
11:20,XRP,2.8189
11:21,XRP,2.8176
11:22,XRP,2.8166
11:23,XRP,2.817
11:24,XRP,2.8176
11:25,XRP,2.8179
11:26,XRP,2.8179
11:27,XRP,2.818
11:28,XRP,2.8168
11:29,XRP,2.8173
11:30,XRP,2.8183
11:31,XRP,2.8201
11:32,XRP,2.8213
11:33,XRP,2.8195
11:34,XRP,2.8194
11:35,XRP,2.8207
11:36,XRP,2.8221
11:37,XRP,2.8215
11:38,XRP,2.8216
11:39,XRP,2.821
11:40,XRP,2.8209
11:41,XRP,2.8213
11:42,XRP,2.8196
11:43,XRP,2.8209
11:44,XRP,2.8213
11:45,XRP,2.8209
11:46,XRP,2.8202
11:47,XRP,2.8198
11:48,XRP,2.82
11:49,XRP,2.8196
11:50,XRP,2.82
11:51,XRP,2.8205
11:52,XRP,2.8211
11:53,XRP,2.82
11:54,XRP,2.82
11:55,XRP,2.8204
11:56,XRP,2.821
11:57,XRP,2.8196
11:58,XRP,2.8196
11:59,XRP,2.8186
12:00,XRP,2.8177
12:01,XRP,2.8181
12:02,XRP,2.818
12:03,XRP,2.8207
12:04,XRP,2.8198
12:05,XRP,2.8197
12:06,XRP,2.8175
12:07,XRP,2.8188
12:08,XRP,2.8208
12:09,XRP,2.8175
12:10,XRP,2.8158
12:11,XRP,2.8142
12:12,XRP,2.8152
12:13,XRP,2.8142
12:14,XRP,2.8152
12:15,XRP,2.8131
12:16,XRP,2.8142
12:17,XRP,2.8158
12:18,XRP,2.8161
12:19,XRP,2.8173
12:20,XRP,2.817
12:21,XRP,2.8176
12:22,XRP,2.8179
12:23,XRP,2.8187
12:24,XRP,2.819
12:25,XRP,2.8193
12:26,XRP,2.8192
12:27,XRP,2.8182
12:28,XRP,2.8187
12:29,XRP,2.8175
12:30,XRP,2.8169
12:31,XRP,2.8158
12:32,XRP,2.8161
12:33,XRP,2.8174
12:34,XRP,2.8173
12:35,XRP,2.818
12:36,XRP,2.8163
12:37,XRP,2.8142
12:38,XRP,2.8124
12:39,XRP,2.8137
12:40,XRP,2.8133
12:41,XRP,2.8118
12:42,XRP,2.8118
12:43,XRP,2.812
12:44,XRP,2.8115
12:45,XRP,2.8117
12:46,XRP,2.8117
12:47,XRP,2.8107
12:48,XRP,2.8138
12:49,XRP,2.815
12:50,XRP,2.8146
12:51,XRP,2.8156
12:52,XRP,2.8151
12:53,XRP,2.8152
12:54,XRP,2.8154
12:55,XRP,2.8172
12:56,XRP,2.8173
12:57,XRP,2.8184
12:58,XRP,2.8179
12:59,XRP,2.8186
13:00,XRP,2.8199
13:01,XRP,2.8196
13:02,XRP,2.8236
13:03,XRP,2.8241
13:04,XRP,2.8253
13:05,XRP,2.823
13:06,XRP,2.8237
13:07,XRP,2.8248
13:08,XRP,2.8238
13:09,XRP,2.8226
13:10,XRP,2.821
13:11,XRP,2.8209
13:12,XRP,2.8217
13:13,XRP,2.8212
13:14,XRP,2.8216
13:15,XRP,2.8217
13:16,XRP,2.8189
13:17,XRP,2.8203
13:18,XRP,2.822
13:19,XRP,2.8233
13:20,XRP,2.8234
13:21,XRP,2.8228
13:22,XRP,2.8216
13:23,XRP,2.8224
13:24,XRP,2.8236
13:25,XRP,2.826
13:26,XRP,2.8283
13:27,XRP,2.8278
13:28,XRP,2.8265
13:29,XRP,2.8261
13:30,XRP,2.8225
13:31,XRP,2.8251
13:32,XRP,2.8226
13:33,XRP,2.8238
13:34,XRP,2.8279
13:35,XRP,2.8287
13:36,XRP,2.8289
13:37,XRP,2.8296
13:38,XRP,2.8328
13:39,XRP,2.8348
13:40,XRP,2.8313
13:41,XRP,2.832
13:42,XRP,2.8322
13:43,XRP,2.8308
13:44,XRP,2.8321
13:45,XRP,2.8304
13:46,XRP,2.8295
13:47,XRP,2.8303
13:48,XRP,2.8271
13:49,XRP,2.822
13:50,XRP,2.8215
13:51,XRP,2.819
13:52,XRP,2.8219
13:53,XRP,2.8206
13:54,XRP,2.8191
13:55,XRP,2.8201
13:56,XRP,2.8214
13:57,XRP,2.8231
13:58,XRP,2.8252
13:59,XRP,2.8262
14:00,XRP,2.8305
14:01,XRP,2.8233
14:02,XRP,2.8296
14:03,XRP,2.8286
14:04,XRP,2.8313
14:05,XRP,2.8303
14:06,XRP,2.8319
14:07,XRP,2.8334
14:08,XRP,2.8314
14:09,XRP,2.8318
14:10,XRP,2.8301
14:11,XRP,2.8321
14:12,XRP,2.833
14:13,XRP,2.8299
14:14,XRP,2.8293
14:15,XRP,2.8293
14:16,XRP,2.8246
14:17,XRP,2.8199
14:18,XRP,2.8231
14:19,XRP,2.8219
14:20,XRP,2.824
14:21,XRP,2.8242
14:22,XRP,2.8211
14:23,XRP,2.8172
14:24,XRP,2.8189
14:25,XRP,2.8208
14:26,XRP,2.8218
14:27,XRP,2.8182
14:28,XRP,2.8161
14:29,XRP,2.8155
14:30,XRP,2.8195
14:31,XRP,2.8208
14:32,XRP,2.8208
14:33,XRP,2.8203
14:34,XRP,2.8239
14:35,XRP,2.822
14:36,XRP,2.82
14:37,XRP,2.8232
14:38,XRP,2.8215
14:39,XRP,2.8206
14:40,XRP,2.82
14:41,XRP,2.8173
14:42,XRP,2.8133
14:43,XRP,2.8161
14:44,XRP,2.8163
14:45,XRP,2.8154
14:46,XRP,2.8133
14:47,XRP,2.8165
14:48,XRP,2.8175
14:49,XRP,2.819
14:50,XRP,2.8205
14:51,XRP,2.8199
14:52,XRP,2.8182
14:53,XRP,2.8194
14:54,XRP,2.8146
14:55,XRP,2.8154
14:56,XRP,2.8158
14:57,XRP,2.8009
14:58,XRP,2.8008
14:59,XRP,2.8
15:00,XRP,2.7954
15:01,XRP,2.7939
15:02,XRP,2.7927
15:03,XRP,2.7908
15:04,XRP,2.7857
15:05,XRP,2.7895
15:06,XRP,2.7917
15:07,XRP,2.7951
15:08,XRP,2.7887
15:09,XRP,2.7889
15:10,XRP,2.7975
15:11,XRP,2.7988
15:12,XRP,2.7965
15:13,XRP,2.7971
15:14,XRP,2.7941
15:15,XRP,2.7974
15:16,XRP,2.789
15:17,XRP,2.7841
15:18,XRP,2.7805
15:19,XRP,2.7784
15:20,XRP,2.7735
15:21,XRP,2.7582
15:22,XRP,2.7645
15:23,XRP,2.758
15:24,XRP,2.7536
15:25,XRP,2.753
15:26,XRP,2.7494
15:27,XRP,2.7605
15:28,XRP,2.7524
15:29,XRP,2.7493
15:30,XRP,2.732
15:31,XRP,2.7249
15:32,XRP,2.7256
15:33,XRP,2.725
15:34,XRP,2.7231
15:35,XRP,2.7269
15:36,XRP,2.7315
15:37,XRP,2.7379
15:38,XRP,2.7386
15:39,XRP,2.7405
15:40,XRP,2.7326
15:41,XRP,2.7386
15:42,XRP,2.742
15:43,XRP,2.7504
15:44,XRP,2.7572
15:45,XRP,2.7502
15:46,XRP,2.7538
15:47,XRP,2.7522
15:48,XRP,2.7544
15:49,XRP,2.7499
15:50,XRP,2.7513
15:51,XRP,2.7491
15:52,XRP,2.7455
15:53,XRP,2.7433
15:54,XRP,2.7472
15:55,XRP,2.7405
15:56,XRP,2.7373
15:57,XRP,2.7406
15:58,XRP,2.7458
15:59,XRP,2.7417
16:00,XRP,2.7361
16:01,XRP,2.7379
16:02,XRP,2.734
16:03,XRP,2.7368
16:04,XRP,2.7373
16:05,XRP,2.742
16:06,XRP,2.7393
16:07,XRP,2.7405
16:08,XRP,2.75
16:09,XRP,2.7493
16:10,XRP,2.7457
16:11,XRP,2.7498
16:12,XRP,2.7408
16:13,XRP,2.7404
16:14,XRP,2.7385
16:15,XRP,2.7385
16:16,XRP,2.7339
16:17,XRP,2.7301
16:18,XRP,2.7324
16:19,XRP,2.7346
16:20,XRP,2.7329
16:21,XRP,2.7391
16:22,XRP,2.7425
16:23,XRP,2.7483
16:24,XRP,2.7502
16:25,XRP,2.7475
16:26,XRP,2.7479
16:27,XRP,2.7479
16:28,XRP,2.7477
16:29,XRP,2.7444
16:30,XRP,2.7411
16:31,XRP,2.7449
16:32,XRP,2.7483
16:33,XRP,2.7534
16:34,XRP,2.7515
16:35,XRP,2.7522
16:36,XRP,2.7582
16:37,XRP,2.7576
16:38,XRP,2.7578
16:39,XRP,2.7645
16:40,XRP,2.7577
16:41,XRP,2.7542
16:42,XRP,2.7503
16:43,XRP,2.7499
16:44,XRP,2.7492
16:45,XRP,2.736
16:46,XRP,2.7393
16:47,XRP,2.7361
16:48,XRP,2.7341
16:49,XRP,2.7316
16:50,XRP,2.7323
16:51,XRP,2.7329
16:52,XRP,2.7323
16:53,XRP,2.7274
16:54,XRP,2.7317
16:55,XRP,2.7323
16:56,XRP,2.7322
16:57,XRP,2.7306
16:58,XRP,2.7298
16:59,XRP,2.7296
17:00,XRP,2.73
17:01,XRP,2.728
17:02,XRP,2.7239
17:03,XRP,2.7252
17:04,XRP,2.7228
17:05,XRP,2.7185
17:06,XRP,2.7224
17:07,XRP,2.7185
17:08,XRP,2.7199
17:09,XRP,2.7206
17:10,XRP,2.7139
17:11,XRP,2.7198
17:12,XRP,2.7218
17:13,XRP,2.7173
17:14,XRP,2.7187
17:15,XRP,2.7203
17:16,XRP,2.7234
17:17,XRP,2.724
17:18,XRP,2.7253
17:19,XRP,2.7265
17:20,XRP,2.7182
17:21,XRP,2.7225
17:22,XRP,2.7273
17:23,XRP,2.7299
17:24,XRP,2.7273
17:25,XRP,2.727
17:26,XRP,2.7251
17:27,XRP,2.7274
17:28,XRP,2.7307
17:29,XRP,2.7297
17:30,XRP,2.7278
17:31,XRP,2.7298
17:32,XRP,2.7278
17:33,XRP,2.7261
17:34,XRP,2.7261
17:35,XRP,2.7226
17:36,XRP,2.7229
17:37,XRP,2.7235
17:38,XRP,2.7175
17:39,XRP,2.7169
17:40,XRP,2.7156
17:41,XRP,2.7181
17:42,XRP,2.7194
17:43,XRP,2.7191
17:44,XRP,2.7189
17:45,XRP,2.7159
17:46,XRP,2.7162
17:47,XRP,2.7188
17:48,XRP,2.7251
17:49,XRP,2.7223
17:50,XRP,2.7182
17:51,XRP,2.7203
17:52,XRP,2.7179
17:53,XRP,2.7217
17:54,XRP,2.7189
17:55,XRP,2.7228
17:56,XRP,2.7204
17:57,XRP,2.7221
17:58,XRP,2.7247
17:59,XRP,2.7234
18:00,XRP,2.7194
18:01,XRP,2.7178
18:02,XRP,2.7217
18:03,XRP,2.7186
18:04,XRP,2.7202
18:05,XRP,2.7204
18:06,XRP,2.7198
18:07,XRP,2.7216
18:08,XRP,2.7208
18:09,XRP,2.7209
18:10,XRP,2.7224
18:11,XRP,2.7181
18:12,XRP,2.719
18:13,XRP,2.718
18:14,XRP,2.7218
18:15,XRP,2.7222
18:16,XRP,2.7234
18:17,XRP,2.7211
18:18,XRP,2.7181
18:19,XRP,2.718
18:20,XRP,2.7232
18:21,XRP,2.7215
18:22,XRP,2.7266
18:23,XRP,2.7245
18:24,XRP,2.7273
18:25,XRP,2.7303
18:26,XRP,2.7314
18:27,XRP,2.7294
18:28,XRP,2.7276
18:29,XRP,2.7258
18:30,XRP,2.7258
18:31,XRP,2.7244
18:32,XRP,2.7237
18:33,XRP,2.7251
18:34,XRP,2.7212
18:35,XRP,2.7191
18:36,XRP,2.7154
18:37,XRP,2.7123
18:38,XRP,2.7105
18:39,XRP,2.7092
18:40,XRP,2.7127
18:41,XRP,2.7112
18:42,XRP,2.7101
18:43,XRP,2.7097
18:44,XRP,2.7081
18:45,XRP,2.7121
18:46,XRP,2.7124
18:47,XRP,2.7086
18:48,XRP,2.7046
18:49,XRP,2.711
18:50,XRP,2.7113
18:51,XRP,2.7114
18:52,XRP,2.7088
18:53,XRP,2.7094
18:54,XRP,2.7099
18:55,XRP,2.71
18:56,XRP,2.7103
18:57,XRP,2.7094
18:58,XRP,2.7088
18:59,XRP,2.7081
19:00,XRP,2.7102
19:01,XRP,2.7083
19:02,XRP,2.7108
19:03,XRP,2.71
19:04,XRP,2.7094
19:05,XRP,2.7061
19:06,XRP,2.7066
19:07,XRP,2.7063
19:08,XRP,2.6962
19:09,XRP,2.6993
19:10,XRP,2.7011
19:11,XRP,2.6958
19:12,XRP,2.6977
19:13,XRP,2.6976
19:14,XRP,2.6945
19:15,XRP,2.692
19:16,XRP,2.6903
19:17,XRP,2.6926
19:18,XRP,2.69
19:19,XRP,2.6881
19:20,XRP,2.6743
19:21,XRP,2.6778
19:22,XRP,2.6841
19:23,XRP,2.6809
19:24,XRP,2.687
19:25,XRP,2.6924
19:26,XRP,2.6925
19:27,XRP,2.6853
19:28,XRP,2.6781
19:29,XRP,2.6373
19:30,XRP,2.6682
19:31,XRP,2.6686
19:32,XRP,2.6646
19:33,XRP,2.6575
19:34,XRP,2.664
19:35,XRP,2.6641
19:36,XRP,2.6656
19:37,XRP,2.6654
19:38,XRP,2.6671
19:39,XRP,2.6671
19:40,XRP,2.6676
19:41,XRP,2.6792
19:42,XRP,2.6785
19:43,XRP,2.6792
19:44,XRP,2.6844
19:45,XRP,2.6852
19:46,XRP,2.681
19:47,XRP,2.6888
19:48,XRP,2.693
19:49,XRP,2.6904
19:50,XRP,2.6842
19:51,XRP,2.6821
19:52,XRP,2.6818
19:53,XRP,2.6802
19:54,XRP,2.677
19:55,XRP,2.6775
19:56,XRP,2.6768
19:57,XRP,2.6788
19:58,XRP,2.6805
19:59,XRP,2.6768
20:00,XRP,2.6741
20:01,XRP,2.6787
20:02,XRP,2.682
20:03,XRP,2.6815
20:04,XRP,2.6886
20:05,XRP,2.6873
20:06,XRP,2.6903
20:07,XRP,2.6887
20:08,XRP,2.6874
20:09,XRP,2.6852
20:10,XRP,2.6874
20:11,XRP,2.6888
20:12,XRP,2.6963
20:13,XRP,2.6952
20:14,XRP,2.6926
20:15,XRP,2.6941
20:16,XRP,2.694
20:17,XRP,2.6882
20:18,XRP,2.6872
20:19,XRP,2.6871
20:20,XRP,2.6849
20:21,XRP,2.6841
20:22,XRP,2.6853
20:23,XRP,2.6889
20:24,XRP,2.6889
20:25,XRP,2.6901
20:26,XRP,2.6916
20:27,XRP,2.694
20:28,XRP,2.6937
20:29,XRP,2.6966
20:30,XRP,2.6907
20:31,XRP,2.6897
20:32,XRP,2.6894
20:33,XRP,2.6903
20:34,XRP,2.6912
20:35,XRP,2.6915
20:36,XRP,2.6906
20:37,XRP,2.6878
20:38,XRP,2.6904
20:39,XRP,2.6915
20:40,XRP,2.6916
20:41,XRP,2.6938
20:42,XRP,2.6941
20:43,XRP,2.6966
20:44,XRP,2.6948
20:45,XRP,2.6948
20:46,XRP,2.6926
20:47,XRP,2.6959
20:48,XRP,2.6942
20:49,XRP,2.6947
20:50,XRP,2.6776
20:51,XRP,2.6751
20:52,XRP,2.6589
20:53,XRP,2.6448
20:54,XRP,2.6494
20:55,XRP,2.6224
20:56,XRP,2.5756
20:57,XRP,2.5754
20:58,XRP,2.5285
20:59,XRP,2.494
21:00,XRP,2.4571
21:01,XRP,2.5048
21:02,XRP,2.5184
21:03,XRP,2.5212
21:04,XRP,2.5428
21:05,XRP,2.5387
21:06,XRP,2.5362
21:07,XRP,2.5355
21:08,XRP,2.5318
21:09,XRP,2.5407
21:10,XRP,2.5355
21:11,XRP,2.5148
21:12,XRP,2.4566
21:13,XRP,2.3412
21:14,XRP,2.2821
21:15,XRP,2.2022
21:16,XRP,2.172
21:17,XRP,2.1975
21:18,XRP,2.0269
21:19,XRP,1.7952
21:20,XRP,1.4006
21:21,XRP,1.6535
21:22,XRP,1.6687
21:23,XRP,1.8163
21:24,XRP,1.8691
21:25,XRP,1.8905
21:26,XRP,1.809
21:27,XRP,1.7579
21:28,XRP,1.8339
21:29,XRP,1.9519
21:30,XRP,2.008
21:31,XRP,1.9601
21:32,XRP,1.9803
21:33,XRP,2.031
21:34,XRP,2.02
21:35,XRP,2.0168
21:36,XRP,1.9919
21:37,XRP,2.0
21:38,XRP,2.0001
21:39,XRP,2.0036
21:40,XRP,2.0564
21:41,XRP,2.1754
21:42,XRP,2.1815
21:43,XRP,2.2419
21:44,XRP,2.287
21:45,XRP,2.3189
21:46,XRP,2.3725
21:47,XRP,2.2473
21:48,XRP,2.2862
21:49,XRP,2.3293
21:50,XRP,2.3142
21:51,XRP,2.3649
21:52,XRP,2.3836
21:53,XRP,2.32
21:54,XRP,2.3244
21:55,XRP,2.332
21:56,XRP,2.3505
21:57,XRP,2.3417
21:58,XRP,2.3229
21:59,XRP,2.3251
22:00,XRP,2.3101
22:01,XRP,2.2723
22:02,XRP,2.2947
22:03,XRP,2.2917
22:04,XRP,2.2523
22:05,XRP,2.1125
22:06,XRP,2.174
22:07,XRP,2.2197
22:08,XRP,2.2291
22:09,XRP,2.2341
22:10,XRP,2.2448
22:11,XRP,2.271
22:12,XRP,2.2764
22:13,XRP,2.2846
22:14,XRP,2.3197
22:15,XRP,2.3064
22:16,XRP,2.3401
22:17,XRP,2.3309
22:18,XRP,2.3245
22:19,XRP,2.3128
22:20,XRP,2.3119
22:21,XRP,2.312
22:22,XRP,2.3014
22:23,XRP,2.2886
22:24,XRP,2.2917
22:25,XRP,2.2817
22:26,XRP,2.2431
22:27,XRP,2.2576
22:28,XRP,2.274
22:29,XRP,2.2987
22:30,XRP,2.2843
22:31,XRP,2.2991
22:32,XRP,2.29
22:33,XRP,2.2752
22:34,XRP,2.3122
22:35,XRP,2.3279
22:36,XRP,2.3115
22:37,XRP,2.3056
22:38,XRP,2.2965
22:39,XRP,2.2914
22:40,XRP,2.3238
22:41,XRP,2.3037
22:42,XRP,2.3106
22:43,XRP,2.3055
22:44,XRP,2.3093
22:45,XRP,2.2981
22:46,XRP,2.3018
22:47,XRP,2.3345
22:48,XRP,2.3374
22:49,XRP,2.3343
22:50,XRP,2.3359
22:51,XRP,2.3413
22:52,XRP,2.3412
22:53,XRP,2.3319
22:54,XRP,2.3308
22:55,XRP,2.3286
22:56,XRP,2.3237
22:57,XRP,2.3397
22:58,XRP,2.3373
22:59,XRP,2.3525
23:00,XRP,2.3426
23:01,XRP,2.3445
23:02,XRP,2.3386
23:03,XRP,2.3445
23:04,XRP,2.3328
23:05,XRP,2.3338
23:06,XRP,2.3259
23:07,XRP,2.3371
23:08,XRP,2.3401
23:09,XRP,2.321
23:10,XRP,2.3221
23:11,XRP,2.3268
23:12,XRP,2.3328
23:13,XRP,2.3392
23:14,XRP,2.3498
23:15,XRP,2.354
23:16,XRP,2.3537
23:17,XRP,2.3538
23:18,XRP,2.368
23:19,XRP,2.3737
23:20,XRP,2.3785
23:21,XRP,2.3754
23:22,XRP,2.3676
23:23,XRP,2.3714
23:24,XRP,2.377
23:25,XRP,2.3805
23:26,XRP,2.3842
23:27,XRP,2.378
23:28,XRP,2.3861
23:29,XRP,2.3896
23:30,XRP,2.3899
23:31,XRP,2.4061
23:32,XRP,2.399
23:33,XRP,2.4021
23:34,XRP,2.4056
23:35,XRP,2.42
23:36,XRP,2.4256
23:37,XRP,2.4261
23:38,XRP,2.4288
23:39,XRP,2.4308
23:40,XRP,2.4236
23:41,XRP,2.4274
23:42,XRP,2.4396
23:43,XRP,2.437
23:44,XRP,2.4362
23:45,XRP,2.4446
23:46,XRP,2.4352
23:47,XRP,2.4232
23:48,XRP,2.4149
23:49,XRP,2.3926
23:50,XRP,2.3971
23:51,XRP,2.3962
23:52,XRP,2.3833
23:53,XRP,2.3707
23:54,XRP,2.368
23:55,XRP,2.3618
23:56,XRP,2.345
23:57,XRP,2.3588
23:58,XRP,2.3664
23:59,XRP,2.3704
00:00,BNB,1255.29
00:01,BNB,1255.58
00:02,BNB,1257.74
00:03,BNB,1257.65
00:04,BNB,1257.48
00:05,BNB,1257.4
00:06,BNB,1258.21
00:07,BNB,1255.39
00:08,BNB,1255.69
00:09,BNB,1256.71
00:10,BNB,1256.09
00:11,BNB,1255.96
00:12,BNB,1256.16
00:13,BNB,1258.04
00:14,BNB,1258.56
00:15,BNB,1258.57
00:16,BNB,1258.77
00:17,BNB,1259.67
00:18,BNB,1261.12
00:19,BNB,1261.02
00:20,BNB,1261.67
00:21,BNB,1262.07
00:22,BNB,1261.21
00:23,BNB,1260.77
00:24,BNB,1263.74
00:25,BNB,1262.51
00:26,BNB,1265.0
00:27,BNB,1266.37
00:28,BNB,1268.43
00:29,BNB,1268.67
00:30,BNB,1267.3
00:31,BNB,1266.57
00:32,BNB,1265.01
00:33,BNB,1266.14
00:34,BNB,1265.66
00:35,BNB,1264.21
00:36,BNB,1264.1
00:37,BNB,1262.77
00:38,BNB,1263.67
00:39,BNB,1264.44
00:40,BNB,1263.48
00:41,BNB,1263.83
00:42,BNB,1263.5
00:43,BNB,1262.19
00:44,BNB,1263.0
00:45,BNB,1263.4
00:46,BNB,1262.97
00:47,BNB,1262.35
00:48,BNB,1259.68
00:49,BNB,1258.26
00:50,BNB,1259.31
00:51,BNB,1259.31
00:52,BNB,1259.89
00:53,BNB,1259.69
00:54,BNB,1259.29
00:55,BNB,1258.65
00:56,BNB,1258.24
00:57,BNB,1257.47
00:58,BNB,1258.05
00:59,BNB,1257.58
01:00,BNB,1257.75
01:01,BNB,1258.7
01:02,BNB,1259.46
01:03,BNB,1260.16
01:04,BNB,1260.0
01:05,BNB,1259.46
01:06,BNB,1259.24
01:07,BNB,1258.66
01:08,BNB,1258.03
01:09,BNB,1258.08
01:10,BNB,1258.92
01:11,BNB,1258.26
01:12,BNB,1258.27
01:13,BNB,1258.64
01:14,BNB,1259.41
01:15,BNB,1258.17
01:16,BNB,1258.57
01:17,BNB,1258.09
01:18,BNB,1257.94
01:19,BNB,1257.89
01:20,BNB,1258.0
01:21,BNB,1255.57
01:22,BNB,1254.57
01:23,BNB,1254.31
01:24,BNB,1255.24
01:25,BNB,1254.92
01:26,BNB,1254.56
01:27,BNB,1253.7
01:28,BNB,1254.39
01:29,BNB,1256.65
01:30,BNB,1257.56
01:31,BNB,1256.4
01:32,BNB,1255.74
01:33,BNB,1255.6
01:34,BNB,1255.18
01:35,BNB,1253.46
01:36,BNB,1253.08
01:37,BNB,1252.35
01:38,BNB,1252.42
01:39,BNB,1252.63
01:40,BNB,1250.96
01:41,BNB,1250.63
01:42,BNB,1251.72
01:43,BNB,1252.21
01:44,BNB,1251.87
01:45,BNB,1251.54
01:46,BNB,1250.68
01:47,BNB,1250.61
01:48,BNB,1249.66
01:49,BNB,1250.09
01:50,BNB,1248.13
01:51,BNB,1248.56
01:52,BNB,1250.3
01:53,BNB,1249.01
01:54,BNB,1250.23
01:55,BNB,1248.84
01:56,BNB,1249.59
01:57,BNB,1249.04
01:58,BNB,1249.98
01:59,BNB,1249.45
02:00,BNB,1250.86
02:01,BNB,1250.04
02:02,BNB,1248.95
02:03,BNB,1247.02
02:04,BNB,1246.98
02:05,BNB,1246.23
02:06,BNB,1246.33
02:07,BNB,1244.7
02:08,BNB,1244.1
02:09,BNB,1245.88
02:10,BNB,1246.44
02:11,BNB,1247.34
02:12,BNB,1247.09
02:13,BNB,1247.92
02:14,BNB,1248.29
02:15,BNB,1248.76
02:16,BNB,1249.71
02:17,BNB,1248.88
02:18,BNB,1250.09
02:19,BNB,1253.08
02:20,BNB,1252.84
02:21,BNB,1252.32
02:22,BNB,1251.58
02:23,BNB,1252.17
02:24,BNB,1252.16
02:25,BNB,1252.08
02:26,BNB,1252.0
02:27,BNB,1251.4
02:28,BNB,1251.95
02:29,BNB,1252.32
02:30,BNB,1253.0
02:31,BNB,1251.87
02:32,BNB,1250.69
02:33,BNB,1250.13
02:34,BNB,1249.94
02:35,BNB,1250.29
02:36,BNB,1250.95
02:37,BNB,1250.45
02:38,BNB,1250.66
02:39,BNB,1252.08
02:40,BNB,1251.45
02:41,BNB,1251.82
02:42,BNB,1251.18
02:43,BNB,1250.25
02:44,BNB,1250.38
02:45,BNB,1249.68
02:46,BNB,1248.35
02:47,BNB,1249.08
02:48,BNB,1250.23
02:49,BNB,1250.28
02:50,BNB,1249.78
02:51,BNB,1247.57
02:52,BNB,1246.92
02:53,BNB,1247.3
02:54,BNB,1248.0
02:55,BNB,1247.1
02:56,BNB,1246.86
02:57,BNB,1247.53
02:58,BNB,1246.83
02:59,BNB,1246.28
03:00,BNB,1247.7
03:01,BNB,1246.84
03:02,BNB,1247.09
03:03,BNB,1245.38
03:04,BNB,1245.17
03:05,BNB,1248.0
03:06,BNB,1248.15
03:07,BNB,1247.81
03:08,BNB,1246.59
03:09,BNB,1246.5
03:10,BNB,1246.58
03:11,BNB,1247.65
03:12,BNB,1248.16
03:13,BNB,1248.68
03:14,BNB,1249.38
03:15,BNB,1248.8
03:16,BNB,1248.0
03:17,BNB,1249.12
03:18,BNB,1250.04
03:19,BNB,1251.3
03:20,BNB,1252.2
03:21,BNB,1253.03
03:22,BNB,1251.68
03:23,BNB,1251.83
03:24,BNB,1252.67
03:25,BNB,1253.6
03:26,BNB,1253.69
03:27,BNB,1255.05
03:28,BNB,1255.4
03:29,BNB,1256.47
03:30,BNB,1258.08
03:31,BNB,1259.63
03:32,BNB,1258.52
03:33,BNB,1258.62
03:34,BNB,1258.84
03:35,BNB,1259.12
03:36,BNB,1259.21
03:37,BNB,1258.96
03:38,BNB,1258.52
03:39,BNB,1259.47
03:40,BNB,1258.79
03:41,BNB,1259.03
03:42,BNB,1259.77
03:43,BNB,1260.0
03:44,BNB,1261.85
03:45,BNB,1261.56
03:46,BNB,1261.83
03:47,BNB,1262.64
03:48,BNB,1262.59
03:49,BNB,1263.86
03:50,BNB,1264.42
03:51,BNB,1266.04
03:52,BNB,1263.7
03:53,BNB,1264.54
03:54,BNB,1261.92
03:55,BNB,1258.88
03:56,BNB,1259.12
03:57,BNB,1260.09
03:58,BNB,1260.25
03:59,BNB,1259.62
04:00,BNB,1260.23
04:01,BNB,1262.03
04:02,BNB,1260.84
04:03,BNB,1261.36
04:04,BNB,1261.52
04:05,BNB,1263.82
04:06,BNB,1263.23
04:07,BNB,1264.47
04:08,BNB,1264.28
04:09,BNB,1263.88
04:10,BNB,1265.23
04:11,BNB,1265.9
04:12,BNB,1267.64
04:13,BNB,1268.6
04:14,BNB,1267.0
04:15,BNB,1267.1
04:16,BNB,1264.99
04:17,BNB,1264.9
04:18,BNB,1264.52
04:19,BNB,1263.39
04:20,BNB,1264.82
04:21,BNB,1264.97
04:22,BNB,1265.45
04:23,BNB,1265.8
04:24,BNB,1264.86
04:25,BNB,1267.02
04:26,BNB,1267.7
04:27,BNB,1268.59
04:28,BNB,1268.43
04:29,BNB,1268.2
04:30,BNB,1271.7
04:31,BNB,1274.3
04:32,BNB,1274.54
04:33,BNB,1273.02
04:34,BNB,1273.41
04:35,BNB,1271.66
04:36,BNB,1268.54
04:37,BNB,1271.52
04:38,BNB,1270.7
04:39,BNB,1269.58
04:40,BNB,1271.04
04:41,BNB,1270.78
04:42,BNB,1272.06
04:43,BNB,1270.0
04:44,BNB,1269.08
04:45,BNB,1266.68
04:46,BNB,1265.39
04:47,BNB,1266.13
04:48,BNB,1266.75
04:49,BNB,1265.55
04:50,BNB,1266.01
04:51,BNB,1266.09
04:52,BNB,1266.09
04:53,BNB,1266.41
04:54,BNB,1265.75
04:55,BNB,1264.38
04:56,BNB,1264.74
04:57,BNB,1266.08
04:58,BNB,1266.66
04:59,BNB,1265.4
05:00,BNB,1263.9
05:01,BNB,1263.19
05:02,BNB,1263.37
05:03,BNB,1262.46
05:04,BNB,1262.24
05:05,BNB,1260.14
05:06,BNB,1260.64
05:07,BNB,1260.53
05:08,BNB,1260.59
05:09,BNB,1261.63
05:10,BNB,1261.38
05:11,BNB,1261.62
05:12,BNB,1262.79
05:13,BNB,1263.37
05:14,BNB,1262.53
05:15,BNB,1263.76
05:16,BNB,1263.55
05:17,BNB,1265.16
05:18,BNB,1265.54
05:19,BNB,1265.28
05:20,BNB,1266.75
05:21,BNB,1267.89
05:22,BNB,1266.61
05:23,BNB,1268.53
05:24,BNB,1269.17
05:25,BNB,1268.47
05:26,BNB,1267.81
05:27,BNB,1268.19
05:28,BNB,1268.46
05:29,BNB,1268.99
05:30,BNB,1269.55
05:31,BNB,1269.79
05:32,BNB,1266.62
05:33,BNB,1267.51
05:34,BNB,1267.61
05:35,BNB,1266.65
05:36,BNB,1267.09
05:37,BNB,1268.1
05:38,BNB,1267.56
05:39,BNB,1268.24
05:40,BNB,1269.0
05:41,BNB,1269.04
05:42,BNB,1269.42
05:43,BNB,1270.69
05:44,BNB,1271.99
05:45,BNB,1273.08
05:46,BNB,1272.55
05:47,BNB,1271.56
05:48,BNB,1272.02
05:49,BNB,1272.74
05:50,BNB,1273.62
05:51,BNB,1272.27
05:52,BNB,1272.11
05:53,BNB,1272.6
05:54,BNB,1272.79
05:55,BNB,1270.92
05:56,BNB,1270.91
05:57,BNB,1271.14
05:58,BNB,1271.13
05:59,BNB,1271.1
06:00,BNB,1272.39
06:01,BNB,1271.41
06:02,BNB,1272.49
06:03,BNB,1272.99
06:04,BNB,1273.16
06:05,BNB,1273.77
06:06,BNB,1273.6
06:07,BNB,1275.09
06:08,BNB,1276.53
06:09,BNB,1274.92
06:10,BNB,1274.2
06:11,BNB,1273.97
06:12,BNB,1274.4
06:13,BNB,1274.56
06:14,BNB,1275.55
06:15,BNB,1277.81
06:16,BNB,1276.32
06:17,BNB,1274.66
06:18,BNB,1274.83
06:19,BNB,1272.94
06:20,BNB,1273.13
06:21,BNB,1272.79
06:22,BNB,1273.34
06:23,BNB,1272.48
06:24,BNB,1272.88
06:25,BNB,1274.07
06:26,BNB,1273.33
06:27,BNB,1273.92
06:28,BNB,1272.32
06:29,BNB,1272.79
06:30,BNB,1272.63
06:31,BNB,1272.28
06:32,BNB,1271.28
06:33,BNB,1272.71
06:34,BNB,1275.58
06:35,BNB,1273.75
06:36,BNB,1272.3
06:37,BNB,1270.88
06:38,BNB,1270.63
06:39,BNB,1272.59
06:40,BNB,1273.53
06:41,BNB,1274.03
06:42,BNB,1275.4
06:43,BNB,1275.21
06:44,BNB,1274.77
06:45,BNB,1276.53
06:46,BNB,1275.34
06:47,BNB,1274.47
06:48,BNB,1272.35
06:49,BNB,1271.56
06:50,BNB,1270.74
06:51,BNB,1271.36
06:52,BNB,1270.38
06:53,BNB,1271.19
06:54,BNB,1270.53
06:55,BNB,1269.9
06:56,BNB,1269.71
06:57,BNB,1269.81
06:58,BNB,1269.04
06:59,BNB,1268.31
07:00,BNB,1269.77
07:01,BNB,1266.6
07:02,BNB,1267.55
07:03,BNB,1267.58
07:04,BNB,1267.56
07:05,BNB,1268.0
07:06,BNB,1266.64
07:07,BNB,1266.32
07:08,BNB,1265.87
07:09,BNB,1267.31
07:10,BNB,1268.56
07:11,BNB,1268.7
07:12,BNB,1269.42
07:13,BNB,1270.37
07:14,BNB,1273.36
07:15,BNB,1270.47
07:16,BNB,1269.59
07:17,BNB,1269.35
07:18,BNB,1267.7
07:19,BNB,1269.71
07:20,BNB,1268.87
07:21,BNB,1269.54
07:22,BNB,1266.92
07:23,BNB,1267.24
07:24,BNB,1266.89
07:25,BNB,1265.78
07:26,BNB,1267.03
07:27,BNB,1267.1
07:28,BNB,1266.99
07:29,BNB,1268.01
07:30,BNB,1269.16
07:31,BNB,1266.14
07:32,BNB,1265.78
07:33,BNB,1264.93
07:34,BNB,1265.05
07:35,BNB,1265.34
07:36,BNB,1265.94
07:37,BNB,1264.86
07:38,BNB,1264.47
07:39,BNB,1265.99
07:40,BNB,1263.79
07:41,BNB,1264.05
07:42,BNB,1263.57
07:43,BNB,1264.81
07:44,BNB,1265.2
07:45,BNB,1263.79
07:46,BNB,1261.67
07:47,BNB,1263.59
07:48,BNB,1263.66
07:49,BNB,1263.77
07:50,BNB,1263.76
07:51,BNB,1263.64
07:52,BNB,1265.32
07:53,BNB,1266.36
07:54,BNB,1266.12
07:55,BNB,1266.36
07:56,BNB,1266.0
07:57,BNB,1264.64
07:58,BNB,1264.12
07:59,BNB,1263.75
08:00,BNB,1265.82
08:01,BNB,1267.94
08:02,BNB,1267.84
08:03,BNB,1267.22
08:04,BNB,1266.31
08:05,BNB,1264.72
08:06,BNB,1264.47
08:07,BNB,1263.57
08:08,BNB,1263.53
08:09,BNB,1263.73
08:10,BNB,1263.95
08:11,BNB,1263.5
08:12,BNB,1262.34
08:13,BNB,1263.51
08:14,BNB,1263.23
08:15,BNB,1265.37
08:16,BNB,1266.85
08:17,BNB,1268.28
08:18,BNB,1268.72
08:19,BNB,1269.03
08:20,BNB,1268.94
08:21,BNB,1267.76
08:22,BNB,1267.38
08:23,BNB,1267.87
08:24,BNB,1267.26
08:25,BNB,1266.94
08:26,BNB,1266.4
08:27,BNB,1266.8
08:28,BNB,1266.64
08:29,BNB,1266.4
08:30,BNB,1268.0
08:31,BNB,1266.93
08:32,BNB,1265.17
08:33,BNB,1264.59
08:34,BNB,1264.17
08:35,BNB,1264.58
08:36,BNB,1264.62
08:37,BNB,1263.64
08:38,BNB,1264.68
08:39,BNB,1264.54
08:40,BNB,1263.83
08:41,BNB,1262.4
08:42,BNB,1263.02
08:43,BNB,1264.35
08:44,BNB,1264.85
08:45,BNB,1264.93
08:46,BNB,1265.01
08:47,BNB,1264.9
08:48,BNB,1264.78
08:49,BNB,1264.46
08:50,BNB,1265.66
08:51,BNB,1266.38
08:52,BNB,1266.41
08:53,BNB,1265.87
08:54,BNB,1266.57
08:55,BNB,1266.95
08:56,BNB,1267.0
08:57,BNB,1267.06
08:58,BNB,1267.52
08:59,BNB,1267.01
09:00,BNB,1265.91
09:01,BNB,1265.81
09:02,BNB,1264.29
09:03,BNB,1264.21
09:04,BNB,1262.83
09:05,BNB,1262.56
09:06,BNB,1261.91
09:07,BNB,1260.91
09:08,BNB,1260.01
09:09,BNB,1261.08
09:10,BNB,1260.22
09:11,BNB,1259.6
09:12,BNB,1258.49
09:13,BNB,1258.82
09:14,BNB,1258.85
09:15,BNB,1259.48
09:16,BNB,1258.46
09:17,BNB,1258.96
09:18,BNB,1257.96
09:19,BNB,1257.05
09:20,BNB,1256.52
09:21,BNB,1255.81
09:22,BNB,1255.81
09:23,BNB,1256.17
09:24,BNB,1256.44
09:25,BNB,1256.95
09:26,BNB,1258.23
09:27,BNB,1259.24
09:28,BNB,1260.1
09:29,BNB,1259.89
09:30,BNB,1259.47
09:31,BNB,1258.67
09:32,BNB,1258.3
09:33,BNB,1258.64
09:34,BNB,1258.49
09:35,BNB,1257.48
09:36,BNB,1257.32
09:37,BNB,1257.14
09:38,BNB,1257.53
09:39,BNB,1257.88
09:40,BNB,1255.24
09:41,BNB,1251.87
09:42,BNB,1252.58
09:43,BNB,1252.87
09:44,BNB,1253.1
09:45,BNB,1252.32
09:46,BNB,1252.32
09:47,BNB,1252.35
09:48,BNB,1250.79
09:49,BNB,1250.66
09:50,BNB,1250.76
09:51,BNB,1250.31
09:52,BNB,1248.34
09:53,BNB,1248.05
09:54,BNB,1248.85
09:55,BNB,1249.71
09:56,BNB,1248.48
09:57,BNB,1248.68
09:58,BNB,1248.18
09:59,BNB,1248.96
10:00,BNB,1248.53
10:01,BNB,1250.08
10:02,BNB,1250.57
10:03,BNB,1250.06
10:04,BNB,1249.72
10:05,BNB,1250.76
10:06,BNB,1251.1
10:07,BNB,1250.79
10:08,BNB,1250.48
10:09,BNB,1250.99
10:10,BNB,1250.17
10:11,BNB,1251.17
10:12,BNB,1250.48
10:13,BNB,1250.08
10:14,BNB,1249.62
10:15,BNB,1249.67
10:16,BNB,1249.25
10:17,BNB,1249.66
10:18,BNB,1250.09
10:19,BNB,1249.52
10:20,BNB,1248.56
10:21,BNB,1248.5
10:22,BNB,1247.48
10:23,BNB,1247.04
10:24,BNB,1246.86
10:25,BNB,1246.54
10:26,BNB,1246.74
10:27,BNB,1246.16
10:28,BNB,1245.98
10:29,BNB,1246.38
10:30,BNB,1246.9
10:31,BNB,1247.04
10:32,BNB,1248.11
10:33,BNB,1248.56
10:34,BNB,1248.12
10:35,BNB,1248.14
10:36,BNB,1247.7
10:37,BNB,1248.53
10:38,BNB,1248.38
10:39,BNB,1248.15
10:40,BNB,1248.26
10:41,BNB,1248.4
10:42,BNB,1249.78
10:43,BNB,1249.73
10:44,BNB,1249.82
10:45,BNB,1250.26
10:46,BNB,1250.27
10:47,BNB,1249.69
10:48,BNB,1250.06
10:49,BNB,1251.21
10:50,BNB,1251.81
10:51,BNB,1252.16
10:52,BNB,1251.47
10:53,BNB,1251.27
10:54,BNB,1250.6
10:55,BNB,1251.68
10:56,BNB,1251.36
10:57,BNB,1250.69
10:58,BNB,1250.27
10:59,BNB,1251.41
11:00,BNB,1250.88
11:01,BNB,1251.07
11:02,BNB,1251.37
11:03,BNB,1254.71
11:04,BNB,1256.94
11:05,BNB,1257.97
11:06,BNB,1259.49
11:07,BNB,1267.4
11:08,BNB,1271.01
11:09,BNB,1272.35
11:10,BNB,1268.9
11:11,BNB,1265.89
11:12,BNB,1267.61
11:13,BNB,1266.37
11:14,BNB,1266.0
11:15,BNB,1266.41
11:16,BNB,1268.93
11:17,BNB,1268.8
11:18,BNB,1266.66
11:19,BNB,1264.17
11:20,BNB,1264.81
11:21,BNB,1263.86
11:22,BNB,1263.24
11:23,BNB,1262.73
11:24,BNB,1263.41
11:25,BNB,1263.86
11:26,BNB,1263.99
11:27,BNB,1265.0
11:28,BNB,1264.18
11:29,BNB,1264.49
11:30,BNB,1265.79
11:31,BNB,1267.56
11:32,BNB,1267.03
11:33,BNB,1266.42
11:34,BNB,1267.14
11:35,BNB,1267.52
11:36,BNB,1268.49
11:37,BNB,1268.24
11:38,BNB,1267.51
11:39,BNB,1267.82
11:40,BNB,1268.07
11:41,BNB,1269.17
11:42,BNB,1268.26
11:43,BNB,1268.0
11:44,BNB,1269.68
11:45,BNB,1268.46
11:46,BNB,1267.7
11:47,BNB,1267.36
11:48,BNB,1267.23
11:49,BNB,1267.62
11:50,BNB,1268.03
11:51,BNB,1271.41
11:52,BNB,1273.47
11:53,BNB,1272.38
11:54,BNB,1272.26
11:55,BNB,1272.0
11:56,BNB,1271.47
11:57,BNB,1270.34
11:58,BNB,1270.13
11:59,BNB,1270.71
12:00,BNB,1268.54
12:01,BNB,1269.48
12:02,BNB,1269.21
12:03,BNB,1271.11
12:04,BNB,1271.75
12:05,BNB,1271.42
12:06,BNB,1270.58
12:07,BNB,1272.37
12:08,BNB,1273.54
12:09,BNB,1272.21
12:10,BNB,1272.14
12:11,BNB,1272.25
12:12,BNB,1272.99
12:13,BNB,1271.87
12:14,BNB,1272.06
12:15,BNB,1270.85
12:16,BNB,1270.56
12:17,BNB,1271.6
12:18,BNB,1271.93
12:19,BNB,1272.25
12:20,BNB,1272.17
12:21,BNB,1273.47
12:22,BNB,1273.02
12:23,BNB,1271.58
12:24,BNB,1270.7
12:25,BNB,1271.56
12:26,BNB,1272.15
12:27,BNB,1272.17
12:28,BNB,1272.33
12:29,BNB,1270.94
12:30,BNB,1269.18
12:31,BNB,1266.95
12:32,BNB,1267.41
12:33,BNB,1268.88
12:34,BNB,1269.08
12:35,BNB,1268.89
12:36,BNB,1268.59
12:37,BNB,1268.75
12:38,BNB,1269.53
12:39,BNB,1271.4
12:40,BNB,1270.3
12:41,BNB,1270.51
12:42,BNB,1268.83
12:43,BNB,1269.46
12:44,BNB,1269.36
12:45,BNB,1269.01
12:46,BNB,1268.73
12:47,BNB,1268.95
12:48,BNB,1271.5
12:49,BNB,1271.69
12:50,BNB,1272.4
12:51,BNB,1273.26
12:52,BNB,1271.97
12:53,BNB,1271.95
12:54,BNB,1271.09
12:55,BNB,1271.39
12:56,BNB,1271.83
12:57,BNB,1271.15
12:58,BNB,1270.99
12:59,BNB,1270.05
13:00,BNB,1270.24
13:01,BNB,1269.67
13:02,BNB,1270.5
13:03,BNB,1271.15
13:04,BNB,1271.51
13:05,BNB,1269.71
13:06,BNB,1270.1
13:07,BNB,1271.12
13:08,BNB,1270.95
13:09,BNB,1269.12
13:10,BNB,1267.96
13:11,BNB,1268.0
13:12,BNB,1268.31
13:13,BNB,1267.92
13:14,BNB,1268.39
13:15,BNB,1268.85
13:16,BNB,1267.14
13:17,BNB,1267.56
13:18,BNB,1267.88
13:19,BNB,1268.73
13:20,BNB,1268.76
13:21,BNB,1269.3
13:22,BNB,1268.88
13:23,BNB,1269.26
13:24,BNB,1268.26
13:25,BNB,1268.35
13:26,BNB,1269.78
13:27,BNB,1269.56
13:28,BNB,1268.15
13:29,BNB,1268.84
13:30,BNB,1264.21
13:31,BNB,1263.76
13:32,BNB,1262.26
13:33,BNB,1261.54
13:34,BNB,1262.87
13:35,BNB,1262.04
13:36,BNB,1260.29
13:37,BNB,1260.98
13:38,BNB,1264.3
13:39,BNB,1264.87
13:40,BNB,1262.35
13:41,BNB,1261.57
13:42,BNB,1261.99
13:43,BNB,1261.56
13:44,BNB,1259.51
13:45,BNB,1258.86
13:46,BNB,1258.31
13:47,BNB,1258.0
13:48,BNB,1256.76
13:49,BNB,1255.38
13:50,BNB,1255.21
13:51,BNB,1251.15
13:52,BNB,1250.74
13:53,BNB,1250.08
13:54,BNB,1248.14
13:55,BNB,1249.21
13:56,BNB,1249.57
13:57,BNB,1250.03
13:58,BNB,1250.74
13:59,BNB,1251.92
14:00,BNB,1253.52
14:01,BNB,1250.31
14:02,BNB,1254.54
14:03,BNB,1252.73
14:04,BNB,1254.84
14:05,BNB,1254.17
14:06,BNB,1255.39
14:07,BNB,1255.95
14:08,BNB,1255.38
14:09,BNB,1254.39
14:10,BNB,1253.28
14:11,BNB,1254.7
14:12,BNB,1253.88
14:13,BNB,1253.33
14:14,BNB,1253.29
14:15,BNB,1253.6
14:16,BNB,1251.12
14:17,BNB,1249.12
14:18,BNB,1249.71
14:19,BNB,1248.42
14:20,BNB,1249.67
14:21,BNB,1250.6
14:22,BNB,1249.68
14:23,BNB,1248.65
14:24,BNB,1250.05
14:25,BNB,1250.33
14:26,BNB,1251.75
14:27,BNB,1249.99
14:28,BNB,1249.82
14:29,BNB,1249.73
14:30,BNB,1251.33
14:31,BNB,1251.72
14:32,BNB,1252.34
14:33,BNB,1251.77
14:34,BNB,1253.79
14:35,BNB,1252.04
14:36,BNB,1251.02
14:37,BNB,1252.87
14:38,BNB,1253.01
14:39,BNB,1252.74
14:40,BNB,1252.42
14:41,BNB,1251.99
14:42,BNB,1250.77
14:43,BNB,1252.01
14:44,BNB,1251.09
14:45,BNB,1250.33
14:46,BNB,1249.37
14:47,BNB,1251.16
14:48,BNB,1252.27
14:49,BNB,1252.87
14:50,BNB,1253.21
14:51,BNB,1252.21
14:52,BNB,1250.82
14:53,BNB,1251.71
14:54,BNB,1250.49
14:55,BNB,1249.8
14:56,BNB,1249.32
14:57,BNB,1245.0
14:58,BNB,1243.37
14:59,BNB,1241.54
15:00,BNB,1237.62
15:01,BNB,1238.65
15:02,BNB,1236.88
15:03,BNB,1235.6
15:04,BNB,1233.35
15:05,BNB,1233.24
15:06,BNB,1235.11
15:07,BNB,1236.07
15:08,BNB,1233.25
15:09,BNB,1233.58
15:10,BNB,1236.53
15:11,BNB,1236.52
15:12,BNB,1235.63
15:13,BNB,1236.09
15:14,BNB,1233.38
15:15,BNB,1234.95
15:16,BNB,1232.66
15:17,BNB,1231.92
15:18,BNB,1228.15
15:19,BNB,1225.69
15:20,BNB,1225.9
15:21,BNB,1221.82
15:22,BNB,1223.79
15:23,BNB,1224.88
15:24,BNB,1225.0
15:25,BNB,1224.06
15:26,BNB,1220.92
15:27,BNB,1225.38
15:28,BNB,1225.13
15:29,BNB,1222.3
15:30,BNB,1214.36
15:31,BNB,1208.66
15:32,BNB,1212.3
15:33,BNB,1212.63
15:34,BNB,1208.36
15:35,BNB,1212.54
15:36,BNB,1215.0
15:37,BNB,1216.11
15:38,BNB,1214.09
15:39,BNB,1218.81
15:40,BNB,1215.07
15:41,BNB,1217.82
15:42,BNB,1217.52
15:43,BNB,1221.18
15:44,BNB,1225.69
15:45,BNB,1221.71
15:46,BNB,1223.21
15:47,BNB,1220.16
15:48,BNB,1219.98
15:49,BNB,1218.81
15:50,BNB,1218.57
15:51,BNB,1217.27
15:52,BNB,1216.89
15:53,BNB,1217.37
15:54,BNB,1218.87
15:55,BNB,1216.22
15:56,BNB,1215.66
15:57,BNB,1215.45
15:58,BNB,1217.61
15:59,BNB,1215.49
16:00,BNB,1214.19
16:01,BNB,1215.29
16:02,BNB,1215.43
16:03,BNB,1217.55
16:04,BNB,1217.41
16:05,BNB,1221.8
16:06,BNB,1222.16
16:07,BNB,1221.47
16:08,BNB,1223.9
16:09,BNB,1223.8
16:10,BNB,1220.68
16:11,BNB,1221.89
16:12,BNB,1222.7
16:13,BNB,1224.97
16:14,BNB,1223.7
16:15,BNB,1222.61
16:16,BNB,1221.16
16:17,BNB,1221.46
16:18,BNB,1221.78
16:19,BNB,1222.89
16:20,BNB,1223.04
16:21,BNB,1225.4
16:22,BNB,1226.72
16:23,BNB,1230.53
16:24,BNB,1231.1
16:25,BNB,1231.45
16:26,BNB,1232.42
16:27,BNB,1233.52
16:28,BNB,1230.72
16:29,BNB,1231.28
16:30,BNB,1231.46
16:31,BNB,1232.25
16:32,BNB,1236.45
16:33,BNB,1237.28
16:34,BNB,1239.43
16:35,BNB,1238.8
16:36,BNB,1239.97
16:37,BNB,1241.33
16:38,BNB,1241.58
16:39,BNB,1239.08
16:40,BNB,1236.55
16:41,BNB,1235.36
16:42,BNB,1234.0
16:43,BNB,1233.26
16:44,BNB,1233.37
16:45,BNB,1233.49
16:46,BNB,1234.0
16:47,BNB,1234.02
16:48,BNB,1223.92
16:49,BNB,1226.22
16:50,BNB,1227.71
16:51,BNB,1227.67
16:52,BNB,1228.3
16:53,BNB,1225.75
16:54,BNB,1225.97
16:55,BNB,1224.24
16:56,BNB,1225.42
16:57,BNB,1226.06
16:58,BNB,1226.32
16:59,BNB,1227.15
17:00,BNB,1226.46
17:01,BNB,1226.35
17:02,BNB,1225.99
17:03,BNB,1227.51
17:04,BNB,1227.12
17:05,BNB,1226.87
17:06,BNB,1231.04
17:07,BNB,1228.61
17:08,BNB,1231.77
17:09,BNB,1230.8
17:10,BNB,1229.98
17:11,BNB,1230.75
17:12,BNB,1231.56
17:13,BNB,1228.32
17:14,BNB,1228.18
17:15,BNB,1229.08
17:16,BNB,1230.05
17:17,BNB,1228.9
17:18,BNB,1227.99
17:19,BNB,1227.15
17:20,BNB,1223.21
17:21,BNB,1225.33
17:22,BNB,1227.08
17:23,BNB,1228.56
17:24,BNB,1225.55
17:25,BNB,1225.57
17:26,BNB,1224.88
17:27,BNB,1226.88
17:28,BNB,1227.89
17:29,BNB,1229.22
17:30,BNB,1228.04
17:31,BNB,1228.71
17:32,BNB,1227.27
17:33,BNB,1226.06
17:34,BNB,1226.37
17:35,BNB,1226.1
17:36,BNB,1225.99
17:37,BNB,1226.46
17:38,BNB,1223.98
17:39,BNB,1225.91
17:40,BNB,1224.81
17:41,BNB,1227.06
17:42,BNB,1227.74
17:43,BNB,1226.83
17:44,BNB,1226.48
17:45,BNB,1225.49
17:46,BNB,1225.36
17:47,BNB,1226.27
17:48,BNB,1227.42
17:49,BNB,1227.36
17:50,BNB,1226.88
17:51,BNB,1227.67
17:52,BNB,1226.03
17:53,BNB,1227.59
17:54,BNB,1226.6
17:55,BNB,1228.56
17:56,BNB,1227.43
17:57,BNB,1228.16
17:58,BNB,1229.88
17:59,BNB,1228.19
18:00,BNB,1227.25
18:01,BNB,1227.41
18:02,BNB,1228.48
18:03,BNB,1226.84
18:04,BNB,1227.11
18:05,BNB,1227.05
18:06,BNB,1226.65
18:07,BNB,1228.52
18:08,BNB,1227.42
18:09,BNB,1228.24
18:10,BNB,1228.8
18:11,BNB,1228.38
18:12,BNB,1228.25
18:13,BNB,1227.5
18:14,BNB,1228.84
18:15,BNB,1228.65
18:16,BNB,1228.66
18:17,BNB,1227.6
18:18,BNB,1226.68
18:19,BNB,1227.27
18:20,BNB,1228.68
18:21,BNB,1227.88
18:22,BNB,1232.39
18:23,BNB,1233.05
18:24,BNB,1233.62
18:25,BNB,1232.73
18:26,BNB,1233.34
18:27,BNB,1232.5
18:28,BNB,1230.6
18:29,BNB,1230.64
18:30,BNB,1231.35
18:31,BNB,1232.35
18:32,BNB,1232.65
18:33,BNB,1232.58
18:34,BNB,1231.5
18:35,BNB,1232.13
18:36,BNB,1232.15
18:37,BNB,1231.02
18:38,BNB,1230.68
18:39,BNB,1228.98
18:40,BNB,1229.85
18:41,BNB,1229.16
18:42,BNB,1231.0
18:43,BNB,1231.1
18:44,BNB,1229.93
18:45,BNB,1228.99
18:46,BNB,1228.21
18:47,BNB,1226.83
18:48,BNB,1223.76
18:49,BNB,1225.98
18:50,BNB,1224.75
18:51,BNB,1224.65
18:52,BNB,1223.58
18:53,BNB,1223.93
18:54,BNB,1224.37
18:55,BNB,1225.49
18:56,BNB,1225.36
18:57,BNB,1224.5
18:58,BNB,1223.54
18:59,BNB,1222.22
19:00,BNB,1223.37
19:01,BNB,1223.12
19:02,BNB,1223.83
19:03,BNB,1223.4
19:04,BNB,1222.92
19:05,BNB,1222.35
19:06,BNB,1222.79
19:07,BNB,1221.82
19:08,BNB,1219.87
19:09,BNB,1220.66
19:10,BNB,1222.39
19:11,BNB,1223.96
19:12,BNB,1226.1
19:13,BNB,1225.08
19:14,BNB,1224.28
19:15,BNB,1225.16
19:16,BNB,1226.04
19:17,BNB,1229.04
19:18,BNB,1227.03
19:19,BNB,1227.87
19:20,BNB,1225.41
19:21,BNB,1223.4
19:22,BNB,1224.21
19:23,BNB,1220.47
19:24,BNB,1223.19
19:25,BNB,1222.12
19:26,BNB,1222.43
19:27,BNB,1221.9
19:28,BNB,1218.16
19:29,BNB,1210.06
19:30,BNB,1216.38
19:31,BNB,1216.01
19:32,BNB,1215.54
19:33,BNB,1212.8
19:34,BNB,1215.11
19:35,BNB,1215.61
19:36,BNB,1217.8
19:37,BNB,1217.92
19:38,BNB,1217.53
19:39,BNB,1216.88
19:40,BNB,1216.09
19:41,BNB,1219.28
19:42,BNB,1219.93
19:43,BNB,1220.7
19:44,BNB,1223.45
19:45,BNB,1223.93
19:46,BNB,1222.53
19:47,BNB,1224.6
19:48,BNB,1226.95
19:49,BNB,1226.86
19:50,BNB,1224.24
19:51,BNB,1222.47
19:52,BNB,1222.81
19:53,BNB,1222.36
19:54,BNB,1221.32
19:55,BNB,1221.73
19:56,BNB,1229.43
19:57,BNB,1239.94
19:58,BNB,1235.1
19:59,BNB,1235.58
20:00,BNB,1231.8
20:01,BNB,1234.87
20:02,BNB,1239.39
20:03,BNB,1238.35
20:04,BNB,1240.12
20:05,BNB,1235.95
20:06,BNB,1237.78
20:07,BNB,1237.79
20:08,BNB,1234.61
20:09,BNB,1230.94
20:10,BNB,1232.92
20:11,BNB,1233.05
20:12,BNB,1234.17
20:13,BNB,1235.5
20:14,BNB,1235.91
20:15,BNB,1235.41
20:16,BNB,1236.19
20:17,BNB,1233.6
20:18,BNB,1231.3
20:19,BNB,1231.22
20:20,BNB,1230.91
20:21,BNB,1231.0
20:22,BNB,1232.4
20:23,BNB,1234.15
20:24,BNB,1234.16
20:25,BNB,1233.55
20:26,BNB,1233.63
20:27,BNB,1235.13
20:28,BNB,1234.23
20:29,BNB,1235.0
20:30,BNB,1232.36
20:31,BNB,1231.59
20:32,BNB,1231.17
20:33,BNB,1230.63
20:34,BNB,1231.27
20:35,BNB,1230.58
20:36,BNB,1230.4
20:37,BNB,1229.5
20:38,BNB,1229.97
20:39,BNB,1230.34
20:40,BNB,1231.98
20:41,BNB,1231.92
20:42,BNB,1232.01
20:43,BNB,1234.67
20:44,BNB,1234.2
20:45,BNB,1234.23
20:46,BNB,1231.73
20:47,BNB,1233.12
20:48,BNB,1232.1
20:49,BNB,1232.27
20:50,BNB,1225.93
20:51,BNB,1222.67
20:52,BNB,1217.06
20:53,BNB,1210.53
20:54,BNB,1214.3
20:55,BNB,1210.99
20:56,BNB,1208.94
20:57,BNB,1208.68
20:58,BNB,1204.46
20:59,BNB,1198.33
21:00,BNB,1198.97
21:01,BNB,1199.98
21:02,BNB,1195.99
21:03,BNB,1189.95
21:04,BNB,1193.75
21:05,BNB,1190.48
21:06,BNB,1187.53
21:07,BNB,1190.0
21:08,BNB,1188.45
21:09,BNB,1192.05
21:10,BNB,1190.27
21:11,BNB,1173.91
21:12,BNB,1150.0
21:13,BNB,1124.56
21:14,BNB,1114.35
21:15,BNB,1105.39
21:16,BNB,1017.31
21:17,BNB,1009.91
21:18,BNB,947.67
21:19,BNB,880.89
21:20,BNB,914.57
21:21,BNB,983.39
21:22,BNB,1039.71
21:23,BNB,1045.3
21:24,BNB,1086.15
21:25,BNB,1063.8
21:26,BNB,1025.0
21:27,BNB,1008.0
21:28,BNB,1002.63
21:29,BNB,975.0
21:30,BNB,1006.49
21:31,BNB,1030.86
21:32,BNB,1051.45
21:33,BNB,1056.76
21:34,BNB,1048.74
21:35,BNB,1074.47
21:36,BNB,1054.17
21:37,BNB,1059.58
21:38,BNB,1029.2
21:39,BNB,1029.56
21:40,BNB,1060.84
21:41,BNB,1078.84
21:42,BNB,1083.6
21:43,BNB,1075.19
21:44,BNB,1092.8
21:45,BNB,1118.71
21:46,BNB,1128.06
21:47,BNB,1120.09
21:48,BNB,1108.19
21:49,BNB,1105.8
21:50,BNB,1109.76
21:51,BNB,1114.72
21:52,BNB,1109.72
21:53,BNB,1101.49
21:54,BNB,1111.83
21:55,BNB,1118.01
21:56,BNB,1121.67
21:57,BNB,1122.22
21:58,BNB,1116.1
21:59,BNB,1107.3
22:00,BNB,1098.3
22:01,BNB,1084.33
22:02,BNB,1083.97
22:03,BNB,1081.69
22:04,BNB,1082.28
22:05,BNB,1057.06
22:06,BNB,1073.41
22:07,BNB,1075.86
22:08,BNB,1077.88
22:09,BNB,1070.96
22:10,BNB,1082.95
22:11,BNB,1093.51
22:12,BNB,1097.34
22:13,BNB,1098.1
22:14,BNB,1096.15
22:15,BNB,1102.93
22:16,BNB,1095.56
22:17,BNB,1092.18
22:18,BNB,1091.95
22:19,BNB,1081.17
22:20,BNB,1072.19
22:21,BNB,1081.24
22:22,BNB,1075.77
22:23,BNB,1067.09
22:24,BNB,1072.86
22:25,BNB,1070.11
22:26,BNB,1061.36
22:27,BNB,1064.08
22:28,BNB,1068.6
22:29,BNB,1073.45
22:30,BNB,1068.61
22:31,BNB,1076.43
22:32,BNB,1086.12
22:33,BNB,1075.29
22:34,BNB,1083.58
22:35,BNB,1084.83
22:36,BNB,1083.41
22:37,BNB,1085.11
22:38,BNB,1092.4
22:39,BNB,1100.77
22:40,BNB,1103.38
22:41,BNB,1100.95
22:42,BNB,1104.71
22:43,BNB,1101.7
22:44,BNB,1111.0
22:45,BNB,1110.5
22:46,BNB,1117.04
22:47,BNB,1135.93
22:48,BNB,1141.95
22:49,BNB,1131.57
22:50,BNB,1127.84
22:51,BNB,1125.46
22:52,BNB,1124.01
22:53,BNB,1119.37
22:54,BNB,1119.74
22:55,BNB,1117.58
22:56,BNB,1110.39
22:57,BNB,1113.06
22:58,BNB,1114.25
22:59,BNB,1110.8
23:00,BNB,1105.11
23:01,BNB,1098.66
23:02,BNB,1099.88
23:03,BNB,1101.55
23:04,BNB,1101.55
23:05,BNB,1098.42
23:06,BNB,1096.11
23:07,BNB,1095.24
23:08,BNB,1099.91
23:09,BNB,1099.47
23:10,BNB,1099.0
23:11,BNB,1100.14
23:12,BNB,1101.28
23:13,BNB,1100.26
23:14,BNB,1107.26
23:15,BNB,1108.8
23:16,BNB,1103.85
23:17,BNB,1103.37
23:18,BNB,1105.56
23:19,BNB,1108.84
23:20,BNB,1107.13
23:21,BNB,1100.37
23:22,BNB,1102.84
23:23,BNB,1104.71
23:24,BNB,1103.81
23:25,BNB,1107.98
23:26,BNB,1114.03
23:27,BNB,1118.56
23:28,BNB,1121.22
23:29,BNB,1123.05
23:30,BNB,1119.65
23:31,BNB,1117.2
23:32,BNB,1119.12
23:33,BNB,1121.99
23:34,BNB,1123.5
23:35,BNB,1125.96
23:36,BNB,1125.5
23:37,BNB,1127.55
23:38,BNB,1126.54
23:39,BNB,1128.47
23:40,BNB,1129.22
23:41,BNB,1129.08
23:42,BNB,1130.43
23:43,BNB,1137.96
23:44,BNB,1135.88
23:45,BNB,1137.46
23:46,BNB,1132.3
23:47,BNB,1126.81
23:48,BNB,1125.19
23:49,BNB,1116.07
23:50,BNB,1117.59
23:51,BNB,1118.41
23:52,BNB,1113.95
23:53,BNB,1111.26
23:54,BNB,1107.73
23:55,BNB,1104.97
23:56,BNB,1099.77
23:57,BNB,1104.28
23:58,BNB,1105.45
23:59,BNB,1102.47
00:00,ADA,0.8151
00:01,ADA,0.8152
00:02,ADA,0.8162
00:03,ADA,0.8162
00:04,ADA,0.8168
00:05,ADA,0.8163
00:06,ADA,0.8168
00:07,ADA,0.8145
00:08,ADA,0.8147
00:09,ADA,0.8153
00:10,ADA,0.815
00:11,ADA,0.8147
00:12,ADA,0.8146
00:13,ADA,0.815
00:14,ADA,0.8148
00:15,ADA,0.8151
00:16,ADA,0.8161
00:17,ADA,0.8162
00:18,ADA,0.8169
00:19,ADA,0.8166
00:20,ADA,0.8162
00:21,ADA,0.8162
00:22,ADA,0.8152
00:23,ADA,0.8152
00:24,ADA,0.816
00:25,ADA,0.8158
00:26,ADA,0.8167
00:27,ADA,0.8171
00:28,ADA,0.8173
00:29,ADA,0.8174
00:30,ADA,0.8165
00:31,ADA,0.8162
00:32,ADA,0.8162
00:33,ADA,0.8167
00:34,ADA,0.8163
00:35,ADA,0.8156
00:36,ADA,0.8158
00:37,ADA,0.8154
00:38,ADA,0.8165
00:39,ADA,0.8169
00:40,ADA,0.8163
00:41,ADA,0.8166
00:42,ADA,0.8155
00:43,ADA,0.8152
00:44,ADA,0.8153
00:45,ADA,0.8149
00:46,ADA,0.814
00:47,ADA,0.8138
00:48,ADA,0.8139
00:49,ADA,0.8139
00:50,ADA,0.8147
00:51,ADA,0.8153
00:52,ADA,0.8151
00:53,ADA,0.8158
00:54,ADA,0.8158
00:55,ADA,0.8155
00:56,ADA,0.8152
00:57,ADA,0.8148
00:58,ADA,0.8151
00:59,ADA,0.8153
01:00,ADA,0.8152
01:01,ADA,0.8162
01:02,ADA,0.816
01:03,ADA,0.8167
01:04,ADA,0.8171
01:05,ADA,0.8165
01:06,ADA,0.8165
01:07,ADA,0.8157
01:08,ADA,0.8155
01:09,ADA,0.8155
01:10,ADA,0.816
01:11,ADA,0.8159
01:12,ADA,0.8158
01:13,ADA,0.8165
01:14,ADA,0.8165
01:15,ADA,0.816
01:16,ADA,0.8164
01:17,ADA,0.8163
01:18,ADA,0.8162
01:19,ADA,0.8161
01:20,ADA,0.8166
01:21,ADA,0.8159
01:22,ADA,0.8159
01:23,ADA,0.8156
01:24,ADA,0.816
01:25,ADA,0.8162
01:26,ADA,0.8159
01:27,ADA,0.816
01:28,ADA,0.8166
01:29,ADA,0.8169
01:30,ADA,0.8166
01:31,ADA,0.8158
01:32,ADA,0.8159
01:33,ADA,0.8163
01:34,ADA,0.8163
01:35,ADA,0.8152
01:36,ADA,0.815
01:37,ADA,0.8151
01:38,ADA,0.8148
01:39,ADA,0.8149
01:40,ADA,0.8142
01:41,ADA,0.8143
01:42,ADA,0.815
01:43,ADA,0.8148
01:44,ADA,0.8147
01:45,ADA,0.8146
01:46,ADA,0.8146
01:47,ADA,0.8146
01:48,ADA,0.8145
01:49,ADA,0.8147
01:50,ADA,0.8142
01:51,ADA,0.815
01:52,ADA,0.8159
01:53,ADA,0.8152
01:54,ADA,0.8154
01:55,ADA,0.8149
01:56,ADA,0.8151
01:57,ADA,0.8151
01:58,ADA,0.8154
01:59,ADA,0.8153
02:00,ADA,0.8149
02:01,ADA,0.8146
02:02,ADA,0.8138
02:03,ADA,0.8138
02:04,ADA,0.8136
02:05,ADA,0.813
02:06,ADA,0.8127
02:07,ADA,0.8123
02:08,ADA,0.8122
02:09,ADA,0.8134
02:10,ADA,0.8131
02:11,ADA,0.8137
02:12,ADA,0.8132
02:13,ADA,0.8136
02:14,ADA,0.8138
02:15,ADA,0.8141
02:16,ADA,0.8149
02:17,ADA,0.8149
02:18,ADA,0.8152
02:19,ADA,0.8166
02:20,ADA,0.8167
02:21,ADA,0.8169
02:22,ADA,0.8165
02:23,ADA,0.8167
02:24,ADA,0.816
02:25,ADA,0.8158
02:26,ADA,0.8156
02:27,ADA,0.8155
02:28,ADA,0.8151
02:29,ADA,0.8151
02:30,ADA,0.8147
02:31,ADA,0.8142
02:32,ADA,0.814
02:33,ADA,0.8137
02:34,ADA,0.8131
02:35,ADA,0.8131
02:36,ADA,0.8133
02:37,ADA,0.8133
02:38,ADA,0.8133
02:39,ADA,0.8139
02:40,ADA,0.8138
02:41,ADA,0.8143
02:42,ADA,0.8146
02:43,ADA,0.8138
02:44,ADA,0.8141
02:45,ADA,0.8134
02:46,ADA,0.8136
02:47,ADA,0.8134
02:48,ADA,0.8141
02:49,ADA,0.8139
02:50,ADA,0.8144
02:51,ADA,0.8134
02:52,ADA,0.8128
02:53,ADA,0.8127
02:54,ADA,0.813
02:55,ADA,0.8133
02:56,ADA,0.8126
02:57,ADA,0.8128
02:58,ADA,0.813
02:59,ADA,0.8131
03:00,ADA,0.8132
03:01,ADA,0.8122
03:02,ADA,0.8112
03:03,ADA,0.8107
03:04,ADA,0.8096
03:05,ADA,0.8102
03:06,ADA,0.8101
03:07,ADA,0.8098
03:08,ADA,0.8093
03:09,ADA,0.8094
03:10,ADA,0.8094
03:11,ADA,0.8101
03:12,ADA,0.8104
03:13,ADA,0.8104
03:14,ADA,0.8113
03:15,ADA,0.8115
03:16,ADA,0.8111
03:17,ADA,0.8115
03:18,ADA,0.8119
03:19,ADA,0.8126
03:20,ADA,0.8141
03:21,ADA,0.8152
03:22,ADA,0.8145
03:23,ADA,0.8147
03:24,ADA,0.8158
03:25,ADA,0.8161
03:26,ADA,0.8162
03:27,ADA,0.8177
03:28,ADA,0.8185
03:29,ADA,0.8193
03:30,ADA,0.8199
03:31,ADA,0.8209
03:32,ADA,0.8198
03:33,ADA,0.8199
03:34,ADA,0.8206
03:35,ADA,0.8208
03:36,ADA,0.8207
03:37,ADA,0.8209
03:38,ADA,0.8201
03:39,ADA,0.8203
03:40,ADA,0.82
03:41,ADA,0.8201
03:42,ADA,0.8201
03:43,ADA,0.8201
03:44,ADA,0.8205
03:45,ADA,0.8212
03:46,ADA,0.8214
03:47,ADA,0.8215
03:48,ADA,0.8215
03:49,ADA,0.8213
03:50,ADA,0.82
03:51,ADA,0.819
03:52,ADA,0.8183
03:53,ADA,0.8183
03:54,ADA,0.8172
03:55,ADA,0.8161
03:56,ADA,0.8165
03:57,ADA,0.8168
03:58,ADA,0.8168
03:59,ADA,0.8158
04:00,ADA,0.8175
04:01,ADA,0.8183
04:02,ADA,0.8186
04:03,ADA,0.8189
04:04,ADA,0.8184
04:05,ADA,0.8192
04:06,ADA,0.8193
04:07,ADA,0.8196
04:08,ADA,0.8194
04:09,ADA,0.8188
04:10,ADA,0.818
04:11,ADA,0.8177
04:12,ADA,0.8182
04:13,ADA,0.8187
04:14,ADA,0.8186
04:15,ADA,0.8188
04:16,ADA,0.818
04:17,ADA,0.8181
04:18,ADA,0.8176
04:19,ADA,0.817
04:20,ADA,0.8178
04:21,ADA,0.8177
04:22,ADA,0.8181
04:23,ADA,0.8175
04:24,ADA,0.8169
04:25,ADA,0.817
04:26,ADA,0.817
04:27,ADA,0.8166
04:28,ADA,0.8166
04:29,ADA,0.8167
04:30,ADA,0.817
04:31,ADA,0.8179
04:32,ADA,0.8177
04:33,ADA,0.8164
04:34,ADA,0.8167
04:35,ADA,0.8159
04:36,ADA,0.8153
04:37,ADA,0.8156
04:38,ADA,0.8153
04:39,ADA,0.8158
04:40,ADA,0.8164
04:41,ADA,0.8159
04:42,ADA,0.8158
04:43,ADA,0.8159
04:44,ADA,0.8159
04:45,ADA,0.8157
04:46,ADA,0.8158
04:47,ADA,0.8159
04:48,ADA,0.8156
04:49,ADA,0.816
04:50,ADA,0.8155
04:51,ADA,0.8158
04:52,ADA,0.8157
04:53,ADA,0.8161
04:54,ADA,0.8161
04:55,ADA,0.8155
04:56,ADA,0.8154
04:57,ADA,0.8161
04:58,ADA,0.816
04:59,ADA,0.8163
05:00,ADA,0.8158
05:01,ADA,0.8158
05:02,ADA,0.8153
05:03,ADA,0.8149
05:04,ADA,0.8141
05:05,ADA,0.8137
05:06,ADA,0.8136
05:07,ADA,0.8145
05:08,ADA,0.8144
05:09,ADA,0.8141
05:10,ADA,0.814
05:11,ADA,0.8135
05:12,ADA,0.8136
05:13,ADA,0.8142
05:14,ADA,0.8136
05:15,ADA,0.8143
05:16,ADA,0.8139
05:17,ADA,0.8146
05:18,ADA,0.8146
05:19,ADA,0.8143
05:20,ADA,0.8149
05:21,ADA,0.8149
05:22,ADA,0.8148
05:23,ADA,0.8167
05:24,ADA,0.8172
05:25,ADA,0.8173
05:26,ADA,0.8173
05:27,ADA,0.8174
05:28,ADA,0.8169
05:29,ADA,0.8168
05:30,ADA,0.8167
05:31,ADA,0.8169
05:32,ADA,0.815
05:33,ADA,0.8153
05:34,ADA,0.815
05:35,ADA,0.815
05:36,ADA,0.8153
05:37,ADA,0.8151
05:38,ADA,0.8152
05:39,ADA,0.8155
05:40,ADA,0.8169
05:41,ADA,0.8175
05:42,ADA,0.8179
05:43,ADA,0.8183
05:44,ADA,0.8185
05:45,ADA,0.8189
05:46,ADA,0.8194
05:47,ADA,0.819
05:48,ADA,0.8198
05:49,ADA,0.8193
05:50,ADA,0.8199
05:51,ADA,0.8191
05:52,ADA,0.8192
05:53,ADA,0.8203
05:54,ADA,0.8214
05:55,ADA,0.8206
05:56,ADA,0.8218
05:57,ADA,0.8219
05:58,ADA,0.8216
05:59,ADA,0.8216
06:00,ADA,0.822
06:01,ADA,0.8213
06:02,ADA,0.8221
06:03,ADA,0.8219
06:04,ADA,0.8214
06:05,ADA,0.822
06:06,ADA,0.8213
06:07,ADA,0.8212
06:08,ADA,0.8211
06:09,ADA,0.8206
06:10,ADA,0.8202
06:11,ADA,0.8194
06:12,ADA,0.8195
06:13,ADA,0.8196
06:14,ADA,0.8195
06:15,ADA,0.8205
06:16,ADA,0.8195
06:17,ADA,0.8194
06:18,ADA,0.8196
06:19,ADA,0.819
06:20,ADA,0.819
06:21,ADA,0.8188
06:22,ADA,0.8192
06:23,ADA,0.8188
06:24,ADA,0.8188
06:25,ADA,0.8189
06:26,ADA,0.8186
06:27,ADA,0.8189
06:28,ADA,0.8182
06:29,ADA,0.8178
06:30,ADA,0.8182
06:31,ADA,0.8184
06:32,ADA,0.8178
06:33,ADA,0.8181
06:34,ADA,0.8196
06:35,ADA,0.8183
06:36,ADA,0.8167
06:37,ADA,0.8162
06:38,ADA,0.816
06:39,ADA,0.8166
06:40,ADA,0.8171
06:41,ADA,0.8178
06:42,ADA,0.8177
06:43,ADA,0.8172
06:44,ADA,0.8169
06:45,ADA,0.8178
06:46,ADA,0.8178
06:47,ADA,0.8176
06:48,ADA,0.817
06:49,ADA,0.8162
06:50,ADA,0.8158
06:51,ADA,0.8148
06:52,ADA,0.8145
06:53,ADA,0.8151
06:54,ADA,0.8154
06:55,ADA,0.8155
06:56,ADA,0.8155
06:57,ADA,0.8156
06:58,ADA,0.8156
06:59,ADA,0.8155
07:00,ADA,0.8158
07:01,ADA,0.8139
07:02,ADA,0.8143
07:03,ADA,0.8141
07:04,ADA,0.8144
07:05,ADA,0.8143
07:06,ADA,0.8138
07:07,ADA,0.8132
07:08,ADA,0.8126
07:09,ADA,0.8139
07:10,ADA,0.8148
07:11,ADA,0.8145
07:12,ADA,0.8147
07:13,ADA,0.8145
07:14,ADA,0.8148
07:15,ADA,0.8136
07:16,ADA,0.8131
07:17,ADA,0.8127
07:18,ADA,0.8123
07:19,ADA,0.8135
07:20,ADA,0.8138
07:21,ADA,0.814
07:22,ADA,0.8126
07:23,ADA,0.8123
07:24,ADA,0.8121
07:25,ADA,0.8114
07:26,ADA,0.8128
07:27,ADA,0.8131
07:28,ADA,0.8135
07:29,ADA,0.8138
07:30,ADA,0.814
07:31,ADA,0.8122
07:32,ADA,0.812
07:33,ADA,0.8117
07:34,ADA,0.8118
07:35,ADA,0.8123
07:36,ADA,0.8134
07:37,ADA,0.8133
07:38,ADA,0.813
07:39,ADA,0.8138
07:40,ADA,0.8142
07:41,ADA,0.8145
07:42,ADA,0.8143
07:43,ADA,0.8141
07:44,ADA,0.8138
07:45,ADA,0.8133
07:46,ADA,0.8118
07:47,ADA,0.8126
07:48,ADA,0.8124
07:49,ADA,0.8124
07:50,ADA,0.8117
07:51,ADA,0.8115
07:52,ADA,0.812
07:53,ADA,0.812
07:54,ADA,0.8117
07:55,ADA,0.8122
07:56,ADA,0.8113
07:57,ADA,0.811
07:58,ADA,0.8102
07:59,ADA,0.8105
08:00,ADA,0.8106
08:01,ADA,0.8113
08:02,ADA,0.8124
08:03,ADA,0.8109
08:04,ADA,0.8103
08:05,ADA,0.8097
08:06,ADA,0.8106
08:07,ADA,0.8099
08:08,ADA,0.8105
08:09,ADA,0.811
08:10,ADA,0.8117
08:11,ADA,0.8125
08:12,ADA,0.8118
08:13,ADA,0.8122
08:14,ADA,0.812
08:15,ADA,0.8132
08:16,ADA,0.8134
08:17,ADA,0.8145
08:18,ADA,0.8142
08:19,ADA,0.8143
08:20,ADA,0.8142
08:21,ADA,0.8131
08:22,ADA,0.8133
08:23,ADA,0.8132
08:24,ADA,0.8139
08:25,ADA,0.814
08:26,ADA,0.8137
08:27,ADA,0.8139
08:28,ADA,0.8145
08:29,ADA,0.8138
08:30,ADA,0.8141
08:31,ADA,0.814
08:32,ADA,0.8126
08:33,ADA,0.8121
08:34,ADA,0.8118
08:35,ADA,0.8116
08:36,ADA,0.8118
08:37,ADA,0.8113
08:38,ADA,0.812
08:39,ADA,0.8117
08:40,ADA,0.8114
08:41,ADA,0.811
08:42,ADA,0.8111
08:43,ADA,0.8109
08:44,ADA,0.8116
08:45,ADA,0.8123
08:46,ADA,0.8126
08:47,ADA,0.8129
08:48,ADA,0.8128
08:49,ADA,0.8128
08:50,ADA,0.8138
08:51,ADA,0.8143
08:52,ADA,0.8144
08:53,ADA,0.8147
08:54,ADA,0.8149
08:55,ADA,0.816
08:56,ADA,0.8166
08:57,ADA,0.8173
08:58,ADA,0.8173
08:59,ADA,0.8172
09:00,ADA,0.8166
09:01,ADA,0.8163
09:02,ADA,0.8154
09:03,ADA,0.8162
09:04,ADA,0.8158
09:05,ADA,0.8162
09:06,ADA,0.8155
09:07,ADA,0.8155
09:08,ADA,0.8149
09:09,ADA,0.8151
09:10,ADA,0.8149
09:11,ADA,0.816
09:12,ADA,0.8156
09:13,ADA,0.8159
09:14,ADA,0.8153
09:15,ADA,0.8159
09:16,ADA,0.815
09:17,ADA,0.8157
09:18,ADA,0.8152
09:19,ADA,0.8142
09:20,ADA,0.8145
09:21,ADA,0.8149
09:22,ADA,0.8154
09:23,ADA,0.8156
09:24,ADA,0.8158
09:25,ADA,0.816
09:26,ADA,0.817
09:27,ADA,0.8186
09:28,ADA,0.8189
09:29,ADA,0.8186
09:30,ADA,0.8178
09:31,ADA,0.8182
09:32,ADA,0.8186
09:33,ADA,0.8189
09:34,ADA,0.8188
09:35,ADA,0.8185
09:36,ADA,0.818
09:37,ADA,0.818
09:38,ADA,0.8172
09:39,ADA,0.8172
09:40,ADA,0.8173
09:41,ADA,0.8164
09:42,ADA,0.8173
09:43,ADA,0.8173
09:44,ADA,0.8171
09:45,ADA,0.8179
09:46,ADA,0.8167
09:47,ADA,0.8169
09:48,ADA,0.8157
09:49,ADA,0.8145
09:50,ADA,0.8135
09:51,ADA,0.8144
09:52,ADA,0.8136
09:53,ADA,0.813
09:54,ADA,0.8134
09:55,ADA,0.8136
09:56,ADA,0.8125
09:57,ADA,0.8124
09:58,ADA,0.8121
09:59,ADA,0.8123
10:00,ADA,0.8121
10:01,ADA,0.8135
10:02,ADA,0.8134
10:03,ADA,0.814
10:04,ADA,0.8132
10:05,ADA,0.8141
10:06,ADA,0.8145
10:07,ADA,0.8144
10:08,ADA,0.8147
10:09,ADA,0.8144
10:10,ADA,0.8136
10:11,ADA,0.8138
10:12,ADA,0.8137
10:13,ADA,0.8135
10:14,ADA,0.8137
10:15,ADA,0.814
10:16,ADA,0.8143
10:17,ADA,0.8144
10:18,ADA,0.8153
10:19,ADA,0.8156
10:20,ADA,0.8149
10:21,ADA,0.8161
10:22,ADA,0.8148
10:23,ADA,0.8148
10:24,ADA,0.8151
10:25,ADA,0.8148
10:26,ADA,0.8146
10:27,ADA,0.8146
10:28,ADA,0.8139
10:29,ADA,0.8138
10:30,ADA,0.8145
10:31,ADA,0.8141
10:32,ADA,0.8137
10:33,ADA,0.8147
10:34,ADA,0.8137
10:35,ADA,0.8132
10:36,ADA,0.813
10:37,ADA,0.8138
10:38,ADA,0.8135
10:39,ADA,0.8129
10:40,ADA,0.8127
10:41,ADA,0.8125
10:42,ADA,0.8133
10:43,ADA,0.8136
10:44,ADA,0.8138
10:45,ADA,0.8141
10:46,ADA,0.8143
10:47,ADA,0.8139
10:48,ADA,0.8145
10:49,ADA,0.8161
10:50,ADA,0.817
10:51,ADA,0.8162
10:52,ADA,0.8162
10:53,ADA,0.8163
10:54,ADA,0.816
10:55,ADA,0.8175
10:56,ADA,0.8174
10:57,ADA,0.8172
10:58,ADA,0.817
10:59,ADA,0.8172
11:00,ADA,0.8174
11:01,ADA,0.8175
11:02,ADA,0.8179
11:03,ADA,0.8182
11:04,ADA,0.8181
11:05,ADA,0.8181
11:06,ADA,0.8169
11:07,ADA,0.8175
11:08,ADA,0.8176
11:09,ADA,0.8176
11:10,ADA,0.8174
11:11,ADA,0.8162
11:12,ADA,0.816
11:13,ADA,0.8163
11:14,ADA,0.816
11:15,ADA,0.8163
11:16,ADA,0.816
11:17,ADA,0.8163
11:18,ADA,0.8163
11:19,ADA,0.8158
11:20,ADA,0.8162
11:21,ADA,0.8156
11:22,ADA,0.8151
11:23,ADA,0.8149
11:24,ADA,0.8153
11:25,ADA,0.8155
11:26,ADA,0.8151
11:27,ADA,0.8154
11:28,ADA,0.8154
11:29,ADA,0.8156
11:30,ADA,0.8159
11:31,ADA,0.8166
11:32,ADA,0.8176
11:33,ADA,0.8168
11:34,ADA,0.8165
11:35,ADA,0.8172
11:36,ADA,0.8177
11:37,ADA,0.8174
11:38,ADA,0.817
11:39,ADA,0.8169
11:40,ADA,0.8169
11:41,ADA,0.817
11:42,ADA,0.816
11:43,ADA,0.8163
11:44,ADA,0.8168
11:45,ADA,0.8165
11:46,ADA,0.8163
11:47,ADA,0.8166
11:48,ADA,0.8164
11:49,ADA,0.8162
11:50,ADA,0.8164
11:51,ADA,0.8173
11:52,ADA,0.8181
11:53,ADA,0.8179
11:54,ADA,0.818
11:55,ADA,0.8179
11:56,ADA,0.8179
11:57,ADA,0.818
11:58,ADA,0.8178
11:59,ADA,0.8175
12:00,ADA,0.8172
12:01,ADA,0.8175
12:02,ADA,0.8172
12:03,ADA,0.8183
12:04,ADA,0.8184
12:05,ADA,0.8189
12:06,ADA,0.818
12:07,ADA,0.8188
12:08,ADA,0.8193
12:09,ADA,0.8186
12:10,ADA,0.8176
12:11,ADA,0.8168
12:12,ADA,0.8171
12:13,ADA,0.8162
12:14,ADA,0.8163
12:15,ADA,0.8155
12:16,ADA,0.8159
12:17,ADA,0.8166
12:18,ADA,0.8171
12:19,ADA,0.8179
12:20,ADA,0.8178
12:21,ADA,0.8178
12:22,ADA,0.8178
12:23,ADA,0.8183
12:24,ADA,0.8184
12:25,ADA,0.8188
12:26,ADA,0.8186
12:27,ADA,0.818
12:28,ADA,0.8179
12:29,ADA,0.8175
12:30,ADA,0.8176
12:31,ADA,0.8171
12:32,ADA,0.8178
12:33,ADA,0.8184
12:34,ADA,0.8185
12:35,ADA,0.8185
12:36,ADA,0.8178
12:37,ADA,0.8173
12:38,ADA,0.8161
12:39,ADA,0.8168
12:40,ADA,0.8169
12:41,ADA,0.8166
12:42,ADA,0.8166
12:43,ADA,0.8168
12:44,ADA,0.8167
12:45,ADA,0.8167
12:46,ADA,0.8167
12:47,ADA,0.8164
12:48,ADA,0.8171
12:49,ADA,0.8173
12:50,ADA,0.8175
12:51,ADA,0.8184
12:52,ADA,0.8183
12:53,ADA,0.8185
12:54,ADA,0.8183
12:55,ADA,0.8186
12:56,ADA,0.8185
12:57,ADA,0.8184
12:58,ADA,0.8182
12:59,ADA,0.8186
13:00,ADA,0.8192
13:01,ADA,0.819
13:02,ADA,0.8198
13:03,ADA,0.8205
13:04,ADA,0.8211
13:05,ADA,0.8197
13:06,ADA,0.8203
13:07,ADA,0.8205
13:08,ADA,0.8201
13:09,ADA,0.8196
13:10,ADA,0.8186
13:11,ADA,0.8185
13:12,ADA,0.8187
13:13,ADA,0.8185
13:14,ADA,0.8185
13:15,ADA,0.8188
13:16,ADA,0.8177
13:17,ADA,0.8185
13:18,ADA,0.8194
13:19,ADA,0.8201
13:20,ADA,0.82
13:21,ADA,0.8199
13:22,ADA,0.8195
13:23,ADA,0.8196
13:24,ADA,0.8198
13:25,ADA,0.8204
13:26,ADA,0.8213
13:27,ADA,0.8211
13:28,ADA,0.821
13:29,ADA,0.821
13:30,ADA,0.8197
13:31,ADA,0.821
13:32,ADA,0.8199
13:33,ADA,0.8202
13:34,ADA,0.8209
13:35,ADA,0.8208
13:36,ADA,0.821
13:37,ADA,0.8215
13:38,ADA,0.8226
13:39,ADA,0.8233
13:40,ADA,0.8227
13:41,ADA,0.8229
13:42,ADA,0.8228
13:43,ADA,0.8223
13:44,ADA,0.8218
13:45,ADA,0.8214
13:46,ADA,0.8207
13:47,ADA,0.821
13:48,ADA,0.82
13:49,ADA,0.8178
13:50,ADA,0.8167
13:51,ADA,0.8159
13:52,ADA,0.817
13:53,ADA,0.8162
13:54,ADA,0.8152
13:55,ADA,0.8157
13:56,ADA,0.8162
13:57,ADA,0.8174
13:58,ADA,0.8181
13:59,ADA,0.8186
14:00,ADA,0.8207
14:01,ADA,0.8178
14:02,ADA,0.8199
14:03,ADA,0.8198
14:04,ADA,0.8209
14:05,ADA,0.8203
14:06,ADA,0.8212
14:07,ADA,0.8218
14:08,ADA,0.821
14:09,ADA,0.8214
14:10,ADA,0.8203
14:11,ADA,0.8208
14:12,ADA,0.8206
14:13,ADA,0.8193
14:14,ADA,0.8188
14:15,ADA,0.819
14:16,ADA,0.8171
14:17,ADA,0.8153
14:18,ADA,0.8165
14:19,ADA,0.8162
14:20,ADA,0.8166
14:21,ADA,0.817
14:22,ADA,0.816
14:23,ADA,0.8146
14:24,ADA,0.815
14:25,ADA,0.8157
14:26,ADA,0.8162
14:27,ADA,0.815
14:28,ADA,0.8144
14:29,ADA,0.8143
14:30,ADA,0.8158
14:31,ADA,0.8161
14:32,ADA,0.8162
14:33,ADA,0.8159
14:34,ADA,0.8169
14:35,ADA,0.8157
14:36,ADA,0.8152
14:37,ADA,0.8162
14:38,ADA,0.8152
14:39,ADA,0.8149
14:40,ADA,0.8154
14:41,ADA,0.8146
14:42,ADA,0.8133
14:43,ADA,0.8145
14:44,ADA,0.8145
14:45,ADA,0.8143
14:46,ADA,0.8132
14:47,ADA,0.8149
14:48,ADA,0.8154
14:49,ADA,0.8158
14:50,ADA,0.8165
14:51,ADA,0.8159
14:52,ADA,0.8149
14:53,ADA,0.8153
14:54,ADA,0.814
14:55,ADA,0.8142
14:56,ADA,0.8141
14:57,ADA,0.8086
14:58,ADA,0.806
14:59,ADA,0.8063
15:00,ADA,0.8039
15:01,ADA,0.8036
15:02,ADA,0.8041
15:03,ADA,0.8033
15:04,ADA,0.8019
15:05,ADA,0.8034
15:06,ADA,0.8042
15:07,ADA,0.8055
15:08,ADA,0.803
15:09,ADA,0.8031
15:10,ADA,0.8053
15:11,ADA,0.8052
15:12,ADA,0.8042
15:13,ADA,0.8049
15:14,ADA,0.8045
15:15,ADA,0.8052
15:16,ADA,0.802
15:17,ADA,0.8014
15:18,ADA,0.8001
15:19,ADA,0.7983
15:20,ADA,0.7966
15:21,ADA,0.793
15:22,ADA,0.795
15:23,ADA,0.793
15:24,ADA,0.7919
15:25,ADA,0.791
15:26,ADA,0.789
15:27,ADA,0.7931
15:28,ADA,0.7909
15:29,ADA,0.7889
15:30,ADA,0.7843
15:31,ADA,0.7811
15:32,ADA,0.7803
15:33,ADA,0.7816
15:34,ADA,0.781
15:35,ADA,0.7807
15:36,ADA,0.7832
15:37,ADA,0.7849
15:38,ADA,0.7849
15:39,ADA,0.785
15:40,ADA,0.7825
15:41,ADA,0.7848
15:42,ADA,0.7866
15:43,ADA,0.789
15:44,ADA,0.7915
15:45,ADA,0.7885
15:46,ADA,0.7889
15:47,ADA,0.7875
15:48,ADA,0.7883
15:49,ADA,0.7877
15:50,ADA,0.7877
15:51,ADA,0.7863
15:52,ADA,0.786
15:53,ADA,0.7857
15:54,ADA,0.7858
15:55,ADA,0.7844
15:56,ADA,0.7837
15:57,ADA,0.7829
15:58,ADA,0.7843
15:59,ADA,0.7832
16:00,ADA,0.7816
16:01,ADA,0.7817
16:02,ADA,0.7801
16:03,ADA,0.7816
16:04,ADA,0.7822
16:05,ADA,0.7846
16:06,ADA,0.7844
16:07,ADA,0.7853
16:08,ADA,0.7877
16:09,ADA,0.7871
16:10,ADA,0.7852
16:11,ADA,0.7862
16:12,ADA,0.7842
16:13,ADA,0.7842
16:14,ADA,0.7839
16:15,ADA,0.7831
16:16,ADA,0.7818
16:17,ADA,0.7813
16:18,ADA,0.7816
16:19,ADA,0.7821
16:20,ADA,0.7817
16:21,ADA,0.7835
16:22,ADA,0.7846
16:23,ADA,0.7867
16:24,ADA,0.7866
16:25,ADA,0.7863
16:26,ADA,0.7866
16:27,ADA,0.7866
16:28,ADA,0.7863
16:29,ADA,0.7855
16:30,ADA,0.7852
16:31,ADA,0.7859
16:32,ADA,0.7871
16:33,ADA,0.7878
16:34,ADA,0.7874
16:35,ADA,0.7875
16:36,ADA,0.7894
16:37,ADA,0.7895
16:38,ADA,0.7888
16:39,ADA,0.7892
16:40,ADA,0.7879
16:41,ADA,0.7866
16:42,ADA,0.7857
16:43,ADA,0.785
16:44,ADA,0.7846
16:45,ADA,0.7838
16:46,ADA,0.7842
16:47,ADA,0.7836
16:48,ADA,0.782
16:49,ADA,0.7813
16:50,ADA,0.7819
16:51,ADA,0.7822
16:52,ADA,0.7826
16:53,ADA,0.7812
16:54,ADA,0.7817
16:55,ADA,0.7819
16:56,ADA,0.7822
16:57,ADA,0.7812
16:58,ADA,0.781
16:59,ADA,0.7806
17:00,ADA,0.7812
17:01,ADA,0.7813
17:02,ADA,0.78
17:03,ADA,0.78
17:04,ADA,0.7791
17:05,ADA,0.779
17:06,ADA,0.7802
17:07,ADA,0.7786
17:08,ADA,0.7799
17:09,ADA,0.7798
17:10,ADA,0.7786
17:11,ADA,0.7803
17:12,ADA,0.781
17:13,ADA,0.7796
17:14,ADA,0.7792
17:15,ADA,0.7798
17:16,ADA,0.7809
17:17,ADA,0.7807
17:18,ADA,0.781
17:19,ADA,0.7811
17:20,ADA,0.779
17:21,ADA,0.7807
17:22,ADA,0.7824
17:23,ADA,0.7838
17:24,ADA,0.7817
17:25,ADA,0.7822
17:26,ADA,0.7813
17:27,ADA,0.7822
17:28,ADA,0.7831
17:29,ADA,0.7828
17:30,ADA,0.7828
17:31,ADA,0.7828
17:32,ADA,0.7816
17:33,ADA,0.7812
17:34,ADA,0.7813
17:35,ADA,0.7805
17:36,ADA,0.7805
17:37,ADA,0.7803
17:38,ADA,0.7793
17:39,ADA,0.7795
17:40,ADA,0.7789
17:41,ADA,0.7791
17:42,ADA,0.7795
17:43,ADA,0.779
17:44,ADA,0.779
17:45,ADA,0.778
17:46,ADA,0.7777
17:47,ADA,0.7783
17:48,ADA,0.7797
17:49,ADA,0.7791
17:50,ADA,0.7785
17:51,ADA,0.7791
17:52,ADA,0.7782
17:53,ADA,0.7789
17:54,ADA,0.7783
17:55,ADA,0.7792
17:56,ADA,0.7777
17:57,ADA,0.7778
17:58,ADA,0.7783
17:59,ADA,0.7781
18:00,ADA,0.7773
18:01,ADA,0.7769
18:02,ADA,0.7781
18:03,ADA,0.7775
18:04,ADA,0.7779
18:05,ADA,0.7779
18:06,ADA,0.7777
18:07,ADA,0.7785
18:08,ADA,0.7779
18:09,ADA,0.7778
18:10,ADA,0.7785
18:11,ADA,0.7779
18:12,ADA,0.7777
18:13,ADA,0.7771
18:14,ADA,0.7788
18:15,ADA,0.7788
18:16,ADA,0.7793
18:17,ADA,0.7781
18:18,ADA,0.777
18:19,ADA,0.7773
18:20,ADA,0.779
18:21,ADA,0.7784
18:22,ADA,0.7804
18:23,ADA,0.7796
18:24,ADA,0.7804
18:25,ADA,0.7805
18:26,ADA,0.7806
18:27,ADA,0.7801
18:28,ADA,0.7791
18:29,ADA,0.7787
18:30,ADA,0.7788
18:31,ADA,0.7786
18:32,ADA,0.7785
18:33,ADA,0.7788
18:34,ADA,0.7777
18:35,ADA,0.7774
18:36,ADA,0.777
18:37,ADA,0.776
18:38,ADA,0.7752
18:39,ADA,0.7757
18:40,ADA,0.7769
18:41,ADA,0.7766
18:42,ADA,0.7771
18:43,ADA,0.7771
18:44,ADA,0.7765
18:45,ADA,0.7775
18:46,ADA,0.7776
18:47,ADA,0.7762
18:48,ADA,0.7743
18:49,ADA,0.7762
18:50,ADA,0.7756
18:51,ADA,0.7765
18:52,ADA,0.7758
18:53,ADA,0.7748
18:54,ADA,0.7746
18:55,ADA,0.7749
18:56,ADA,0.7754
18:57,ADA,0.7752
18:58,ADA,0.7747
18:59,ADA,0.7742
19:00,ADA,0.7751
19:01,ADA,0.7754
19:02,ADA,0.7755
19:03,ADA,0.7751
19:04,ADA,0.775
19:05,ADA,0.7741
19:06,ADA,0.7746
19:07,ADA,0.774
19:08,ADA,0.772
19:09,ADA,0.7723
19:10,ADA,0.7724
19:11,ADA,0.7704
19:12,ADA,0.7716
19:13,ADA,0.7715
19:14,ADA,0.7705
19:15,ADA,0.7717
19:16,ADA,0.7714
19:17,ADA,0.7721
19:18,ADA,0.7715
19:19,ADA,0.7718
19:20,ADA,0.7696
19:21,ADA,0.7684
19:22,ADA,0.7701
19:23,ADA,0.7686
19:24,ADA,0.7702
19:25,ADA,0.772
19:26,ADA,0.7721
19:27,ADA,0.7705
19:28,ADA,0.7676
19:29,ADA,0.7593
19:30,ADA,0.7668
19:31,ADA,0.7651
19:32,ADA,0.7646
19:33,ADA,0.763
19:34,ADA,0.764
19:35,ADA,0.7649
19:36,ADA,0.7655
19:37,ADA,0.7654
19:38,ADA,0.7659
19:39,ADA,0.7653
19:40,ADA,0.7653
19:41,ADA,0.769
19:42,ADA,0.7691
19:43,ADA,0.7692
19:44,ADA,0.7708
19:45,ADA,0.7719
19:46,ADA,0.7699
19:47,ADA,0.7716
19:48,ADA,0.7726
19:49,ADA,0.7723
19:50,ADA,0.7703
19:51,ADA,0.7692
19:52,ADA,0.7692
19:53,ADA,0.7686
19:54,ADA,0.7672
19:55,ADA,0.7675
19:56,ADA,0.7676
19:57,ADA,0.7685
19:58,ADA,0.7684
19:59,ADA,0.7674
20:00,ADA,0.7674
20:01,ADA,0.7682
20:02,ADA,0.7693
20:03,ADA,0.7686
20:04,ADA,0.7711
20:05,ADA,0.7704
20:06,ADA,0.771
20:07,ADA,0.7701
20:08,ADA,0.7691
20:09,ADA,0.7683
20:10,ADA,0.7694
20:11,ADA,0.7701
20:12,ADA,0.7723
20:13,ADA,0.7717
20:14,ADA,0.7711
20:15,ADA,0.772
20:16,ADA,0.773
20:17,ADA,0.7713
20:18,ADA,0.7714
20:19,ADA,0.7712
20:20,ADA,0.7721
20:21,ADA,0.7718
20:22,ADA,0.7727
20:23,ADA,0.7734
20:24,ADA,0.7731
20:25,ADA,0.7736
20:26,ADA,0.774
20:27,ADA,0.7741
20:28,ADA,0.7741
20:29,ADA,0.775
20:30,ADA,0.7739
20:31,ADA,0.7731
20:32,ADA,0.7729
20:33,ADA,0.7735
20:34,ADA,0.7734
20:35,ADA,0.7732
20:36,ADA,0.7731
20:37,ADA,0.7733
20:38,ADA,0.7735
20:39,ADA,0.7736
20:40,ADA,0.7735
20:41,ADA,0.7736
20:42,ADA,0.7737
20:43,ADA,0.7743
20:44,ADA,0.7738
20:45,ADA,0.774
20:46,ADA,0.7728
20:47,ADA,0.7735
20:48,ADA,0.773
20:49,ADA,0.7731
20:50,ADA,0.7677
20:51,ADA,0.7666
20:52,ADA,0.7602
20:53,ADA,0.755
20:54,ADA,0.7587
20:55,ADA,0.7495
20:56,ADA,0.7354
20:57,ADA,0.7367
20:58,ADA,0.7279
20:59,ADA,0.7178
21:00,ADA,0.7101
21:01,ADA,0.7222
21:02,ADA,0.7219
21:03,ADA,0.721
21:04,ADA,0.7257
21:05,ADA,0.7245
21:06,ADA,0.7239
21:07,ADA,0.7232
21:08,ADA,0.7187
21:09,ADA,0.7217
21:10,ADA,0.7189
21:11,ADA,0.7126
21:12,ADA,0.6966
21:13,ADA,0.671
21:14,ADA,0.65
21:15,ADA,0.633
21:16,ADA,0.5605
21:17,ADA,0.5394
21:18,ADA,0.4349
21:19,ADA,0.3398
21:20,ADA,0.2897
21:21,ADA,0.3146
21:22,ADA,0.3545
21:23,ADA,0.3984
21:24,ADA,0.4188
21:25,ADA,0.3936
21:26,ADA,0.4236
21:27,ADA,0.4277
21:28,ADA,0.4394
21:29,ADA,0.4667
21:30,ADA,0.4587
21:31,ADA,0.4554
21:32,ADA,0.4637
21:33,ADA,0.4941
21:34,ADA,0.4941
21:35,ADA,0.4989
21:36,ADA,0.5016
21:37,ADA,0.5044
21:38,ADA,0.4838
21:39,ADA,0.4792
21:40,ADA,0.4959
21:41,ADA,0.5312
21:42,ADA,0.5561
21:43,ADA,0.5789
21:44,ADA,0.596
21:45,ADA,0.6232
21:46,ADA,0.6502
21:47,ADA,0.6314
21:48,ADA,0.5788
21:49,ADA,0.5944
21:50,ADA,0.6136
21:51,ADA,0.6146
21:52,ADA,0.6146
21:53,ADA,0.6055
21:54,ADA,0.6104
21:55,ADA,0.6208
21:56,ADA,0.624
21:57,ADA,0.6224
21:58,ADA,0.6144
21:59,ADA,0.6199
22:00,ADA,0.6031
22:01,ADA,0.6031
22:02,ADA,0.6114
22:03,ADA,0.5997
22:04,ADA,0.5906
22:05,ADA,0.5602
22:06,ADA,0.5842
22:07,ADA,0.5914
22:08,ADA,0.6053
22:09,ADA,0.6071
22:10,ADA,0.6073
22:11,ADA,0.6047
22:12,ADA,0.6056
22:13,ADA,0.6087
22:14,ADA,0.6103
22:15,ADA,0.605
22:16,ADA,0.6092
22:17,ADA,0.6067
22:18,ADA,0.6038
22:19,ADA,0.5977
22:20,ADA,0.5932
22:21,ADA,0.5901
22:22,ADA,0.5872
22:23,ADA,0.5849
22:24,ADA,0.5874
22:25,ADA,0.5867
22:26,ADA,0.5777
22:27,ADA,0.5798
22:28,ADA,0.5823
22:29,ADA,0.5819
22:30,ADA,0.5755
22:31,ADA,0.5811
22:32,ADA,0.5664
22:33,ADA,0.5554
22:34,ADA,0.5678
22:35,ADA,0.5725
22:36,ADA,0.5777
22:37,ADA,0.5761
22:38,ADA,0.576
22:39,ADA,0.5818
22:40,ADA,0.5792
22:41,ADA,0.578
22:42,ADA,0.5877
22:43,ADA,0.5877
22:44,ADA,0.5874
22:45,ADA,0.5941
22:46,ADA,0.6015
22:47,ADA,0.6121
22:48,ADA,0.6118
22:49,ADA,0.61
22:50,ADA,0.6119
22:51,ADA,0.6149
22:52,ADA,0.6162
22:53,ADA,0.6126
22:54,ADA,0.6117
22:55,ADA,0.6109
22:56,ADA,0.6093
22:57,ADA,0.614
22:58,ADA,0.6135
22:59,ADA,0.6195
23:00,ADA,0.6172
23:01,ADA,0.6126
23:02,ADA,0.6091
23:03,ADA,0.6112
23:04,ADA,0.6099
23:05,ADA,0.6115
23:06,ADA,0.6166
23:07,ADA,0.6148
23:08,ADA,0.6107
23:09,ADA,0.6113
23:10,ADA,0.6112
23:11,ADA,0.6101
23:12,ADA,0.6103
23:13,ADA,0.6126
23:14,ADA,0.6155
23:15,ADA,0.6156
23:16,ADA,0.6192
23:17,ADA,0.6189
23:18,ADA,0.6244
23:19,ADA,0.633
23:20,ADA,0.631
23:21,ADA,0.6315
23:22,ADA,0.6367
23:23,ADA,0.638
23:24,ADA,0.6386
23:25,ADA,0.6418
23:26,ADA,0.6434
23:27,ADA,0.6416
23:28,ADA,0.643
23:29,ADA,0.6449
23:30,ADA,0.645
23:31,ADA,0.6497
23:32,ADA,0.6446
23:33,ADA,0.6456
23:34,ADA,0.6476
23:35,ADA,0.6559
23:36,ADA,0.6527
23:37,ADA,0.6547
23:38,ADA,0.6585
23:39,ADA,0.6542
23:40,ADA,0.6528
23:41,ADA,0.6548
23:42,ADA,0.6544
23:43,ADA,0.6513
23:44,ADA,0.6526
23:45,ADA,0.6502
23:46,ADA,0.6459
23:47,ADA,0.6416
23:48,ADA,0.6401
23:49,ADA,0.636
23:50,ADA,0.6357
23:51,ADA,0.638
23:52,ADA,0.633
23:53,ADA,0.6337
23:54,ADA,0.6341
23:55,ADA,0.6332
23:56,ADA,0.6289
23:57,ADA,0.6334
23:58,ADA,0.6336
23:59,ADA,0.6353
