date,coin,rv
2022-01-01,BTC,2.4903
2022-01-02,BTC,2.3391
2022-01-03,BTC,2.3925
2022-01-04,BTC,2.9705
2022-01-05,BTC,4.5564
2022-01-06,BTC,3.149
2022-01-07,BTC,4.9626
2022-01-08,BTC,3.292
2022-01-09,BTC,2.6266
2022-01-10,BTC,4.7378
2022-01-11,BTC,3.1376
2022-01-12,BTC,2.6564
2022-01-13,BTC,2.6364
2022-01-14,BTC,2.6528
2022-01-15,BTC,1.9124
2022-01-16,BTC,1.9342
2022-01-17,BTC,2.4966
2022-01-18,BTC,2.6814
2022-01-19,BTC,2.845
2022-01-20,BTC,3.0983
2022-01-21,BTC,6.6671
2022-01-22,BTC,6.3879
2022-01-23,BTC,4.1009
2022-01-24,BTC,6.6343
2022-01-25,BTC,4.167
2022-01-26,BTC,5.2617
2022-01-27,BTC,4.2843
2022-01-28,BTC,3.4789
2022-01-29,BTC,2.7268
2022-01-30,BTC,2.2922
2022-01-31,BTC,3.0044
2022-02-01,BTC,3.1861
2022-02-02,BTC,2.8873
2022-02-03,BTC,2.9919
2022-02-04,BTC,3.9335
2022-02-05,BTC,2.5466
2022-02-06,BTC,2.6736
2022-02-07,BTC,3.031
2022-02-08,BTC,3.7809
2022-02-09,BTC,2.9424
2022-02-10,BTC,4.4321
2022-02-11,BTC,4.2293
2022-02-12,BTC,2.7037
2022-02-13,BTC,2.2004
2022-02-14,BTC,2.6969
2022-02-15,BTC,2.4013
2022-02-16,BTC,2.2888
2022-02-17,BTC,3.5917
2022-02-18,BTC,3.5309
2022-02-19,BTC,2.064
2022-02-20,BTC,2.7282
2022-02-21,BTC,5.2196
2022-02-22,BTC,4.1115
2022-02-23,BTC,3.1917
2022-02-24,BTC,6.8334
2022-02-25,BTC,4.0822
2022-02-26,BTC,3.0213
2022-02-27,BTC,3.93
2022-02-28,BTC,5.3102
2022-03-01,BTC,3.812
2022-03-02,BTC,4.0333
2022-03-03,BTC,3.2621
2022-03-04,BTC,4.1521
2022-03-05,BTC,2.3602
2022-03-06,BTC,3.3297
2022-03-07,BTC,4.1459
2022-03-08,BTC,4.2919
2022-03-09,BTC,3.6806
2022-03-10,BTC,4.477
2022-03-11,BTC,3.8654
2022-03-12,BTC,2.0012
2022-03-13,BTC,2.6153
2022-03-14,BTC,3.4181
2022-03-15,BTC,3.0116
2022-03-16,BTC,5.8212
2022-03-17,BTC,2.5785
2022-03-18,BTC,2.6826
2022-03-19,BTC,1.9893
2022-03-20,BTC,2.1138
2022-03-21,BTC,2.5495
2022-03-22,BTC,3.3444
2022-03-23,BTC,2.4564
2022-03-24,BTC,2.6767
2022-03-25,BTC,2.3858
2022-03-26,BTC,1.5039
2022-03-27,BTC,2.8205
2022-03-28,BTC,2.5887
2022-03-29,BTC,2.3103
2022-03-30,BTC,2.3033
2022-03-31,BTC,2.5685
2022-04-01,BTC,2.8284
2022-04-02,BTC,2.7185
2022-04-03,BTC,2.5794
2022-04-04,BTC,2.7029
2022-04-05,BTC,2.4202
2022-04-06,BTC,3.6417
2022-04-07,BTC,2.7959
2022-04-08,BTC,2.9837
2022-04-09,BTC,1.6681
2022-04-10,BTC,2.0955
2022-04-11,BTC,3.6105
2022-04-12,BTC,3.1383
2022-04-13,BTC,2.8354
2022-04-14,BTC,2.3585
2022-04-15,BTC,2.1419
2022-04-16,BTC,1.4719
2022-04-17,BTC,1.8126
2022-04-18,BTC,3.5273
2022-04-19,BTC,2.0657
2022-04-20,BTC,2.1985
2022-04-21,BTC,2.9189
2022-04-22,BTC,2.9144
2022-04-23,BTC,1.635
2022-04-24,BTC,2.4529
2022-04-25,BTC,3.6485
2022-04-26,BTC,3.3929
2022-04-27,BTC,3.2959
2022-04-28,BTC,3.4379
2022-04-29,BTC,2.7794
2022-04-30,BTC,1.9819
2022-05-01,BTC,2.4863
2022-05-02,BTC,2.9534
2022-05-03,BTC,2.057
2022-05-04,BTC,2.7742
2022-05-05,BTC,3.9489
2022-05-06,BTC,3.7485
2022-05-07,BTC,2.2982
2022-05-08,BTC,3.4578
2022-05-09,BTC,6.6357
2022-05-10,BTC,6.5855
2022-05-11,BTC,10.7909
2022-05-12,BTC,10.5728
2022-05-13,BTC,5.6111
2022-05-14,BTC,3.8579
2022-05-15,BTC,3.6894
2022-05-16,BTC,4.272
2022-05-17,BTC,3.3706
2022-05-18,BTC,3.618
2022-05-19,BTC,3.6559
2022-05-20,BTC,3.3321
2022-05-21,BTC,2.0173
2022-05-22,BTC,2.6646
2022-05-23,BTC,3.2474
2022-05-24,BTC,2.6727
2022-05-25,BTC,2.8415
2022-05-26,BTC,3.8857
2022-05-27,BTC,3.5962
2022-05-28,BTC,1.8761
2022-05-29,BTC,1.6223
2022-05-30,BTC,3.6137
2022-05-31,BTC,2.7585
2022-06-01,BTC,3.3003
2022-06-02,BTC,3.1235
2022-06-03,BTC,2.5027
2022-06-04,BTC,1.7404
2022-06-05,BTC,1.778
2022-06-06,BTC,2.7692
2022-06-07,BTC,4.7324
2022-06-08,BTC,3.7034
2022-06-09,BTC,2.3565
2022-06-10,BTC,3.6842
2022-06-11,BTC,3.0089
2022-06-12,BTC,4.4297
2022-06-13,BTC,9.1455
2022-06-14,BTC,8.9631
2022-06-15,BTC,9.4442
2022-06-16,BTC,5.8889
2022-06-17,BTC,4.7283
2022-06-18,BTC,8.0559
2022-06-19,BTC,7.4019
2022-06-20,BTC,5.8889
2022-06-21,BTC,4.7121
2022-06-22,BTC,5.0002
2022-06-23,BTC,4.1727
2022-06-24,BTC,3.7274
2022-06-25,BTC,2.8221
2022-06-26,BTC,2.7402
2022-06-27,BTC,3.0274
2022-06-28,BTC,2.81
2022-06-29,BTC,3.1642
2022-06-30,BTC,4.1111
2022-07-01,BTC,5.048
2022-07-02,BTC,2.5109
2022-07-03,BTC,3.0571
2022-07-04,BTC,3.1847
2022-07-05,BTC,3.5721
2022-07-06,BTC,3.7699
2022-07-07,BTC,2.9478
2022-07-08,BTC,4.4819
2022-07-09,BTC,2.797
2022-07-10,BTC,2.8179
2022-07-11,BTC,2.8985
2022-07-12,BTC,3.1297
2022-07-13,BTC,5.3468
2022-07-14,BTC,3.7119
2022-07-15,BTC,3.3811
2022-07-16,BTC,2.9343
2022-07-17,BTC,2.8914
2022-07-18,BTC,4.5621
2022-07-19,BTC,5.7657
2022-07-20,BTC,4.8441
2022-07-21,BTC,4.0034
2022-07-22,BTC,3.4473
2022-07-23,BTC,2.9582
2022-07-24,BTC,2.9439
2022-07-25,BTC,3.4617
2022-07-26,BTC,3.1384
2022-07-27,BTC,3.8157
2022-07-28,BTC,4.3124
2022-07-29,BTC,3.8726
2022-07-30,BTC,3.2217
2022-07-31,BTC,2.9996
2022-08-01,BTC,2.7871
2022-08-02,BTC,3.2912
2022-08-03,BTC,2.7379
2022-08-04,BTC,2.701
2022-08-05,BTC,2.8123
2022-08-06,BTC,1.6
2022-08-07,BTC,1.6625
2022-08-08,BTC,2.3544
2022-08-09,BTC,2.1198
2022-08-10,BTC,3.577
2022-08-11,BTC,3.1648
2022-08-12,BTC,2.3877
2022-08-13,BTC,2.2407
2022-08-14,BTC,2.2445
2022-08-15,BTC,2.9912
2022-08-16,BTC,2.3767
2022-08-17,BTC,3.0037
2022-08-18,BTC,1.7978
2022-08-19,BTC,5.5782
2022-08-20,BTC,2.6749
2022-08-21,BTC,2.5921
2022-08-22,BTC,2.8388
2022-08-23,BTC,2.7035
2022-08-24,BTC,2.4424
2022-08-25,BTC,1.916
2022-08-26,BTC,4.0508
2022-08-27,BTC,2.5158
2022-08-28,BTC,2.0514
2022-08-29,BTC,2.5428
2022-08-30,BTC,2.8003
2022-08-31,BTC,2.9895
2022-09-01,BTC,2.8556
2022-09-02,BTC,2.5829
2022-09-03,BTC,1.5767
2022-09-04,BTC,1.5804
2022-09-05,BTC,1.6916
2022-09-06,BTC,3.3422
2022-09-07,BTC,2.4364
2022-09-08,BTC,2.4779
2022-09-09,BTC,3.7691
2022-09-10,BTC,2.5458
2022-09-11,BTC,2.3193
2022-09-12,BTC,3.3627
2022-09-13,BTC,5.0874
2022-09-14,BTC,3.1261
2022-09-15,BTC,3.3915
2022-09-16,BTC,2.6517
2022-09-17,BTC,1.8722
2022-09-18,BTC,2.3882
2022-09-19,BTC,4.2345
2022-09-20,BTC,3.4439
2022-09-21,BTC,7.7232
2022-09-22,BTC,3.4128
2022-09-23,BTC,3.3368
2022-09-24,BTC,2.2733
2022-09-25,BTC,2.0734
2022-09-26,BTC,2.8712
2022-09-27,BTC,3.9991
2022-09-28,BTC,4.0329
2022-09-29,BTC,3.4936
2022-09-30,BTC,3.8933
2022-10-01,BTC,1.4718
2022-10-02,BTC,1.9256
2022-10-03,BTC,2.4484
2022-10-04,BTC,2.5717
2022-10-05,BTC,2.3672
2022-10-06,BTC,2.5903
2022-10-07,BTC,2.3865
2022-10-08,BTC,1.1383
2022-10-09,BTC,1.3251
2022-10-10,BTC,1.8277
2022-10-11,BTC,2.0177
2022-10-12,BTC,1.5859
2022-10-13,BTC,4.3208
2022-10-14,BTC,2.6154
2022-10-15,BTC,1.0621
2022-10-16,BTC,1.3309
2022-10-17,BTC,1.6977
2022-10-18,BTC,1.9597
2022-10-19,BTC,1.5261
2022-10-20,BTC,1.7293
2022-10-21,BTC,2.0267
2022-10-22,BTC,0.6652
2022-10-23,BTC,1.4093
2022-10-24,BTC,1.6328
2022-10-25,BTC,2.4553
2022-10-26,BTC,2.8834
2022-10-27,BTC,2.4516
2022-10-28,BTC,2.131
2022-10-29,BTC,1.9819
2022-10-30,BTC,1.4666
2022-10-31,BTC,2.0201
2022-11-01,BTC,1.4441
2022-11-02,BTC,2.6149
2022-11-03,BTC,1.5162
2022-11-04,BTC,2.7467
2022-11-05,BTC,1.4899
2022-11-06,BTC,1.318
2022-11-07,BTC,1.9888
2022-11-08,BTC,9.4848
2022-11-09,BTC,8.6128
2022-11-10,BTC,9.0145
2022-11-11,BTC,6.415
2022-11-12,BTC,2.5729
2022-11-13,BTC,2.8382
2022-11-14,BTC,5.8939
2022-11-15,BTC,3.2175
2022-11-16,BTC,2.7036
2022-11-17,BTC,1.9943
2022-11-18,BTC,1.9491
2022-11-19,BTC,1.0582
2022-11-20,BTC,1.7886
2022-11-21,BTC,3.5439
2022-11-22,BTC,2.8213
2022-11-23,BTC,2.4161
2022-11-24,BTC,1.8006
2022-11-25,BTC,1.4742
2022-11-26,BTC,1.293
2022-11-27,BTC,1.1071
2022-11-28,BTC,2.21
2022-11-29,BTC,1.6259
2022-11-30,BTC,2.7542
2022-12-01,BTC,1.6345
2022-12-02,BTC,1.4851
2022-12-03,BTC,1.0518
2022-12-04,BTC,1.237
2022-12-05,BTC,1.7732
2022-12-06,BTC,1.2418
2022-12-07,BTC,1.3305
2022-12-08,BTC,1.4821
2022-12-09,BTC,1.328
2022-12-10,BTC,0.6548
2022-12-11,BTC,0.8017
2022-12-12,BTC,1.128
2022-12-13,BTC,2.7217
2022-12-14,BTC,2.9073
2022-12-15,BTC,1.6572
2022-12-16,BTC,2.4401
2022-12-17,BTC,1.2285
2022-12-18,BTC,0.9675
2022-12-19,BTC,1.7489
2022-12-20,BTC,1.8034
2022-12-21,BTC,1.1607
2022-12-22,BTC,1.2198
2022-12-23,BTC,1.3445
2022-12-24,BTC,0.5633
2022-12-25,BTC,0.7911
2022-12-26,BTC,0.6307
2022-12-27,BTC,1.0519
2022-12-28,BTC,1.3468
2022-12-29,BTC,0.8973
2022-12-30,BTC,1.0752
2022-12-31,BTC,0.7319
2023-01-01,BTC,0.57
2023-01-02,BTC,0.9824
2023-01-03,BTC,0.8254
2023-01-04,BTC,1.233
2023-01-05,BTC,0.6792
2023-01-06,BTC,1.0613
2023-01-07,BTC,0.3812
2023-01-08,BTC,0.7037
2023-01-09,BTC,1.221
2023-01-10,BTC,1.0515
2023-01-11,BTC,1.8016
2023-01-12,BTC,3.7105
2023-01-13,BTC,2.9034
2023-01-14,BTC,4.6867
2023-01-15,BTC,2.3666
2023-01-16,BTC,3.1691
2023-01-17,BTC,2.5844
2023-01-18,BTC,3.2991
2023-01-19,BTC,1.7039
2023-01-20,BTC,2.8917
2023-01-21,BTC,3.6547
2023-01-22,BTC,2.5194
2023-01-23,BTC,2.5988
2023-01-24,BTC,2.3059
2023-01-25,BTC,3.3846
2023-01-26,BTC,2.3315
2023-01-27,BTC,2.2271
2023-01-28,BTC,1.0773
2023-01-29,BTC,2.426
2023-01-30,BTC,2.6342
2023-01-31,BTC,1.9552
2023-02-01,BTC,2.3543
2023-02-02,BTC,2.655
2023-02-03,BTC,2.098
2023-02-04,BTC,1.0993
2023-02-05,BTC,1.7244
2023-02-06,BTC,1.7959
2023-02-07,BTC,2.1036
2023-02-08,BTC,1.6117
2023-02-09,BTC,2.6639
2023-02-10,BTC,1.97
2023-02-11,BTC,1.0169
2023-02-12,BTC,1.3023
2023-02-13,BTC,1.9483
2023-02-14,BTC,2.4646
2023-02-15,BTC,2.7911
2023-02-16,BTC,3.4333
2023-02-17,BTC,3.5429
2023-02-18,BTC,1.5769
2023-02-19,BTC,2.2841
2023-02-20,BTC,2.7764
2023-02-21,BTC,2.6475
2023-02-22,BTC,2.9798
2023-02-23,BTC,2.7292
2023-02-24,BTC,2.8121
2023-02-25,BTC,1.5497
2023-02-26,BTC,1.6985
2023-02-27,BTC,2.1974
2023-02-28,BTC,1.942
2023-03-01,BTC,2.4006
2023-03-02,BTC,1.8228
2023-03-03,BTC,3.0854
2023-03-04,BTC,1.0158
2023-03-05,BTC,1.6245
2023-03-06,BTC,1.3262
2023-03-07,BTC,2.0908
2023-03-08,BTC,1.8844
2023-03-09,BTC,2.8719
2023-03-10,BTC,3.8037
2023-03-11,BTC,3.0749
2023-03-12,BTC,3.7858
2023-03-13,BTC,5.377
2023-03-14,BTC,6.2232
2023-03-15,BTC,4.6332
2023-03-16,BTC,3.3059
2023-03-17,BTC,4.6123
2023-03-18,BTC,3.5531
2023-03-19,BTC,3.1649
2023-03-20,BTC,3.8449
2023-03-21,BTC,3.0318
2023-03-22,BTC,4.4856
2023-03-23,BTC,3.6267
2023-03-24,BTC,2.8242
2023-03-25,BTC,1.9132
2023-03-26,BTC,2.0621
2023-03-27,BTC,2.7384
2023-03-28,BTC,2.5185
2023-03-29,BTC,2.5935
2023-03-30,BTC,3.0225
2023-03-31,BTC,2.5526
2023-04-01,BTC,1.4983
2023-04-02,BTC,1.5798
2023-04-03,BTC,3.0632
2023-04-04,BTC,2.068
2023-04-05,BTC,2.2723
2023-04-06,BTC,1.7351
2023-04-07,BTC,1.2566
2023-04-08,BTC,0.8352
2023-04-09,BTC,1.3985
2023-04-10,BTC,2.2542
2023-04-11,BTC,2.3179
2023-04-12,BTC,2.2998
2023-04-13,BTC,1.6125
2023-04-14,BTC,2.2335
2023-04-15,BTC,1.019
2023-04-16,BTC,1.1593
2023-04-17,BTC,2.0247
2023-04-18,BTC,1.7861
2023-04-19,BTC,2.8852
2023-04-20,BTC,2.5697
2023-04-21,BTC,2.4238
2023-04-22,BTC,1.4918
2023-04-23,BTC,1.784
2023-04-24,BTC,2.2977
2023-04-25,BTC,2.0242
2023-04-26,BTC,4.6819
2023-04-27,BTC,3.9862
2023-04-28,BTC,2.1478
2023-04-29,BTC,1.1988
2023-04-30,BTC,1.9997
2023-05-01,BTC,2.7739
2023-05-02,BTC,2.2455
2023-05-03,BTC,2.6802
2023-05-04,BTC,1.9839
2023-05-05,BTC,2.3617
2023-05-06,BTC,2.1021
2023-05-07,BTC,1.7583
2023-05-08,BTC,2.7678
2023-05-09,BTC,1.8576
2023-05-10,BTC,3.9678
2023-05-11,BTC,2.2398
2023-05-12,BTC,2.8693
2023-05-13,BTC,1.5128
2023-05-14,BTC,1.3562
2023-05-15,BTC,1.8653
2023-05-16,BTC,1.6879
2023-05-17,BTC,1.9313
2023-05-18,BTC,2.1545
2023-05-19,BTC,1.7403
2023-05-20,BTC,0.8723
2023-05-21,BTC,1.2868
2023-05-22,BTC,1.4854
2023-05-23,BTC,1.4877
2023-05-24,BTC,1.9675
2023-05-25,BTC,1.795
2023-05-26,BTC,1.2781
2023-05-27,BTC,0.911
2023-05-28,BTC,1.95
2023-05-29,BTC,1.6772
2023-05-30,BTC,1.6311
2023-05-31,BTC,1.8551
2023-06-01,BTC,1.9319
2023-06-02,BTC,1.7563
2023-06-03,BTC,0.9525
2023-06-04,BTC,1.121
2023-06-05,BTC,2.7029
2023-06-06,BTC,2.6756
2023-06-07,BTC,2.7287
2023-06-08,BTC,1.7318
2023-06-09,BTC,1.4265
2023-06-10,BTC,2.7691
2023-06-11,BTC,1.607
2023-06-12,BTC,1.824
2023-06-13,BTC,2.0394
2023-06-14,BTC,2.4723
2023-06-15,BTC,1.943
2023-06-16,BTC,2.0928
2023-06-17,BTC,1.7736
2023-06-18,BTC,1.2966
2023-06-19,BTC,1.7293
2023-06-20,BTC,2.5399
2023-06-21,BTC,3.5788
2023-06-22,BTC,2.445
2023-06-23,BTC,3.0942
2023-06-24,BTC,1.6428
2023-06-25,BTC,1.7088
2023-06-26,BTC,2.1424
2023-06-27,BTC,1.9333
2023-06-28,BTC,2.0043
2023-06-29,BTC,1.7269
2023-06-30,BTC,3.8915
2023-07-01,BTC,0.9779
2023-07-02,BTC,1.6429
2023-07-03,BTC,1.6173
2023-07-04,BTC,1.4237
2023-07-05,BTC,1.3756
2023-07-06,BTC,2.6162
2023-07-07,BTC,1.8163
2023-07-08,BTC,0.8519
2023-07-09,BTC,1.0003
2023-07-10,BTC,1.9595
2023-07-11,BTC,1.4383
2023-07-12,BTC,1.7849
2023-07-13,BTC,2.5029
2023-07-14,BTC,2.3769
2023-07-15,BTC,0.6647
2023-07-16,BTC,1.0579
2023-07-17,BTC,1.7633
2023-07-18,BTC,1.8003
2023-07-19,BTC,1.4371
2023-07-20,BTC,1.6222
2023-07-21,BTC,1.1293
2023-07-22,BTC,0.7944
2023-07-23,BTC,1.046
2023-07-24,BTC,2.3475
2023-07-25,BTC,0.9954
2023-07-26,BTC,1.5021
2023-07-27,BTC,0.9769
2023-07-28,BTC,0.9363
2023-07-29,BTC,0.4254
2023-07-30,BTC,0.9098
2023-07-31,BTC,1.0847
2023-08-01,BTC,1.7638
2023-08-02,BTC,1.7413
2023-08-03,BTC,1.0903
2023-08-04,BTC,1.0087
2023-08-05,BTC,0.42
2023-08-06,BTC,0.5708
2023-08-07,BTC,1.2514
2023-08-08,BTC,1.5699
2023-08-09,BTC,1.2989
2023-08-10,BTC,0.9638
2023-08-11,BTC,0.7554
2023-08-12,BTC,0.2536
2023-08-13,BTC,0.3911
2023-08-14,BTC,1.0714
2023-08-15,BTC,0.8556
2023-08-16,BTC,1.1382
2023-08-17,BTC,6.7772
2023-08-18,BTC,2.76
2023-08-19,BTC,1.3074
2023-08-20,BTC,1.0197
2023-08-21,BTC,1.3798
2023-08-22,BTC,1.9802
2023-08-23,BTC,2.0234
2023-08-24,BTC,1.4332
2023-08-25,BTC,1.5629
2023-08-26,BTC,0.5358
2023-08-27,BTC,0.6592
2023-08-28,BTC,1.3132
2023-08-29,BTC,3.7406
2023-08-30,BTC,1.8607
2023-08-31,BTC,2.6778
2023-09-01,BTC,2.0778
2023-09-02,BTC,0.8385
2023-09-03,BTC,1.1152
2023-09-04,BTC,1.3209
2023-09-05,BTC,1.2212
2023-09-06,BTC,1.6344
2023-09-07,BTC,1.6066
2023-09-08,BTC,1.5945
2023-09-09,BTC,0.5678
2023-09-10,BTC,1.1555
2023-09-11,BTC,2.2129
2023-09-12,BTC,2.8166
2023-09-13,BTC,1.9009
2023-09-14,BTC,1.8215
2023-09-15,BTC,1.3585
2023-09-16,BTC,0.8691
2023-09-17,BTC,0.6678
2023-09-18,BTC,2.0006
2023-09-19,BTC,2.0381
2023-09-20,BTC,1.8799
2023-09-21,BTC,1.5326
2023-09-22,BTC,1.1211
2023-09-23,BTC,0.4662
2023-09-24,BTC,1.3656
2023-09-25,BTC,1.4586
2023-09-26,BTC,1.0718
2023-09-27,BTC,1.6158
2023-09-28,BTC,1.9855
2023-09-29,BTC,1.6793
2023-09-30,BTC,0.727
2023-10-01,BTC,2.7433
2023-10-02,BTC,2.6977
2023-10-03,BTC,1.7133
2023-10-04,BTC,1.6487
2023-10-05,BTC,1.803
2023-10-06,BTC,2.2036
2023-10-07,BTC,0.8162
2023-10-08,BTC,1.1408
2023-10-09,BTC,1.7146
2023-10-10,BTC,1.4796
2023-10-11,BTC,1.91
2023-10-12,BTC,1.3569
2023-10-13,BTC,1.5073
2023-10-14,BTC,0.6175
2023-10-15,BTC,0.947
2023-10-16,BTC,5.4575
2023-10-17,BTC,2.0529
2023-10-18,BTC,1.9951
2023-10-19,BTC,1.8554
2023-10-20,BTC,2.5583
2023-10-21,BTC,1.5244
2023-10-22,BTC,1.5215
2023-10-23,BTC,5.8455
2023-10-24,BTC,5.02
2023-10-25,BTC,2.9989
2023-10-26,BTC,2.2923
2023-10-27,BTC,2.1242
2023-10-28,BTC,1.4187
2023-10-29,BTC,1.4298
2023-10-30,BTC,1.9014
2023-10-31,BTC,1.7009
2023-11-01,BTC,2.51
2023-11-02,BTC,2.2398
2023-11-03,BTC,2.0719
2023-11-04,BTC,1.2057
2023-11-05,BTC,1.7166
2023-11-06,BTC,1.513
2023-11-07,BTC,2.0935
2023-11-08,BTC,2.008
2023-11-09,BTC,4.1817
2023-11-10,BTC,2.2961
2023-11-11,BTC,1.4551
2023-11-12,BTC,1.1621
2023-11-13,BTC,1.882
2023-11-14,BTC,3.0094
2023-11-15,BTC,3.3892
2023-11-16,BTC,2.8463
2023-11-17,BTC,2.7491
2023-11-18,BTC,1.1591
2023-11-19,BTC,1.3698
2023-11-20,BTC,2.2797
2023-11-21,BTC,2.8438
2023-11-22,BTC,2.2016
2023-11-23,BTC,1.493
2023-11-24,BTC,2.3586
2023-11-25,BTC,0.7331
2023-11-26,BTC,1.2008
2023-11-27,BTC,1.8207
2023-11-28,BTC,1.9612
2023-11-29,BTC,1.7711
2023-11-30,BTC,1.3633
2023-12-01,BTC,1.87
2023-12-02,BTC,1.6418
2023-12-03,BTC,1.5405
2023-12-04,BTC,2.8051
2023-12-05,BTC,3.0814
2023-12-06,BTC,2.5903
2023-12-07,BTC,2.3297
2023-12-08,BTC,1.9451
2023-12-09,BTC,1.476
2023-12-10,BTC,1.1293
2023-12-11,BTC,4.5072
2023-12-12,BTC,2.5572
2023-12-13,BTC,2.6842
2023-12-14,BTC,2.764
2023-12-15,BTC,1.9874
2023-12-16,BTC,1.3847
2023-12-17,BTC,1.8366
2023-12-18,BTC,2.4601
2023-12-19,BTC,2.4578
2023-12-20,BTC,2.5185
2023-12-21,BTC,2.3172
2023-12-22,BTC,2.0448
2023-12-23,BTC,1.1923
2023-12-24,BTC,1.9198
2023-12-25,BTC,1.7338
2023-12-26,BTC,2.1435
2023-12-27,BTC,1.9663
2023-12-28,BTC,2.1469
2023-12-29,BTC,2.4483
2023-12-30,BTC,1.6901
2023-12-31,BTC,1.7325
2024-01-01,BTC,1.6913
2024-01-02,BTC,3.0002
2024-01-03,BTC,6.0095
2024-01-04,BTC,3.005
2024-01-05,BTC,4.5741
2024-01-06,BTC,1.5666
2024-01-07,BTC,1.7611
2024-01-08,BTC,3.4411
2024-01-09,BTC,5.6668
2024-01-10,BTC,5.038
2024-01-11,BTC,3.94
2024-01-12,BTC,4.6152
2024-01-13,BTC,2.5065
2024-01-14,BTC,2.3555
2024-01-15,BTC,2.285
2024-01-16,BTC,2.4785
2024-01-17,BTC,2.1294
2024-01-18,BTC,2.5352
2024-01-19,BTC,2.7215
2024-01-20,BTC,1.2345
2024-01-21,BTC,0.951
2024-01-22,BTC,3.2629
2024-01-23,BTC,3.1477
2024-01-24,BTC,2.3315
2024-01-25,BTC,1.9414
2024-01-26,BTC,2.4721
2024-01-27,BTC,1.1506
2024-01-28,BTC,1.713
2024-01-29,BTC,2.0095
2024-01-30,BTC,2.2069
2024-01-31,BTC,2.533
2024-02-01,BTC,2.2021
2024-02-02,BTC,1.8315
2024-02-03,BTC,0.9107
2024-02-04,BTC,1.2325
2024-02-05,BTC,1.7106
2024-02-06,BTC,1.6651
2024-02-07,BTC,1.7684
2024-02-08,BTC,1.9596
2024-02-09,BTC,3.144
2024-02-10,BTC,1.5898
2024-02-11,BTC,1.733
2024-02-12,BTC,2.5287
2024-02-13,BTC,2.8057
2024-02-14,BTC,2.798
2024-02-15,BTC,2.5386
2024-02-16,BTC,2.0937
2024-02-17,BTC,1.7327
2024-02-18,BTC,1.5265
2024-02-19,BTC,1.7703
2024-02-20,BTC,2.5606
2024-02-21,BTC,2.3352
2024-02-22,BTC,2.182
2024-02-23,BTC,1.8971
2024-02-24,BTC,1.1351
2024-02-25,BTC,1.2578
2024-02-26,BTC,2.622
2024-02-27,BTC,3.4269
2024-02-28,BTC,6.8434
2024-02-29,BTC,4.4216
2024-03-01,BTC,2.9576
2024-03-02,BTC,1.8668
2024-03-03,BTC,2.1459
2024-03-04,BTC,4.5258
2024-03-05,BTC,7.284
2024-03-06,BTC,4.8866
2024-03-07,BTC,3.3075
2024-03-08,BTC,4.176
2024-03-09,BTC,1.3571
2024-03-10,BTC,2.2974
2024-03-11,BTC,3.4211
2024-03-12,BTC,3.9464
2024-03-13,BTC,2.6372
2024-03-14,BTC,4.0433
2024-03-15,BTC,6.0777
2024-03-16,BTC,3.8513
2024-03-17,BTC,3.4323
2024-03-18,BTC,3.3689
2024-03-19,BTC,5.2616
2024-03-20,BTC,5.4308
2024-03-21,BTC,3.8451
2024-03-22,BTC,3.9413
2024-03-23,BTC,2.7366
2024-03-24,BTC,2.8139
2024-03-25,BTC,3.2527
2024-03-26,BTC,2.9766
2024-03-27,BTC,3.4077
2024-03-28,BTC,2.4883
2024-03-29,BTC,1.8306
2024-03-30,BTC,1.1698
2024-03-31,BTC,1.496
2024-04-01,BTC,2.4324
2024-04-02,BTC,4.0955
2024-04-03,BTC,2.7858
2024-04-04,BTC,2.7038
2024-04-05,BTC,3.0199
2024-04-06,BTC,1.7481
2024-04-07,BTC,1.9058
2024-04-08,BTC,2.5438
2024-04-09,BTC,2.9403
2024-04-10,BTC,3.0689
2024-04-11,BTC,2.7092
2024-04-12,BTC,3.5613
2024-04-13,BTC,5.8873
2024-04-14,BTC,4.6291
2024-04-15,BTC,3.8302
2024-04-16,BTC,4.2526
2024-04-17,BTC,4.0089
2024-04-18,BTC,3.5451
2024-04-19,BTC,4.9802
2024-04-20,BTC,2.5888
2024-04-21,BTC,2.1703
2024-04-22,BTC,2.5583
2024-04-23,BTC,1.9201
2024-04-24,BTC,2.5373
2024-04-25,BTC,2.6225
2024-04-26,BTC,2.195
2024-04-27,BTC,2.1282
2024-04-28,BTC,1.6304
2024-04-29,BTC,2.4635
2024-04-30,BTC,3.6178
2024-05-01,BTC,4.7459
2024-05-02,BTC,3.1818
2024-05-03,BTC,3.0859
2024-05-04,BTC,2.4756
2024-05-05,BTC,2.1351
2024-05-06,BTC,2.7501
2024-05-07,BTC,2.4884
2024-05-08,BTC,2.6976
2024-05-09,BTC,2.2584
2024-05-10,BTC,2.7179
2024-05-11,BTC,1.4813
2024-05-12,BTC,1.4101
2024-05-13,BTC,2.4722
2024-05-14,BTC,2.5491
2024-05-15,BTC,3.1559
2024-05-16,BTC,2.1713
2024-05-17,BTC,2.0114
2024-05-18,BTC,1.3053
2024-05-19,BTC,1.6283
2024-05-20,BTC,2.7842
2024-05-21,BTC,2.5677
2024-05-22,BTC,2.3735
2024-05-23,BTC,3.159
2024-05-24,BTC,2.0089
2024-05-25,BTC,1.0795
2024-05-26,BTC,1.1748
2024-05-27,BTC,1.8607
2024-05-28,BTC,2.4652
2024-05-29,BTC,1.9707
2024-05-30,BTC,2.0782
2024-05-31,BTC,2.0245
2024-06-01,BTC,0.7793
2024-06-02,BTC,1.2596
2024-06-03,BTC,2.1591
2024-06-04,BTC,2.0584
2024-06-05,BTC,2.0246
2024-06-06,BTC,1.5884
2024-06-07,BTC,2.4343
2024-06-08,BTC,0.7361
2024-06-09,BTC,0.8625
2024-06-10,BTC,1.2912
2024-06-11,BTC,2.7241
2024-06-12,BTC,3.0367
2024-06-13,BTC,2.2737
2024-06-14,BTC,2.3518
2024-06-15,BTC,0.8738
2024-06-16,BTC,0.9981
2024-06-17,BTC,2.1376
2024-06-18,BTC,3.0535
2024-06-19,BTC,1.6314
2024-06-20,BTC,1.841
2024-06-21,BTC,2.1059
2024-06-22,BTC,0.6863
2024-06-23,BTC,0.9353
2024-06-24,BTC,3.4308
2024-06-25,BTC,2.3715
2024-06-26,BTC,1.8819
2024-06-27,BTC,1.806
2024-06-28,BTC,1.9577
2024-06-29,BTC,1.019
2024-06-30,BTC,1.5557
2024-07-01,BTC,1.8901
2024-07-02,BTC,1.6284
2024-07-03,BTC,2.3123
2024-07-04,BTC,4.0513
2024-07-05,BTC,4.6418
2024-07-06,BTC,2.0696
2024-07-07,BTC,2.2935
2024-07-08,BTC,4.5517
2024-07-09,BTC,2.9757
2024-07-10,BTC,2.7713
2024-07-11,BTC,3.0222
2024-07-12,BTC,2.453
2024-07-13,BTC,1.9352
2024-07-14,BTC,2.2106
2024-07-15,BTC,2.9178
2024-07-16,BTC,3.1659
2024-07-17,BTC,2.6655
2024-07-18,BTC,2.1912
2024-07-19,BTC,2.447
2024-07-20,BTC,1.7285
2024-07-21,BTC,2.2569
2024-07-22,BTC,2.2129
2024-07-23,BTC,2.6574
2024-07-24,BTC,2.2137
2024-07-25,BTC,2.7955
2024-07-26,BTC,2.1486
2024-07-27,BTC,3.5558
2024-07-28,BTC,1.5826
2024-07-29,BTC,2.8152
2024-07-30,BTC,2.5556
2024-07-31,BTC,2.5889
2024-08-01,BTC,2.9918
2024-08-02,BTC,3.959
2024-08-03,BTC,3.2601
2024-08-04,BTC,3.1114
2024-08-05,BTC,11.002
2024-08-06,BTC,4.6984
2024-08-07,BTC,3.9403
2024-08-08,BTC,4.8203
2024-08-09,BTC,3.4323
2024-08-10,BTC,1.8553
2024-08-11,BTC,2.6677
2024-08-12,BTC,4.1757
2024-08-13,BTC,2.9941
2024-08-14,BTC,3.0674
2024-08-15,BTC,3.6646
2024-08-16,BTC,3.2492
2024-08-17,BTC,1.2814
2024-08-18,BTC,1.8532
2024-08-19,BTC,2.5022
2024-08-20,BTC,2.7762
2024-08-21,BTC,2.7336
2024-08-22,BTC,2.3053
2024-08-23,BTC,2.9593
2024-08-24,BTC,1.6272
2024-08-25,BTC,1.516
2024-08-26,BTC,2.2378
2024-08-27,BTC,3.5298
2024-08-28,BTC,3.2612
2024-08-29,BTC,2.5665
2024-08-30,BTC,2.629
2024-08-31,BTC,1.0955
2024-09-01,BTC,2.5867
2024-09-02,BTC,2.3337
2024-09-03,BTC,2.1362
2024-09-04,BTC,3.2376
2024-09-05,BTC,3.0054
2024-09-06,BTC,4.1566
2024-09-07,BTC,1.7477
2024-09-08,BTC,2.081
2024-09-09,BTC,2.9749
2024-09-10,BTC,2.4274
2024-09-11,BTC,3.0936
2024-09-12,BTC,2.734
2024-09-13,BTC,2.1258
2024-09-14,BTC,1.3277
2024-09-15,BTC,1.5427
2024-09-16,BTC,2.3446
2024-09-17,BTC,2.5844
2024-09-18,BTC,3.2183
2024-09-19,BTC,2.6029
2024-09-20,BTC,2.4153
2024-09-21,BTC,1.099
2024-09-22,BTC,1.6262
2024-09-23,BTC,2.3897
2024-09-24,BTC,2.1347
2024-09-25,BTC,1.8337
2024-09-26,BTC,2.2665
2024-09-27,BTC,1.8108
2024-09-28,BTC,1.0373
2024-09-29,BTC,1.0412
2024-09-30,BTC,2.1885
2024-10-01,BTC,3.0857
2024-10-02,BTC,3.012
2024-10-03,BTC,2.8708
2024-10-04,BTC,2.1145
2024-10-05,BTC,0.977
2024-10-06,BTC,1.1971
2024-10-07,BTC,2.4051
2024-10-08,BTC,2.1562
2024-10-09,BTC,2.005
2024-10-10,BTC,2.2514
2024-10-11,BTC,1.9545
2024-10-12,BTC,1.2803
2024-10-13,BTC,1.3933
2024-10-14,BTC,2.3557
2024-10-15,BTC,3.1744
2024-10-16,BTC,2.5729
2024-10-17,BTC,2.0122
2024-10-18,BTC,1.9632
2024-10-19,BTC,0.824
2024-10-20,BTC,1.1186
2024-10-21,BTC,1.9197
2024-10-22,BTC,2.0635
2024-10-23,BTC,1.9015
2024-10-24,BTC,1.9164
2024-10-25,BTC,2.7008
2024-10-26,BTC,1.2048
2024-10-27,BTC,1.1281
2024-10-28,BTC,2.0622
2024-10-29,BTC,2.4298
2024-10-30,BTC,2.1325
2024-10-31,BTC,2.1847
2024-11-01,BTC,2.9033
2024-11-02,BTC,1.1298
2024-11-03,BTC,2.173
2024-11-04,BTC,2.4102
2024-11-05,BTC,2.6335
2024-11-06,BTC,4.5011
2024-11-07,BTC,2.5066
2024-11-08,BTC,2.1417
2024-11-09,BTC,1.3314
2024-11-10,BTC,3.35
2024-11-11,BTC,3.9104
2024-11-12,BTC,4.8353
2024-11-13,BTC,4.7741
2024-11-14,BTC,4.1945
2024-11-15,BTC,3.435
2024-11-16,BTC,1.9686
2024-11-17,BTC,2.2451
2024-11-18,BTC,3.3872
2024-11-19,BTC,3.0605
2024-11-20,BTC,2.8004
2024-11-21,BTC,3.0294
2024-11-22,BTC,2.5366
2024-11-23,BTC,1.4952
2024-11-24,BTC,2.1055
2024-11-25,BTC,3.2222
2024-11-26,BTC,3.4543
2024-11-27,BTC,2.5271
2024-11-28,BTC,2.1295
2024-11-29,BTC,1.9399
2024-11-30,BTC,1.2395
2024-12-01,BTC,1.4499
2024-12-02,BTC,2.6344
2024-12-03,BTC,2.3896
2024-12-04,BTC,2.4537
2024-12-05,BTC,6.3011
2024-12-06,BTC,2.9901
2024-12-07,BTC,1.6474
2024-12-08,BTC,1.6629
2024-12-09,BTC,3.7334
2024-12-10,BTC,3.531
2024-12-11,BTC,2.5473
2024-12-12,BTC,2.5881
2024-12-13,BTC,1.9818
2024-12-14,BTC,1.5597
2024-12-15,BTC,1.9039
2024-12-16,BTC,2.7181
2024-12-17,BTC,2.4441
2024-12-18,BTC,3.5758
2024-12-19,BTC,4.0557
2024-12-20,BTC,4.4187
2024-12-21,BTC,2.3102
2024-12-22,BTC,2.4727
2024-12-23,BTC,3.4906
2024-12-24,BTC,2.5544
2024-12-25,BTC,2.1755
2024-12-26,BTC,2.7351
2024-12-27,BTC,2.815
2024-12-28,BTC,1.4592
2024-12-29,BTC,1.5691
2024-12-30,BTC,2.7812
2024-12-31,BTC,2.437
2025-01-01,BTC,1.6209
2025-01-02,BTC,2.3211
2025-01-03,BTC,1.7534
2025-01-04,BTC,1.124
2025-01-05,BTC,1.1435
2025-01-06,BTC,2.185
2025-01-07,BTC,2.6492
2025-01-08,BTC,3.0492
2025-01-09,BTC,2.9955
2025-01-10,BTC,3.607
2025-01-11,BTC,1.1667
2025-01-12,BTC,1.3252
2025-01-13,BTC,3.872
2025-01-14,BTC,2.7625
2025-01-15,BTC,2.5108
2025-01-16,BTC,2.6506
2025-01-17,BTC,2.4561
2025-01-18,BTC,2.3652
2025-01-19,BTC,4.1593
2025-01-20,BTC,7.4812
2025-01-21,BTC,4.2084
2025-01-22,BTC,2.517
2025-01-23,BTC,5.3346
2025-01-24,BTC,2.6797
2025-01-25,BTC,1.4158
2025-01-26,BTC,1.5269
2025-01-27,BTC,4.1024
2025-01-28,BTC,2.6944
2025-01-29,BTC,2.7967
2025-01-30,BTC,2.0105
2025-01-31,BTC,2.1048
2025-02-01,BTC,1.575
2025-02-02,BTC,3.4352
2025-02-03,BTC,5.5959
2025-02-04,BTC,3.7226
2025-02-05,BTC,2.6399
2025-02-06,BTC,2.633
2025-02-07,BTC,2.9214
2025-02-08,BTC,1.3264
2025-02-09,BTC,1.7095
2025-02-10,BTC,2.1567
2025-02-11,BTC,1.9291
2025-02-12,BTC,2.8798
2025-02-13,BTC,1.9897
2025-02-14,BTC,1.9174
2025-02-15,BTC,0.9592
2025-02-16,BTC,1.0679
2025-02-17,BTC,1.5128
2025-02-18,BTC,2.1486
2025-02-19,BTC,1.6934
2025-02-20,BTC,1.4824
2025-02-21,BTC,2.4486
2025-02-22,BTC,0.9748
2025-02-23,BTC,0.9309
2025-02-24,BTC,2.5603
2025-02-25,BTC,4.7144
2025-02-26,BTC,4.4096
2025-02-27,BTC,3.4716
2025-02-28,BTC,5.3746
2025-03-01,BTC,2.1814
2025-03-02,BTC,4.3343
2025-03-03,BTC,5.1561
2025-03-04,BTC,5.7575
2025-03-05,BTC,4.0154
2025-03-06,BTC,3.8513
2025-03-07,BTC,6.0435
2025-03-08,BTC,2.0443
2025-03-09,BTC,3.195
2025-03-10,BTC,4.8531
2025-03-11,BTC,4.8356
2025-03-12,BTC,3.4258
2025-03-13,BTC,2.9088
2025-03-14,BTC,2.6068
2025-03-15,BTC,1.2099
2025-03-16,BTC,2.5678
2025-03-17,BTC,2.3447
2025-03-18,BTC,2.2842
2025-03-19,BTC,2.6064
2025-03-20,BTC,2.3489
2025-03-21,BTC,1.812
2025-03-22,BTC,0.8043
2025-03-23,BTC,1.1304
2025-03-24,BTC,2.0262
2025-03-25,BTC,2.0134
2025-03-26,BTC,1.9127
2025-03-27,BTC,1.8245
2025-03-28,BTC,2.0489
2025-03-29,BTC,1.773
2025-03-30,BTC,1.7422
2025-03-31,BTC,2.727
2025-04-01,BTC,2.2338
2025-04-02,BTC,3.841
2025-04-03,BTC,2.8145
2025-04-04,BTC,3.3945
2025-04-05,BTC,1.4487
2025-04-06,BTC,3.449
2025-04-07,BTC,6.2732
2025-04-08,BTC,3.4775
2025-04-09,BTC,5.055
2025-04-10,BTC,3.214
2025-04-11,BTC,2.9256
2025-04-12,BTC,2.0439
2025-04-13,BTC,2.6988
2025-04-14,BTC,2.7912
2025-04-15,BTC,2.1541
2025-04-16,BTC,2.3443
2025-04-17,BTC,1.7078
2025-04-18,BTC,0.9363
2025-04-19,BTC,1.0051
2025-04-20,BTC,1.1342
2025-04-21,BTC,2.2793
2025-04-22,BTC,3.164
2025-04-23,BTC,2.6437
2025-04-24,BTC,1.8833
2025-04-25,BTC,2.0455
2025-04-26,BTC,1.2622
2025-04-27,BTC,1.3563
2025-04-28,BTC,1.8623
2025-04-29,BTC,1.7949
2025-04-30,BTC,1.8336
2025-05-01,BTC,1.68
2025-05-02,BTC,1.5897
2025-05-03,BTC,0.9302
2025-05-04,BTC,1.2646
2025-05-05,BTC,1.6606
2025-05-06,BTC,1.667
2025-05-07,BTC,1.783
2025-05-08,BTC,2.4985
2025-05-09,BTC,2.0921
2025-05-10,BTC,1.4713
2025-05-11,BTC,1.8866
2025-05-12,BTC,2.5794
2025-05-13,BTC,1.9783
2025-05-14,BTC,1.634
2025-05-15,BTC,1.9978
2025-05-16,BTC,1.5697
2025-05-17,BTC,1.2475
2025-05-18,BTC,1.892
2025-05-19,BTC,2.3473
2025-05-20,BTC,2.1239
2025-05-21,BTC,2.9298
2025-05-22,BTC,2.4532
2025-05-23,BTC,2.6826
2025-05-24,BTC,1.7612
2025-05-25,BTC,1.8636
2025-05-26,BTC,1.6855
2025-05-27,BTC,2.1681
2025-05-28,BTC,1.6729
2025-05-29,BTC,2.1182
2025-05-30,BTC,2.2376
2025-05-31,BTC,1.5069
2025-06-01,BTC,1.2928
2025-06-02,BTC,1.6195
2025-06-03,BTC,1.4572
2025-06-04,BTC,1.271
2025-06-05,BTC,2.3056
2025-06-06,BTC,1.5595
2025-06-07,BTC,1.0237
2025-06-08,BTC,0.9404
2025-06-09,BTC,1.7576
2025-06-10,BTC,1.6471
2025-06-11,BTC,1.5919
2025-06-12,BTC,1.8633
2025-06-13,BTC,2.5837
2025-06-14,BTC,1.1723
2025-06-15,BTC,1.1741
2025-06-16,BTC,1.8487
2025-06-17,BTC,1.9635
2025-06-18,BTC,2.0964
2025-06-19,BTC,1.2375
2025-06-20,BTC,1.8048
2025-06-21,BTC,1.8511
2025-06-22,BTC,2.82
2025-06-23,BTC,2.622
2025-06-24,BTC,1.7882
2025-06-25,BTC,1.6475
2025-06-26,BTC,1.5748
2025-06-27,BTC,1.3945
2025-06-28,BTC,0.5202
2025-06-29,BTC,0.917
2025-06-30,BTC,1.26
2025-07-01,BTC,1.3382
2025-07-02,BTC,1.4863
2025-07-03,BTC,1.5249
2025-07-04,BTC,1.1757
2025-07-05,BTC,0.6218
2025-07-06,BTC,1.1081
2025-07-07,BTC,1.2831
2025-07-08,BTC,1.1815
2025-07-09,BTC,1.5177
2025-07-10,BTC,2.2135
2025-07-11,BTC,1.9845
2025-07-12,BTC,1.0475
2025-07-13,BTC,1.2154
2025-07-14,BTC,2.1461
2025-07-15,BTC,2.5359
2025-07-16,BTC,1.9145
2025-07-17,BTC,2.0798
2025-07-18,BTC,2.0001
2025-07-19,BTC,1.0012
2025-07-20,BTC,1.4057
2025-07-21,BTC,1.7379
2025-07-22,BTC,2.14
2025-07-23,BTC,1.7012
2025-07-24,BTC,1.7026
2025-07-25,BTC,2.2157
2025-07-26,BTC,0.7307
2025-07-27,BTC,1.0338
2025-07-28,BTC,1.5388
2025-07-29,BTC,1.5949
2025-07-30,BTC,1.5887
2025-07-31,BTC,1.5566
2025-08-01,BTC,2.6192
2025-08-02,BTC,1.4976
2025-08-03,BTC,1.1338
2025-08-04,BTC,1.3568
2025-08-05,BTC,1.6654
2025-08-06,BTC,1.4209
2025-08-07,BTC,1.4465
2025-08-08,BTC,1.2095
2025-08-09,BTC,0.9097
2025-08-10,BTC,1.3274
2025-08-11,BTC,2.0341
2025-08-12,BTC,1.7337
2025-08-13,BTC,1.9774
2025-08-14,BTC,2.6257
2025-08-15,BTC,1.7068
2025-08-16,BTC,0.8497
2025-08-17,BTC,0.8774
2025-08-18,BTC,1.7218
2025-08-19,BTC,1.9135
2025-08-20,BTC,1.8281
2025-08-21,BTC,1.6376
2025-08-22,BTC,2.2392
2025-08-23,BTC,0.9901
2025-08-24,BTC,2.5688
2025-08-25,BTC,2.3871
2025-08-26,BTC,2.2356
2025-08-27,BTC,2.2282
2025-08-28,BTC,1.5708
2025-08-29,BTC,2.316
2025-08-30,BTC,0.9992
2025-08-31,BTC,1.0595
2025-09-01,BTC,1.8575
2025-09-02,BTC,2.0216
2025-09-03,BTC,1.5724
2025-09-04,BTC,1.5405
2025-09-05,BTC,2.1531
2025-09-06,BTC,0.728
2025-09-07,BTC,0.7875
2025-09-08,BTC,1.3091
2025-09-09,BTC,1.4481
2025-09-10,BTC,1.5747
2025-09-11,BTC,1.3968
2025-09-12,BTC,1.2587
2025-09-13,BTC,0.7531
2025-09-14,BTC,0.8338
2025-09-15,BTC,1.4002
2025-09-16,BTC,1.2631
2025-09-17,BTC,1.7532
2025-09-18,BTC,1.2835
2025-09-19,BTC,0.9965
2025-09-20,BTC,0.4523
2025-09-21,BTC,0.5596
2025-09-22,BTC,1.9842
2025-09-23,BTC,1.3066
2025-09-24,BTC,1.3439
2025-09-25,BTC,1.9999
2025-09-26,BTC,1.6213
2025-09-27,BTC,0.644
2025-09-28,BTC,0.952
2025-09-29,BTC,1.2974
2025-09-30,BTC,1.3963
2025-10-01,BTC,1.4802
2025-10-02,BTC,1.5385
2025-10-03,BTC,1.8789
2025-10-04,BTC,0.8895
2025-10-05,BTC,1.8563
2025-10-06,BTC,1.7115
2025-10-07,BTC,1.809
2025-10-08,BTC,1.7746
2025-10-09,BTC,1.8112
2025-10-10,BTC,7.3624
2025-10-11,BTC,2.6894
2025-10-12,BTC,3.0706
2025-10-13,BTC,2.3535
2025-10-14,BTC,2.8136
2025-10-15,BTC,2.4786
2025-10-16,BTC,2.996
2025-10-17,BTC,2.95
2025-10-18,BTC,1.3651
2025-10-19,BTC,1.8987
2025-10-20,BTC,2.073
2025-10-21,BTC,3.1986
2025-10-22,BTC,2.7607
2025-10-23,BTC,2.0684
2025-10-24,BTC,1.8971
2025-10-25,BTC,0.9007
2025-10-26,BTC,1.9918
2025-10-27,BTC,1.6322
2025-10-28,BTC,1.9636
2025-10-29,BTC,2.6292
2025-10-30,BTC,2.6994
2025-10-31,BTC,2.3815
2025-11-01,BTC,1.0039
2025-11-02,BTC,1.2801
2025-11-03,BTC,2.767
2025-11-04,BTC,3.8625
2025-11-05,BTC,2.9042
2025-11-06,BTC,2.7881
2025-11-07,BTC,2.8406
2025-11-08,BTC,1.6153
2025-11-09,BTC,1.8948
2025-11-10,BTC,2.1473
2025-11-11,BTC,2.2269
2025-11-12,BTC,2.2353
2025-11-13,BTC,3.3895
2025-11-14,BTC,4.1064
2025-11-15,BTC,2.1081
2025-11-16,BTC,2.6302
2025-11-17,BTC,3.1675
2025-11-18,BTC,3.2629
2025-11-19,BTC,2.9436
2025-11-20,BTC,3.444
2025-11-21,BTC,5.3121
2025-11-22,BTC,2.3613
2025-11-23,BTC,2.3366
2025-11-24,BTC,2.9614
2025-11-25,BTC,2.3776
2025-11-26,BTC,2.3515
2025-11-27,BTC,1.8079
2025-11-28,BTC,2.0729
2025-11-29,BTC,1.2775
2025-11-30,BTC,1.3717
2025-12-01,BTC,3.3653
2025-12-02,BTC,2.8369
2025-12-03,BTC,3.0098
2025-12-04,BTC,2.5879
2025-12-05,BTC,2.5531
2025-12-06,BTC,1.4474
2025-12-07,BTC,2.4384
2025-12-08,BTC,2.4869
2025-12-09,BTC,2.7293
2025-12-10,BTC,2.9769
2025-12-11,BTC,2.7928
2025-12-12,BTC,2.298
2025-12-13,BTC,0.8823
2025-12-14,BTC,1.7891
2025-12-15,BTC,2.7636
2025-12-16,BTC,2.7192
2025-12-17,BTC,3.1644
2025-12-18,BTC,3.206
2025-12-19,BTC,3.0784
2025-12-20,BTC,0.915
2025-12-21,BTC,1.4644
2025-12-22,BTC,2.4699
2025-12-23,BTC,2.2071
2025-12-24,BTC,1.741
2025-12-25,BTC,1.2662
2025-12-26,BTC,2.075
2025-12-27,BTC,0.7029
2025-12-28,BTC,0.8071
2025-12-29,BTC,2.0875
2025-12-30,BTC,1.7215
2025-12-31,BTC,1.3628
2026-01-01,BTC,0.8766
2026-01-02,BTC,2.183
2026-01-03,BTC,1.0213
2026-01-04,BTC,1.3488
2026-01-05,BTC,2.0277
2026-01-06,BTC,2.1908
2026-01-07,BTC,1.948
2026-01-08,BTC,2.0151
2026-01-09,BTC,2.1399
2026-01-10,BTC,0.5508
2026-01-11,BTC,0.9595
2026-01-12,BTC,2.036
2026-01-13,BTC,2.5706
2026-01-14,BTC,2.1716
2026-01-15,BTC,2.11
2026-01-16,BTC,1.5485
2026-01-17,BTC,0.6887
2026-01-18,BTC,1.063
2026-01-19,BTC,2.0355
2026-01-20,BTC,2.749
2026-01-21,BTC,2.9492
2026-01-22,BTC,1.9851
2026-01-23,BTC,2.0884
2026-01-24,BTC,0.6739
2026-01-25,BTC,1.9773
2026-01-26,BTC,2.2396
2026-01-27,BTC,1.9287
2026-01-28,BTC,2.1719
2026-01-29,BTC,2.5264
2026-01-30,BTC,3.8817
2026-01-31,BTC,4.9464
2026-02-01,BTC,3.5715
2026-02-02,BTC,4.7531
2026-02-03,BTC,4.1133
2026-02-04,BTC,4.6047
2026-02-05,BTC,7.2729
2026-02-06,BTC,6.7516
2026-02-07,BTC,4.1293
2026-02-08,BTC,3.2242
2026-02-09,BTC,3.738
2026-02-10,BTC,3.3027
2026-02-11,BTC,3.8244
2026-02-12,BTC,3.3719
2026-02-13,BTC,3.0987
2026-02-14,BTC,2.0021
2026-02-15,BTC,2.5313
2026-02-16,BTC,2.6209
2026-02-17,BTC,2.9139
2026-02-18,BTC,2.6955
2026-02-19,BTC,2.5276
2026-02-20,BTC,3.2626
2026-02-21,BTC,1.3869
2026-02-22,BTC,1.2567
2026-02-23,BTC,3.1735
2026-02-24,BTC,3.2954
2026-02-25,BTC,3.5667
2026-02-26,BTC,3.0387
2026-02-27,BTC,2.8675
2026-02-28,BTC,3.4996
2026-03-01,BTC,3.5331
2026-03-02,BTC,3.7123
2026-03-03,BTC,3.5495
2026-03-04,BTC,3.7699
2026-03-05,BTC,3.129
2026-03-06,BTC,2.8824
2026-03-07,BTC,1.6087
2026-03-08,BTC,2.6533
2026-03-09,BTC,3.2686
2026-03-10,BTC,3.3452
2026-03-11,BTC,2.9315
2026-03-12,BTC,2.5774
2026-03-13,BTC,2.9784
2026-03-14,BTC,1.371
2026-03-15,BTC,1.9648
2026-03-16,BTC,2.9266
2026-03-17,BTC,2.7118
2026-03-18,BTC,2.4135
2026-03-19,BTC,2.7446
2026-03-20,BTC,2.5708
2026-03-21,BTC,1.4244
2026-03-22,BTC,2.2617
2026-03-23,BTC,3.9675
2026-03-24,BTC,2.5527
2026-03-25,BTC,2.2989
2026-03-26,BTC,2.4412
2026-03-27,BTC,2.4812
2026-03-28,BTC,1.468
2026-03-29,BTC,1.9732
2026-03-30,BTC,2.5676
2026-03-31,BTC,2.8585
2026-04-01,BTC,2.2674
2026-04-02,BTC,2.4876
2026-04-03,BTC,1.4185
2026-04-04,BTC,0.8212
2026-04-05,BTC,1.5288
2026-04-06,BTC,2.1778
2026-04-07,BTC,2.7738
2026-04-08,BTC,2.1933
2026-04-09,BTC,2.4016
2026-04-10,BTC,1.9949
2026-04-11,BTC,1.3661
2026-04-12,BTC,2.0003
2026-04-13,BTC,2.4306
2026-04-14,BTC,2.2546
2026-04-15,BTC,2.1272
2026-04-16,BTC,2.2862
2026-04-17,BTC,2.618
2026-04-18,BTC,1.4771
2026-04-19,BTC,1.9877
2026-04-20,BTC,2.3149
2026-04-21,BTC,2.2192
2026-04-22,BTC,2.1307
2026-04-23,BTC,2.2015
2026-04-24,BTC,1.7322
2026-04-25,BTC,0.7446
2026-04-26,BTC,1.5963
2026-04-27,BTC,1.8613
2026-04-28,BTC,1.4245
2026-04-29,BTC,1.9286
2026-04-30,BTC,1.6517
2026-05-01,BTC,1.7076
2026-05-02,BTC,1.0876
2026-05-03,BTC,1.1584
2026-05-04,BTC,2.5876
2026-05-05,BTC,1.6947
2026-05-06,BTC,1.7392
2026-05-07,BTC,1.6333
2026-05-08,BTC,1.5823
2026-05-09,BTC,0.8299
2026-05-10,BTC,1.4855
2026-05-11,BTC,1.72
2026-05-12,BTC,1.4437
2026-05-13,BTC,1.3908
2026-05-14,BTC,1.7883
2026-05-15,BTC,1.7569
2026-05-16,BTC,1.1424
2026-05-17,BTC,1.5832
2026-05-18,BTC,2.1714
2026-05-19,BTC,1.5527
2026-05-20,BTC,1.6738
2026-05-21,BTC,1.7206
2026-05-22,BTC,1.6865
2026-05-23,BTC,1.8639
2026-05-24,BTC,1.5444
2026-05-25,BTC,1.231
2026-05-26,BTC,1.808
2026-05-27,BTC,1.7282
2026-05-28,BTC,2.1472
2026-05-29,BTC,1.8212
2026-05-30,BTC,0.8577
2026-05-31,BTC,1.0866
2026-06-01,BTC,2.0876
2026-06-02,BTC,2.9426
2026-06-03,BTC,3.3516
2026-06-04,BTC,4.4363
2026-06-05,BTC,5.2712
2026-06-06,BTC,3.1034
2026-06-07,BTC,3.4212
2026-06-08,BTC,3.0979
2026-06-09,BTC,2.7835
2026-06-10,BTC,3.1014
2026-06-11,BTC,2.5685
2026-06-12,BTC,2.1342
2026-06-13,BTC,1.2444
2026-06-14,BTC,1.9734
2026-06-15,BTC,1.8959
2026-06-16,BTC,2.0155
2026-06-17,BTC,2.8677
2026-06-18,BTC,2.1965
2026-06-19,BTC,1.8871
2026-06-20,BTC,1.5464
2026-06-21,BTC,1.4622
2026-06-22,BTC,2.2721
2026-06-23,BTC,2.0701
2026-06-24,BTC,2.9601
2026-06-25,BTC,3.7565
2026-06-26,BTC,3.501
2026-06-27,BTC,1.4868
2026-06-28,BTC,1.8306
2026-06-29,BTC,2.9016
2026-06-30,BTC,2.3136
2026-07-01,BTC,2.6544
2026-07-02,BTC,2.6331
2026-07-03,BTC,1.7897
2026-07-04,BTC,1.3889
2026-07-05,BTC,1.4292
2026-07-06,BTC,2.7189
2026-07-07,BTC,2.2295
2026-07-08,BTC,2.1997
2026-07-09,BTC,2.1211
2026-07-10,BTC,1.8818
2026-07-11,BTC,1.0447
2026-07-12,BTC,1.1286
2026-07-13,BTC,2.0373
2026-07-14,BTC,2.192
2026-07-15,BTC,1.8166
2026-07-16,BTC,1.681
2026-07-17,BTC,1.8024
2026-07-18,BTC,0.8159
2026-07-19,BTC,1.0797
2026-07-20,BTC,2.0773
2026-07-21,BTC,1.6576
2026-07-22,BTC,1.5846
2026-07-23,BTC,1.4365
2026-07-24,BTC,1.5338
2026-07-25,BTC,0.6886
2026-07-26,BTC,0.933
2026-07-27,BTC,1.9385
2026-07-28,BTC,1.7217
2026-07-29,BTC,2.0969
2026-07-30,BTC,1.4505
2026-07-31,BTC,1.6608
2026-08-01,BTC,0.8757
2026-08-02,BTC,1.2492
2026-08-03,BTC,1.7073
2026-08-04,BTC,1.5851
2026-08-05,BTC,1.4829
2026-08-06,BTC,1.1864
2026-08-07,BTC,1.3817
2026-08-08,BTC,0.4169
2026-08-09,BTC,0.6348
2026-08-10,BTC,1.3224
2026-08-11,BTC,1.0928
2026-08-12,BTC,1.2713
2026-08-13,BTC,1.2965
2026-08-14,BTC,1.1905
2026-08-15,BTC,0.4219
2026-08-16,BTC,0.6303
2026-08-17,BTC,1.3336
2026-08-18,BTC,1.0575
2026-08-19,BTC,3.61
2026-08-20,BTC,3.0531
2026-08-21,BTC,4.1024
2026-08-22,BTC,2.7609
2026-08-23,BTC,2.0535
2026-08-24,BTC,2.6946
2026-08-25,BTC,2.8308
2026-08-26,BTC,1.9739
2026-08-27,BTC,2.0633
2026-08-28,BTC,2.2148
2026-08-29,BTC,0.9184
2026-08-30,BTC,1.5197
2026-08-31,BTC,2.0165
2022-01-01,ETH,2.5278
2022-01-02,ETH,2.3947
2022-01-03,ETH,2.6012
2022-01-04,ETH,2.9143
2022-01-05,ETH,4.761
2022-01-06,ETH,4.2174
2022-01-07,ETH,6.7487
2022-01-08,ETH,4.4636
2022-01-09,ETH,3.1286
2022-01-10,ETH,5.3103
2022-01-11,ETH,3.3494
2022-01-12,ETH,2.9598
2022-01-13,ETH,3.0546
2022-01-14,ETH,3.0698
2022-01-15,ETH,2.2143
2022-01-16,ETH,2.4252
2022-01-17,ETH,3.1201
2022-01-18,ETH,3.4663
2022-01-19,ETH,3.5738
2022-01-20,ETH,3.709
2022-01-21,ETH,8.4775
2022-01-22,ETH,9.8356
2022-01-23,ETH,5.5973
2022-01-24,ETH,8.8117
2022-01-25,ETH,5.4714
2022-01-26,ETH,7.3087
2022-01-27,ETH,5.8718
2022-01-28,ETH,5.2381
2022-01-29,ETH,3.9348
2022-01-30,ETH,3.4202
2022-01-31,ETH,4.2856
2022-02-01,ETH,4.1189
2022-02-02,ETH,4.5154
2022-02-03,ETH,4.4711
2022-02-04,ETH,4.6541
2022-02-05,ETH,3.5247
2022-02-06,ETH,3.0748
2022-02-07,ETH,3.318
2022-02-08,ETH,3.887
2022-02-09,ETH,3.3649
2022-02-10,ETH,4.919
2022-02-11,ETH,5.1974
2022-02-12,ETH,3.9491
2022-02-13,ETH,3.3086
2022-02-14,ETH,3.5693
2022-02-15,ETH,3.2456
2022-02-16,ETH,3.2453
2022-02-17,ETH,4.5999
2022-02-18,ETH,4.3828
2022-02-19,ETH,3.2329
2022-02-20,ETH,3.9611
2022-02-21,ETH,6.4772
2022-02-22,ETH,5.1777
2022-02-23,ETH,4.1323
2022-02-24,ETH,7.7303
2022-02-25,ETH,5.3885
2022-02-26,ETH,4.2083
2022-02-27,ETH,5.3031
2022-02-28,ETH,5.3995
2022-03-01,ETH,4.5173
2022-03-02,ETH,4.6379
2022-03-03,ETH,3.6551
2022-03-04,ETH,4.4918
2022-03-05,ETH,2.6324
2022-03-06,ETH,3.2819
2022-03-07,ETH,4.3833
2022-03-08,ETH,4.9728
2022-03-09,ETH,3.5764
2022-03-10,ETH,4.2288
2022-03-11,ETH,4.0226
2022-03-12,ETH,2.2486
2022-03-13,ETH,2.6548
2022-03-14,ETH,3.4791
2022-03-15,ETH,3.3406
2022-03-16,ETH,4.6585
2022-03-17,ETH,2.7705
2022-03-18,ETH,3.1168
2022-03-19,ETH,2.4867
2022-03-20,ETH,2.7333
2022-03-21,ETH,3.0182
2022-03-22,ETH,3.4355
2022-03-23,ETH,3.022
2022-03-24,ETH,3.3145
2022-03-25,ETH,2.9008
2022-03-26,ETH,1.7648
2022-03-27,ETH,2.4919
2022-03-28,ETH,3.0374
2022-03-29,ETH,3.1004
2022-03-30,ETH,2.9303
2022-03-31,ETH,3.2816
2022-04-01,ETH,3.2627
2022-04-02,ETH,3.24
2022-04-03,ETH,2.7383
2022-04-04,ETH,3.0123
2022-04-05,ETH,2.9243
2022-04-06,ETH,4.788
2022-04-07,ETH,3.5366
2022-04-08,ETH,3.5374
2022-04-09,ETH,2.407
2022-04-10,ETH,2.1328
2022-04-11,ETH,4.174
2022-04-12,ETH,3.6822
2022-04-13,ETH,2.8992
2022-04-14,ETH,2.7515
2022-04-15,ETH,2.2474
2022-04-16,ETH,1.7602
2022-04-17,ETH,2.1392
2022-04-18,ETH,3.5048
2022-04-19,ETH,2.4541
2022-04-20,ETH,2.816
2022-04-21,ETH,3.1057
2022-04-22,ETH,3.1636
2022-04-23,ETH,2.0147
2022-04-24,ETH,2.2709
2022-04-25,ETH,3.5801
2022-04-26,ETH,3.6349
2022-04-27,ETH,3.6961
2022-04-28,ETH,3.8765
2022-04-29,ETH,3.2125
2022-04-30,ETH,2.7069
2022-05-01,ETH,3.0158
2022-05-02,ETH,3.2887
2022-05-03,ETH,2.4837
2022-05-04,ETH,3.1033
2022-05-05,ETH,3.7112
2022-05-06,ETH,4.309
2022-05-07,ETH,2.598
2022-05-08,ETH,3.8151
2022-05-09,ETH,7.3896
2022-05-10,ETH,7.1722
2022-05-11,ETH,12.9654
2022-05-12,ETH,14.189
2022-05-13,ETH,7.322
2022-05-14,ETH,4.77
2022-05-15,ETH,4.0785
2022-05-16,ETH,5.011
2022-05-17,ETH,3.8574
2022-05-18,ETH,4.445
2022-05-19,ETH,4.6179
2022-05-20,ETH,3.9402
2022-05-21,ETH,2.5575
2022-05-22,ETH,2.7248
2022-05-23,ETH,3.5793
2022-05-24,ETH,3.2147
2022-05-25,ETH,3.4766
2022-05-26,ETH,5.8701
2022-05-27,ETH,6.0355
2022-05-28,ETH,3.5843
2022-05-29,ETH,2.7241
2022-05-30,ETH,4.1392
2022-05-31,ETH,3.5962
2022-06-01,ETH,4.2854
2022-06-02,ETH,4.2749
2022-06-03,ETH,3.6389
2022-06-04,ETH,2.4284
2022-06-05,ETH,2.3629
2022-06-06,ETH,3.3803
2022-06-07,ETH,5.8684
2022-06-08,ETH,4.162
2022-06-09,ETH,2.8557
2022-06-10,ETH,4.7878
2022-06-11,ETH,6.2279
2022-06-12,ETH,6.4148
2022-06-13,ETH,13.0274
2022-06-14,ETH,11.3783
2022-06-15,ETH,13.6877
2022-06-16,ETH,8.3517
2022-06-17,ETH,6.3321
2022-06-18,ETH,10.3723
2022-06-19,ETH,9.5561
2022-06-20,ETH,7.3068
2022-06-21,ETH,5.77
2022-06-22,ETH,6.024
2022-06-23,ETH,5.3403
2022-06-24,ETH,5.1969
2022-06-25,ETH,4.4843
2022-06-26,ETH,4.0327
2022-06-27,ETH,4.2486
2022-06-28,ETH,4.2893
2022-06-29,ETH,4.7799
2022-06-30,ETH,5.8774
2022-07-01,ETH,6.2937
2022-07-02,ETH,3.8316
2022-07-03,ETH,3.843
2022-07-04,ETH,4.5528
2022-07-05,ETH,4.696
2022-07-06,ETH,5.2745
2022-07-07,ETH,3.9477
2022-07-08,ETH,4.944
2022-07-09,ETH,2.9658
2022-07-10,ETH,3.24
2022-07-11,ETH,3.622
2022-07-12,ETH,3.8798
2022-07-13,ETH,6.514
2022-07-14,ETH,4.7824
2022-07-15,ETH,4.9181
2022-07-16,ETH,6.4838
2022-07-17,ETH,5.1859
2022-07-18,ETH,6.2785
2022-07-19,ETH,7.1823
2022-07-20,ETH,6.3506
2022-07-21,ETH,5.5338
2022-07-22,ETH,4.9589
2022-07-23,ETH,4.4237
2022-07-24,ETH,5.3335
2022-07-25,ETH,5.7726
2022-07-26,ETH,5.2592
2022-07-27,ETH,6.0991
2022-07-28,ETH,6.1503
2022-07-29,ETH,5.926
2022-07-30,ETH,4.5048
2022-07-31,ETH,4.0133
2022-08-01,ETH,3.9623
2022-08-02,ETH,5.4349
2022-08-03,ETH,3.9573
2022-08-04,ETH,3.9732
2022-08-05,ETH,4.5208
2022-08-06,ETH,2.8307
2022-08-07,ETH,2.5316
2022-08-08,ETH,3.5658
2022-08-09,ETH,3.2321
2022-08-10,ETH,5.4397
2022-08-11,ETH,4.2492
2022-08-12,ETH,3.4918
2022-08-13,ETH,3.0552
2022-08-14,ETH,2.9719
2022-08-15,ETH,4.3291
2022-08-16,ETH,3.6262
2022-08-17,ETH,4.2797
2022-08-18,ETH,3.1159
2022-08-19,ETH,5.8243
2022-08-20,ETH,4.387
2022-08-21,ETH,4.2713
2022-08-22,ETH,4.9076
2022-08-23,ETH,4.5405
2022-08-24,ETH,3.7547
2022-08-25,ETH,3.052
2022-08-26,ETH,5.6777
2022-08-27,ETH,4.3853
2022-08-28,ETH,3.5496
2022-08-29,ETH,4.2753
2022-08-30,ETH,5.0798
2022-08-31,ETH,5.2956
2022-09-01,ETH,4.7914
2022-09-02,ETH,4.3856
2022-09-03,ETH,2.8159
2022-09-04,ETH,2.4181
2022-09-05,ETH,2.8031
2022-09-06,ETH,4.6514
2022-09-07,ETH,4.6851
2022-09-08,ETH,4.3171
2022-09-09,ETH,4.0054
2022-09-10,ETH,3.3116
2022-09-11,ETH,3.0331
2022-09-12,ETH,3.9378
2022-09-13,ETH,6.659
2022-09-14,ETH,4.2302
2022-09-15,ETH,6.9452
2022-09-16,ETH,4.759
2022-09-17,ETH,2.8126
2022-09-18,ETH,4.3855
2022-09-19,ETH,5.4098
2022-09-20,ETH,4.535
2022-09-21,ETH,8.2429
2022-09-22,ETH,4.6877
2022-09-23,ETH,5.5213
2022-09-24,ETH,3.0848
2022-09-25,ETH,3.1999
2022-09-26,ETH,4.0547
2022-09-27,ETH,3.8771
2022-09-28,ETH,4.9116
2022-09-29,ETH,4.0736
2022-09-30,ETH,4.2932
2022-10-01,ETH,1.8766
2022-10-02,ETH,2.6932
2022-10-03,ETH,2.7794
2022-10-04,ETH,2.436
2022-10-05,ETH,2.4731
2022-10-06,ETH,2.9465
2022-10-07,ETH,2.5265
2022-10-08,ETH,1.3944
2022-10-09,ETH,1.5045
2022-10-10,ETH,2.1817
2022-10-11,ETH,2.5652
2022-10-12,ETH,2.1458
2022-10-13,ETH,5.7005
2022-10-14,ETH,2.9268
2022-10-15,ETH,1.6437
2022-10-16,ETH,1.913
2022-10-17,ETH,2.0718
2022-10-18,ETH,2.3871
2022-10-19,ETH,2.1263
2022-10-20,ETH,2.1169
2022-10-21,ETH,2.4688
2022-10-22,ETH,1.2023
2022-10-23,ETH,2.0226
2022-10-24,ETH,2.5016
2022-10-25,ETH,5.5435
2022-10-26,ETH,4.6633
2022-10-27,ETH,4.2068
2022-10-28,ETH,3.6122
2022-10-29,ETH,4.0981
2022-10-30,ETH,2.6994
2022-10-31,ETH,3.837
2022-11-01,ETH,2.8201
2022-11-02,ETH,4.9841
2022-11-03,ETH,2.6163
2022-11-04,ETH,4.0218
2022-11-05,ETH,2.0235
2022-11-06,ETH,2.4755
2022-11-07,ETH,3.0958
2022-11-08,ETH,11.5725
2022-11-09,ETH,12.1671
2022-11-10,ETH,11.6865
2022-11-11,ETH,8.7454
2022-11-12,ETH,4.2289
2022-11-13,ETH,3.9839
2022-11-14,ETH,6.4663
2022-11-15,ETH,3.9303
2022-11-16,ETH,3.8209
2022-11-17,ETH,3.4983
2022-11-18,ETH,2.3848
2022-11-19,ETH,1.6956
2022-11-20,ETH,3.3751
2022-11-21,ETH,4.8713
2022-11-22,ETH,3.9052
2022-11-23,ETH,3.5151
2022-11-24,ETH,2.6734
2022-11-25,ETH,2.5692
2022-11-26,ETH,2.2303
2022-11-27,ETH,1.8272
2022-11-28,ETH,2.7917
2022-11-29,ETH,2.7002
2022-11-30,ETH,4.2464
2022-12-01,ETH,2.2398
2022-12-02,ETH,2.1823
2022-12-03,ETH,2.2031
2022-12-04,ETH,1.9603
2022-12-05,ETH,2.2288
2022-12-06,ETH,1.9865
2022-12-07,ETH,2.4061
2022-12-08,ETH,2.3216
2022-12-09,ETH,2.2715
2022-12-10,ETH,1.1486
2022-12-11,ETH,1.254
2022-12-12,ETH,1.7839
2022-12-13,ETH,3.925
2022-12-14,ETH,3.2522
2022-12-15,ETH,2.2023
2022-12-16,ETH,4.084
2022-12-17,ETH,2.0096
2022-12-18,ETH,1.7772
2022-12-19,ETH,2.275
2022-12-20,ETH,2.5411
2022-12-21,ETH,1.5932
2022-12-22,ETH,2.3866
2022-12-23,ETH,1.7983
2022-12-24,ETH,0.8313
2022-12-25,ETH,2.0933
2022-12-26,ETH,1.0418
2022-12-27,ETH,1.3685
2022-12-28,ETH,2.1037
2022-12-29,ETH,1.454
2022-12-30,ETH,1.3978
2022-12-31,ETH,0.936
2023-01-01,ETH,0.8537
2023-01-02,ETH,1.4161
2023-01-03,ETH,1.051
2023-01-04,ETH,2.13
2023-01-05,ETH,1.0993
2023-01-06,ETH,1.619
2023-01-07,ETH,0.727
2023-01-08,ETH,1.3525
2023-01-09,ETH,2.1329
2023-01-10,ETH,1.647
2023-01-11,ETH,2.5167
2023-01-12,ETH,3.854
2023-01-13,ETH,2.5521
2023-01-14,ETH,5.4708
2023-01-15,ETH,2.7128
2023-01-16,ETH,3.487
2023-01-17,ETH,2.9395
2023-01-18,ETH,3.8955
2023-01-19,ETH,2.3465
2023-01-20,ETH,2.9717
2023-01-21,ETH,3.5395
2023-01-22,ETH,2.7488
2023-01-23,ETH,3.0098
2023-01-24,ETH,3.3894
2023-01-25,ETH,3.6566
2023-01-26,ETH,2.6359
2023-01-27,ETH,2.6736
2023-01-28,ETH,1.7997
2023-01-29,ETH,3.1242
2023-01-30,ETH,3.0644
2023-01-31,ETH,2.5095
2023-02-01,ETH,2.9926
2023-02-02,ETH,3.7728
2023-02-03,ETH,2.7326
2023-02-04,ETH,1.9105
2023-02-05,ETH,2.3685
2023-02-06,ETH,2.3008
2023-02-07,ETH,2.6251
2023-02-08,ETH,2.3485
2023-02-09,ETH,3.7295
2023-02-10,ETH,3.0449
2023-02-11,ETH,1.6951
2023-02-12,ETH,1.9382
2023-02-13,ETH,2.8958
2023-02-14,ETH,3.2983
2023-02-15,ETH,3.0625
2023-02-16,ETH,3.699
2023-02-17,ETH,3.1678
2023-02-18,ETH,1.7166
2023-02-19,ETH,2.2867
2023-02-20,ETH,2.4501
2023-02-21,ETH,2.7212
2023-02-22,ETH,2.9797
2023-02-23,ETH,2.7908
2023-02-24,ETH,2.915
2023-02-25,ETH,1.8858
2023-02-26,ETH,1.8247
2023-02-27,ETH,2.2416
2023-02-28,ETH,2.2571
2023-03-01,ETH,2.3777
2023-03-02,ETH,2.1521
2023-03-03,ETH,3.0988
2023-03-04,ETH,1.4745
2023-03-05,ETH,1.8169
2023-03-06,ETH,1.7347
2023-03-07,ETH,2.542
2023-03-08,ETH,2.0427
2023-03-09,ETH,3.1502
2023-03-10,ETH,4.6267
2023-03-11,ETH,3.9476
2023-03-12,ETH,4.3278
2023-03-13,ETH,4.8405
2023-03-14,ETH,5.3693
2023-03-15,ETH,4.3516
2023-03-16,ETH,3.0985
2023-03-17,ETH,4.1462
2023-03-18,ETH,3.8475
2023-03-19,ETH,3.2612
2023-03-20,ETH,3.6283
2023-03-21,ETH,3.6726
2023-03-22,ETH,4.1772
2023-03-23,ETH,3.4941
2023-03-24,ETH,3.2612
2023-03-25,ETH,2.0737
2023-03-26,ETH,2.4583
2023-03-27,ETH,2.6749
2023-03-28,ETH,2.7596
2023-03-29,ETH,2.353
2023-03-30,ETH,2.7196
2023-03-31,ETH,2.3446
2023-04-01,ETH,1.3652
2023-04-02,ETH,1.5858
2023-04-03,ETH,2.9179
2023-04-04,ETH,2.9709
2023-04-05,ETH,3.1
2023-04-06,ETH,2.0597
2023-04-07,ETH,1.7839
2023-04-08,ETH,1.1308
2023-04-09,ETH,2.0376
2023-04-10,ETH,1.9548
2023-04-11,ETH,2.0047
2023-04-12,ETH,2.8453
2023-04-13,ETH,2.5207
2023-04-14,ETH,4.4591
2023-04-15,ETH,1.8325
2023-04-16,ETH,2.1574
2023-04-17,ETH,2.1949
2023-04-18,ETH,1.9269
2023-04-19,ETH,3.6653
2023-04-20,ETH,2.8369
2023-04-21,ETH,3.0151
2023-04-22,ETH,1.6628
2023-04-23,ETH,2.0333
2023-04-24,ETH,2.55
2023-04-25,ETH,2.4304
2023-04-26,ETH,4.3336
2023-04-27,ETH,4.0388
2023-04-28,ETH,2.145
2023-04-29,ETH,1.4674
2023-04-30,ETH,1.9973
2023-05-01,ETH,2.6151
2023-05-02,ETH,2.0868
2023-05-03,ETH,2.5644
2023-05-04,ETH,1.8302
2023-05-05,ETH,2.8869
2023-05-06,ETH,2.8207
2023-05-07,ETH,2.2698
2023-05-08,ETH,3.0284
2023-05-09,ETH,1.9896
2023-05-10,ETH,3.4486
2023-05-11,ETH,2.4906
2023-05-12,ETH,2.9305
2023-05-13,ETH,1.6811
2023-05-14,ETH,1.528
2023-05-15,ETH,1.9412
2023-05-16,ETH,1.6052
2023-05-17,ETH,1.7824
2023-05-18,ETH,1.8665
2023-05-19,ETH,1.6358
2023-05-20,ETH,0.9355
2023-05-21,ETH,1.0883
2023-05-22,ETH,1.3363
2023-05-23,ETH,1.8727
2023-05-24,ETH,1.887
2023-05-25,ETH,1.889
2023-05-26,ETH,1.2536
2023-05-27,ETH,1.0045
2023-05-28,ETH,2.1371
2023-05-29,ETH,1.5842
2023-05-30,ETH,1.581
2023-05-31,ETH,1.7089
2023-06-01,ETH,1.87
2023-06-02,ETH,1.6015
2023-06-03,ETH,0.9877
2023-06-04,ETH,1.1437
2023-06-05,ETH,2.5741
2023-06-06,ETH,2.2119
2023-06-07,ETH,2.2331
2023-06-08,ETH,1.3496
2023-06-09,ETH,1.2942
2023-06-10,ETH,2.8883
2023-06-11,ETH,1.648
2023-06-12,ETH,2.0565
2023-06-13,ETH,2.0934
2023-06-14,ETH,3.2346
2023-06-15,ETH,1.9276
2023-06-16,ETH,2.0671
2023-06-17,ETH,2.1379
2023-06-18,ETH,1.3579
2023-06-19,ETH,1.8046
2023-06-20,ETH,2.0776
2023-06-21,ETH,2.87
2023-06-22,ETH,2.2877
2023-06-23,ETH,2.6435
2023-06-24,ETH,1.6293
2023-06-25,ETH,2.0679
2023-06-26,ETH,2.4125
2023-06-27,ETH,2.0402
2023-06-28,ETH,2.2127
2023-06-29,ETH,1.7639
2023-06-30,ETH,3.9745
2023-07-01,ETH,1.4028
2023-07-02,ETH,2.2208
2023-07-03,ETH,1.8432
2023-07-04,ETH,1.4131
2023-07-05,ETH,1.6151
2023-07-06,ETH,2.4846
2023-07-07,ETH,1.9113
2023-07-08,ETH,1.1124
2023-07-09,ETH,1.2338
2023-07-10,ETH,1.7328
2023-07-11,ETH,1.3195
2023-07-12,ETH,1.6301
2023-07-13,ETH,2.7896
2023-07-14,ETH,2.7077
2023-07-15,ETH,1.0245
2023-07-16,ETH,1.2456
2023-07-17,ETH,1.9257
2023-07-18,ETH,1.7037
2023-07-19,ETH,1.6259
2023-07-20,ETH,1.6613
2023-07-21,ETH,1.212
2023-07-22,ETH,1.4101
2023-07-23,ETH,1.2184
2023-07-24,ETH,1.9234
2023-07-25,ETH,1.0876
2023-07-26,ETH,1.4308
2023-07-27,ETH,1.0678
2023-07-28,ETH,0.8948
2023-07-29,ETH,0.5411
2023-07-30,ETH,0.9689
2023-07-31,ETH,1.0591
2023-08-01,ETH,1.9779
2023-08-02,ETH,1.5463
2023-08-03,ETH,1.2262
2023-08-04,ETH,1.243
2023-08-05,ETH,0.56
2023-08-06,ETH,0.6711
2023-08-07,ETH,1.3451
2023-08-08,ETH,1.3071
2023-08-09,ETH,1.038
2023-08-10,ETH,0.8878
2023-08-11,ETH,0.7019
2023-08-12,ETH,0.3037
2023-08-13,ETH,0.5686
2023-08-14,ETH,0.7898
2023-08-15,ETH,1.1011
2023-08-16,ETH,1.2036
2023-08-17,ETH,6.8557
2023-08-18,ETH,2.9454
2023-08-19,ETH,1.3622
2023-08-20,ETH,1.2323
2023-08-21,ETH,1.5174
2023-08-22,ETH,2.4075
2023-08-23,ETH,2.2692
2023-08-24,ETH,1.5244
2023-08-25,ETH,1.9314
2023-08-26,ETH,0.6433
2023-08-27,ETH,0.7909
2023-08-28,ETH,1.6823
2023-08-29,ETH,3.0034
2023-08-30,ETH,1.6603
2023-08-31,ETH,2.3152
2023-09-01,ETH,2.0134
2023-09-02,ETH,0.9998
2023-09-03,ETH,1.0846
2023-09-04,ETH,1.2573
2023-09-05,ETH,1.3445
2023-09-06,ETH,2.0215
2023-09-07,ETH,1.4403
2023-09-08,ETH,1.4352
2023-09-09,ETH,0.4983
2023-09-10,ETH,1.4167
2023-09-11,ETH,2.9108
2023-09-12,ETH,2.594
2023-09-13,ETH,2.0803
2023-09-14,ETH,1.862
2023-09-15,ETH,1.3847
2023-09-16,ETH,0.9357
2023-09-17,ETH,1.019
2023-09-18,ETH,1.8208
2023-09-19,ETH,1.5684
2023-09-20,ETH,1.8957
2023-09-21,ETH,1.8835
2023-09-22,ETH,1.3057
2023-09-23,ETH,0.6543
2023-09-24,ETH,1.217
2023-09-25,ETH,1.6041
2023-09-26,ETH,1.2455
2023-09-27,ETH,1.7119
2023-09-28,ETH,2.0322
2023-09-29,ETH,1.912
2023-09-30,ETH,1.3124
2023-10-01,ETH,4.3182
2023-10-02,ETH,3.2511
2023-10-03,ETH,1.711
2023-10-04,ETH,1.955
2023-10-05,ETH,1.7565
2023-10-06,ETH,1.8384
2023-10-07,ETH,0.8345
2023-10-08,ETH,1.2003
2023-10-09,ETH,2.4458
2023-10-10,ETH,1.8555
2023-10-11,ETH,2.3051
2023-10-12,ETH,1.9601
2023-10-13,ETH,1.7482
2023-10-14,ETH,0.8358
2023-10-15,ETH,1.0463
2023-10-16,ETH,3.1014
2023-10-17,ETH,1.6659
2023-10-18,ETH,1.6129
2023-10-19,ETH,1.6938
2023-10-20,ETH,1.967
2023-10-21,ETH,1.45
2023-10-22,ETH,1.8459
2023-10-23,ETH,3.9809
2023-10-24,ETH,4.5052
2023-10-25,ETH,2.9426
2023-10-26,ETH,3.2714
2023-10-27,ETH,2.4493
2023-10-28,ETH,1.3749
2023-10-29,ETH,1.4676
2023-10-30,ETH,2.2299
2023-10-31,ETH,1.9673
2023-11-01,ETH,2.7819
2023-11-02,ETH,2.3126
2023-11-03,ETH,2.2042
2023-11-04,ETH,1.5271
2023-11-05,ETH,2.3423
2023-11-06,ETH,2.1322
2023-11-07,ETH,2.2747
2023-11-08,ETH,1.6995
2023-11-09,ETH,5.5766
2023-11-10,ETH,2.9322
2023-11-11,ETH,2.4079
2023-11-12,ETH,1.8982
2023-11-13,ETH,3.3204
2023-11-14,ETH,3.8035
2023-11-15,ETH,2.7265
2023-11-16,ETH,3.6592
2023-11-17,ETH,2.9664
2023-11-18,ETH,1.8472
2023-11-19,ETH,1.7774
2023-11-20,ETH,2.705
2023-11-21,ETH,3.3441
2023-11-22,ETH,2.6713
2023-11-23,ETH,2.0386
2023-11-24,ETH,2.5177
2023-11-25,ETH,1.1596
2023-11-26,ETH,1.7206
2023-11-27,ETH,2.2641
2023-11-28,ETH,2.1951
2023-11-29,ETH,1.8154
2023-11-30,ETH,1.5905
2023-12-01,ETH,2.1324
2023-12-02,ETH,2.1533
2023-12-03,ETH,1.7981
2023-12-04,ETH,3.0326
2023-12-05,ETH,3.3141
2023-12-06,ETH,2.7797
2023-12-07,ETH,2.7961
2023-12-08,ETH,2.3005
2023-12-09,ETH,2.3419
2023-12-10,ETH,1.5789
2023-12-11,ETH,5.7092
2023-12-12,ETH,2.6237
2023-12-13,ETH,2.7767
2023-12-14,ETH,2.578
2023-12-15,ETH,2.3059
2023-12-16,ETH,1.6839
2023-12-17,ETH,1.8781
2023-12-18,ETH,2.4373
2023-12-19,ETH,2.5416
2023-12-20,ETH,2.8244
2023-12-21,ETH,2.7884
2023-12-22,ETH,3.3918
2023-12-23,ETH,1.9832
2023-12-24,ETH,2.3267
2023-12-25,ETH,1.944
2023-12-26,ETH,2.3165
2023-12-27,ETH,2.7628
2023-12-28,ETH,3.5176
2023-12-29,ETH,2.9871
2023-12-30,ETH,2.0398
2023-12-31,ETH,1.9982
2024-01-01,ETH,1.7781
2024-01-02,ETH,2.8384
2024-01-03,ETH,6.447
2024-01-04,ETH,2.8567
2024-01-05,ETH,3.3591
2024-01-06,ETH,1.6731
2024-01-07,ETH,1.8893
2024-01-08,ETH,3.1351
2024-01-09,ETH,5.2166
2024-01-10,ETH,5.4656
2024-01-11,ETH,4.0102
2024-01-12,ETH,5.3
2024-01-13,ETH,2.9022
2024-01-14,ETH,2.6214
2024-01-15,ETH,2.3138
2024-01-16,ETH,2.5557
2024-01-17,ETH,2.4294
2024-01-18,ETH,2.5608
2024-01-19,ETH,2.5193
2024-01-20,ETH,1.2709
2024-01-21,ETH,1.017
2024-01-22,ETH,3.1462
2024-01-23,ETH,3.8009
2024-01-24,ETH,2.5429
2024-01-25,ETH,2.5363
2024-01-26,ETH,2.2939
2024-01-27,ETH,1.2949
2024-01-28,ETH,1.8093
2024-01-29,ETH,2.0217
2024-01-30,ETH,2.365
2024-01-31,ETH,2.7271
2024-02-01,ETH,2.291
2024-02-02,ETH,1.8362
2024-02-03,ETH,1.2582
2024-02-04,ETH,1.5727
2024-02-05,ETH,1.8008
2024-02-06,ETH,2.1667
2024-02-07,ETH,2.0147
2024-02-08,ETH,1.9597
2024-02-09,ETH,2.5611
2024-02-10,ETH,1.4868
2024-02-11,ETH,1.6241
2024-02-12,ETH,2.3949
2024-02-13,ETH,3.2408
2024-02-14,ETH,2.7421
2024-02-15,ETH,3.2763
2024-02-16,ETH,2.7252
2024-02-17,ETH,1.9535
2024-02-18,ETH,2.2392
2024-02-19,ETH,2.7641
2024-02-20,ETH,3.5427
2024-02-21,ETH,3.3674
2024-02-22,ETH,3.4118
2024-02-23,ETH,2.6229
2024-02-24,ETH,1.6757
2024-02-25,ETH,2.5032
2024-02-26,ETH,2.9356
2024-02-27,ETH,3.3276
2024-02-28,ETH,8.6045
2024-02-29,ETH,4.6233
2024-03-01,ETH,3.0294
2024-03-02,ETH,2.3046
2024-03-03,ETH,2.4893
2024-03-04,ETH,3.9449
2024-03-05,ETH,7.6595
2024-03-06,ETH,5.2308
2024-03-07,ETH,3.7826
2024-03-08,ETH,4.1983
2024-03-09,ETH,1.8419
2024-03-10,ETH,2.4424
2024-03-11,ETH,3.7673
2024-03-12,ETH,3.9974
2024-03-13,ETH,3.0113
2024-03-14,ETH,4.2589
2024-03-15,ETH,6.0403
2024-03-16,ETH,4.2635
2024-03-17,ETH,3.8947
2024-03-18,ETH,3.861
2024-03-19,ETH,5.9133
2024-03-20,ETH,6.9241
2024-03-21,ETH,4.7897
2024-03-22,ETH,4.8
2024-03-23,ETH,3.2994
2024-03-24,ETH,3.1299
2024-03-25,ETH,3.3153
2024-03-26,ETH,3.1685
2024-03-27,ETH,3.5994
2024-03-28,ETH,2.7366
2024-03-29,ETH,2.2004
2024-03-30,ETH,1.7658
2024-03-31,ETH,1.9708
2024-04-01,ETH,2.8974
2024-04-02,ETH,4.5986
2024-04-03,ETH,3.5352
2024-04-04,ETH,2.997
2024-04-05,ETH,3.2403
2024-04-06,ETH,2.0414
2024-04-07,ETH,2.1586
2024-04-08,ETH,2.9534
2024-04-09,ETH,3.5063
2024-04-10,ETH,3.5843
2024-04-11,ETH,2.9548
2024-04-12,ETH,5.6775
2024-04-13,ETH,7.3402
2024-04-14,ETH,5.5878
2024-04-15,ETH,4.3965
2024-04-16,ETH,4.7318
2024-04-17,ETH,4.0625
2024-04-18,ETH,3.6615
2024-04-19,ETH,5.0437
2024-04-20,ETH,2.7213
2024-04-21,ETH,2.5495
2024-04-22,ETH,2.7388
2024-04-23,ETH,2.2823
2024-04-24,ETH,2.8462
2024-04-25,ETH,3.0639
2024-04-26,ETH,2.4394
2024-04-27,ETH,2.7961
2024-04-28,ETH,2.4846
2024-04-29,ETH,3.1386
2024-04-30,ETH,4.4371
2024-05-01,ETH,4.7187
2024-05-02,ETH,3.2941
2024-05-03,ETH,2.7708
2024-05-04,ETH,2.3174
2024-05-05,ETH,2.4226
2024-05-06,ETH,2.9825
2024-05-07,ETH,2.8162
2024-05-08,ETH,3.0979
2024-05-09,ETH,2.1903
2024-05-10,ETH,2.6802
2024-05-11,ETH,1.961
2024-05-12,ETH,1.5345
2024-05-13,ETH,2.7769
2024-05-14,ETH,2.6333
2024-05-15,ETH,2.9229
2024-05-16,ETH,2.1401
2024-05-17,ETH,2.4301
2024-05-18,ETH,1.7603
2024-05-19,ETH,1.8374
2024-05-20,ETH,5.6535
2024-05-21,ETH,4.5355
2024-05-22,ETH,3.8003
2024-05-23,ETH,8.3642
2024-05-24,ETH,3.366
2024-05-25,ETH,1.7425
2024-05-26,ETH,2.2774
2024-05-27,ETH,2.7676
2024-05-28,ETH,2.9277
2024-05-29,ETH,2.7459
2024-05-30,ETH,2.618
2024-05-31,ETH,2.5805
2024-06-01,ETH,1.2772
2024-06-02,ETH,1.5129
2024-06-03,ETH,2.0367
2024-06-04,ETH,1.9992
2024-06-05,ETH,1.895
2024-06-06,ETH,1.7815
2024-06-07,ETH,3.192
2024-06-08,ETH,1.1466
2024-06-09,ETH,1.1108
2024-06-10,ETH,1.4506
2024-06-11,ETH,3.8223
2024-06-12,ETH,3.2477
2024-06-13,ETH,2.6245
2024-06-14,ETH,3.073
2024-06-15,ETH,1.9431
2024-06-16,ETH,1.8533
2024-06-17,ETH,2.8417
2024-06-18,ETH,3.8057
2024-06-19,ETH,2.4228
2024-06-20,ETH,2.5291
2024-06-21,ETH,2.8373
2024-06-22,ETH,1.2054
2024-06-23,ETH,1.5418
2024-06-24,ETH,3.9743
2024-06-25,ETH,2.2773
2024-06-26,ETH,2.0539
2024-06-27,ETH,1.8918
2024-06-28,ETH,2.1164
2024-06-29,ETH,1.0123
2024-06-30,ETH,1.4851
2024-07-01,ETH,1.8584
2024-07-02,ETH,1.4719
2024-07-03,ETH,2.6429
2024-07-04,ETH,4.4326
2024-07-05,ETH,6.1185
2024-07-06,ETH,2.3393
2024-07-07,ETH,2.523
2024-07-08,ETH,5.529
2024-07-09,ETH,3.4272
2024-07-10,ETH,2.9648
2024-07-11,ETH,3.2861
2024-07-12,ETH,2.7473
2024-07-13,ETH,1.947
2024-07-14,ETH,1.9641
2024-07-15,ETH,3.272
2024-07-16,ETH,3.1544
2024-07-17,ETH,2.713
2024-07-18,ETH,2.4464
2024-07-19,ETH,2.6894
2024-07-20,ETH,1.7396
2024-07-21,ETH,2.3373
2024-07-22,ETH,2.4558
2024-07-23,ETH,3.6498
2024-07-24,ETH,2.7941
2024-07-25,ETH,4.3152
2024-07-26,ETH,2.5287
2024-07-27,ETH,2.8733
2024-07-28,ETH,1.7031
2024-07-29,ETH,2.8667
2024-07-30,ETH,2.5579
2024-07-31,ETH,2.922
2024-08-01,ETH,3.3217
2024-08-02,ETH,4.1626
2024-08-03,ETH,3.6793
2024-08-04,ETH,4.7038
2024-08-05,ETH,17.2352
2024-08-06,ETH,5.645
2024-08-07,ETH,5.751
2024-08-08,ETH,5.7737
2024-08-09,ETH,4.3687
2024-08-10,ETH,2.7117
2024-08-11,ETH,3.3228
2024-08-12,ETH,5.0763
2024-08-13,ETH,3.5931
2024-08-14,ETH,3.5702
2024-08-15,ETH,3.8486
2024-08-16,ETH,3.6051
2024-08-17,ETH,1.515
2024-08-18,ETH,2.2227
2024-08-19,ETH,2.936
2024-08-20,ETH,2.8363
2024-08-21,ETH,3.0035
2024-08-22,ETH,2.2548
2024-08-23,ETH,3.0932
2024-08-24,ETH,2.3731
2024-08-25,ETH,1.9044
2024-08-26,ETH,2.4892
2024-08-27,ETH,4.8548
2024-08-28,ETH,4.0888
2024-08-29,ETH,2.843
2024-08-30,ETH,3.1959
2024-08-31,ETH,1.5701
2024-09-01,ETH,2.9235
2024-09-02,ETH,2.783
2024-09-03,ETH,2.5567
2024-09-04,ETH,3.8715
2024-09-05,ETH,3.3377
2024-09-06,ETH,5.1782
2024-09-07,ETH,2.585
2024-09-08,ETH,2.6296
2024-09-09,ETH,3.4495
2024-09-10,ETH,2.6914
2024-09-11,ETH,3.2598
2024-09-12,ETH,2.7041
2024-09-13,ETH,2.5603
2024-09-14,ETH,1.707
2024-09-15,ETH,2.2183
2024-09-16,ETH,3.0845
2024-09-17,ETH,2.7719
2024-09-18,ETH,3.4018
2024-09-19,ETH,2.9287
2024-09-20,ETH,2.9236
2024-09-21,ETH,1.9962
2024-09-22,ETH,2.2877
2024-09-23,ETH,3.2783
2024-09-24,ETH,2.7175
2024-09-25,ETH,2.4304
2024-09-26,ETH,2.6649
2024-09-27,ETH,2.5048
2024-09-28,ETH,1.6572
2024-09-29,ETH,1.7159
2024-09-30,ETH,2.646
2024-10-01,ETH,4.0059
2024-10-02,ETH,3.8691
2024-10-03,ETH,3.5191
2024-10-04,ETH,2.4584
2024-10-05,ETH,1.5417
2024-10-06,ETH,1.5822
2024-10-07,ETH,3.0411
2024-10-08,ETH,2.5655
2024-10-09,ETH,2.5865
2024-10-10,ETH,2.7894
2024-10-11,ETH,2.1988
2024-10-12,ETH,1.5695
2024-10-13,ETH,1.6107
2024-10-14,ETH,2.8413
2024-10-15,ETH,3.4408
2024-10-16,ETH,2.622
2024-10-17,ETH,2.3056
2024-10-18,ETH,2.219
2024-10-19,ETH,1.1702
2024-10-20,ETH,2.0106
2024-10-21,ETH,2.2883
2024-10-22,ETH,2.5765
2024-10-23,ETH,2.5978
2024-10-24,ETH,2.3383
2024-10-25,ETH,3.6141
2024-10-26,ETH,1.9079
2024-10-27,ETH,1.6122
2024-10-28,ETH,2.6791
2024-10-29,ETH,2.5923
2024-10-30,ETH,2.873
2024-10-31,ETH,2.9744
2024-11-01,ETH,3.3743
2024-11-02,ETH,1.6727
2024-11-03,ETH,2.7228
2024-11-04,ETH,2.8197
2024-11-05,ETH,2.8819
2024-11-06,ETH,4.955
2024-11-07,ETH,4.1566
2024-11-08,ETH,3.4342
2024-11-09,ETH,3.0268
2024-11-10,ETH,4.569
2024-11-11,ETH,4.8074
2024-11-12,ETH,5.8986
2024-11-13,ETH,5.5065
2024-11-14,ETH,4.5916
2024-11-15,ETH,4.005
2024-11-16,ETH,3.0288
2024-11-17,ETH,3.4791
2024-11-18,ETH,3.8178
2024-11-19,ETH,3.2225
2024-11-20,ETH,3.3374
2024-11-21,ETH,4.4005
2024-11-22,ETH,3.8692
2024-11-23,ETH,3.8751
2024-11-24,ETH,3.3013
2024-11-25,ETH,4.9262
2024-11-26,ETH,4.1618
2024-11-27,ETH,3.8612
2024-11-28,ETH,3.1113
2024-11-29,ETH,2.443
2024-11-30,ETH,2.7117
2024-12-01,ETH,2.4914
2024-12-02,ETH,3.5249
2024-12-03,ETH,3.3517
2024-12-04,ETH,3.8181
2024-12-05,ETH,4.953
2024-12-06,ETH,3.4205
2024-12-07,ETH,1.758
2024-12-08,ETH,1.7759
2024-12-09,ETH,5.9826
2024-12-10,ETH,5.0181
2024-12-11,ETH,3.2723
2024-12-12,ETH,3.5365
2024-12-13,ETH,2.8294
2024-12-14,ETH,2.1766
2024-12-15,ETH,2.3291
2024-12-16,ETH,3.2356
2024-12-17,ETH,3.3314
2024-12-18,ETH,4.6492
2024-12-19,ETH,6.2005
2024-12-20,ETH,6.8955
2024-12-21,ETH,3.96
2024-12-22,ETH,3.8752
2024-12-23,ETH,4.6144
2024-12-24,ETH,3.2457
2024-12-25,ETH,2.6859
2024-12-26,ETH,3.2933
2024-12-27,ETH,3.3838
2024-12-28,ETH,2.0231
2024-12-29,ETH,2.0049
2024-12-30,ETH,3.2139
2024-12-31,ETH,2.6861
2025-01-01,ETH,1.8611
2025-01-02,ETH,2.5509
2025-01-03,ETH,2.2665
2025-01-04,ETH,1.987
2025-01-05,ETH,1.6297
2025-01-06,ETH,2.5317
2025-01-07,ETH,4.2234
2025-01-08,ETH,3.9845
2025-01-09,ETH,3.6848
2025-01-10,ETH,3.8183
2025-01-11,ETH,1.9189
2025-01-12,ETH,1.8405
2025-01-13,ETH,5.5495
2025-01-14,ETH,3.2657
2025-01-15,ETH,3.3784
2025-01-16,ETH,3.4783
2025-01-17,ETH,3.0158
2025-01-18,ETH,4.0598
2025-01-19,ETH,7.7049
2025-01-20,ETH,7.4942
2025-01-21,ETH,4.2463
2025-01-22,ETH,2.7201
2025-01-23,ETH,4.2276
2025-01-24,ETH,3.4317
2025-01-25,ETH,2.2101
2025-01-26,ETH,2.2043
2025-01-27,ETH,5.0557
2025-01-28,ETH,3.3921
2025-01-29,ETH,4.0834
2025-01-30,ETH,2.9791
2025-01-31,ETH,3.4697
2025-02-01,ETH,3.0813
2025-02-02,ETH,6.1822
2025-02-03,ETH,17.6671
2025-02-04,ETH,6.7318
2025-02-05,ETH,4.9044
2025-02-06,ETH,4.5155
2025-02-07,ETH,4.5086
2025-02-08,ETH,2.8233
2025-02-09,ETH,3.6171
2025-02-10,ETH,3.4858
2025-02-11,ETH,3.7507
2025-02-12,ETH,4.9529
2025-02-13,ETH,3.1934
2025-02-14,ETH,2.947
2025-02-15,ETH,1.9908
2025-02-16,ETH,2.0404
2025-02-17,ETH,3.5759
2025-02-18,ETH,3.4952
2025-02-19,ETH,2.6775
2025-02-20,ETH,2.3685
2025-02-21,ETH,4.8021
2025-02-22,ETH,2.3987
2025-02-23,ETH,2.6912
2025-02-24,ETH,4.8725
2025-02-25,ETH,6.9954
2025-02-26,ETH,5.7543
2025-02-27,ETH,4.5294
2025-02-28,ETH,7.0642
2025-03-01,ETH,3.3109
2025-03-02,ETH,7.7299
2025-03-03,ETH,6.387
2025-03-04,ETH,7.7891
2025-03-05,ETH,4.371
2025-03-06,ETH,4.2003
2025-03-07,ETH,6.1253
2025-03-08,ETH,3.1386
2025-03-09,ETH,4.3174
2025-03-10,ETH,6.8924
2025-03-11,ETH,8.1838
2025-03-12,ETH,5.4135
2025-03-13,ETH,4.1908
2025-03-14,ETH,2.8633
2025-03-15,ETH,1.9194
2025-03-16,ETH,2.8069
2025-03-17,ETH,2.7154
2025-03-18,ETH,2.5712
2025-03-19,ETH,3.8977
2025-03-20,ETH,2.6703
2025-03-21,ETH,2.4531
2025-03-22,ETH,1.6515
2025-03-23,ETH,1.8257
2025-03-24,ETH,2.7261
2025-03-25,ETH,2.4715
2025-03-26,ETH,2.4243
2025-03-27,ETH,2.3993
2025-03-28,ETH,3.9001
2025-03-29,ETH,3.2078
2025-03-30,ETH,3.0555
2025-03-31,ETH,3.6703
2025-04-01,ETH,3.2481
2025-04-02,ETH,4.9896
2025-04-03,ETH,3.9594
2025-04-04,ETH,4.2422
2025-04-05,ETH,2.444
2025-04-06,ETH,6.4627
2025-04-07,ETH,9.1672
2025-04-08,ETH,5.4518
2025-04-09,ETH,7.6868
2025-04-10,ETH,5.5382
2025-04-11,ETH,4.1563
2025-04-12,ETH,3.8121
2025-04-13,ETH,4.7186
2025-04-14,ETH,4.2459
2025-04-15,ETH,3.4853
2025-04-16,ETH,4.2731
2025-04-17,ETH,2.9273
2025-04-18,ETH,1.7674
2025-04-19,ETH,1.8693
2025-04-20,ETH,1.9155
2025-04-21,ETH,3.2453
2025-04-22,ETH,5.2908
2025-04-23,ETH,4.5525
2025-04-24,ETH,3.2231
2025-04-25,ETH,3.432
2025-04-26,ETH,2.827
2025-04-27,ETH,2.689
2025-04-28,ETH,3.3154
2025-04-29,ETH,2.9723
2025-04-30,ETH,3.0209
2025-05-01,ETH,2.7748
2025-05-02,ETH,2.5697
2025-05-03,ETH,1.6964
2025-05-04,ETH,2.0506
2025-05-05,ETH,2.4644
2025-05-06,ETH,2.6867
2025-05-07,ETH,2.8844
2025-05-08,ETH,5.2968
2025-05-09,ETH,7.0357
2025-05-10,ETH,5.1096
2025-05-11,ETH,4.9045
2025-05-12,ETH,5.0998
2025-05-13,ETH,4.7075
2025-05-14,ETH,4.3716
2025-05-15,ETH,4.5371
2025-05-16,ETH,3.6966
2025-05-17,ETH,3.3944
2025-05-18,ETH,5.4465
2025-05-19,ETH,4.9079
2025-05-20,ETH,3.9403
2025-05-21,ETH,5.0226
2025-05-22,ETH,4.2038
2025-05-23,ETH,4.8815
2025-05-24,ETH,2.4943
2025-05-25,ETH,3.0078
2025-05-26,ETH,2.4751
2025-05-27,ETH,3.5381
2025-05-28,ETH,3.0172
2025-05-29,ETH,3.8555
2025-05-30,ETH,4.0893
2025-05-31,ETH,2.9763
2025-06-01,ETH,2.4472
2025-06-02,ETH,2.9073
2025-06-03,ETH,2.5913
2025-06-04,ETH,2.5451
2025-06-05,ETH,4.684
2025-06-06,ETH,2.8497
2025-06-07,ETH,1.7975
2025-06-08,ETH,1.699
2025-06-09,ETH,2.5025
2025-06-10,ETH,3.9096
2025-06-11,ETH,3.6886
2025-06-12,ETH,3.5187
2025-06-13,ETH,4.8897
2025-06-14,ETH,2.3042
2025-06-15,ETH,2.249
2025-06-16,ETH,3.8513
2025-06-17,ETH,3.4076
2025-06-18,ETH,3.5808
2025-06-19,ETH,2.1651
2025-06-20,ETH,3.4539
2025-06-21,ETH,6.698
2025-06-22,ETH,5.4125
2025-06-23,ETH,4.7453
2025-06-24,ETH,3.5897
2025-06-25,ETH,3.0929
2025-06-26,ETH,3.4338
2025-06-27,ETH,2.5249
2025-06-28,ETH,1.2589
2025-06-29,ETH,1.9331
2025-06-30,ETH,2.7856
2025-07-01,ETH,2.3113
2025-07-02,ETH,2.9383
2025-07-03,ETH,2.8171
2025-07-04,ETH,2.248
2025-07-05,ETH,1.431
2025-07-06,ETH,2.4766
2025-07-07,ETH,2.4855
2025-07-08,ETH,2.38
2025-07-09,ETH,3.1713
2025-07-10,ETH,4.1023
2025-07-11,ETH,3.891
2025-07-12,ETH,2.1213
2025-07-13,ETH,2.4074
2025-07-14,ETH,3.1378
2025-07-15,ETH,4.0098
2025-07-16,ETH,3.8681
2025-07-17,ETH,4.5468
2025-07-18,ETH,4.7662
2025-07-19,ETH,2.7619
2025-07-20,ETH,3.7372
2025-07-21,ETH,3.4767
2025-07-22,ETH,3.8606
2025-07-23,ETH,3.7686
2025-07-24,ETH,3.9271
2025-07-25,ETH,4.1815
2025-07-26,ETH,2.2466
2025-07-27,ETH,2.55
2025-07-28,ETH,3.1768
2025-07-29,ETH,3.4223
2025-07-30,ETH,3.4207
2025-07-31,ETH,2.9342
2025-08-01,ETH,4.79
2025-08-02,ETH,3.4601
2025-08-03,ETH,2.5704
2025-08-04,ETH,3.0298
2025-08-05,ETH,3.3034
2025-08-06,ETH,2.8393
2025-08-07,ETH,3.0985
2025-08-08,ETH,3.2557
2025-08-09,ETH,3.4622
2025-08-10,ETH,2.9345
2025-08-11,ETH,3.7667
2025-08-12,ETH,3.8978
2025-08-13,ETH,3.7923
2025-08-14,ETH,5.1331
2025-08-15,ETH,4.0447
2025-08-16,ETH,2.6436
2025-08-17,ETH,2.7743
2025-08-18,ETH,4.1385
2025-08-19,ETH,4.0391
2025-08-20,ETH,4.1422
2025-08-21,ETH,3.5233
2025-08-22,ETH,5.4863
2025-08-23,ETH,2.6205
2025-08-24,ETH,3.8732
2025-08-25,ETH,4.465
2025-08-26,ETH,4.3044
2025-08-27,ETH,4.1339
2025-08-28,ETH,3.039
2025-08-29,ETH,4.0927
2025-08-30,ETH,2.3533
2025-08-31,ETH,2.2261
2025-09-01,ETH,3.1189
2025-09-02,ETH,3.403
2025-09-03,ETH,2.7215
2025-09-04,ETH,2.6392
2025-09-05,ETH,3.3287
2025-09-06,ETH,1.5781
2025-09-07,ETH,1.3514
2025-09-08,ETH,2.2313
2025-09-09,ETH,2.1077
2025-09-10,ETH,2.3052
2025-09-11,ETH,3.1316
2025-09-12,ETH,2.5028
2025-09-13,ETH,2.1642
2025-09-14,ETH,1.8944
2025-09-15,ETH,2.5148
2025-09-16,ETH,2.1263
2025-09-17,ETH,3.5192
2025-09-18,ETH,2.0767
2025-09-19,ETH,1.9145
2025-09-20,ETH,1.1744
2025-09-21,ETH,1.3063
2025-09-22,ETH,4.2074
2025-09-23,ETH,2.4147
2025-09-24,ETH,2.3212
2025-09-25,ETH,4.5857
2025-09-26,ETH,3.2704
2025-09-27,ETH,1.6312
2025-09-28,ETH,2.0799
2025-09-29,ETH,2.2249
2025-09-30,ETH,2.4896
2025-10-01,ETH,2.5381
2025-10-02,ETH,2.5418
2025-10-03,ETH,2.927
2025-10-04,ETH,1.5833
2025-10-05,ETH,2.2985
2025-10-06,ETH,2.5331
2025-10-07,ETH,2.9448
2025-10-08,ETH,2.705
2025-10-09,ETH,2.8777
2025-10-10,ETH,11.4015
2025-10-11,ETH,4.6594
2025-10-12,ETH,5.3082
2025-10-13,ETH,4.2536
2025-10-14,ETH,5.394
2025-10-15,ETH,4.0757
2025-10-16,ETH,4.5396
2025-10-17,ETH,4.6093
2025-10-18,ETH,2.3209
2025-10-19,ETH,3.0123
2025-10-20,ETH,2.9317
2025-10-21,ETH,4.0047
2025-10-22,ETH,4.3214
2025-10-23,ETH,2.9279
2025-10-24,ETH,2.8816
2025-10-25,ETH,1.4441
2025-10-26,ETH,2.613
2025-10-27,ETH,2.9963
2025-10-28,ETH,3.2755
2025-10-29,ETH,4.3961
2025-10-30,ETH,3.7444
2025-10-31,ETH,3.0621
2025-11-01,ETH,1.5611
2025-11-02,ETH,1.8665
2025-11-03,ETH,4.3152
2025-11-04,ETH,7.4964
2025-11-05,ETH,4.4946
2025-11-06,ETH,4.073
2025-11-07,ETH,4.6045
2025-11-08,ETH,2.6739
2025-11-09,ETH,2.9577
2025-11-10,ETH,3.2623
2025-11-11,ETH,3.6907
2025-11-12,ETH,3.8593
2025-11-13,ETH,5.458
2025-11-14,ETH,6.4308
2025-11-15,ETH,2.8544
2025-11-16,ETH,4.7184
2025-11-17,ETH,5.0153
2025-11-18,ETH,4.9072
2025-11-19,ETH,4.571
2025-11-20,ETH,4.8664
2025-11-21,ETH,6.6062
2025-11-22,ETH,3.0898
2025-11-23,ETH,3.0264
2025-11-24,ETH,4.3506
2025-11-25,ETH,3.6077
2025-11-26,ETH,3.1237
2025-11-27,ETH,2.3372
2025-11-28,ETH,2.871
2025-11-29,ETH,1.97
2025-11-30,ETH,1.847
2025-12-01,ETH,4.3425
2025-12-02,ETH,3.3872
2025-12-03,ETH,4.1986
2025-12-04,ETH,3.6995
2025-12-05,ETH,3.754
2025-12-06,ETH,2.0276
2025-12-07,ETH,3.9034
2025-12-08,ETH,3.6611
2025-12-09,ETH,4.0751
2025-12-10,ETH,4.232
2025-12-11,ETH,3.8632
2025-12-12,ETH,3.4781
2025-12-13,ETH,1.6345
2025-12-14,ETH,2.8576
2025-12-15,ETH,3.9331
2025-12-16,ETH,3.8361
2025-12-17,ETH,4.1263
2025-12-18,ETH,4.3906
2025-12-19,ETH,4.2471
2025-12-20,ETH,1.2662
2025-12-21,ETH,1.9044
2025-12-22,ETH,3.2989
2025-12-23,ETH,3.0186
2025-12-24,ETH,2.2765
2025-12-25,ETH,1.727
2025-12-26,ETH,2.5298
2025-12-27,ETH,1.09
2025-12-28,ETH,1.3274
2025-12-29,ETH,2.8201
2025-12-30,ETH,2.4213
2025-12-31,ETH,1.8661
2026-01-01,ETH,1.1536
2026-01-02,ETH,2.9007
2026-01-03,ETH,1.4395
2026-01-04,ETH,1.8178
2026-01-05,ETH,2.7716
2026-01-06,ETH,2.8851
2026-01-07,ETH,2.9157
2026-01-08,ETH,2.7779
2026-01-09,ETH,2.9076
2026-01-10,ETH,0.8539
2026-01-11,ETH,1.4867
2026-01-12,ETH,2.5829
2026-01-13,ETH,3.524
2026-01-14,ETH,3.0499
2026-01-15,ETH,2.8223
2026-01-16,ETH,2.0681
2026-01-17,ETH,0.9923
2026-01-18,ETH,1.6673
2026-01-19,ETH,2.7646
2026-01-20,ETH,3.5862
2026-01-21,ETH,4.2947
2026-01-22,ETH,3.0226
2026-01-23,ETH,3.0101
2026-01-24,ETH,1.0684
2026-01-25,ETH,2.7628
2026-01-26,ETH,3.2169
2026-01-27,ETH,2.9008
2026-01-28,ETH,2.6915
2026-01-29,ETH,3.5522
2026-01-30,ETH,5.3474
2026-01-31,ETH,8.7007
2026-02-01,ETH,6.0235
2026-02-02,ETH,7.4795
2026-02-03,ETH,6.6731
2026-02-04,ETH,6.9045
2026-02-05,ETH,9.2849
2026-02-06,ETH,8.1389
2026-02-07,ETH,5.3314
2026-02-08,ETH,3.8489
2026-02-09,ETH,4.8738
2026-02-10,ETH,4.2001
2026-02-11,ETH,4.7084
2026-02-12,ETH,4.0148
2026-02-13,ETH,3.744
2026-02-14,ETH,2.4277
2026-02-15,ETH,3.7263
2026-02-16,ETH,3.5286
2026-02-17,ETH,3.8432
2026-02-18,ETH,3.4695
2026-02-19,ETH,3.2704
2026-02-20,ETH,3.6337
2026-02-21,ETH,1.6579
2026-02-22,ETH,1.6207
2026-02-23,ETH,4.0681
2026-02-24,ETH,4.1063
2026-02-25,ETH,4.8067
2026-02-26,ETH,4.0223
2026-02-27,ETH,3.9867
2026-02-28,ETH,4.416
2026-03-01,ETH,4.8616
2026-03-02,ETH,4.7974
2026-03-03,ETH,4.4426
2026-03-04,ETH,4.9663
2026-03-05,ETH,3.9181
2026-03-06,ETH,3.3686
2026-03-07,ETH,1.9339
2026-03-08,ETH,3.1015
2026-03-09,ETH,4.0761
2026-03-10,ETH,3.6571
2026-03-11,ETH,3.2466
2026-03-12,ETH,3.1415
2026-03-13,ETH,3.9307
2026-03-14,ETH,1.5775
2026-03-15,ETH,2.7154
2026-03-16,ETH,4.3012
2026-03-17,ETH,3.4503
2026-03-18,ETH,3.5189
2026-03-19,ETH,3.6534
2026-03-20,ETH,3.1805
2026-03-21,ETH,1.8257
2026-03-22,ETH,3.2457
2026-03-23,ETH,5.8221
2026-03-24,ETH,3.186
2026-03-25,ETH,2.5895
2026-03-26,ETH,3.1819
2026-03-27,ETH,2.9542
2026-03-28,ETH,2.1169
2026-03-29,ETH,2.3764
2026-03-30,ETH,3.2482
2026-03-31,ETH,3.5477
2026-04-01,ETH,2.971
2026-04-02,ETH,3.3419
2026-04-03,ETH,1.7105
2026-04-04,ETH,1.106
2026-04-05,ETH,2.0353
2026-04-06,ETH,2.7914
2026-04-07,ETH,3.5494
2026-04-08,ETH,2.7672
2026-04-09,ETH,2.9157
2026-04-10,ETH,2.4305
2026-04-11,ETH,2.213
2026-04-12,ETH,2.6285
2026-04-13,ETH,3.3832
2026-04-14,ETH,2.8601
2026-04-15,ETH,2.6311
2026-04-16,ETH,2.7758
2026-04-17,ETH,3.1667
2026-04-18,ETH,2.072
2026-04-19,ETH,2.5975
2026-04-20,ETH,3.0376
2026-04-21,ETH,2.6244
2026-04-22,ETH,2.8134
2026-04-23,ETH,2.5921
2026-04-24,ETH,1.9798
2026-04-25,ETH,0.8768
2026-04-26,ETH,1.6378
2026-04-27,ETH,2.3239
2026-04-28,ETH,1.8249
2026-04-29,ETH,2.6277
2026-04-30,ETH,2.1786
2026-05-01,ETH,1.8721
2026-05-02,ETH,1.2301
2026-05-03,ETH,1.6957
2026-05-04,ETH,2.9427
2026-05-05,ETH,2.1412
2026-05-06,ETH,2.214
2026-05-07,ETH,2.0915
2026-05-08,ETH,1.8805
2026-05-09,ETH,1.1079
2026-05-10,ETH,1.9107
2026-05-11,ETH,1.9765
2026-05-12,ETH,1.8751
2026-05-13,ETH,1.8555
2026-05-14,ETH,2.0765
2026-05-15,ETH,2.1881
2026-05-16,ETH,1.5845
2026-05-17,ETH,3.2499
2026-05-18,ETH,2.9645
2026-05-19,ETH,2.0655
2026-05-20,ETH,2.0852
2026-05-21,ETH,2.1229
2026-05-22,ETH,2.4315
2026-05-23,ETH,2.7831
2026-05-24,ETH,2.0961
2026-05-25,ETH,1.7131
2026-05-26,ETH,2.302
2026-05-27,ETH,2.425
2026-05-28,ETH,2.6071
2026-05-29,ETH,2.3036
2026-05-30,ETH,1.179
2026-05-31,ETH,1.4531
2026-06-01,ETH,2.5835
2026-06-02,ETH,3.7826
2026-06-03,ETH,4.0997
2026-06-04,ETH,5.1137
2026-06-05,ETH,6.9069
2026-06-06,ETH,4.474
2026-06-07,ETH,4.6491
2026-06-08,ETH,4.0512
2026-06-09,ETH,3.7218
2026-06-10,ETH,3.97
2026-06-11,ETH,3.4879
2026-06-12,ETH,2.6422
2026-06-13,ETH,1.4906
2026-06-14,ETH,2.3236
2026-06-15,ETH,2.9638
2026-06-16,ETH,3.3639
2026-06-17,ETH,3.836
2026-06-18,ETH,2.8208
2026-06-19,ETH,2.4381
2026-06-20,ETH,2.0786
2026-06-21,ETH,2.0232
2026-06-22,ETH,2.8819
2026-06-23,ETH,2.7977
2026-06-24,ETH,4.0866
2026-06-25,ETH,4.3326
2026-06-26,ETH,4.4747
2026-06-27,ETH,1.9621
2026-06-28,ETH,2.3855
2026-06-29,ETH,3.4811
2026-06-30,ETH,2.6489
2026-07-01,ETH,3.17
2026-07-02,ETH,3.5809
2026-07-03,ETH,2.7802
2026-07-04,ETH,2.3345
2026-07-05,ETH,2.073
2026-07-06,ETH,3.4566
2026-07-07,ETH,2.7638
2026-07-08,ETH,2.7641
2026-07-09,ETH,2.29
2026-07-10,ETH,2.4186
2026-07-11,ETH,1.5903
2026-07-12,ETH,1.7589
2026-07-13,ETH,2.7914
2026-07-14,ETH,2.7828
2026-07-15,ETH,2.487
2026-07-16,ETH,2.3427
2026-07-17,ETH,2.3705
2026-07-18,ETH,1.1914
2026-07-19,ETH,1.7306
2026-07-20,ETH,2.7419
2026-07-21,ETH,2.0451
2026-07-22,ETH,2.368
2026-07-23,ETH,1.9677
2026-07-24,ETH,2.0736
2026-07-25,ETH,1.0182
2026-07-26,ETH,1.6651
2026-07-27,ETH,2.7518
2026-07-28,ETH,2.5872
2026-07-29,ETH,2.7598
2026-07-30,ETH,1.9306
2026-07-31,ETH,2.0746
2026-08-01,ETH,1.4507
2026-08-02,ETH,1.9247
2026-08-03,ETH,2.1236
2026-08-04,ETH,1.9748
2026-08-05,ETH,2.0439
2026-08-06,ETH,1.7093
2026-08-07,ETH,1.8428
2026-08-08,ETH,0.6502
2026-08-09,ETH,0.9347
2026-08-10,ETH,1.8606
2026-08-11,ETH,1.6226
2026-08-12,ETH,1.7619
2026-08-13,ETH,1.5948
2026-08-14,ETH,1.386
2026-08-15,ETH,0.5522
2026-08-16,ETH,0.9007
2026-08-17,ETH,1.567
2026-08-18,ETH,1.3402
2026-08-19,ETH,6.2083
2026-08-20,ETH,3.9502
2026-08-21,ETH,4.7228
2026-08-22,ETH,4.9268
2026-08-23,ETH,3.974
2026-08-24,ETH,3.3231
2026-08-25,ETH,2.8749
2026-08-26,ETH,2.3789
2026-08-27,ETH,2.692
2026-08-28,ETH,2.6307
2026-08-29,ETH,1.0389
2026-08-30,ETH,2.4486
2026-08-31,ETH,2.4532
2022-01-01,SOL,2.7773
2022-01-02,SOL,2.6128
2022-01-03,SOL,3.0281
2022-01-04,SOL,3.7013
2022-01-05,SOL,5.9367
2022-01-06,SOL,5.347
2022-01-07,SOL,8.087
2022-01-08,SOL,6.9858
2022-01-09,SOL,4.6767
2022-01-10,SOL,7.0947
2022-01-11,SOL,4.5394
2022-01-12,SOL,4.5973
2022-01-13,SOL,5.1426
2022-01-14,SOL,4.9666
2022-01-15,SOL,3.1352
2022-01-16,SOL,3.5882
2022-01-17,SOL,3.8797
2022-01-18,SOL,4.4757
2022-01-19,SOL,4.3757
2022-01-20,SOL,4.4958
2022-01-21,SOL,12.1598
2022-01-22,SOL,15.8103
2022-01-23,SOL,9.3572
2022-01-24,SOL,13.7702
2022-01-25,SOL,8.3835
2022-01-26,SOL,10.0619
2022-01-27,SOL,8.4366
2022-01-28,SOL,7.3033
2022-01-29,SOL,5.6703
2022-01-30,SOL,4.5069
2022-01-31,SOL,5.5645
2022-02-01,SOL,7.2655
2022-02-02,SOL,8.3748
2022-02-03,SOL,7.6422
2022-02-04,SOL,6.5838
2022-02-05,SOL,5.3311
2022-02-06,SOL,4.4887
2022-02-07,SOL,5.0899
2022-02-08,SOL,6.002
2022-02-09,SOL,4.7924
2022-02-10,SOL,6.4998
2022-02-11,SOL,6.3755
2022-02-12,SOL,5.551
2022-02-13,SOL,4.1562
2022-02-14,SOL,5.0574
2022-02-15,SOL,4.7365
2022-02-16,SOL,4.4678
2022-02-17,SOL,5.0622
2022-02-18,SOL,4.8832
2022-02-19,SOL,3.9388
2022-02-20,SOL,5.8965
2022-02-21,SOL,7.1402
2022-02-22,SOL,5.9089
2022-02-23,SOL,6.0553
2022-02-24,SOL,10.9978
2022-02-25,SOL,7.011
2022-02-26,SOL,5.1334
2022-02-27,SOL,5.7212
2022-02-28,SOL,7.06
2022-03-01,SOL,6.6954
2022-03-02,SOL,6.8168
2022-03-03,SOL,5.0113
2022-03-04,SOL,5.8218
2022-03-05,SOL,4.2181
2022-03-06,SOL,4.3424
2022-03-07,SOL,5.2942
2022-03-08,SOL,5.5465
2022-03-09,SOL,5.0386
2022-03-10,SOL,5.4141
2022-03-11,SOL,4.7471
2022-03-12,SOL,2.9703
2022-03-13,SOL,3.91
2022-03-14,SOL,4.0852
2022-03-15,SOL,4.2051
2022-03-16,SOL,5.2592
2022-03-17,SOL,4.4307
2022-03-18,SOL,4.2185
2022-03-19,SOL,4.0376
2022-03-20,SOL,3.5631
2022-03-21,SOL,4.0704
2022-03-22,SOL,3.9768
2022-03-23,SOL,4.0821
2022-03-24,SOL,5.2813
2022-03-25,SOL,4.8307
2022-03-26,SOL,3.5491
2022-03-27,SOL,3.3506
2022-03-28,SOL,5.6311
2022-03-29,SOL,5.6813
2022-03-30,SOL,6.818
2022-03-31,SOL,7.3498
2022-04-01,SOL,6.7609
2022-04-02,SOL,6.125
2022-04-03,SOL,5.4373
2022-04-04,SOL,5.4151
2022-04-05,SOL,5.2918
2022-04-06,SOL,8.2499
2022-04-07,SOL,6.227
2022-04-08,SOL,6.4871
2022-04-09,SOL,4.5267
2022-04-10,SOL,4.1892
2022-04-11,SOL,6.609
2022-04-12,SOL,6.2382
2022-04-13,SOL,4.7739
2022-04-14,SOL,4.5739
2022-04-15,SOL,3.643
2022-04-16,SOL,2.904
2022-04-17,SOL,3.251
2022-04-18,SOL,5.0706
2022-04-19,SOL,4.0008
2022-04-20,SOL,4.5255
2022-04-21,SOL,4.5753
2022-04-22,SOL,4.275
2022-04-23,SOL,3.0964
2022-04-24,SOL,3.0076
2022-04-25,SOL,4.7628
2022-04-26,SOL,4.2345
2022-04-27,SOL,4.1167
2022-04-28,SOL,3.9812
2022-04-29,SOL,3.6892
2022-04-30,SOL,5.0159
2022-05-01,SOL,5.3945
2022-05-02,SOL,4.6541
2022-05-03,SOL,3.5048
2022-05-04,SOL,4.1717
2022-05-05,SOL,5.6049
2022-05-06,SOL,5.7992
2022-05-07,SOL,4.2627
2022-05-08,SOL,5.303
2022-05-09,SOL,11.3362
2022-05-10,SOL,13.7299
2022-05-11,SOL,27.5748
2022-05-12,SOL,26.4472
2022-05-13,SOL,15.4294
2022-05-14,SOL,10.8509
2022-05-15,SOL,8.0654
2022-05-16,SOL,8.9748
2022-05-17,SOL,7.3257
2022-05-18,SOL,7.5871
2022-05-19,SOL,8.5417
2022-05-20,SOL,7.4051
2022-05-21,SOL,4.766
2022-05-22,SOL,4.6624
2022-05-23,SOL,5.8716
2022-05-24,SOL,5.4474
2022-05-25,SOL,5.0451
2022-05-26,SOL,8.8322
2022-05-27,SOL,9.1004
2022-05-28,SOL,5.8786
2022-05-29,SOL,5.7204
2022-05-30,SOL,5.8255
2022-05-31,SOL,5.702
2022-06-01,SOL,6.5967
2022-06-02,SOL,7.1446
2022-06-03,SOL,5.6738
2022-06-04,SOL,6.0743
2022-06-05,SOL,5.3231
2022-06-06,SOL,7.3096
2022-06-07,SOL,8.4955
2022-06-08,SOL,6.1277
2022-06-09,SOL,5.7237
2022-06-10,SOL,6.4159
2022-06-11,SOL,6.4883
2022-06-12,SOL,9.2746
2022-06-13,SOL,14.6416
2022-06-14,SOL,13.4924
2022-06-15,SOL,13.9652
2022-06-16,SOL,11.4996
2022-06-17,SOL,8.1561
2022-06-18,SOL,11.3914
2022-06-19,SOL,10.6886
2022-06-20,SOL,9.7499
2022-06-21,SOL,8.2718
2022-06-22,SOL,8.3502
2022-06-23,SOL,7.7131
2022-06-24,SOL,7.2494
2022-06-25,SOL,6.1291
2022-06-26,SOL,5.7123
2022-06-27,SOL,5.7808
2022-06-28,SOL,6.0815
2022-06-29,SOL,6.995
2022-06-30,SOL,7.4488
2022-07-01,SOL,7.2567
2022-07-02,SOL,5.2992
2022-07-03,SOL,4.6808
2022-07-04,SOL,5.6488
2022-07-05,SOL,6.086
2022-07-06,SOL,6.646
2022-07-07,SOL,4.8566
2022-07-08,SOL,5.8388
2022-07-09,SOL,4.1905
2022-07-10,SOL,3.7605
2022-07-11,SOL,4.8099
2022-07-12,SOL,4.7422
2022-07-13,SOL,6.5362
2022-07-14,SOL,5.3401
2022-07-15,SOL,5.254
2022-07-16,SOL,4.8483
2022-07-17,SOL,5.0596
2022-07-18,SOL,5.8532
2022-07-19,SOL,8.4533
2022-07-20,SOL,6.8792
2022-07-21,SOL,6.8657
2022-07-22,SOL,5.6094
2022-07-23,SOL,5.2259
2022-07-24,SOL,5.0896
2022-07-25,SOL,5.7047
2022-07-26,SOL,5.6242
2022-07-27,SOL,6.4708
2022-07-28,SOL,6.8004
2022-07-29,SOL,6.7479
2022-07-30,SOL,6.7811
2022-07-31,SOL,5.6022
2022-08-01,SOL,4.973
2022-08-02,SOL,5.4866
2022-08-03,SOL,7.3698
2022-08-04,SOL,4.8609
2022-08-05,SOL,4.5197
2022-08-06,SOL,3.1258
2022-08-07,SOL,3.0537
2022-08-08,SOL,4.1303
2022-08-09,SOL,3.8797
2022-08-10,SOL,5.2308
2022-08-11,SOL,5.1425
2022-08-12,SOL,4.571
2022-08-13,SOL,4.8058
2022-08-14,SOL,4.3056
2022-08-15,SOL,5.0458
2022-08-16,SOL,4.7092
2022-08-17,SOL,4.9481
2022-08-18,SOL,4.2957
2022-08-19,SOL,7.9566
2022-08-20,SOL,5.1641
2022-08-21,SOL,4.7142
2022-08-22,SOL,5.1574
2022-08-23,SOL,4.3579
2022-08-24,SOL,3.8202
2022-08-25,SOL,3.5894
2022-08-26,SOL,6.0191
2022-08-27,SOL,4.289
2022-08-28,SOL,3.9355
2022-08-29,SOL,4.48
2022-08-30,SOL,4.5441
2022-08-31,SOL,4.5733
2022-09-01,SOL,4.3246
2022-09-02,SOL,3.8058
2022-09-03,SOL,2.4077
2022-09-04,SOL,2.7368
2022-09-05,SOL,3.1308
2022-09-06,SOL,5.1359
2022-09-07,SOL,4.3625
2022-09-08,SOL,4.4619
2022-09-09,SOL,4.5494
2022-09-10,SOL,3.6874
2022-09-11,SOL,3.7865
2022-09-12,SOL,5.8941
2022-09-13,SOL,8.2317
2022-09-14,SOL,4.4589
2022-09-15,SOL,5.4565
2022-09-16,SOL,4.4554
2022-09-17,SOL,2.5914
2022-09-18,SOL,4.4401
2022-09-19,SOL,5.0803
2022-09-20,SOL,4.4551
2022-09-21,SOL,7.7972
2022-09-22,SOL,4.1942
2022-09-23,SOL,4.9643
2022-09-24,SOL,4.051
2022-09-25,SOL,3.267
2022-09-26,SOL,4.6668
2022-09-27,SOL,4.6026
2022-09-28,SOL,4.6998
2022-09-29,SOL,4.3878
2022-09-30,SOL,4.9973
2022-10-01,SOL,2.4878
2022-10-02,SOL,2.7888
2022-10-03,SOL,2.9987
2022-10-04,SOL,2.8317
2022-10-05,SOL,2.9456
2022-10-06,SOL,3.0315
2022-10-07,SOL,2.7698
2022-10-08,SOL,1.7459
2022-10-09,SOL,1.7397
2022-10-10,SOL,2.6449
2022-10-11,SOL,3.0557
2022-10-12,SOL,2.484
2022-10-13,SOL,7.9386
2022-10-14,SOL,3.6433
2022-10-15,SOL,2.3717
2022-10-16,SOL,2.1581
2022-10-17,SOL,2.6641
2022-10-18,SOL,3.0858
2022-10-19,SOL,2.9337
2022-10-20,SOL,3.2267
2022-10-21,SOL,3.8673
2022-10-22,SOL,2.2933
2022-10-23,SOL,3.361
2022-10-24,SOL,3.3991
2022-10-25,SOL,4.8635
2022-10-26,SOL,4.4805
2022-10-27,SOL,4.73
2022-10-28,SOL,4.0052
2022-10-29,SOL,4.5943
2022-10-30,SOL,3.4255
2022-10-31,SOL,4.4435
2022-11-01,SOL,2.9489
2022-11-02,SOL,5.0679
2022-11-03,SOL,3.8075
2022-11-04,SOL,5.0027
2022-11-05,SOL,7.9888
2022-11-06,SOL,5.3295
2022-11-07,SOL,7.8038
2022-11-08,SOL,27.448
2022-11-09,SOL,32.1821
2022-11-10,SOL,26.2703
2022-11-11,SOL,16.4785
2022-11-12,SOL,8.9426
2022-11-13,SOL,10.0831
2022-11-14,SOL,15.5171
2022-11-15,SOL,8.2918
2022-11-16,SOL,5.4936
2022-11-17,SOL,6.708
2022-11-18,SOL,4.3618
2022-11-19,SOL,4.2773
2022-11-20,SOL,6.1775
2022-11-21,SOL,7.693
2022-11-22,SOL,7.252
2022-11-23,SOL,9.1268
2022-11-24,SOL,6.5363
2022-11-25,SOL,4.7225
2022-11-26,SOL,4.4649
2022-11-27,SOL,3.4234
2022-11-28,SOL,6.2215
2022-11-29,SOL,4.1867
2022-11-30,SOL,4.9745
2022-12-01,SOL,3.8807
2022-12-02,SOL,3.8359
2022-12-03,SOL,3.0131
2022-12-04,SOL,2.8684
2022-12-05,SOL,4.0789
2022-12-06,SOL,3.3984
2022-12-07,SOL,3.2394
2022-12-08,SOL,3.0277
2022-12-09,SOL,3.3176
2022-12-10,SOL,2.3202
2022-12-11,SOL,2.1081
2022-12-12,SOL,3.6258
2022-12-13,SOL,4.7156
2022-12-14,SOL,5.0936
2022-12-15,SOL,4.0971
2022-12-16,SOL,6.8602
2022-12-17,SOL,4.4971
2022-12-18,SOL,3.2914
2022-12-19,SOL,4.5393
2022-12-20,SOL,3.9051
2022-12-21,SOL,3.5133
2022-12-22,SOL,3.6539
2022-12-23,SOL,3.2807
2022-12-24,SOL,5.8382
2022-12-25,SOL,2.9404
2022-12-26,SOL,3.1453
2022-12-27,SOL,4.8472
2022-12-28,SOL,7.9205
2022-12-29,SOL,17.1474
2022-12-30,SOL,10.0826
2022-12-31,SOL,4.7811
2023-01-01,SOL,3.7662
2023-01-02,SOL,20.9715
2023-01-03,SOL,8.0337
2023-01-04,SOL,7.4428
2023-01-05,SOL,5.2239
2023-01-06,SOL,5.1327
2023-01-07,SOL,2.7704
2023-01-08,SOL,5.3585
2023-01-09,SOL,9.8051
2023-01-10,SOL,5.9229
2023-01-11,SOL,5.2466
2023-01-12,SOL,6.5569
2023-01-13,SOL,7.2319
2023-01-14,SOL,15.8356
2023-01-15,SOL,9.1771
2023-01-16,SOL,7.8677
2023-01-17,SOL,5.3074
2023-01-18,SOL,10.4457
2023-01-19,SOL,5.6103
2023-01-20,SOL,6.3702
2023-01-21,SOL,8.0454
2023-01-22,SOL,5.6412
2023-01-23,SOL,5.1099
2023-01-24,SOL,6.5271
2023-01-25,SOL,7.1709
2023-01-26,SOL,5.4545
2023-01-27,SOL,4.6955
2023-01-28,SOL,4.1832
2023-01-29,SOL,5.5837
2023-01-30,SOL,5.7446
2023-01-31,SOL,4.4315
2023-02-01,SOL,5.8813
2023-02-02,SOL,5.4501
2023-02-03,SOL,4.2759
2023-02-04,SOL,2.613
2023-02-05,SOL,3.8752
2023-02-06,SOL,3.7163
2023-02-07,SOL,4.4714
2023-02-08,SOL,3.9036
2023-02-09,SOL,5.7558
2023-02-10,SOL,5.2174
2023-02-11,SOL,2.8897
2023-02-12,SOL,4.5729
2023-02-13,SOL,5.3095
2023-02-14,SOL,6.1315
2023-02-15,SOL,4.4012
2023-02-16,SOL,4.589
2023-02-17,SOL,3.7452
2023-02-18,SOL,3.2925
2023-02-19,SOL,5.5897
2023-02-20,SOL,6.498
2023-02-21,SOL,5.4184
2023-02-22,SOL,5.3226
2023-02-23,SOL,4.1267
2023-02-24,SOL,4.6969
2023-02-25,SOL,4.2084
2023-02-26,SOL,3.2794
2023-02-27,SOL,3.7242
2023-02-28,SOL,3.6014
2023-03-01,SOL,3.6476
2023-03-02,SOL,3.2137
2023-03-03,SOL,4.4737
2023-03-04,SOL,3.4085
2023-03-05,SOL,3.8798
2023-03-06,SOL,3.3881
2023-03-07,SOL,4.3291
2023-03-08,SOL,5.1971
2023-03-09,SOL,5.4724
2023-03-10,SOL,8.1633
2023-03-11,SOL,6.8269
2023-03-12,SOL,8.0218
2023-03-13,SOL,6.8608
2023-03-14,SOL,8.5284
2023-03-15,SOL,6.6683
2023-03-16,SOL,5.2271
2023-03-17,SOL,5.8005
2023-03-18,SOL,6.4203
2023-03-19,SOL,4.8417
2023-03-20,SOL,8.1744
2023-03-21,SOL,6.5687
2023-03-22,SOL,6.5095
2023-03-23,SOL,4.6667
2023-03-24,SOL,4.4759
2023-03-25,SOL,3.5023
2023-03-26,SOL,2.9534
2023-03-27,SOL,4.3568
2023-03-28,SOL,4.0191
2023-03-29,SOL,3.6532
2023-03-30,SOL,4.218
2023-03-31,SOL,3.2771
2023-04-01,SOL,2.8208
2023-04-02,SOL,2.8011
2023-04-03,SOL,4.2568
2023-04-04,SOL,3.0873
2023-04-05,SOL,3.1078
2023-04-06,SOL,2.7346
2023-04-07,SOL,2.5335
2023-04-08,SOL,2.2031
2023-04-09,SOL,2.3467
2023-04-10,SOL,2.3847
2023-04-11,SOL,5.245
2023-04-12,SOL,6.9194
2023-04-13,SOL,4.6071
2023-04-14,SOL,5.0454
2023-04-15,SOL,3.1073
2023-04-16,SOL,3.6845
2023-04-17,SOL,4.783
2023-04-18,SOL,3.415
2023-04-19,SOL,7.0468
2023-04-20,SOL,5.1531
2023-04-21,SOL,4.6023
2023-04-22,SOL,2.76
2023-04-23,SOL,3.6075
2023-04-24,SOL,3.8277
2023-04-25,SOL,3.7586
2023-04-26,SOL,6.0918
2023-04-27,SOL,4.7283
2023-04-28,SOL,4.3825
2023-04-29,SOL,3.401
2023-04-30,SOL,3.2776
2023-05-01,SOL,3.8656
2023-05-02,SOL,2.8858
2023-05-03,SOL,3.7251
2023-05-04,SOL,2.8762
2023-05-05,SOL,3.6495
2023-05-06,SOL,3.4036
2023-05-07,SOL,3.0486
2023-05-08,SOL,5.8724
2023-05-09,SOL,3.283
2023-05-10,SOL,4.9897
2023-05-11,SOL,3.8875
2023-05-12,SOL,4.0281
2023-05-13,SOL,2.8725
2023-05-14,SOL,2.4364
2023-05-15,SOL,2.8155
2023-05-16,SOL,2.6441
2023-05-17,SOL,2.9351
2023-05-18,SOL,2.7986
2023-05-19,SOL,2.2786
2023-05-20,SOL,1.9303
2023-05-21,SOL,2.9346
2023-05-22,SOL,2.5224
2023-05-23,SOL,2.6529
2023-05-24,SOL,3.3117
2023-05-25,SOL,2.6604
2023-05-26,SOL,2.0493
2023-05-27,SOL,2.4482
2023-05-28,SOL,3.0913
2023-05-29,SOL,2.3619
2023-05-30,SOL,3.2978
2023-05-31,SOL,2.7472
2023-06-01,SOL,2.6512
2023-06-02,SOL,2.4143
2023-06-03,SOL,2.0055
2023-06-04,SOL,3.3861
2023-06-05,SOL,5.3574
2023-06-06,SOL,4.0645
2023-06-07,SOL,4.1589
2023-06-08,SOL,3.548
2023-06-09,SOL,5.0517
2023-06-10,SOL,15.558
2023-06-11,SOL,6.0993
2023-06-12,SOL,5.693
2023-06-13,SOL,5.5143
2023-06-14,SOL,5.3121
2023-06-15,SOL,5.1728
2023-06-16,SOL,4.2691
2023-06-17,SOL,3.9162
2023-06-18,SOL,3.1783
2023-06-19,SOL,3.3273
2023-06-20,SOL,3.9526
2023-06-21,SOL,4.5135
2023-06-22,SOL,4.3499
2023-06-23,SOL,4.5922
2023-06-24,SOL,4.1789
2023-06-25,SOL,4.1987
2023-06-26,SOL,4.07
2023-06-27,SOL,3.7402
2023-06-28,SOL,4.8361
2023-06-29,SOL,6.1682
2023-06-30,SOL,10.3171
2023-07-01,SOL,4.2028
2023-07-02,SOL,5.4934
2023-07-03,SOL,3.7579
2023-07-04,SOL,3.7996
2023-07-05,SOL,3.7732
2023-07-06,SOL,7.5518
2023-07-07,SOL,7.1084
2023-07-08,SOL,4.9053
2023-07-09,SOL,4.2495
2023-07-10,SOL,4.7941
2023-07-11,SOL,4.0749
2023-07-12,SOL,4.9544
2023-07-13,SOL,11.1328
2023-07-14,SOL,12.5244
2023-07-15,SOL,6.8706
2023-07-16,SOL,5.2432
2023-07-17,SOL,5.9483
2023-07-18,SOL,5.384
2023-07-19,SOL,4.7284
2023-07-20,SOL,4.3259
2023-07-21,SOL,3.5782
2023-07-22,SOL,3.8108
2023-07-23,SOL,2.7802
2023-07-24,SOL,5.9243
2023-07-25,SOL,3.4777
2023-07-26,SOL,5.1554
2023-07-27,SOL,3.9571
2023-07-28,SOL,2.9757
2023-07-29,SOL,2.2732
2023-07-30,SOL,3.3535
2023-07-31,SOL,3.2067
2023-08-01,SOL,3.6667
2023-08-02,SOL,3.2046
2023-08-03,SOL,3.3253
2023-08-04,SOL,3.2293
2023-08-05,SOL,2.6326
2023-08-06,SOL,2.862
2023-08-07,SOL,2.9453
2023-08-08,SOL,3.659
2023-08-09,SOL,3.1413
2023-08-10,SOL,2.4888
2023-08-11,SOL,2.2899
2023-08-12,SOL,2.2216
2023-08-13,SOL,1.9292
2023-08-14,SOL,2.7803
2023-08-15,SOL,3.037
2023-08-16,SOL,4.023
2023-08-17,SOL,8.3446
2023-08-18,SOL,4.2983
2023-08-19,SOL,2.7348
2023-08-20,SOL,2.3089
2023-08-21,SOL,3.7706
2023-08-22,SOL,4.0301
2023-08-23,SOL,3.6348
2023-08-24,SOL,3.2122
2023-08-25,SOL,3.8007
2023-08-26,SOL,2.0401
2023-08-27,SOL,2.4585
2023-08-28,SOL,2.9521
2023-08-29,SOL,4.6146
2023-08-30,SOL,3.1282
2023-08-31,SOL,3.9327
2023-09-01,SOL,3.4543
2023-09-02,SOL,2.5583
2023-09-03,SOL,2.3102
2023-09-04,SOL,3.0788
2023-09-05,SOL,4.4789
2023-09-06,SOL,3.5748
2023-09-07,SOL,2.8424
2023-09-08,SOL,2.9589
2023-09-09,SOL,1.8279
2023-09-10,SOL,5.6843
2023-09-11,SOL,5.4492
2023-09-12,SOL,4.9916
2023-09-13,SOL,5.8473
2023-09-14,SOL,4.7465
2023-09-15,SOL,3.2792
2023-09-16,SOL,2.7438
2023-09-17,SOL,2.6595
2023-09-18,SOL,4.0356
2023-09-19,SOL,3.4939
2023-09-20,SOL,3.4972
2023-09-21,SOL,3.1295
2023-09-22,SOL,2.7739
2023-09-23,SOL,2.2173
2023-09-24,SOL,2.3237
2023-09-25,SOL,2.6152
2023-09-26,SOL,2.4034
2023-09-27,SOL,2.7729
2023-09-28,SOL,2.7423
2023-09-29,SOL,2.8749
2023-09-30,SOL,3.4272
2023-10-01,SOL,7.1086
2023-10-02,SOL,5.9194
2023-10-03,SOL,5.0528
2023-10-04,SOL,4.7356
2023-10-05,SOL,3.9298
2023-10-06,SOL,3.9768
2023-10-07,SOL,3.5769
2023-10-08,SOL,2.8113
2023-10-09,SOL,3.8735
2023-10-10,SOL,3.2966
2023-10-11,SOL,3.5771
2023-10-12,SOL,3.3473
2023-10-13,SOL,3.0022
2023-10-14,SOL,2.4281
2023-10-15,SOL,2.2927
2023-10-16,SOL,5.5831
2023-10-17,SOL,4.0258
2023-10-18,SOL,3.2101
2023-10-19,SOL,4.579
2023-10-20,SOL,5.3426
2023-10-21,SOL,6.3306
2023-10-22,SOL,4.8081
2023-10-23,SOL,7.8954
2023-10-24,SOL,8.4292
2023-10-25,SOL,7.8415
2023-10-26,SOL,5.6948
2023-10-27,SOL,5.4049
2023-10-28,SOL,3.2207
2023-10-29,SOL,3.4107
2023-10-30,SOL,5.0262
2023-10-31,SOL,5.424
2023-11-01,SOL,10.0064
2023-11-02,SOL,8.7285
2023-11-03,SOL,7.5157
2023-11-04,SOL,5.7759
2023-11-05,SOL,4.3432
2023-11-06,SOL,4.7338
2023-11-07,SOL,6.2026
2023-11-08,SOL,4.0736
2023-11-09,SOL,12.599
2023-11-10,SOL,10.0375
2023-11-11,SOL,11.029
2023-11-12,SOL,8.9732
2023-11-13,SOL,9.5479
2023-11-14,SOL,9.9119
2023-11-15,SOL,8.2196
2023-11-16,SOL,9.3756
2023-11-17,SOL,8.6639
2023-11-18,SOL,6.1219
2023-11-19,SOL,5.2665
2023-11-20,SOL,5.5166
2023-11-21,SOL,7.5676
2023-11-22,SOL,5.377
2023-11-23,SOL,4.4036
2023-11-24,SOL,3.9489
2023-11-25,SOL,3.7257
2023-11-26,SOL,3.2247
2023-11-27,SOL,4.3482
2023-11-28,SOL,4.2092
2023-11-29,SOL,4.9184
2023-11-30,SOL,3.8494
2023-12-01,SOL,3.7797
2023-12-02,SOL,3.5199
2023-12-03,SOL,3.6913
2023-12-04,SOL,5.47
2023-12-05,SOL,4.9254
2023-12-06,SOL,6.6038
2023-12-07,SOL,6.3745
2023-12-08,SOL,6.4106
2023-12-09,SOL,5.9331
2023-12-10,SOL,4.3278
2023-12-11,SOL,9.8962
2023-12-12,SOL,5.6541
2023-12-13,SOL,5.9605
2023-12-14,SOL,6.0335
2023-12-15,SOL,6.2485
2023-12-16,SOL,4.7703
2023-12-17,SOL,4.7663
2023-12-18,SOL,5.595
2023-12-19,SOL,5.0338
2023-12-20,SOL,6.9419
2023-12-21,SOL,8.0713
2023-12-22,SOL,7.8816
2023-12-23,SOL,6.6569
2023-12-24,SOL,9.4429
2023-12-25,SOL,7.7818
2023-12-26,SOL,8.6264
2023-12-27,SOL,7.4395
2023-12-28,SOL,8.0542
2023-12-29,SOL,7.6829
2023-12-30,SOL,4.8735
2023-12-31,SOL,4.4371
2024-01-01,SOL,4.7796
2024-01-02,SOL,5.9933
2024-01-03,SOL,14.7755
2024-01-04,SOL,6.5695
2024-01-05,SOL,7.3392
2024-01-06,SOL,5.7879
2024-01-07,SOL,5.8824
2024-01-08,SOL,7.4726
2024-01-09,SOL,11.6359
2024-01-10,SOL,8.0712
2024-01-11,SOL,7.0001
2024-01-12,SOL,7.2337
2024-01-13,SOL,4.9845
2024-01-14,SOL,5.7786
2024-01-15,SOL,4.3325
2024-01-16,SOL,4.2243
2024-01-17,SOL,5.6889
2024-01-18,SOL,5.057
2024-01-19,SOL,5.4558
2024-01-20,SOL,3.7191
2024-01-21,SOL,2.8734
2024-01-22,SOL,6.0412
2024-01-23,SOL,6.6207
2024-01-24,SOL,4.9395
2024-01-25,SOL,4.8281
2024-01-26,SOL,4.4017
2024-01-27,SOL,2.9202
2024-01-28,SOL,4.4395
2024-01-29,SOL,4.5143
2024-01-30,SOL,4.6373
2024-01-31,SOL,6.17
2024-02-01,SOL,4.7271
2024-02-02,SOL,4.2771
2024-02-03,SOL,2.8911
2024-02-04,SOL,3.0318
2024-02-05,SOL,3.3478
2024-02-06,SOL,3.67
2024-02-07,SOL,2.8826
2024-02-08,SOL,3.4241
2024-02-09,SOL,4.1711
2024-02-10,SOL,3.3608
2024-02-11,SOL,2.9508
2024-02-12,SOL,4.074
2024-02-13,SOL,4.678
2024-02-14,SOL,3.8238
2024-02-15,SOL,3.9137
2024-02-16,SOL,3.8113
2024-02-17,SOL,3.1729
2024-02-18,SOL,3.3774
2024-02-19,SOL,3.8715
2024-02-20,SOL,4.6408
2024-02-21,SOL,4.7156
2024-02-22,SOL,4.1702
2024-02-23,SOL,4.0515
2024-02-24,SOL,2.8622
2024-02-25,SOL,2.8504
2024-02-26,SOL,4.2385
2024-02-27,SOL,4.6588
2024-02-28,SOL,8.6215
2024-02-29,SOL,8.8657
2024-03-01,SOL,7.2908
2024-03-02,SOL,5.2659
2024-03-03,SOL,5.8536
2024-03-04,SOL,5.9922
2024-03-05,SOL,14.9508
2024-03-06,SOL,7.0482
2024-03-07,SOL,7.9622
2024-03-08,SOL,6.8829
2024-03-09,SOL,3.5986
2024-03-10,SOL,3.8706
2024-03-11,SOL,5.2987
2024-03-12,SOL,6.9205
2024-03-13,SOL,5.2909
2024-03-14,SOL,8.1629
2024-03-15,SOL,11.3594
2024-03-16,SOL,8.9098
2024-03-17,SOL,7.5717
2024-03-18,SOL,6.987
2024-03-19,SOL,10.4173
2024-03-20,SOL,9.3979
2024-03-21,SOL,7.0557
2024-03-22,SOL,6.3826
2024-03-23,SOL,4.5507
2024-03-24,SOL,4.176
2024-03-25,SOL,4.7543
2024-03-26,SOL,4.3885
2024-03-27,SOL,4.6539
2024-03-28,SOL,3.876
2024-03-29,SOL,3.7407
2024-03-30,SOL,3.6271
2024-03-31,SOL,2.8235
2024-04-01,SOL,4.8227
2024-04-02,SOL,6.0869
2024-04-03,SOL,5.2905
2024-04-04,SOL,3.8569
2024-04-05,SOL,5.4383
2024-04-06,SOL,3.7842
2024-04-07,SOL,3.2293
2024-04-08,SOL,3.742
2024-04-09,SOL,3.9538
2024-04-10,SOL,4.8667
2024-04-11,SOL,4.1933
2024-04-12,SOL,11.2195
2024-04-13,SOL,14.1521
2024-04-14,SOL,9.69
2024-04-15,SOL,7.2891
2024-04-16,SOL,8.5801
2024-04-17,SOL,7.9163
2024-04-18,SOL,7.4165
2024-04-19,SOL,8.047
2024-04-20,SOL,5.2968
2024-04-21,SOL,4.4147
2024-04-22,SOL,4.6266
2024-04-23,SOL,3.9081
2024-04-24,SOL,5.149
2024-04-25,SOL,4.6843
2024-04-26,SOL,4.3685
2024-04-27,SOL,4.4135
2024-04-28,SOL,3.3002
2024-04-29,SOL,4.5359
2024-04-30,SOL,6.2788
2024-05-01,SOL,7.7537
2024-05-02,SOL,5.6261
2024-05-03,SOL,4.6172
2024-05-04,SOL,3.7671
2024-05-05,SOL,3.2621
2024-05-06,SOL,4.9216
2024-05-07,SOL,4.652
2024-05-08,SOL,4.9524
2024-05-09,SOL,4.1977
2024-05-10,SOL,4.6836
2024-05-11,SOL,3.4872
2024-05-12,SOL,2.7563
2024-05-13,SOL,4.664
2024-05-14,SOL,4.5565
2024-05-15,SOL,5.1551
2024-05-16,SOL,4.6744
2024-05-17,SOL,4.2562
2024-05-18,SOL,3.0855
2024-05-19,SOL,3.4871
2024-05-20,SOL,4.7468
2024-05-21,SOL,4.0794
2024-05-22,SOL,4.6196
2024-05-23,SOL,5.5672
2024-05-24,SOL,4.2538
2024-05-25,SOL,2.8788
2024-05-26,SOL,2.9419
2024-05-27,SOL,3.5098
2024-05-28,SOL,4.4031
2024-05-29,SOL,3.8927
2024-05-30,SOL,3.4369
2024-05-31,SOL,3.1069
2024-06-01,SOL,1.6017
2024-06-02,SOL,2.1727
2024-06-03,SOL,2.7622
2024-06-04,SOL,2.4803
2024-06-05,SOL,2.8114
2024-06-06,SOL,2.1876
2024-06-07,SOL,5.7561
2024-06-08,SOL,2.4188
2024-06-09,SOL,2.2535
2024-06-10,SOL,2.7989
2024-06-11,SOL,4.996
2024-06-12,SOL,5.6511
2024-06-13,SOL,3.8369
2024-06-14,SOL,4.427
2024-06-15,SOL,2.6424
2024-06-16,SOL,2.5392
2024-06-17,SOL,4.2961
2024-06-18,SOL,7.824
2024-06-19,SOL,4.0628
2024-06-20,SOL,4.6743
2024-06-21,SOL,4.4651
2024-06-22,SOL,2.347
2024-06-23,SOL,2.6239
2024-06-24,SOL,5.7239
2024-06-25,SOL,3.704
2024-06-26,SOL,3.2996
2024-06-27,SOL,5.3118
2024-06-28,SOL,4.3793
2024-06-29,SOL,2.2143
2024-06-30,SOL,2.9709
2024-07-01,SOL,3.3824
2024-07-02,SOL,3.6175
2024-07-03,SOL,4.6187
2024-07-04,SOL,6.4453
2024-07-05,SOL,8.2257
2024-07-06,SOL,4.2373
2024-07-07,SOL,4.1928
2024-07-08,SOL,7.2989
2024-07-09,SOL,4.7886
2024-07-10,SOL,3.9589
2024-07-11,SOL,4.1413
2024-07-12,SOL,3.6511
2024-07-13,SOL,2.5435
2024-07-14,SOL,3.1889
2024-07-15,SOL,3.9265
2024-07-16,SOL,4.5206
2024-07-17,SOL,3.6375
2024-07-18,SOL,3.4402
2024-07-19,SOL,4.3794
2024-07-20,SOL,3.0256
2024-07-21,SOL,4.0522
2024-07-22,SOL,4.0546
2024-07-23,SOL,4.7619
2024-07-24,SOL,4.454
2024-07-25,SOL,5.6474
2024-07-26,SOL,3.3809
2024-07-27,SOL,4.3364
2024-07-28,SOL,2.9524
2024-07-29,SOL,3.9836
2024-07-30,SOL,3.9062
2024-07-31,SOL,4.1981
2024-08-01,SOL,5.0394
2024-08-02,SOL,6.7864
2024-08-03,SOL,5.5901
2024-08-04,SOL,6.0302
2024-08-05,SOL,19.8706
2024-08-06,SOL,8.2105
2024-08-07,SOL,7.3559
2024-08-08,SOL,6.867
2024-08-09,SOL,5.0509
2024-08-10,SOL,3.78
2024-08-11,SOL,3.9313
2024-08-12,SOL,6.0955
2024-08-13,SOL,4.4504
2024-08-14,SOL,4.6322
2024-08-15,SOL,4.9099
2024-08-16,SOL,4.7122
2024-08-17,SOL,2.6623
2024-08-18,SOL,2.8684
2024-08-19,SOL,3.6227
2024-08-20,SOL,3.2305
2024-08-21,SOL,3.3197
2024-08-22,SOL,2.5031
2024-08-23,SOL,3.2205
2024-08-24,SOL,3.1539
2024-08-25,SOL,3.0222
2024-08-26,SOL,4.0238
2024-08-27,SOL,4.277
2024-08-28,SOL,4.665
2024-08-29,SOL,3.5884
2024-08-30,SOL,4.1623
2024-08-31,SOL,2.3104
2024-09-01,SOL,4.3156
2024-09-02,SOL,4.4253
2024-09-03,SOL,3.5215
2024-09-04,SOL,5.0882
2024-09-05,SOL,4.3791
2024-09-06,SOL,5.8653
2024-09-07,SOL,3.0031
2024-09-08,SOL,2.9657
2024-09-09,SOL,4.0976
2024-09-10,SOL,3.3548
2024-09-11,SOL,3.8752
2024-09-12,SOL,3.1939
2024-09-13,SOL,2.931
2024-09-14,SOL,2.0614
2024-09-15,SOL,2.5013
2024-09-16,SOL,3.2603
2024-09-17,SOL,3.1378
2024-09-18,SOL,4.1002
2024-09-19,SOL,3.4652
2024-09-20,SOL,4.0734
2024-09-21,SOL,2.5277
2024-09-22,SOL,2.9489
2024-09-23,SOL,3.6909
2024-09-24,SOL,4.0029
2024-09-25,SOL,2.9052
2024-09-26,SOL,3.5293
2024-09-27,SOL,3.2554
2024-09-28,SOL,2.1915
2024-09-29,SOL,2.7033
2024-09-30,SOL,3.387
2024-10-01,SOL,5.3333
2024-10-02,SOL,4.8604
2024-10-03,SOL,5.2198
2024-10-04,SOL,3.7491
2024-10-05,SOL,2.2605
2024-10-06,SOL,2.2869
2024-10-07,SOL,3.7294
2024-10-08,SOL,3.3336
2024-10-09,SOL,3.2342
2024-10-10,SOL,3.3837
2024-10-11,SOL,2.7032
2024-10-12,SOL,1.8602
2024-10-13,SOL,2.2611
2024-10-14,SOL,3.399
2024-10-15,SOL,4.4998
2024-10-16,SOL,3.5665
2024-10-17,SOL,3.0682
2024-10-18,SOL,2.4697
2024-10-19,SOL,1.8817
2024-10-20,SOL,2.9492
2024-10-21,SOL,3.6671
2024-10-22,SOL,4.1543
2024-10-23,SOL,4.102
2024-10-24,SOL,3.4487
2024-10-25,SOL,4.9981
2024-10-26,SOL,3.2335
2024-10-27,SOL,2.7165
2024-10-28,SOL,3.5377
2024-10-29,SOL,3.4065
2024-10-30,SOL,3.2304
2024-10-31,SOL,3.3355
2024-11-01,SOL,4.0258
2024-11-02,SOL,2.5216
2024-11-03,SOL,4.0175
2024-11-04,SOL,3.7079
2024-11-05,SOL,3.8608
2024-11-06,SOL,6.1604
2024-11-07,SOL,4.1277
2024-11-08,SOL,4.3619
2024-11-09,SOL,3.1017
2024-11-10,SOL,6.0348
2024-11-11,SOL,6.1616
2024-11-12,SOL,7.0801
2024-11-13,SOL,7.6332
2024-11-14,SOL,5.8935
2024-11-15,SOL,4.6058
2024-11-16,SOL,3.9362
2024-11-17,SOL,6.2831
2024-11-18,SOL,5.5586
2024-11-19,SOL,4.5661
2024-11-20,SOL,4.7233
2024-11-21,SOL,6.5496
2024-11-22,SOL,4.8156
2024-11-23,SOL,3.8707
2024-11-24,SOL,4.1543
2024-11-25,SOL,5.0278
2024-11-26,SOL,5.4847
2024-11-27,SOL,4.0313
2024-11-28,SOL,3.5977
2024-11-29,SOL,3.0297
2024-11-30,SOL,2.6363
2024-12-01,SOL,2.8204
2024-12-02,SOL,4.6013
2024-12-03,SOL,5.6673
2024-12-04,SOL,4.7788
2024-12-05,SOL,6.4759
2024-12-06,SOL,4.4428
2024-12-07,SOL,3.0333
2024-12-08,SOL,2.5278
2024-12-09,SOL,7.6896
2024-12-10,SOL,6.9146
2024-12-11,SOL,4.2749
2024-12-12,SOL,4.0103
2024-12-13,SOL,3.3067
2024-12-14,SOL,2.8023
2024-12-15,SOL,3.2704
2024-12-16,SOL,3.854
2024-12-17,SOL,4.7678
2024-12-18,SOL,5.8507
2024-12-19,SOL,7.0516
2024-12-20,SOL,8.4201
2024-12-21,SOL,5.5011
2024-12-22,SOL,5.1565
2024-12-23,SOL,5.928
2024-12-24,SOL,3.8115
2024-12-25,SOL,3.524
2024-12-26,SOL,4.1878
2024-12-27,SOL,4.0362
2024-12-28,SOL,2.8179
2024-12-29,SOL,2.9319
2024-12-30,SOL,4.2376
2024-12-31,SOL,3.5948
2025-01-01,SOL,2.8248
2025-01-02,SOL,3.5305
2025-01-03,SOL,3.3013
2025-01-04,SOL,2.2922
2025-01-05,SOL,2.2008
2025-01-06,SOL,2.9633
2025-01-07,SOL,4.0336
2025-01-08,SOL,4.6951
2025-01-09,SOL,4.3957
2025-01-10,SOL,4.8013
2025-01-11,SOL,2.7956
2025-01-12,SOL,2.4331
2025-01-13,SOL,6.0318
2025-01-14,SOL,3.744
2025-01-15,SOL,4.2092
2025-01-16,SOL,5.4541
2025-01-17,SOL,3.9523
2025-01-18,SOL,9.5654
2025-01-19,SOL,15.1084
2025-01-20,SOL,13.2771
2025-01-21,SOL,8.5149
2025-01-22,SOL,6.2959
2025-01-23,SOL,7.0843
2025-01-24,SOL,5.5381
2025-01-25,SOL,3.9393
2025-01-26,SOL,3.5883
2025-01-27,SOL,7.7071
2025-01-28,SOL,5.114
2025-01-29,SOL,5.7353
2025-01-30,SOL,3.856
2025-01-31,SOL,3.4645
2025-02-01,SOL,3.7803
2025-02-02,SOL,8.1636
2025-02-03,SOL,12.3706
2025-02-04,SOL,7.4797
2025-02-05,SOL,4.9543
2025-02-06,SOL,5.0628
2025-02-07,SOL,5.2619
2025-02-08,SOL,3.4262
2025-02-09,SOL,3.9231
2025-02-10,SOL,4.7624
2025-02-11,SOL,3.6891
2025-02-12,SOL,5.0437
2025-02-13,SOL,3.4066
2025-02-14,SOL,3.6871
2025-02-15,SOL,2.5048
2025-02-16,SOL,2.8109
2025-02-17,SOL,4.1977
2025-02-18,SOL,6.7136
2025-02-19,SOL,4.4815
2025-02-20,SOL,3.7371
2025-02-21,SOL,4.5919
2025-02-22,SOL,2.8611
2025-02-23,SOL,2.329
2025-02-24,SOL,7.9746
2025-02-25,SOL,10.4595
2025-02-26,SOL,6.6152
2025-02-27,SOL,5.6147
2025-02-28,SOL,8.0034
2025-03-01,SOL,4.1237
2025-03-02,SOL,12.3827
2025-03-03,SOL,9.8271
2025-03-04,SOL,10.266
2025-03-05,SOL,5.9449
2025-03-06,SOL,5.6448
2025-03-07,SOL,8.2004
2025-03-08,SOL,3.7167
2025-03-09,SOL,5.2186
2025-03-10,SOL,7.1614
2025-03-11,SOL,7.7298
2025-03-12,SOL,5.6524
2025-03-13,SOL,4.7954
2025-03-14,SOL,4.1542
2025-03-15,SOL,2.7876
2025-03-16,SOL,4.0814
2025-03-17,SOL,3.8289
2025-03-18,SOL,3.5231
2025-03-19,SOL,4.5122
2025-03-20,SOL,3.4395
2025-03-21,SOL,3.596
2025-03-22,SOL,2.5673
2025-03-23,SOL,2.3506
2025-03-24,SOL,3.9856
2025-03-25,SOL,3.9074
2025-03-26,SOL,3.5051
2025-03-27,SOL,3.3889
2025-03-28,SOL,3.786
2025-03-29,SOL,3.6883
2025-03-30,SOL,3.4309
2025-03-31,SOL,4.7127
2025-04-01,SOL,4.0059
2025-04-02,SOL,6.2363
2025-04-03,SOL,5.0833
2025-04-04,SOL,6.2516
2025-04-05,SOL,2.816
2025-04-06,SOL,6.4786
2025-04-07,SOL,11.1184
2025-04-08,SOL,6.0609
2025-04-09,SOL,7.9124
2025-04-10,SOL,4.891
2025-04-11,SOL,4.7063
2025-04-12,SOL,5.2215
2025-04-13,SOL,5.1664
2025-04-14,SOL,5.5067
2025-04-15,SOL,4.4007
2025-04-16,SOL,5.2936
2025-04-17,SOL,4.2956
2025-04-18,SOL,2.7868
2025-04-19,SOL,3.0991
2025-04-20,SOL,2.8182
2025-04-21,SOL,3.9042
2025-04-22,SOL,4.7724
2025-04-23,SOL,4.4605
2025-04-24,SOL,3.7093
2025-04-25,SOL,3.8467
2025-04-26,SOL,2.572
2025-04-27,SOL,2.9007
2025-04-28,SOL,4.0104
2025-04-29,SOL,2.9884
2025-04-30,SOL,3.6718
2025-05-01,SOL,2.6042
2025-05-02,SOL,2.6072
2025-05-03,SOL,1.9311
2025-05-04,SOL,2.3611
2025-05-05,SOL,2.8093
2025-05-06,SOL,2.8407
2025-05-07,SOL,2.9471
2025-05-08,SOL,4.0644
2025-05-09,SOL,5.3138
2025-05-10,SOL,3.4524
2025-05-11,SOL,4.5343
2025-05-12,SOL,5.5241
2025-05-13,SOL,4.6325
2025-05-14,SOL,4.2623
2025-05-15,SOL,4.7554
2025-05-16,SOL,3.9661
2025-05-17,SOL,3.7725
2025-05-18,SOL,4.0265
2025-05-19,SOL,4.7264
2025-05-20,SOL,4.0676
2025-05-21,SOL,4.6965
2025-05-22,SOL,3.7708
2025-05-23,SOL,5.3025
2025-05-24,SOL,3.0942
2025-05-25,SOL,3.4409
2025-05-26,SOL,2.8015
2025-05-27,SOL,3.3182
2025-05-28,SOL,2.7191
2025-05-29,SOL,3.2335
2025-05-30,SOL,4.5455
2025-05-31,SOL,3.8996
2025-06-01,SOL,3.0027
2025-06-02,SOL,3.3221
2025-06-03,SOL,3.2571
2025-06-04,SOL,2.865
2025-06-05,SOL,4.5576
2025-06-06,SOL,3.0545
2025-06-07,SOL,2.1907
2025-06-08,SOL,2.1804
2025-06-09,SOL,2.9566
2025-06-10,SOL,4.2701
2025-06-11,SOL,4.043
2025-06-12,SOL,3.5736
2025-06-13,SOL,5.4574
2025-06-14,SOL,2.5948
2025-06-15,SOL,3.4736
2025-06-16,SOL,3.9335
2025-06-17,SOL,4.2866
2025-06-18,SOL,3.862
2025-06-19,SOL,2.778
2025-06-20,SOL,4.4218
2025-06-21,SOL,5.362
2025-06-22,SOL,5.4331
2025-06-23,SOL,4.9585
2025-06-24,SOL,3.651
2025-06-25,SOL,3.2902
2025-06-26,SOL,3.5889
2025-06-27,SOL,3.1422
2025-06-28,SOL,2.68
2025-06-29,SOL,2.5358
2025-06-30,SOL,3.9712
2025-07-01,SOL,2.8311
2025-07-02,SOL,3.1423
2025-07-03,SOL,2.9796
2025-07-04,SOL,2.7759
2025-07-05,SOL,1.7783
2025-07-06,SOL,2.4856
2025-07-07,SOL,2.8886
2025-07-08,SOL,2.4675
2025-07-09,SOL,2.946
2025-07-10,SOL,3.3715
2025-07-11,SOL,3.8798
2025-07-12,SOL,2.4837
2025-07-13,SOL,2.3935
2025-07-14,SOL,3.4202
2025-07-15,SOL,3.7471
2025-07-16,SOL,3.5464
2025-07-17,SOL,4.5464
2025-07-18,SOL,4.6327
2025-07-19,SOL,2.9024
2025-07-20,SOL,3.6871
2025-07-21,SOL,4.7282
2025-07-22,SOL,6.2246
2025-07-23,SOL,5.1977
2025-07-24,SOL,5.1411
2025-07-25,SOL,4.8011
2025-07-26,SOL,2.1897
2025-07-27,SOL,2.7743
2025-07-28,SOL,4.0204
2025-07-29,SOL,3.7551
2025-07-30,SOL,4.0535
2025-07-31,SOL,3.425
2025-08-01,SOL,5.4899
2025-08-02,SOL,3.6834
2025-08-03,SOL,2.8465
2025-08-04,SOL,3.3661
2025-08-05,SOL,3.9983
2025-08-06,SOL,3.2605
2025-08-07,SOL,3.0043
2025-08-08,SOL,3.3206
2025-08-09,SOL,2.7923
2025-08-10,SOL,3.355
2025-08-11,SOL,3.56
2025-08-12,SOL,3.8653
2025-08-13,SOL,4.8343
2025-08-14,SOL,7.1786
2025-08-15,SOL,4.7307
2025-08-16,SOL,3.0744
2025-08-17,SOL,2.8285
2025-08-18,SOL,3.7473
2025-08-19,SOL,4.2532
2025-08-20,SOL,4.1195
2025-08-21,SOL,3.8051
2025-08-22,SOL,5.3547
2025-08-23,SOL,3.3215
2025-08-24,SOL,4.8324
2025-08-25,SOL,5.3038
2025-08-26,SOL,4.5056
2025-08-27,SOL,5.4751
2025-08-28,SOL,4.6799
2025-08-29,SOL,5.9872
2025-08-30,SOL,3.1986
2025-08-31,SOL,2.6468
2025-09-01,SOL,3.7839
2025-09-02,SOL,4.0086
2025-09-03,SOL,3.2374
2025-09-04,SOL,2.7815
2025-09-05,SOL,3.7222
2025-09-06,SOL,1.6869
2025-09-07,SOL,1.8132
2025-09-08,SOL,2.9692
2025-09-09,SOL,2.9222
2025-09-10,SOL,3.0657
2025-09-11,SOL,3.7346
2025-09-12,SOL,3.3403
2025-09-13,SOL,2.5866
2025-09-14,SOL,3.2645
2025-09-15,SOL,3.7607
2025-09-16,SOL,2.8384
2025-09-17,SOL,4.2929
2025-09-18,SOL,2.7486
2025-09-19,SOL,2.5626
2025-09-20,SOL,1.6491
2025-09-21,SOL,1.8712
2025-09-22,SOL,5.4248
2025-09-23,SOL,3.496
2025-09-24,SOL,3.7026
2025-09-25,SOL,5.1068
2025-09-26,SOL,4.4617
2025-09-27,SOL,2.2567
2025-09-28,SOL,2.5777
2025-09-29,SOL,2.8975
2025-09-30,SOL,3.1773
2025-10-01,SOL,3.0323
2025-10-02,SOL,3.276
2025-10-03,SOL,4.1916
2025-10-04,SOL,2.2219
2025-10-05,SOL,3.0015
2025-10-06,SOL,3.0913
2025-10-07,SOL,3.5066
2025-10-08,SOL,3.453
2025-10-09,SOL,3.6561
2025-10-10,SOL,12.1102
2025-10-11,SOL,6.3114
2025-10-12,SOL,6.4666
2025-10-13,SOL,5.3996
2025-10-14,SOL,6.8519
2025-10-15,SOL,5.3667
2025-10-16,SOL,6.4374
2025-10-17,SOL,5.9348
2025-10-18,SOL,3.0315
2025-10-19,SOL,3.2445
2025-10-20,SOL,3.7342
2025-10-21,SOL,4.3886
2025-10-22,SOL,4.8059
2025-10-23,SOL,3.5225
2025-10-24,SOL,3.3295
2025-10-25,SOL,2.0167
2025-10-26,SOL,2.6951
2025-10-27,SOL,3.2565
2025-10-28,SOL,4.1377
2025-10-29,SOL,5.1579
2025-10-30,SOL,5.063
2025-10-31,SOL,3.545
2025-11-01,SOL,2.1618
2025-11-02,SOL,2.503
2025-11-03,SOL,6.0681
2025-11-04,SOL,8.2479
2025-11-05,SOL,5.2591
2025-11-06,SOL,4.6884
2025-11-07,SOL,5.3674
2025-11-08,SOL,3.1708
2025-11-09,SOL,3.3886
2025-11-10,SOL,3.9007
2025-11-11,SOL,4.0345
2025-11-12,SOL,4.0474
2025-11-13,SOL,5.3798
2025-11-14,SOL,6.4813
2025-11-15,SOL,3.3161
2025-11-16,SOL,4.4447
2025-11-17,SOL,5.6599
2025-11-18,SOL,5.2888
2025-11-19,SOL,4.5543
2025-11-20,SOL,5.4998
2025-11-21,SOL,7.318
2025-11-22,SOL,4.0554
2025-11-23,SOL,3.5276
2025-11-24,SOL,4.6255
2025-11-25,SOL,3.829
2025-11-26,SOL,4.0027
2025-11-27,SOL,2.6722
2025-11-28,SOL,3.2316
2025-11-29,SOL,2.155
2025-11-30,SOL,2.4623
2025-12-01,SOL,4.5951
2025-12-02,SOL,3.9473
2025-12-03,SOL,4.231
2025-12-04,SOL,3.5799
2025-12-05,SOL,3.7083
2025-12-06,SOL,2.3121
2025-12-07,SOL,3.7969
2025-12-08,SOL,3.9224
2025-12-09,SOL,4.2507
2025-12-10,SOL,4.9596
2025-12-11,SOL,4.177
2025-12-12,SOL,3.7393
2025-12-13,SOL,1.8402
2025-12-14,SOL,2.8013
2025-12-15,SOL,4.4406
2025-12-16,SOL,4.1851
2025-12-17,SOL,4.6483
2025-12-18,SOL,4.8761
2025-12-19,SOL,4.4964
2025-12-20,SOL,1.5566
2025-12-21,SOL,2.3291
2025-12-22,SOL,3.5098
2025-12-23,SOL,3.0617
2025-12-24,SOL,2.5771
2025-12-25,SOL,2.0773
2025-12-26,SOL,3.1525
2025-12-27,SOL,1.6019
2025-12-28,SOL,1.5875
2025-12-29,SOL,3.6499
2025-12-30,SOL,2.4877
2025-12-31,SOL,2.2447
2026-01-01,SOL,1.6883
2026-01-02,SOL,3.2881
2026-01-03,SOL,1.9442
2026-01-04,SOL,2.423
2026-01-05,SOL,3.2339
2026-01-06,SOL,3.639
2026-01-07,SOL,3.08
2026-01-08,SOL,3.4107
2026-01-09,SOL,3.477
2026-01-10,SOL,1.3209
2026-01-11,SOL,2.5094
2026-01-12,SOL,3.5193
2026-01-13,SOL,3.6508
2026-01-14,SOL,3.1964
2026-01-15,SOL,2.7592
2026-01-16,SOL,2.2981
2026-01-17,SOL,1.2653
2026-01-18,SOL,1.9286
2026-01-19,SOL,4.4114
2026-01-20,SOL,3.7205
2026-01-21,SOL,4.0042
2026-01-22,SOL,2.7219
2026-01-23,SOL,2.8989
2026-01-24,SOL,1.0939
2026-01-25,SOL,3.7788
2026-01-26,SOL,3.2886
2026-01-27,SOL,2.7106
2026-01-28,SOL,2.811
2026-01-29,SOL,3.5581
2026-01-30,SOL,5.7215
2026-01-31,SOL,8.9986
2026-02-01,SOL,5.901
2026-02-02,SOL,7.3865
2026-02-03,SOL,5.6008
2026-02-04,SOL,6.8246
2026-02-05,SOL,10.1512
2026-02-06,SOL,11.4039
2026-02-07,SOL,5.0963
2026-02-08,SOL,4.1598
2026-02-09,SOL,4.8176
2026-02-10,SOL,4.1592
2026-02-11,SOL,4.9799
2026-02-12,SOL,4.5701
2026-02-13,SOL,4.4747
2026-02-14,SOL,2.8801
2026-02-15,SOL,4.066
2026-02-16,SOL,3.963
2026-02-17,SOL,4.0805
2026-02-18,SOL,3.5495
2026-02-19,SOL,3.7141
2026-02-20,SOL,4.6887
2026-02-21,SOL,2.2864
2026-02-22,SOL,2.2093
2026-02-23,SOL,4.9252
2026-02-24,SOL,4.741
2026-02-25,SOL,4.9593
2026-02-26,SOL,4.5438
2026-02-27,SOL,3.9606
2026-02-28,SOL,5.1183
2026-03-01,SOL,4.8787
2026-03-02,SOL,5.3639
2026-03-03,SOL,5.0733
2026-03-04,SOL,5.429
2026-03-05,SOL,4.27
2026-03-06,SOL,3.5065
2026-03-07,SOL,2.1565
2026-03-08,SOL,3.3541
2026-03-09,SOL,4.4547
2026-03-10,SOL,4.131
2026-03-11,SOL,3.7759
2026-03-12,SOL,3.4008
2026-03-13,SOL,4.3909
2026-03-14,SOL,1.8871
2026-03-15,SOL,3.0975
2026-03-16,SOL,4.2385
2026-03-17,SOL,3.4453
2026-03-18,SOL,3.3895
2026-03-19,SOL,3.6378
2026-03-20,SOL,3.1508
2026-03-21,SOL,1.8915
2026-03-22,SOL,3.1269
2026-03-23,SOL,5.6303
2026-03-24,SOL,3.3901
2026-03-25,SOL,2.8259
2026-03-26,SOL,3.1277
2026-03-27,SOL,3.3089
2026-03-28,SOL,2.3226
2026-03-29,SOL,2.89
2026-03-30,SOL,3.3001
2026-03-31,SOL,3.7829
2026-04-01,SOL,3.7164
2026-04-02,SOL,3.6931
2026-04-03,SOL,2.3461
2026-04-04,SOL,1.7187
2026-04-05,SOL,2.2786
2026-04-06,SOL,2.9089
2026-04-07,SOL,3.8582
2026-04-08,SOL,2.7522
2026-04-09,SOL,3.0862
2026-04-10,SOL,2.4973
2026-04-11,SOL,2.0959
2026-04-12,SOL,2.6695
2026-04-13,SOL,3.2054
2026-04-14,SOL,2.8855
2026-04-15,SOL,2.7448
2026-04-16,SOL,3.3794
2026-04-17,SOL,3.345
2026-04-18,SOL,2.0437
2026-04-19,SOL,2.7921
2026-04-20,SOL,2.7559
2026-04-21,SOL,2.6438
2026-04-22,SOL,2.5838
2026-04-23,SOL,2.4309
2026-04-24,SOL,2.023
2026-04-25,SOL,1.1701
2026-04-26,SOL,1.6197
2026-04-27,SOL,2.3071
2026-04-28,SOL,1.7569
2026-04-29,SOL,2.4527
2026-04-30,SOL,2.0984
2026-05-01,SOL,1.8435
2026-05-02,SOL,1.2944
2026-05-03,SOL,1.3395
2026-05-04,SOL,2.6288
2026-05-05,SOL,1.9784
2026-05-06,SOL,2.6655
2026-05-07,SOL,2.7459
2026-05-08,SOL,2.6131
2026-05-09,SOL,1.9578
2026-05-10,SOL,2.8943
2026-05-11,SOL,3.1018
2026-05-12,SOL,2.4724
2026-05-13,SOL,2.7368
2026-05-14,SOL,2.6182
2026-05-15,SOL,2.7273
2026-05-16,SOL,2.3279
2026-05-17,SOL,2.6945
2026-05-18,SOL,3.2417
2026-05-19,SOL,2.2214
2026-05-20,SOL,2.6333
2026-05-21,SOL,2.7328
2026-05-22,SOL,2.9471
2026-05-23,SOL,3.1043
2026-05-24,SOL,2.4035
2026-05-25,SOL,1.8662
2026-05-26,SOL,2.568
2026-05-27,SOL,2.8222
2026-05-28,SOL,3.0103
2026-05-29,SOL,2.6621
2026-05-30,SOL,1.5457
2026-05-31,SOL,1.8536
2026-06-01,SOL,2.9754
2026-06-02,SOL,4.2056
2026-06-03,SOL,4.5537
2026-06-04,SOL,6.2123
2026-06-05,SOL,7.8177
2026-06-06,SOL,5.5396
2026-06-07,SOL,5.1495
2026-06-08,SOL,4.3992
2026-06-09,SOL,4.1997
2026-06-10,SOL,4.6825
2026-06-11,SOL,3.686
2026-06-12,SOL,3.3472
2026-06-13,SOL,2.3245
2026-06-14,SOL,2.9329
2026-06-15,SOL,3.6103
2026-06-16,SOL,3.4664
2026-06-17,SOL,4.504
2026-06-18,SOL,3.3411
2026-06-19,SOL,3.0676
2026-06-20,SOL,3.1703
2026-06-21,SOL,2.8989
2026-06-22,SOL,3.5784
2026-06-23,SOL,3.473
2026-06-24,SOL,4.6326
2026-06-25,SOL,5.1161
2026-06-26,SOL,5.9213
2026-06-27,SOL,2.7746
2026-06-28,SOL,3.3334
2026-06-29,SOL,5.1073
2026-06-30,SOL,3.4757
2026-07-01,SOL,4.2072
2026-07-02,SOL,3.9727
2026-07-03,SOL,2.8052
2026-07-04,SOL,2.5475
2026-07-05,SOL,2.3426
2026-07-06,SOL,3.6018
2026-07-07,SOL,2.8924
2026-07-08,SOL,2.901
2026-07-09,SOL,2.6726
2026-07-10,SOL,2.5758
2026-07-11,SOL,1.714
2026-07-12,SOL,2.1391
2026-07-13,SOL,2.8782
2026-07-14,SOL,2.6277
2026-07-15,SOL,2.5595
2026-07-16,SOL,2.3335
2026-07-17,SOL,2.3246
2026-07-18,SOL,1.3154
2026-07-19,SOL,1.8738
2026-07-20,SOL,2.8796
2026-07-21,SOL,1.9897
2026-07-22,SOL,2.3325
2026-07-23,SOL,1.9905
2026-07-24,SOL,1.9356
2026-07-25,SOL,1.2177
2026-07-26,SOL,1.6878
2026-07-27,SOL,2.674
2026-07-28,SOL,2.3541
2026-07-29,SOL,2.674
2026-07-30,SOL,1.9005
2026-07-31,SOL,2.0425
2026-08-01,SOL,1.6529
2026-08-02,SOL,1.627
2026-08-03,SOL,1.9312
2026-08-04,SOL,1.9983
2026-08-05,SOL,1.944
2026-08-06,SOL,1.7091
2026-08-07,SOL,1.7705
2026-08-08,SOL,1.5344
2026-08-09,SOL,1.4594
2026-08-10,SOL,1.9377
2026-08-11,SOL,1.8072
2026-08-12,SOL,1.8124
2026-08-13,SOL,1.5733
2026-08-14,SOL,1.4924
2026-08-15,SOL,0.8538
2026-08-16,SOL,1.248
2026-08-17,SOL,1.5651
2026-08-18,SOL,1.5715
2026-08-19,SOL,4.2872
2026-08-20,SOL,3.2125
2026-08-21,SOL,4.7693
2026-08-22,SOL,9.1892
2026-08-23,SOL,4.7429
2026-08-24,SOL,4.4387
2026-08-25,SOL,4.8782
2026-08-26,SOL,3.561
2026-08-27,SOL,4.7667
2026-08-28,SOL,4.4574
2026-08-29,SOL,2.0664
2026-08-30,SOL,2.8514
2026-08-31,SOL,3.1074
2022-01-01,DOGE,2.7588
2022-01-02,DOGE,2.7422
2022-01-03,DOGE,2.9418
2022-01-04,DOGE,3.4202
2022-01-05,DOGE,7.0962
2022-01-06,DOGE,4.5863
2022-01-07,DOGE,6.1263
2022-01-08,DOGE,4.4362
2022-01-09,DOGE,3.5189
2022-01-10,DOGE,6.4218
2022-01-11,DOGE,8.2439
2022-01-12,DOGE,5.0754
2022-01-13,DOGE,9.287
2022-01-14,DOGE,14.0442
2022-01-15,DOGE,5.7552
2022-01-16,DOGE,4.3292
2022-01-17,DOGE,5.5521
2022-01-18,DOGE,5.222
2022-01-19,DOGE,4.9332
2022-01-20,DOGE,4.668
2022-01-21,DOGE,8.1521
2022-01-22,DOGE,11.0139
2022-01-23,DOGE,7.851
2022-01-24,DOGE,8.5086
2022-01-25,DOGE,10.9896
2022-01-26,DOGE,7.405
2022-01-27,DOGE,5.2026
2022-01-28,DOGE,4.2826
2022-01-29,DOGE,3.5583
2022-01-30,DOGE,3.4827
2022-01-31,DOGE,3.5037
2022-02-01,DOGE,3.5108
2022-02-02,DOGE,4.155
2022-02-03,DOGE,3.8424
2022-02-04,DOGE,3.7637
2022-02-05,DOGE,3.7064
2022-02-06,DOGE,5.0123
2022-02-07,DOGE,6.426
2022-02-08,DOGE,6.1689
2022-02-09,DOGE,4.0548
2022-02-10,DOGE,5.0404
2022-02-11,DOGE,4.9484
2022-02-12,DOGE,3.9591
2022-02-13,DOGE,6.4665
2022-02-14,DOGE,4.6687
2022-02-15,DOGE,3.4524
2022-02-16,DOGE,3.2484
2022-02-17,DOGE,4.3435
2022-02-18,DOGE,4.2635
2022-02-19,DOGE,4.5623
2022-02-20,DOGE,3.8726
2022-02-21,DOGE,5.584
2022-02-22,DOGE,4.7405
2022-02-23,DOGE,4.0176
2022-02-24,DOGE,9.746
2022-02-25,DOGE,5.1836
2022-02-26,DOGE,4.3462
2022-02-27,DOGE,4.9114
2022-02-28,DOGE,4.9285
2022-03-01,DOGE,5.4756
2022-03-02,DOGE,4.7766
2022-03-03,DOGE,4.4104
2022-03-04,DOGE,5.163
2022-03-05,DOGE,3.7541
2022-03-06,DOGE,4.1976
2022-03-07,DOGE,4.5095
2022-03-08,DOGE,4.4345
2022-03-09,DOGE,4.007
2022-03-10,DOGE,4.7142
2022-03-11,DOGE,4.0518
2022-03-12,DOGE,3.1924
2022-03-13,DOGE,3.8009
2022-03-14,DOGE,6.0696
2022-03-15,DOGE,4.0574
2022-03-16,DOGE,4.549
2022-03-17,DOGE,3.71
2022-03-18,DOGE,3.4985
2022-03-19,DOGE,3.9945
2022-03-20,DOGE,3.4904
2022-03-21,DOGE,3.7098
2022-03-22,DOGE,3.8485
2022-03-23,DOGE,5.2128
2022-03-24,DOGE,6.4778
2022-03-25,DOGE,4.6923
2022-03-26,DOGE,4.0293
2022-03-27,DOGE,6.0623
2022-03-28,DOGE,5.7996
2022-03-29,DOGE,4.6392
2022-03-30,DOGE,4.8167
2022-03-31,DOGE,5.4589
2022-04-01,DOGE,4.9316
2022-04-02,DOGE,4.2643
2022-04-03,DOGE,5.0802
2022-04-04,DOGE,7.6216
2022-04-05,DOGE,10.8853
2022-04-06,DOGE,10.681
2022-04-07,DOGE,6.0572
2022-04-08,DOGE,6.6796
2022-04-09,DOGE,3.7428
2022-04-10,DOGE,7.1829
2022-04-11,DOGE,6.2957
2022-04-12,DOGE,5.6326
2022-04-13,DOGE,4.9717
2022-04-14,DOGE,6.7681
2022-04-15,DOGE,4.8345
2022-04-16,DOGE,3.2466
2022-04-17,DOGE,3.6561
2022-04-18,DOGE,4.8405
2022-04-19,DOGE,3.5846
2022-04-20,DOGE,4.5484
2022-04-21,DOGE,3.9509
2022-04-22,DOGE,3.5356
2022-04-23,DOGE,2.8598
2022-04-24,DOGE,3.3677
2022-04-25,DOGE,11.2551
2022-04-26,DOGE,9.5471
2022-04-27,DOGE,6.0669
2022-04-28,DOGE,4.8515
2022-04-29,DOGE,6.0499
2022-04-30,DOGE,4.6572
2022-05-01,DOGE,5.4078
2022-05-02,DOGE,4.0316
2022-05-03,DOGE,3.4316
2022-05-04,DOGE,4.0607
2022-05-05,DOGE,5.854
2022-05-06,DOGE,5.1123
2022-05-07,DOGE,4.4861
2022-05-08,DOGE,4.0505
2022-05-09,DOGE,9.0366
2022-05-10,DOGE,9.0897
2022-05-11,DOGE,23.9431
2022-05-12,DOGE,20.021
2022-05-13,DOGE,12.9367
2022-05-14,DOGE,7.6242
2022-05-15,DOGE,6.2743
2022-05-16,DOGE,6.1083
2022-05-17,DOGE,5.161
2022-05-18,DOGE,5.4379
2022-05-19,DOGE,5.6382
2022-05-20,DOGE,4.9831
2022-05-21,DOGE,4.2673
2022-05-22,DOGE,3.9873
2022-05-23,DOGE,4.8418
2022-05-24,DOGE,4.8076
2022-05-25,DOGE,4.3698
2022-05-26,DOGE,6.2291
2022-05-27,DOGE,15.2158
2022-05-28,DOGE,5.1576
2022-05-29,DOGE,4.4172
2022-05-30,DOGE,4.4481
2022-05-31,DOGE,4.16
2022-06-01,DOGE,5.2709
2022-06-02,DOGE,3.6089
2022-06-03,DOGE,3.2931
2022-06-04,DOGE,2.9192
2022-06-05,DOGE,2.2138
2022-06-06,DOGE,3.0682
2022-06-07,DOGE,3.7223
2022-06-08,DOGE,2.8424
2022-06-09,DOGE,2.124
2022-06-10,DOGE,3.8892
2022-06-11,DOGE,4.6457
2022-06-12,DOGE,7.3563
2022-06-13,DOGE,13.1574
2022-06-14,DOGE,9.3246
2022-06-15,DOGE,11.926
2022-06-16,DOGE,9.3294
2022-06-17,DOGE,5.2539
2022-06-18,DOGE,9.0981
2022-06-19,DOGE,12.3538
2022-06-20,DOGE,6.0319
2022-06-21,DOGE,8.6758
2022-06-22,DOGE,7.0802
2022-06-23,DOGE,5.0133
2022-06-24,DOGE,5.3144
2022-06-25,DOGE,4.9544
2022-06-26,DOGE,6.7684
2022-06-27,DOGE,6.7882
2022-06-28,DOGE,5.4846
2022-06-29,DOGE,6.7844
2022-06-30,DOGE,6.9351
2022-07-01,DOGE,6.1756
2022-07-02,DOGE,4.9154
2022-07-03,DOGE,3.6109
2022-07-04,DOGE,4.1823
2022-07-05,DOGE,4.4544
2022-07-06,DOGE,4.8377
2022-07-07,DOGE,3.6436
2022-07-08,DOGE,4.3548
2022-07-09,DOGE,2.8197
2022-07-10,DOGE,2.975
2022-07-11,DOGE,3.9214
2022-07-12,DOGE,3.7626
2022-07-13,DOGE,5.6558
2022-07-14,DOGE,3.4712
2022-07-15,DOGE,3.9418
2022-07-16,DOGE,3.0948
2022-07-17,DOGE,3.1165
2022-07-18,DOGE,4.5467
2022-07-19,DOGE,5.3151
2022-07-20,DOGE,8.6554
2022-07-21,DOGE,4.8686
2022-07-22,DOGE,4.0795
2022-07-23,DOGE,3.9406
2022-07-24,DOGE,3.2957
2022-07-25,DOGE,4.1092
2022-07-26,DOGE,3.7953
2022-07-27,DOGE,4.1371
2022-07-28,DOGE,4.8758
2022-07-29,DOGE,5.6756
2022-07-30,DOGE,6.0975
2022-07-31,DOGE,4.8285
2022-08-01,DOGE,5.2263
2022-08-02,DOGE,4.3641
2022-08-03,DOGE,3.066
2022-08-04,DOGE,3.3268
2022-08-05,DOGE,3.4171
2022-08-06,DOGE,3.1339
2022-08-07,DOGE,2.3791
2022-08-08,DOGE,3.3
2022-08-09,DOGE,4.5884
2022-08-10,DOGE,4.1966
2022-08-11,DOGE,4.5122
2022-08-12,DOGE,3.2566
2022-08-13,DOGE,3.6725
2022-08-14,DOGE,7.5503
2022-08-15,DOGE,5.6219
2022-08-16,DOGE,8.2719
2022-08-17,DOGE,5.8998
2022-08-18,DOGE,5.3383
2022-08-19,DOGE,7.6631
2022-08-20,DOGE,5.1113
2022-08-21,DOGE,4.0557
2022-08-22,DOGE,4.3064
2022-08-23,DOGE,3.4927
2022-08-24,DOGE,3.237
2022-08-25,DOGE,3.5514
2022-08-26,DOGE,5.4603
2022-08-27,DOGE,3.8741
2022-08-28,DOGE,3.1857
2022-08-29,DOGE,3.2282
2022-08-30,DOGE,3.324
2022-08-31,DOGE,3.4662
2022-09-01,DOGE,3.7827
2022-09-02,DOGE,3.1246
2022-09-03,DOGE,3.5893
2022-09-04,DOGE,2.6721
2022-09-05,DOGE,2.6642
2022-09-06,DOGE,4.7915
2022-09-07,DOGE,3.5992
2022-09-08,DOGE,3.0187
2022-09-09,DOGE,3.9077
2022-09-10,DOGE,3.7562
2022-09-11,DOGE,3.2335
2022-09-12,DOGE,3.6454
2022-09-13,DOGE,5.5509
2022-09-14,DOGE,3.7472
2022-09-15,DOGE,3.76
2022-09-16,DOGE,3.1284
2022-09-17,DOGE,2.3196
2022-09-18,DOGE,4.3583
2022-09-19,DOGE,4.1119
2022-09-20,DOGE,3.8792
2022-09-21,DOGE,4.923
2022-09-22,DOGE,2.9773
2022-09-23,DOGE,5.9371
2022-09-24,DOGE,6.1109
2022-09-25,DOGE,3.6695
2022-09-26,DOGE,3.702
2022-09-27,DOGE,3.2951
2022-09-28,DOGE,3.1292
2022-09-29,DOGE,2.7147
2022-09-30,DOGE,3.753
2022-10-01,DOGE,3.1217
2022-10-02,DOGE,2.407
2022-10-03,DOGE,2.369
2022-10-04,DOGE,5.6027
2022-10-05,DOGE,4.2235
2022-10-06,DOGE,3.3913
2022-10-07,DOGE,2.6401
2022-10-08,DOGE,1.7442
2022-10-09,DOGE,1.5432
2022-10-10,DOGE,2.4779
2022-10-11,DOGE,3.1739
2022-10-12,DOGE,2.3959
2022-10-13,DOGE,6.0323
2022-10-14,DOGE,2.5816
2022-10-15,DOGE,2.2023
2022-10-16,DOGE,1.9459
2022-10-17,DOGE,1.9068
2022-10-18,DOGE,2.712
2022-10-19,DOGE,3.3734
2022-10-20,DOGE,2.6261
2022-10-21,DOGE,2.6185
2022-10-22,DOGE,1.5437
2022-10-23,DOGE,1.8462
2022-10-24,DOGE,2.3742
2022-10-25,DOGE,4.4669
2022-10-26,DOGE,6.9319
2022-10-27,DOGE,9.6985
2022-10-28,DOGE,10.9973
2022-10-29,DOGE,22.9041
2022-10-30,DOGE,15.6073
2022-10-31,DOGE,13.6331
2022-11-01,DOGE,13.7887
2022-11-02,DOGE,12.6945
2022-11-03,DOGE,8.3294
2022-11-04,DOGE,8.8112
2022-11-05,DOGE,7.7148
2022-11-06,DOGE,6.4912
2022-11-07,DOGE,6.4896
2022-11-08,DOGE,19.3135
2022-11-09,DOGE,18.417
2022-11-10,DOGE,16.8936
2022-11-11,DOGE,10.3979
2022-11-12,DOGE,11.4229
2022-11-13,DOGE,6.954
2022-11-14,DOGE,10.1195
2022-11-15,DOGE,5.2191
2022-11-16,DOGE,5.2825
2022-11-17,DOGE,4.2308
2022-11-18,DOGE,3.039
2022-11-19,DOGE,2.3307
2022-11-20,DOGE,4.3767
2022-11-21,DOGE,5.832
2022-11-22,DOGE,5.1538
2022-11-23,DOGE,4.4107
2022-11-24,DOGE,3.5737
2022-11-25,DOGE,6.3206
2022-11-26,DOGE,6.3261
2022-11-27,DOGE,8.5067
2022-11-28,DOGE,7.4159
2022-11-29,DOGE,6.1475
2022-11-30,DOGE,7.5108
2022-12-01,DOGE,4.8375
2022-12-02,DOGE,4.6951
2022-12-03,DOGE,4.8539
2022-12-04,DOGE,4.2299
2022-12-05,DOGE,5.9964
2022-12-06,DOGE,3.1609
2022-12-07,DOGE,4.3501
2022-12-08,DOGE,3.108
2022-12-09,DOGE,3.3931
2022-12-10,DOGE,1.75
2022-12-11,DOGE,2.875
2022-12-12,DOGE,5.2576
2022-12-13,DOGE,5.0674
2022-12-14,DOGE,4.3264
2022-12-15,DOGE,3.3476
2022-12-16,DOGE,7.4667
2022-12-17,DOGE,3.7185
2022-12-18,DOGE,2.8523
2022-12-19,DOGE,4.9135
2022-12-20,DOGE,3.5824
2022-12-21,DOGE,3.0468
2022-12-22,DOGE,4.3066
2022-12-23,DOGE,3.6334
2022-12-24,DOGE,1.7669
2022-12-25,DOGE,4.7176
2022-12-26,DOGE,2.2305
2022-12-27,DOGE,2.2154
2022-12-28,DOGE,3.7789
2022-12-29,DOGE,2.7687
2022-12-30,DOGE,4.1006
2022-12-31,DOGE,3.1202
2023-01-01,DOGE,2.1807
2023-01-02,DOGE,3.6773
2023-01-03,DOGE,2.3668
2023-01-04,DOGE,3.0701
2023-01-05,DOGE,3.739
2023-01-06,DOGE,2.7834
2023-01-07,DOGE,1.6242
2023-01-08,DOGE,2.1211
2023-01-09,DOGE,5.0769
2023-01-10,DOGE,3.6347
2023-01-11,DOGE,3.1044
2023-01-12,DOGE,5.0148
2023-01-13,DOGE,4.385
2023-01-14,DOGE,8.3107
2023-01-15,DOGE,4.4809
2023-01-16,DOGE,4.7171
2023-01-17,DOGE,3.2429
2023-01-18,DOGE,8.0168
2023-01-19,DOGE,3.0337
2023-01-20,DOGE,3.5674
2023-01-21,DOGE,5.2354
2023-01-22,DOGE,5.3792
2023-01-23,DOGE,4.4844
2023-01-24,DOGE,4.866
2023-01-25,DOGE,4.4825
2023-01-26,DOGE,3.6858
2023-01-27,DOGE,3.1632
2023-01-28,DOGE,4.215
2023-01-29,DOGE,3.2978
2023-01-30,DOGE,5.8081
2023-01-31,DOGE,7.3257
2023-02-01,DOGE,5.5424
2023-02-02,DOGE,4.1718
2023-02-03,DOGE,3.4166
2023-02-04,DOGE,4.9017
2023-02-05,DOGE,4.1805
2023-02-06,DOGE,3.0345
2023-02-07,DOGE,2.7366
2023-02-08,DOGE,2.6327
2023-02-09,DOGE,5.9234
2023-02-10,DOGE,4.0095
2023-02-11,DOGE,2.0885
2023-02-12,DOGE,3.3522
2023-02-13,DOGE,4.9715
2023-02-14,DOGE,3.8697
2023-02-15,DOGE,5.1856
2023-02-16,DOGE,4.6222
2023-02-17,DOGE,2.5065
2023-02-18,DOGE,3.2219
2023-02-19,DOGE,2.9214
2023-02-20,DOGE,2.6168
2023-02-21,DOGE,2.896
2023-02-22,DOGE,5.1051
2023-02-23,DOGE,2.4996
2023-02-24,DOGE,3.3124
2023-02-25,DOGE,2.6769
2023-02-26,DOGE,1.6607
2023-02-27,DOGE,2.2233
2023-02-28,DOGE,3.0071
2023-03-01,DOGE,2.0961
2023-03-02,DOGE,1.8815
2023-03-03,DOGE,5.2061
2023-03-04,DOGE,2.8906
2023-03-05,DOGE,2.3347
2023-03-06,DOGE,2.5905
2023-03-07,DOGE,3.257
2023-03-08,DOGE,3.4877
2023-03-09,DOGE,4.6316
2023-03-10,DOGE,4.5045
2023-03-11,DOGE,4.4222
2023-03-12,DOGE,3.7004
2023-03-13,DOGE,4.5519
2023-03-14,DOGE,6.0977
2023-03-15,DOGE,5.3103
2023-03-16,DOGE,4.83
2023-03-17,DOGE,4.6278
2023-03-18,DOGE,5.4722
2023-03-19,DOGE,3.9778
2023-03-20,DOGE,4.7294
2023-03-21,DOGE,6.0658
2023-03-22,DOGE,6.333
2023-03-23,DOGE,5.1494
2023-03-24,DOGE,3.8087
2023-03-25,DOGE,3.2752
2023-03-26,DOGE,2.4749
2023-03-27,DOGE,3.9649
2023-03-28,DOGE,2.9351
2023-03-29,DOGE,2.9501
2023-03-30,DOGE,3.2067
2023-03-31,DOGE,2.94
2023-04-01,DOGE,4.8179
2023-04-02,DOGE,5.1218
2023-04-03,DOGE,15.7184
2023-04-04,DOGE,9.2885
2023-04-05,DOGE,6.0515
2023-04-06,DOGE,7.7276
2023-04-07,DOGE,4.3902
2023-04-08,DOGE,3.0215
2023-04-09,DOGE,2.9702
2023-04-10,DOGE,2.8687
2023-04-11,DOGE,2.5607
2023-04-12,DOGE,4.0995
2023-04-13,DOGE,3.9412
2023-04-14,DOGE,4.7455
2023-04-15,DOGE,2.8793
2023-04-16,DOGE,3.5995
2023-04-17,DOGE,5.6909
2023-04-18,DOGE,3.7723
2023-04-19,DOGE,6.4593
2023-04-20,DOGE,7.7516
2023-04-21,DOGE,4.5653
2023-04-22,DOGE,2.2929
2023-04-23,DOGE,2.8657
2023-04-24,DOGE,2.8253
2023-04-25,DOGE,2.6072
2023-04-26,DOGE,4.729
2023-04-27,DOGE,3.3637
2023-04-28,DOGE,2.0369
2023-04-29,DOGE,2.1022
2023-04-30,DOGE,2.0015
2023-05-01,DOGE,2.7436
2023-05-02,DOGE,1.9138
2023-05-03,DOGE,2.4883
2023-05-04,DOGE,1.9473
2023-05-05,DOGE,2.5825
2023-05-06,DOGE,2.3908
2023-05-07,DOGE,1.8372
2023-05-08,DOGE,4.9565
2023-05-09,DOGE,2.3434
2023-05-10,DOGE,3.8143
2023-05-11,DOGE,3.5427
2023-05-12,DOGE,3.9842
2023-05-13,DOGE,1.8494
2023-05-14,DOGE,1.6912
2023-05-15,DOGE,2.1647
2023-05-16,DOGE,1.8814
2023-05-17,DOGE,3.1625
2023-05-18,DOGE,2.931
2023-05-19,DOGE,1.8681
2023-05-20,DOGE,1.1768
2023-05-21,DOGE,1.7119
2023-05-22,DOGE,2.2773
2023-05-23,DOGE,1.5291
2023-05-24,DOGE,2.2422
2023-05-25,DOGE,2.2107
2023-05-26,DOGE,1.5449
2023-05-27,DOGE,1.7496
2023-05-28,DOGE,1.8122
2023-05-29,DOGE,1.5576
2023-05-30,DOGE,2.1754
2023-05-31,DOGE,1.6982
2023-06-01,DOGE,1.6474
2023-06-02,DOGE,1.6139
2023-06-03,DOGE,1.0883
2023-06-04,DOGE,1.1959
2023-06-05,DOGE,5.0154
2023-06-06,DOGE,4.0892
2023-06-07,DOGE,2.932
2023-06-08,DOGE,1.873
2023-06-09,DOGE,2.7649
2023-06-10,DOGE,11.4753
2023-06-11,DOGE,3.3221
2023-06-12,DOGE,3.0773
2023-06-13,DOGE,2.6972
2023-06-14,DOGE,3.7009
2023-06-15,DOGE,2.7783
2023-06-16,DOGE,2.2759
2023-06-17,DOGE,1.7599
2023-06-18,DOGE,3.0265
2023-06-19,DOGE,1.7965
2023-06-20,DOGE,1.8428
2023-06-21,DOGE,3.3297
2023-06-22,DOGE,4.3691
2023-06-23,DOGE,3.7195
2023-06-24,DOGE,3.1283
2023-06-25,DOGE,2.4306
2023-06-26,DOGE,3.0179
2023-06-27,DOGE,2.2287
2023-06-28,DOGE,4.7929
2023-06-29,DOGE,2.216
2023-06-30,DOGE,6.3233
2023-07-01,DOGE,5.7522
2023-07-02,DOGE,3.7512
2023-07-03,DOGE,2.4693
2023-07-04,DOGE,4.4094
2023-07-05,DOGE,3.0869
2023-07-06,DOGE,3.2459
2023-07-07,DOGE,2.5296
2023-07-08,DOGE,1.6962
2023-07-09,DOGE,1.6281
2023-07-10,DOGE,2.9275
2023-07-11,DOGE,1.7889
2023-07-12,DOGE,2.0142
2023-07-13,DOGE,4.6684
2023-07-14,DOGE,5.9611
2023-07-15,DOGE,5.7972
2023-07-16,DOGE,3.3048
2023-07-17,DOGE,5.1481
2023-07-18,DOGE,2.9261
2023-07-19,DOGE,4.0523
2023-07-20,DOGE,4.2866
2023-07-21,DOGE,4.5848
2023-07-22,DOGE,2.7772
2023-07-23,DOGE,2.4901
2023-07-24,DOGE,7.9841
2023-07-25,DOGE,7.4275
2023-07-26,DOGE,4.739
2023-07-27,DOGE,3.3345
2023-07-28,DOGE,2.3658
2023-07-29,DOGE,3.5053
2023-07-30,DOGE,3.1091
2023-07-31,DOGE,2.6572
2023-08-01,DOGE,2.7543
2023-08-02,DOGE,2.7255
2023-08-03,DOGE,2.8429
2023-08-04,DOGE,2.3722
2023-08-05,DOGE,2.8208
2023-08-06,DOGE,2.3828
2023-08-07,DOGE,2.7907
2023-08-08,DOGE,2.2764
2023-08-09,DOGE,1.9919
2023-08-10,DOGE,2.2722
2023-08-11,DOGE,1.6269
2023-08-12,DOGE,2.006
2023-08-13,DOGE,1.5089
2023-08-14,DOGE,3.9134
2023-08-15,DOGE,3.8487
2023-08-16,DOGE,3.4046
2023-08-17,DOGE,9.3896
2023-08-18,DOGE,3.8157
2023-08-19,DOGE,2.047
2023-08-20,DOGE,1.784
2023-08-21,DOGE,2.6235
2023-08-22,DOGE,3.011
2023-08-23,DOGE,3.74
2023-08-24,DOGE,1.9246
2023-08-25,DOGE,2.3307
2023-08-26,DOGE,1.0749
2023-08-27,DOGE,1.4652
2023-08-28,DOGE,1.898
2023-08-29,DOGE,5.5787
2023-08-30,DOGE,2.2539
2023-08-31,DOGE,3.4128
2023-09-01,DOGE,2.5865
2023-09-02,DOGE,2.3557
2023-09-03,DOGE,1.4746
2023-09-04,DOGE,1.9681
2023-09-05,DOGE,2.1039
2023-09-06,DOGE,2.0663
2023-09-07,DOGE,1.4694
2023-09-08,DOGE,1.5835
2023-09-09,DOGE,1.13
2023-09-10,DOGE,5.2365
2023-09-11,DOGE,3.1192
2023-09-12,DOGE,2.5384
2023-09-13,DOGE,2.3684
2023-09-14,DOGE,1.7657
2023-09-15,DOGE,1.6882
2023-09-16,DOGE,1.4274
2023-09-17,DOGE,1.8216
2023-09-18,DOGE,1.8905
2023-09-19,DOGE,1.6934
2023-09-20,DOGE,2.0467
2023-09-21,DOGE,1.9362
2023-09-22,DOGE,1.4746
2023-09-23,DOGE,1.3122
2023-09-24,DOGE,1.5291
2023-09-25,DOGE,1.4706
2023-09-26,DOGE,1.6956
2023-09-27,DOGE,1.492
2023-09-28,DOGE,1.4945
2023-09-29,DOGE,1.7515
2023-09-30,DOGE,1.4569
2023-10-01,DOGE,1.7661
2023-10-02,DOGE,3.2573
2023-10-03,DOGE,1.5099
2023-10-04,DOGE,1.6897
2023-10-05,DOGE,1.2781
2023-10-06,DOGE,1.1984
2023-10-07,DOGE,0.892
2023-10-08,DOGE,0.9127
2023-10-09,DOGE,2.8991
2023-10-10,DOGE,1.4212
2023-10-11,DOGE,2.4559
2023-10-12,DOGE,1.5389
2023-10-13,DOGE,1.8201
2023-10-14,DOGE,1.307
2023-10-15,DOGE,1.0872
2023-10-16,DOGE,3.1235
2023-10-17,DOGE,1.7099
2023-10-18,DOGE,1.5533
2023-10-19,DOGE,1.5709
2023-10-20,DOGE,1.6408
2023-10-21,DOGE,1.6169
2023-10-22,DOGE,1.8781
2023-10-23,DOGE,4.7421
2023-10-24,DOGE,6.1959
2023-10-25,DOGE,4.9474
2023-10-26,DOGE,6.7435
2023-10-27,DOGE,4.2416
2023-10-28,DOGE,2.3429
2023-10-29,DOGE,2.4035
2023-10-30,DOGE,2.7256
2023-10-31,DOGE,3.7643
2023-11-01,DOGE,3.557
2023-11-02,DOGE,4.0051
2023-11-03,DOGE,2.9366
2023-11-04,DOGE,1.9905
2023-11-05,DOGE,3.5079
2023-11-06,DOGE,4.9524
2023-11-07,DOGE,4.7591
2023-11-08,DOGE,3.82
2023-11-09,DOGE,8.5357
2023-11-10,DOGE,4.0609
2023-11-11,DOGE,7.1752
2023-11-12,DOGE,4.9415
2023-11-13,DOGE,4.9152
2023-11-14,DOGE,5.465
2023-11-15,DOGE,3.4853
2023-11-16,DOGE,8.52
2023-11-17,DOGE,8.3125
2023-11-18,DOGE,7.477
2023-11-19,DOGE,3.8121
2023-11-20,DOGE,4.214
2023-11-21,DOGE,5.1756
2023-11-22,DOGE,2.7701
2023-11-23,DOGE,2.0393
2023-11-24,DOGE,2.4587
2023-11-25,DOGE,1.9646
2023-11-26,DOGE,2.2305
2023-11-27,DOGE,4.3984
2023-11-28,DOGE,3.7631
2023-11-29,DOGE,3.7052
2023-11-30,DOGE,3.4897
2023-12-01,DOGE,2.6234
2023-12-02,DOGE,2.4869
2023-12-03,DOGE,2.7054
2023-12-04,DOGE,5.8022
2023-12-05,DOGE,5.5707
2023-12-06,DOGE,8.7838
2023-12-07,DOGE,5.02
2023-12-08,DOGE,4.4222
2023-12-09,DOGE,4.8127
2023-12-10,DOGE,3.9278
2023-12-11,DOGE,11.2084
2023-12-12,DOGE,4.5164
2023-12-13,DOGE,4.4473
2023-12-14,DOGE,4.0302
2023-12-15,DOGE,3.313
2023-12-16,DOGE,3.3329
2023-12-17,DOGE,3.2352
2023-12-18,DOGE,3.9618
2023-12-19,DOGE,3.2505
2023-12-20,DOGE,3.4275
2023-12-21,DOGE,5.2116
2023-12-22,DOGE,3.5146
2023-12-23,DOGE,2.4329
2023-12-24,DOGE,3.616
2023-12-25,DOGE,2.8707
2023-12-26,DOGE,5.2253
2023-12-27,DOGE,2.9623
2023-12-28,DOGE,3.3213
2023-12-29,DOGE,3.2355
2023-12-30,DOGE,2.0994
2023-12-31,DOGE,2.1536
2024-01-01,DOGE,1.8705
2024-01-02,DOGE,2.9074
2024-01-03,DOGE,12.5184
2024-01-04,DOGE,3.598
2024-01-05,DOGE,4.7159
2024-01-06,DOGE,3.6327
2024-01-07,DOGE,3.3704
2024-01-08,DOGE,4.609
2024-01-09,DOGE,8.5657
2024-01-10,DOGE,5.1553
2024-01-11,DOGE,4.9389
2024-01-12,DOGE,4.8828
2024-01-13,DOGE,2.7765
2024-01-14,DOGE,3.7534
2024-01-15,DOGE,2.4772
2024-01-16,DOGE,2.7957
2024-01-17,DOGE,2.3266
2024-01-18,DOGE,2.6769
2024-01-19,DOGE,3.2028
2024-01-20,DOGE,4.8807
2024-01-21,DOGE,5.1666
2024-01-22,DOGE,5.0234
2024-01-23,DOGE,4.3335
2024-01-24,DOGE,3.1274
2024-01-25,DOGE,2.6899
2024-01-26,DOGE,2.2487
2024-01-27,DOGE,1.8522
2024-01-28,DOGE,2.2769
2024-01-29,DOGE,4.6798
2024-01-30,DOGE,2.4705
2024-01-31,DOGE,2.9251
2024-02-01,DOGE,2.1935
2024-02-02,DOGE,1.7115
2024-02-03,DOGE,1.2115
2024-02-04,DOGE,1.8443
2024-02-05,DOGE,2.6686
2024-02-06,DOGE,1.5259
2024-02-07,DOGE,1.5013
2024-02-08,DOGE,1.6702
2024-02-09,DOGE,2.2953
2024-02-10,DOGE,1.2558
2024-02-11,DOGE,2.2897
2024-02-12,DOGE,2.2621
2024-02-13,DOGE,2.8311
2024-02-14,DOGE,3.3127
2024-02-15,DOGE,3.7271
2024-02-16,DOGE,2.8368
2024-02-17,DOGE,2.4076
2024-02-18,DOGE,2.1255
2024-02-19,DOGE,3.6538
2024-02-20,DOGE,4.923
2024-02-21,DOGE,3.29
2024-02-22,DOGE,2.9234
2024-02-23,DOGE,3.3439
2024-02-24,DOGE,2.2331
2024-02-25,DOGE,2.0734
2024-02-26,DOGE,2.8746
2024-02-27,DOGE,6.8433
2024-02-28,DOGE,14.6096
2024-02-29,DOGE,13.0593
2024-03-01,DOGE,11.0334
2024-03-02,DOGE,10.4522
2024-03-03,DOGE,12.2991
2024-03-04,DOGE,14.874
2024-03-05,DOGE,21.8074
2024-03-06,DOGE,12.6396
2024-03-07,DOGE,9.3967
2024-03-08,DOGE,11.9423
2024-03-09,DOGE,8.3163
2024-03-10,DOGE,6.0712
2024-03-11,DOGE,6.9982
2024-03-12,DOGE,7.197
2024-03-13,DOGE,5.2299
2024-03-14,DOGE,12.4939
2024-03-15,DOGE,9.5933
2024-03-16,DOGE,8.332
2024-03-17,DOGE,8.0788
2024-03-18,DOGE,5.7595
2024-03-19,DOGE,9.0768
2024-03-20,DOGE,10.2857
2024-03-21,DOGE,8.6152
2024-03-22,DOGE,7.943
2024-03-23,DOGE,7.4383
2024-03-24,DOGE,7.1237
2024-03-25,DOGE,5.9983
2024-03-26,DOGE,6.8787
2024-03-27,DOGE,8.2537
2024-03-28,DOGE,9.9551
2024-03-29,DOGE,7.128
2024-03-30,DOGE,5.2723
2024-03-31,DOGE,4.9839
2024-04-01,DOGE,8.2765
2024-04-02,DOGE,8.7914
2024-04-03,DOGE,7.6185
2024-04-04,DOGE,5.8224
2024-04-05,DOGE,5.6861
2024-04-06,DOGE,4.2889
2024-04-07,DOGE,5.7039
2024-04-08,DOGE,4.8954
2024-04-09,DOGE,4.9413
2024-04-10,DOGE,6.4468
2024-04-11,DOGE,5.6469
2024-04-12,DOGE,11.5209
2024-04-13,DOGE,14.5591
2024-04-14,DOGE,9.8604
2024-04-15,DOGE,9.0205
2024-04-16,DOGE,7.9207
2024-04-17,DOGE,6.7563
2024-04-18,DOGE,6.5616
2024-04-19,DOGE,7.2387
2024-04-20,DOGE,5.7675
2024-04-21,DOGE,4.9074
2024-04-22,DOGE,4.3882
2024-04-23,DOGE,3.6063
2024-04-24,DOGE,4.9364
2024-04-25,DOGE,4.1301
2024-04-26,DOGE,3.7843
2024-04-27,DOGE,3.9993
2024-04-28,DOGE,2.6007
2024-04-29,DOGE,4.3512
2024-04-30,DOGE,5.7022
2024-05-01,DOGE,7.3351
2024-05-02,DOGE,5.2307
2024-05-03,DOGE,4.8079
2024-05-04,DOGE,7.4782
2024-05-05,DOGE,5.0797
2024-05-06,DOGE,5.4714
2024-05-07,DOGE,4.332
2024-05-08,DOGE,4.5759
2024-05-09,DOGE,4.1126
2024-05-10,DOGE,4.4242
2024-05-11,DOGE,2.9013
2024-05-12,DOGE,3.076
2024-05-13,DOGE,6.3458
2024-05-14,DOGE,6.0306
2024-05-15,DOGE,5.6263
2024-05-16,DOGE,3.7096
2024-05-17,DOGE,3.382
2024-05-18,DOGE,2.6946
2024-05-19,DOGE,3.1535
2024-05-20,DOGE,4.495
2024-05-21,DOGE,6.2592
2024-05-22,DOGE,5.1693
2024-05-23,DOGE,6.3538
2024-05-24,DOGE,9.9274
2024-05-25,DOGE,4.0429
2024-05-26,DOGE,4.0019
2024-05-27,DOGE,3.7553
2024-05-28,DOGE,4.0667
2024-05-29,DOGE,4.1915
2024-05-30,DOGE,4.2217
2024-05-31,DOGE,3.4527
2024-06-01,DOGE,1.7939
2024-06-02,DOGE,2.3204
2024-06-03,DOGE,2.9788
2024-06-04,DOGE,2.5736
2024-06-05,DOGE,2.6547
2024-06-06,DOGE,2.6431
2024-06-07,DOGE,8.6301
2024-06-08,DOGE,2.6598
2024-06-09,DOGE,2.1045
2024-06-10,DOGE,2.5286
2024-06-11,DOGE,5.1113
2024-06-12,DOGE,5.0987
2024-06-13,DOGE,3.66
2024-06-14,DOGE,4.6196
2024-06-15,DOGE,2.2277
2024-06-16,DOGE,2.0163
2024-06-17,DOGE,4.5564
2024-06-18,DOGE,7.7731
2024-06-19,DOGE,3.6089
2024-06-20,DOGE,3.984
2024-06-21,DOGE,3.6383
2024-06-22,DOGE,1.8523
2024-06-23,DOGE,3.0553
2024-06-24,DOGE,4.9509
2024-06-25,DOGE,3.688
2024-06-26,DOGE,2.6817
2024-06-27,DOGE,3.0606
2024-06-28,DOGE,3.4645
2024-06-29,DOGE,1.6047
2024-06-30,DOGE,2.2425
2024-07-01,DOGE,2.6088
2024-07-02,DOGE,2.3702
2024-07-03,DOGE,3.3568
2024-07-04,DOGE,6.1417
2024-07-05,DOGE,9.5261
2024-07-06,DOGE,4.8645
2024-07-07,DOGE,4.4771
2024-07-08,DOGE,7.0106
2024-07-09,DOGE,3.903
2024-07-10,DOGE,3.4725
2024-07-11,DOGE,3.7874
2024-07-12,DOGE,3.0073
2024-07-13,DOGE,2.8798
2024-07-14,DOGE,2.9765
2024-07-15,DOGE,4.1523
2024-07-16,DOGE,5.0765
2024-07-17,DOGE,3.8437
2024-07-18,DOGE,3.7255
2024-07-19,DOGE,3.6322
2024-07-20,DOGE,4.5957
2024-07-21,DOGE,5.6601
2024-07-22,DOGE,5.7144
2024-07-23,DOGE,5.1257
2024-07-24,DOGE,4.2568
2024-07-25,DOGE,5.1995
2024-07-26,DOGE,3.8596
2024-07-27,DOGE,6.5116
2024-07-28,DOGE,2.8372
2024-07-29,DOGE,3.7623
2024-07-30,DOGE,3.6357
2024-07-31,DOGE,3.7234
2024-08-01,DOGE,4.6585
2024-08-02,DOGE,5.6474
2024-08-03,DOGE,5.1878
2024-08-04,DOGE,5.032
2024-08-05,DOGE,15.6322
2024-08-06,DOGE,6.7931
2024-08-07,DOGE,6.5883
2024-08-08,DOGE,5.7367
2024-08-09,DOGE,4.182
2024-08-10,DOGE,2.8808
2024-08-11,DOGE,4.3012
2024-08-12,DOGE,5.3304
2024-08-13,DOGE,3.7908
2024-08-14,DOGE,3.5584
2024-08-15,DOGE,3.9002
2024-08-16,DOGE,3.9774
2024-08-17,DOGE,2.096
2024-08-18,DOGE,2.6356
2024-08-19,DOGE,3.0696
2024-08-20,DOGE,4.6971
2024-08-21,DOGE,3.3295
2024-08-22,DOGE,2.422
2024-08-23,DOGE,4.2877
2024-08-24,DOGE,3.4651
2024-08-25,DOGE,3.1376
2024-08-26,DOGE,3.4557
2024-08-27,DOGE,4.3453
2024-08-28,DOGE,4.3487
2024-08-29,DOGE,3.1033
2024-08-30,DOGE,3.5911
2024-08-31,DOGE,2.1692
2024-09-01,DOGE,3.4018
2024-09-02,DOGE,3.405
2024-09-03,DOGE,2.8599
2024-09-04,DOGE,4.2225
2024-09-05,DOGE,3.7045
2024-09-06,DOGE,4.9516
2024-09-07,DOGE,2.7976
2024-09-08,DOGE,2.7014
2024-09-09,DOGE,3.9753
2024-09-10,DOGE,2.8348
2024-09-11,DOGE,3.4528
2024-09-12,DOGE,2.9058
2024-09-13,DOGE,3.3667
2024-09-14,DOGE,2.2264
2024-09-15,DOGE,2.6384
2024-09-16,DOGE,3.1209
2024-09-17,DOGE,2.9559
2024-09-18,DOGE,3.9405
2024-09-19,DOGE,3.2035
2024-09-20,DOGE,3.1461
2024-09-21,DOGE,2.612
2024-09-22,DOGE,2.7349
2024-09-23,DOGE,3.4803
2024-09-24,DOGE,3.4468
2024-09-25,DOGE,3.0362
2024-09-26,DOGE,4.5115
2024-09-27,DOGE,4.7633
2024-09-28,DOGE,5.1229
2024-09-29,DOGE,4.0581
2024-09-30,DOGE,4.4195
2024-10-01,DOGE,6.6507
2024-10-02,DOGE,5.4162
2024-10-03,DOGE,5.544
2024-10-04,DOGE,3.764
2024-10-05,DOGE,2.6667
2024-10-06,DOGE,2.76
2024-10-07,DOGE,4.4236
2024-10-08,DOGE,3.6159
2024-10-09,DOGE,3.8284
2024-10-10,DOGE,3.5192
2024-10-11,DOGE,2.6087
2024-10-12,DOGE,2.199
2024-10-13,DOGE,2.6796
2024-10-14,DOGE,3.6484
2024-10-15,DOGE,5.5819
2024-10-16,DOGE,6.6666
2024-10-17,DOGE,5.3636
2024-10-18,DOGE,5.3315
2024-10-19,DOGE,5.3346
2024-10-20,DOGE,4.5896
2024-10-21,DOGE,5.6171
2024-10-22,DOGE,5.1308
2024-10-23,DOGE,4.7168
2024-10-24,DOGE,4.621
2024-10-25,DOGE,4.9135
2024-10-26,DOGE,3.6744
2024-10-27,DOGE,3.5778
2024-10-28,DOGE,6.8024
2024-10-29,DOGE,7.2928
2024-10-30,DOGE,5.7288
2024-10-31,DOGE,6.0526
2024-11-01,DOGE,6.5221
2024-11-02,DOGE,4.2729
2024-11-03,DOGE,6.3689
2024-11-04,DOGE,7.1063
2024-11-05,DOGE,8.4029
2024-11-06,DOGE,15.1451
2024-11-07,DOGE,7.1636
2024-11-08,DOGE,6.444
2024-11-09,DOGE,5.9407
2024-11-10,DOGE,14.775
2024-11-11,DOGE,14.3756
2024-11-12,DOGE,22.0763
2024-11-13,DOGE,16.5347
2024-11-14,DOGE,10.6612
2024-11-15,DOGE,8.5887
2024-11-16,DOGE,6.1862
2024-11-17,DOGE,7.5305
2024-11-18,DOGE,6.9554
2024-11-19,DOGE,7.9
2024-11-20,DOGE,6.5889
2024-11-21,DOGE,5.7168
2024-11-22,DOGE,8.5082
2024-11-23,DOGE,13.0165
2024-11-24,DOGE,8.8466
2024-11-25,DOGE,7.4561
2024-11-26,DOGE,8.0672
2024-11-27,DOGE,5.5833
2024-11-28,DOGE,5.5555
2024-11-29,DOGE,4.8174
2024-11-30,DOGE,4.3511
2024-12-01,DOGE,5.4763
2024-12-02,DOGE,8.6084
2024-12-03,DOGE,7.0355
2024-12-04,DOGE,6.0284
2024-12-05,DOGE,9.6369
2024-12-06,DOGE,4.9851
2024-12-07,DOGE,5.0132
2024-12-08,DOGE,5.17
2024-12-09,DOGE,10.1764
2024-12-10,DOGE,9.1604
2024-12-11,DOGE,6.1558
2024-12-12,DOGE,5.0573
2024-12-13,DOGE,3.9634
2024-12-14,DOGE,3.4685
2024-12-15,DOGE,3.3288
2024-12-16,DOGE,3.847
2024-12-17,DOGE,3.9874
2024-12-18,DOGE,7.0825
2024-12-19,DOGE,10.8863
2024-12-20,DOGE,12.1365
2024-12-21,DOGE,7.7906
2024-12-22,DOGE,6.4782
2024-12-23,DOGE,6.5941
2024-12-24,DOGE,4.5774
2024-12-25,DOGE,4.0824
2024-12-26,DOGE,4.5015
2024-12-27,DOGE,4.2418
2024-12-28,DOGE,2.7079
2024-12-29,DOGE,2.8641
2024-12-30,DOGE,4.5492
2024-12-31,DOGE,3.7988
2025-01-01,DOGE,2.8361
2025-01-02,DOGE,4.1501
2025-01-03,DOGE,5.2305
2025-01-04,DOGE,4.6733
2025-01-05,DOGE,3.3551
2025-01-06,DOGE,3.8297
2025-01-07,DOGE,6.6925
2025-01-08,DOGE,6.715
2025-01-09,DOGE,5.6977
2025-01-10,DOGE,5.6493
2025-01-11,DOGE,3.2227
2025-01-12,DOGE,2.9443
2025-01-13,DOGE,6.0911
2025-01-14,DOGE,4.7363
2025-01-15,DOGE,5.4099
2025-01-16,DOGE,5.4019
2025-01-17,DOGE,5.4927
2025-01-18,DOGE,7.1836
2025-01-19,DOGE,10.084
2025-01-20,DOGE,11.5922
2025-01-21,DOGE,10.7829
2025-01-22,DOGE,4.8867
2025-01-23,DOGE,5.7001
2025-01-24,DOGE,4.103
2025-01-25,DOGE,4.416
2025-01-26,DOGE,2.8478
2025-01-27,DOGE,7.3513
2025-01-28,DOGE,4.8552
2025-01-29,DOGE,5.1025
2025-01-30,DOGE,3.1916
2025-01-31,DOGE,3.9336
2025-02-01,DOGE,3.7922
2025-02-02,DOGE,10.423
2025-02-03,DOGE,16.5381
2025-02-04,DOGE,8.5789
2025-02-05,DOGE,4.9741
2025-02-06,DOGE,5.4577
2025-02-07,DOGE,5.4977
2025-02-08,DOGE,3.2189
2025-02-09,DOGE,3.8822
2025-02-10,DOGE,4.6205
2025-02-11,DOGE,4.5652
2025-02-12,DOGE,5.3377
2025-02-13,DOGE,4.0301
2025-02-14,DOGE,4.9299
2025-02-15,DOGE,4.3336
2025-02-16,DOGE,3.0481
2025-02-17,DOGE,4.0987
2025-02-18,DOGE,4.6417
2025-02-19,DOGE,3.2349
2025-02-20,DOGE,2.9322
2025-02-21,DOGE,4.5893
2025-02-22,DOGE,2.601
2025-02-23,DOGE,2.1315
2025-02-24,DOGE,7.5274
2025-02-25,DOGE,9.4705
2025-02-26,DOGE,6.3552
2025-02-27,DOGE,4.8847
2025-02-28,DOGE,7.5027
2025-03-01,DOGE,4.0174
2025-03-02,DOGE,8.1249
2025-03-03,DOGE,7.8496
2025-03-04,DOGE,8.3773
2025-03-05,DOGE,5.004
2025-03-06,DOGE,5.2484
2025-03-07,DOGE,6.6938
2025-03-08,DOGE,3.7572
2025-03-09,DOGE,6.3303
2025-03-10,DOGE,7.9733
2025-03-11,DOGE,9.3526
2025-03-12,DOGE,6.1708
2025-03-13,DOGE,5.255
2025-03-14,DOGE,3.7255
2025-03-15,DOGE,2.9901
2025-03-16,DOGE,4.063
2025-03-17,DOGE,3.8319
2025-03-18,DOGE,3.5825
2025-03-19,DOGE,4.1653
2025-03-20,DOGE,3.3045
2025-03-21,DOGE,3.0938
2025-03-22,DOGE,2.0106
2025-03-23,DOGE,2.2615
2025-03-24,DOGE,4.44
2025-03-25,DOGE,4.8181
2025-03-26,DOGE,5.1322
2025-03-27,DOGE,4.4759
2025-03-28,DOGE,4.5018
2025-03-29,DOGE,4.5051
2025-03-30,DOGE,3.9215
2025-03-31,DOGE,5.3652
2025-04-01,DOGE,4.1362
2025-04-02,DOGE,6.7035
2025-04-03,DOGE,4.7282
2025-04-04,DOGE,5.2174
2025-04-05,DOGE,2.6442
2025-04-06,DOGE,5.7732
2025-04-07,DOGE,10.5971
2025-04-08,DOGE,6.2282
2025-04-09,DOGE,7.4188
2025-04-10,DOGE,5.0564
2025-04-11,DOGE,3.7111
2025-04-12,DOGE,3.6858
2025-04-13,DOGE,4.5012
2025-04-14,DOGE,4.4985
2025-04-15,DOGE,3.8827
2025-04-16,DOGE,4.3192
2025-04-17,DOGE,3.3668
2025-04-18,DOGE,2.6153
2025-04-19,DOGE,2.1628
2025-04-20,DOGE,2.675
2025-04-21,DOGE,3.809
2025-04-22,DOGE,4.9339
2025-04-23,DOGE,5.0169
2025-04-24,DOGE,4.5033
2025-04-25,DOGE,4.5186
2025-04-26,DOGE,4.0785
2025-04-27,DOGE,3.6487
2025-04-28,DOGE,3.966
2025-04-29,DOGE,3.6657
2025-04-30,DOGE,3.8688
2025-05-01,DOGE,3.089
2025-05-02,DOGE,3.2653
2025-05-03,DOGE,2.2476
2025-05-04,DOGE,2.777
2025-05-05,DOGE,3.2314
2025-05-06,DOGE,3.5491
2025-05-07,DOGE,3.1639
2025-05-08,DOGE,4.7716
2025-05-09,DOGE,6.9249
2025-05-10,DOGE,6.9368
2025-05-11,DOGE,7.5315
2025-05-12,DOGE,8.5062
2025-05-13,DOGE,6.6752
2025-05-14,DOGE,5.741
2025-05-15,DOGE,6.7298
2025-05-16,DOGE,5.4272
2025-05-17,DOGE,4.7258
2025-05-18,DOGE,5.6864
2025-05-19,DOGE,5.5191
2025-05-20,DOGE,4.7547
2025-05-21,DOGE,5.6281
2025-05-22,DOGE,5.0097
2025-05-23,DOGE,6.0954
2025-05-24,DOGE,3.4133
2025-05-25,DOGE,3.6901
2025-05-26,DOGE,3.395
2025-05-27,DOGE,3.5826
2025-05-28,DOGE,3.0153
2025-05-29,DOGE,3.8574
2025-05-30,DOGE,6.2858
2025-05-31,DOGE,5.5372
2025-06-01,DOGE,3.4573
2025-06-02,DOGE,3.6554
2025-06-03,DOGE,3.3363
2025-06-04,DOGE,2.9412
2025-06-05,DOGE,6.1812
2025-06-06,DOGE,3.7401
2025-06-07,DOGE,2.9242
2025-06-08,DOGE,2.5647
2025-06-09,DOGE,3.9814
2025-06-10,DOGE,3.9923
2025-06-11,DOGE,4.9
2025-06-12,DOGE,3.9213
2025-06-13,DOGE,5.3504
2025-06-14,DOGE,2.6562
2025-06-15,DOGE,2.7507
2025-06-16,DOGE,3.4353
2025-06-17,DOGE,4.2311
2025-06-18,DOGE,4.05
2025-06-19,DOGE,2.5467
2025-06-20,DOGE,3.681
2025-06-21,DOGE,5.0717
2025-06-22,DOGE,5.6813
2025-06-23,DOGE,4.8
2025-06-24,DOGE,3.768
2025-06-25,DOGE,3.4858
2025-06-26,DOGE,3.5691
2025-06-27,DOGE,3.1343
2025-06-28,DOGE,1.8025
2025-06-29,DOGE,2.2872
2025-06-30,DOGE,3.1149
2025-07-01,DOGE,2.6612
2025-07-02,DOGE,3.4435
2025-07-03,DOGE,3.5282
2025-07-04,DOGE,2.7763
2025-07-05,DOGE,1.9126
2025-07-06,DOGE,3.3474
2025-07-07,DOGE,3.4913
2025-07-08,DOGE,2.784
2025-07-09,DOGE,4.4996
2025-07-10,DOGE,4.0273
2025-07-11,DOGE,7.0242
2025-07-12,DOGE,4.4397
2025-07-13,DOGE,3.8357
2025-07-14,DOGE,4.8835
2025-07-15,DOGE,5.078
2025-07-16,DOGE,5.4097
2025-07-17,DOGE,7.036
2025-07-18,DOGE,8.9312
2025-07-19,DOGE,6.6574
2025-07-20,DOGE,8.0032
2025-07-21,DOGE,7.6527
2025-07-22,DOGE,6.7813
2025-07-23,DOGE,6.6539
2025-07-24,DOGE,7.2735
2025-07-25,DOGE,6.8079
2025-07-26,DOGE,3.3068
2025-07-27,DOGE,3.9813
2025-07-28,DOGE,5.0522
2025-07-29,DOGE,4.9466
2025-07-30,DOGE,5.3776
2025-07-31,DOGE,4.3461
2025-08-01,DOGE,7.0156
2025-08-02,DOGE,5.1873
2025-08-03,DOGE,3.5252
2025-08-04,DOGE,3.7599
2025-08-05,DOGE,4.281
2025-08-06,DOGE,3.5664
2025-08-07,DOGE,3.5806
2025-08-08,DOGE,4.6697
2025-08-09,DOGE,4.7608
2025-08-10,DOGE,3.8677
2025-08-11,DOGE,4.6867
2025-08-12,DOGE,4.7893
2025-08-13,DOGE,5.0508
2025-08-14,DOGE,7.5694
2025-08-15,DOGE,5.6741
2025-08-16,DOGE,4.0843
2025-08-17,DOGE,3.8732
2025-08-18,DOGE,4.213
2025-08-19,DOGE,4.6713
2025-08-20,DOGE,4.2985
2025-08-21,DOGE,3.8971
2025-08-22,DOGE,6.2064
2025-08-23,DOGE,3.3636
2025-08-24,DOGE,4.8764
2025-08-25,DOGE,4.9898
2025-08-26,DOGE,4.2019
2025-08-27,DOGE,4.4589
2025-08-28,DOGE,3.3383
2025-08-29,DOGE,4.6459
2025-08-30,DOGE,2.4402
2025-08-31,DOGE,2.2495
2025-09-01,DOGE,4.0784
2025-09-02,DOGE,3.7789
2025-09-03,DOGE,2.9755
2025-09-04,DOGE,2.5316
2025-09-05,DOGE,3.474
2025-09-06,DOGE,1.806
2025-09-07,DOGE,2.6053
2025-09-08,DOGE,3.9053
2025-09-09,DOGE,4.3507
2025-09-10,DOGE,3.6304
2025-09-11,DOGE,5.8551
2025-09-12,DOGE,4.1368
2025-09-13,DOGE,7.1183
2025-09-14,DOGE,5.2051
2025-09-15,DOGE,5.2946
2025-09-16,DOGE,4.1436
2025-09-17,DOGE,6.0828
2025-09-18,DOGE,3.8745
2025-09-19,DOGE,3.3764
2025-09-20,DOGE,2.2529
2025-09-21,DOGE,2.4654
2025-09-22,DOGE,6.5377
2025-09-23,DOGE,3.805
2025-09-24,DOGE,3.757
2025-09-25,DOGE,4.9831
2025-09-26,DOGE,4.0811
2025-09-27,DOGE,2.0291
2025-09-28,DOGE,2.3979
2025-09-29,DOGE,2.9265
2025-09-30,DOGE,2.9256
2025-10-01,DOGE,3.1291
2025-10-02,DOGE,3.7872
2025-10-03,DOGE,4.1583
2025-10-04,DOGE,2.5353
2025-10-05,DOGE,3.6886
2025-10-06,DOGE,3.9589
2025-10-07,DOGE,3.9532
2025-10-08,DOGE,3.9822
2025-10-09,DOGE,3.8233
2025-10-10,DOGE,43.2195
2025-10-11,DOGE,8.5784
2025-10-12,DOGE,7.4676
2025-10-13,DOGE,6.2143
2025-10-14,DOGE,6.7162
2025-10-15,DOGE,5.0692
2025-10-16,DOGE,6.6298
2025-10-17,DOGE,5.9199
2025-10-18,DOGE,2.8574
2025-10-19,DOGE,3.7417
2025-10-20,DOGE,3.6611
2025-10-21,DOGE,4.4041
2025-10-22,DOGE,5.0354
2025-10-23,DOGE,3.0351
2025-10-24,DOGE,2.8311
2025-10-25,DOGE,1.7565
2025-10-26,DOGE,3.0257
2025-10-27,DOGE,3.2966
2025-10-28,DOGE,4.0404
2025-10-29,DOGE,5.6874
2025-10-30,DOGE,4.9045
2025-10-31,DOGE,3.0619
2025-11-01,DOGE,1.9759
2025-11-02,DOGE,2.2957
2025-11-03,DOGE,7.3518
2025-11-04,DOGE,8.908
2025-11-05,DOGE,5.0493
2025-11-06,DOGE,4.1728
2025-11-07,DOGE,5.5162
2025-11-08,DOGE,4.1582
2025-11-09,DOGE,3.4367
2025-11-10,DOGE,4.2035
2025-11-11,DOGE,4.3884
2025-11-12,DOGE,3.9178
2025-11-13,DOGE,5.0891
2025-11-14,DOGE,6.0579
2025-11-15,DOGE,2.9782
2025-11-16,DOGE,4.2213
2025-11-17,DOGE,5.4288
2025-11-18,DOGE,4.5738
2025-11-19,DOGE,4.5873
2025-11-20,DOGE,4.9525
2025-11-21,DOGE,7.6049
2025-11-22,DOGE,4.9711
2025-11-23,DOGE,3.366
2025-11-24,DOGE,4.5374
2025-11-25,DOGE,3.7839
2025-11-26,DOGE,3.3623
2025-11-27,DOGE,2.4186
2025-11-28,DOGE,3.3333
2025-11-29,DOGE,2.0367
2025-11-30,DOGE,2.2547
2025-12-01,DOGE,4.4105
2025-12-02,DOGE,3.5624
2025-12-03,DOGE,3.6733
2025-12-04,DOGE,3.2373
2025-12-05,DOGE,3.3682
2025-12-06,DOGE,2.129
2025-12-07,DOGE,3.7074
2025-12-08,DOGE,3.5033
2025-12-09,DOGE,4.3305
2025-12-10,DOGE,4.5848
2025-12-11,DOGE,3.5929
2025-12-12,DOGE,3.2912
2025-12-13,DOGE,1.7274
2025-12-14,DOGE,2.8591
2025-12-15,DOGE,4.0301
2025-12-16,DOGE,3.5975
2025-12-17,DOGE,4.3257
2025-12-18,DOGE,4.6156
2025-12-19,DOGE,4.4739
2025-12-20,DOGE,1.79
2025-12-21,DOGE,2.4952
2025-12-22,DOGE,3.7402
2025-12-23,DOGE,3.1932
2025-12-24,DOGE,2.5941
2025-12-25,DOGE,2.3922
2025-12-26,DOGE,3.1182
2025-12-27,DOGE,1.6936
2025-12-28,DOGE,1.6512
2025-12-29,DOGE,2.963
2025-12-30,DOGE,2.284
2025-12-31,DOGE,3.1369
2026-01-01,DOGE,4.2175
2026-01-02,DOGE,6.3672
2026-01-03,DOGE,3.0915
2026-01-04,DOGE,4.8244
2026-01-05,DOGE,4.2887
2026-01-06,DOGE,5.0072
2026-01-07,DOGE,4.3762
2026-01-08,DOGE,4.3079
2026-01-09,DOGE,3.8266
2026-01-10,DOGE,1.5689
2026-01-11,DOGE,2.5651
2026-01-12,DOGE,3.5816
2026-01-13,DOGE,4.0412
2026-01-14,DOGE,3.7607
2026-01-15,DOGE,3.2589
2026-01-16,DOGE,2.6482
2026-01-17,DOGE,1.7615
2026-01-18,DOGE,2.8871
2026-01-19,DOGE,5.9224
2026-01-20,DOGE,3.7831
2026-01-21,DOGE,4.61
2026-01-22,DOGE,2.7287
2026-01-23,DOGE,3.1773
2026-01-24,DOGE,1.2319
2026-01-25,DOGE,2.9677
2026-01-26,DOGE,3.1139
2026-01-27,DOGE,2.9701
2026-01-28,DOGE,3.0277
2026-01-29,DOGE,3.5933
2026-01-30,DOGE,5.6929
2026-01-31,DOGE,10.2006
2026-02-01,DOGE,5.5615
2026-02-02,DOGE,7.3885
2026-02-03,DOGE,6.2583
2026-02-04,DOGE,5.7643
2026-02-05,DOGE,10.01
2026-02-06,DOGE,9.0736
2026-02-07,DOGE,4.4534
2026-02-08,DOGE,3.7482
2026-02-09,DOGE,4.0549
2026-02-10,DOGE,3.5672
2026-02-11,DOGE,4.3264
2026-02-12,DOGE,3.9278
2026-02-13,DOGE,3.5223
2026-02-14,DOGE,5.0126
2026-02-15,DOGE,6.296
2026-02-16,DOGE,4.387
2026-02-17,DOGE,4.499
2026-02-18,DOGE,3.7225
2026-02-19,DOGE,3.873
2026-02-20,DOGE,5.0577
2026-02-21,DOGE,2.2684
2026-02-22,DOGE,2.147
2026-02-23,DOGE,4.7181
2026-02-24,DOGE,4.1309
2026-02-25,DOGE,5.3893
2026-02-26,DOGE,4.3949
2026-02-27,DOGE,3.7435
2026-02-28,DOGE,4.8728
2026-03-01,DOGE,4.8021
2026-03-02,DOGE,4.8565
2026-03-03,DOGE,4.4145
2026-03-04,DOGE,6.3431
2026-03-05,DOGE,4.2273
2026-03-06,DOGE,3.2326
2026-03-07,DOGE,2.1833
2026-03-08,DOGE,3.6605
2026-03-09,DOGE,4.3549
2026-03-10,DOGE,5.2173
2026-03-11,DOGE,3.7136
2026-03-12,DOGE,3.7675
2026-03-13,DOGE,4.8757
2026-03-14,DOGE,2.0469
2026-03-15,DOGE,3.1013
2026-03-16,DOGE,4.9826
2026-03-17,DOGE,3.94
2026-03-18,DOGE,3.4657
2026-03-19,DOGE,3.3568
2026-03-20,DOGE,2.9898
2026-03-21,DOGE,2.1032
2026-03-22,DOGE,3.0214
2026-03-23,DOGE,5.1613
2026-03-24,DOGE,3.2564
2026-03-25,DOGE,2.8277
2026-03-26,DOGE,2.8031
2026-03-27,DOGE,2.7468
2026-03-28,DOGE,2.7402
2026-03-29,DOGE,2.6512
2026-03-30,DOGE,3.0231
2026-03-31,DOGE,3.0982
2026-04-01,DOGE,2.7958
2026-04-02,DOGE,2.9694
2026-04-03,DOGE,2.051
2026-04-04,DOGE,1.5489
2026-04-05,DOGE,1.9165
2026-04-06,DOGE,2.6735
2026-04-07,DOGE,2.9738
2026-04-08,DOGE,2.6472
2026-04-09,DOGE,2.6798
2026-04-10,DOGE,2.5902
2026-04-11,DOGE,2.0056
2026-04-12,DOGE,2.1346
2026-04-13,DOGE,2.467
2026-04-14,DOGE,3.6064
2026-04-15,DOGE,2.6567
2026-04-16,DOGE,3.9886
2026-04-17,DOGE,3.9244
2026-04-18,DOGE,2.5994
2026-04-19,DOGE,3.1146
2026-04-20,DOGE,2.6294
2026-04-21,DOGE,2.2955
2026-04-22,DOGE,2.5274
2026-04-23,DOGE,2.6772
2026-04-24,DOGE,2.3643
2026-04-25,DOGE,1.6217
2026-04-26,DOGE,1.9485
2026-04-27,DOGE,2.4836
2026-04-28,DOGE,2.5713
2026-04-29,DOGE,6.71
2026-04-30,DOGE,4.3482
2026-05-01,DOGE,3.4046
2026-05-02,DOGE,2.1814
2026-05-03,DOGE,2.0251
2026-05-04,DOGE,3.9668
2026-05-05,DOGE,2.9779
2026-05-06,DOGE,3.6286
2026-05-07,DOGE,3.0835
2026-05-08,DOGE,2.5731
2026-05-09,DOGE,2.1268
2026-05-10,DOGE,3.3916
2026-05-11,DOGE,3.2982
2026-05-12,DOGE,2.8135
2026-05-13,DOGE,3.4357
2026-05-14,DOGE,4.394
2026-05-15,DOGE,3.5959
2026-05-16,DOGE,2.6034
2026-05-17,DOGE,3.9714
2026-05-18,DOGE,4.1765
2026-05-19,DOGE,2.5872
2026-05-20,DOGE,2.6519
2026-05-21,DOGE,2.9425
2026-05-22,DOGE,3.1658
2026-05-23,DOGE,3.9738
2026-05-24,DOGE,2.3064
2026-05-25,DOGE,1.8844
2026-05-26,DOGE,2.5449
2026-05-27,DOGE,2.8868
2026-05-28,DOGE,3.1758
2026-05-29,DOGE,2.565
2026-05-30,DOGE,1.8051
2026-05-31,DOGE,1.8649
2026-06-01,DOGE,2.9997
2026-06-02,DOGE,4.3572
2026-06-03,DOGE,3.8912
2026-06-04,DOGE,5.6811
2026-06-05,DOGE,7.0944
2026-06-06,DOGE,5.1799
2026-06-07,DOGE,4.2371
2026-06-08,DOGE,3.6882
2026-06-09,DOGE,3.6224
2026-06-10,DOGE,3.9666
2026-06-11,DOGE,3.081
2026-06-12,DOGE,4.7228
2026-06-13,DOGE,2.2718
2026-06-14,DOGE,2.3199
2026-06-15,DOGE,2.9055
2026-06-16,DOGE,2.9774
2026-06-17,DOGE,3.5687
2026-06-18,DOGE,2.83
2026-06-19,DOGE,2.401
2026-06-20,DOGE,1.9836
2026-06-21,DOGE,1.8753
2026-06-22,DOGE,2.5311
2026-06-23,DOGE,2.9509
2026-06-24,DOGE,4.4075
2026-06-25,DOGE,4.4296
2026-06-26,DOGE,4.3098
2026-06-27,DOGE,2.0246
2026-06-28,DOGE,2.6398
2026-06-29,DOGE,3.5581
2026-06-30,DOGE,3.3846
2026-07-01,DOGE,3.093
2026-07-02,DOGE,3.2971
2026-07-03,DOGE,2.9155
2026-07-04,DOGE,2.6236
2026-07-05,DOGE,2.5857
2026-07-06,DOGE,3.6928
2026-07-07,DOGE,2.9522
2026-07-08,DOGE,3.0955
2026-07-09,DOGE,2.3496
2026-07-10,DOGE,2.479
2026-07-11,DOGE,1.8726
2026-07-12,DOGE,1.9788
2026-07-13,DOGE,2.6826
2026-07-14,DOGE,2.5076
2026-07-15,DOGE,2.4183
2026-07-16,DOGE,2.2558
2026-07-17,DOGE,2.2867
2026-07-18,DOGE,1.268
2026-07-19,DOGE,1.669
2026-07-20,DOGE,2.6605
2026-07-21,DOGE,2.0404
2026-07-22,DOGE,2.1044
2026-07-23,DOGE,2.8033
2026-07-24,DOGE,2.3969
2026-07-25,DOGE,2.6237
2026-07-26,DOGE,2.6217
2026-07-27,DOGE,2.6734
2026-07-28,DOGE,2.4385
2026-07-29,DOGE,2.5597
2026-07-30,DOGE,2.0042
2026-07-31,DOGE,2.2653
2026-08-01,DOGE,1.9685
2026-08-02,DOGE,1.8031
2026-08-03,DOGE,1.9102
2026-08-04,DOGE,1.7085
2026-08-05,DOGE,1.7659
2026-08-06,DOGE,1.7982
2026-08-07,DOGE,1.8015
2026-08-08,DOGE,1.3977
2026-08-09,DOGE,1.322
2026-08-10,DOGE,1.9166
2026-08-11,DOGE,2.4402
2026-08-12,DOGE,2.281
2026-08-13,DOGE,1.5997
2026-08-14,DOGE,1.4464
2026-08-15,DOGE,0.9708
2026-08-16,DOGE,1.1437
2026-08-17,DOGE,1.4196
2026-08-18,DOGE,1.2865
2026-08-19,DOGE,3.7766
2026-08-20,DOGE,4.5492
2026-08-21,DOGE,6.4407
2026-08-22,DOGE,14.7222
2026-08-23,DOGE,5.6066
2026-08-24,DOGE,5.0216
2026-08-25,DOGE,4.3565
2026-08-26,DOGE,3.5078
2026-08-27,DOGE,3.6051
2026-08-28,DOGE,3.4438
2026-08-29,DOGE,1.6842
2026-08-30,DOGE,2.857
2026-08-31,DOGE,2.7136
2022-01-01,XRP,2.852
2022-01-02,XRP,2.7091
2022-01-03,XRP,2.7089
2022-01-04,XRP,3.0988
2022-01-05,XRP,7.5881
2022-01-06,XRP,4.9522
2022-01-07,XRP,6.5739
2022-01-08,XRP,4.6454
2022-01-09,XRP,3.2475
2022-01-10,XRP,5.7272
2022-01-11,XRP,3.9189
2022-01-12,XRP,3.5724
2022-01-13,XRP,3.044
2022-01-14,XRP,3.4001
2022-01-15,XRP,2.2381
2022-01-16,XRP,2.1633
2022-01-17,XRP,2.6236
2022-01-18,XRP,3.2446
2022-01-19,XRP,3.0862
2022-01-20,XRP,2.9962
2022-01-21,XRP,8.3927
2022-01-22,XRP,10.2728
2022-01-23,XRP,5.7473
2022-01-24,XRP,7.7394
2022-01-25,XRP,4.8919
2022-01-26,XRP,6.3137
2022-01-27,XRP,4.5764
2022-01-28,XRP,3.796
2022-01-29,XRP,2.9227
2022-01-30,XRP,2.8014
2022-01-31,XRP,3.5736
2022-02-01,XRP,3.1769
2022-02-02,XRP,3.3975
2022-02-03,XRP,3.2498
2022-02-04,XRP,3.5777
2022-02-05,XRP,4.1866
2022-02-06,XRP,3.1787
2022-02-07,XRP,6.8037
2022-02-08,XRP,9.2464
2022-02-09,XRP,7.2494
2022-02-10,XRP,5.9633
2022-02-11,XRP,6.3576
2022-02-12,XRP,6.2294
2022-02-13,XRP,5.0775
2022-02-14,XRP,4.4911
2022-02-15,XRP,3.8846
2022-02-16,XRP,3.7902
2022-02-17,XRP,5.1781
2022-02-18,XRP,5.3353
2022-02-19,XRP,5.5252
2022-02-20,XRP,5.2083
2022-02-21,XRP,7.0108
2022-02-22,XRP,6.1041
2022-02-23,XRP,4.5899
2022-02-24,XRP,8.4362
2022-02-25,XRP,6.568
2022-02-26,XRP,5.8328
2022-02-27,XRP,5.2181
2022-02-28,XRP,5.0093
2022-03-01,XRP,4.9204
2022-03-02,XRP,3.7836
2022-03-03,XRP,3.892
2022-03-04,XRP,5.2684
2022-03-05,XRP,4.1407
2022-03-06,XRP,4.0164
2022-03-07,XRP,4.8728
2022-03-08,XRP,3.6948
2022-03-09,XRP,3.507
2022-03-10,XRP,4.2033
2022-03-11,XRP,5.5054
2022-03-12,XRP,5.3575
2022-03-13,XRP,3.5547
2022-03-14,XRP,3.532
2022-03-15,XRP,3.0245
2022-03-16,XRP,3.9822
2022-03-17,XRP,2.7321
2022-03-18,XRP,2.464
2022-03-19,XRP,3.2242
2022-03-20,XRP,2.3634
2022-03-21,XRP,3.7295
2022-03-22,XRP,3.2898
2022-03-23,XRP,2.8584
2022-03-24,XRP,2.7208
2022-03-25,XRP,2.2161
2022-03-26,XRP,1.6671
2022-03-27,XRP,2.3636
2022-03-28,XRP,4.6185
2022-03-29,XRP,3.3179
2022-03-30,XRP,3.3391
2022-03-31,XRP,7.7936
2022-04-01,XRP,3.2187
2022-04-02,XRP,2.9294
2022-04-03,XRP,2.3402
2022-04-04,XRP,2.9326
2022-04-05,XRP,2.499
2022-04-06,XRP,5.0061
2022-04-07,XRP,3.3815
2022-04-08,XRP,3.0883
2022-04-09,XRP,2.0894
2022-04-10,XRP,1.9885
2022-04-11,XRP,4.6725
2022-04-12,XRP,3.9295
2022-04-13,XRP,2.8772
2022-04-14,XRP,3.2509
2022-04-15,XRP,5.0964
2022-04-16,XRP,2.982
2022-04-17,XRP,2.6799
2022-04-18,XRP,3.9321
2022-04-19,XRP,2.7029
2022-04-20,XRP,2.7843
2022-04-21,XRP,3.539
2022-04-22,XRP,3.7658
2022-04-23,XRP,2.3765
2022-04-24,XRP,2.4204
2022-04-25,XRP,4.7461
2022-04-26,XRP,4.5291
2022-04-27,XRP,4.1703
2022-04-28,XRP,3.1451
2022-04-29,XRP,3.6383
2022-04-30,XRP,5.0676
2022-05-01,XRP,4.408
2022-05-02,XRP,4.1701
2022-05-03,XRP,3.0447
2022-05-04,XRP,3.9735
2022-05-05,XRP,4.5741
2022-05-06,XRP,4.7642
2022-05-07,XRP,3.0169
2022-05-08,XRP,3.7363
2022-05-09,XRP,9.0705
2022-05-10,XRP,8.4014
2022-05-11,XRP,21.7831
2022-05-12,XRP,16.7149
2022-05-13,XRP,9.9136
2022-05-14,XRP,7.0257
2022-05-15,XRP,5.2021
2022-05-16,XRP,6.8471
2022-05-17,XRP,4.4541
2022-05-18,XRP,4.8506
2022-05-19,XRP,5.1879
2022-05-20,XRP,4.7253
2022-05-21,XRP,3.3281
2022-05-22,XRP,2.9194
2022-05-23,XRP,3.6598
2022-05-24,XRP,4.0938
2022-05-25,XRP,4.8962
2022-05-26,XRP,5.1449
2022-05-27,XRP,5.1765
2022-05-28,XRP,2.9568
2022-05-29,XRP,2.5066
2022-05-30,XRP,3.4131
2022-05-31,XRP,4.8103
2022-06-01,XRP,3.9417
2022-06-02,XRP,3.4198
2022-06-03,XRP,3.5283
2022-06-04,XRP,2.6423
2022-06-05,XRP,2.3005
2022-06-06,XRP,2.7988
2022-06-07,XRP,4.3007
2022-06-08,XRP,3.0574
2022-06-09,XRP,2.3912
2022-06-10,XRP,3.7872
2022-06-11,XRP,3.9964
2022-06-12,XRP,5.8048
2022-06-13,XRP,9.5599
2022-06-14,XRP,7.4516
2022-06-15,XRP,8.6355
2022-06-16,XRP,6.1785
2022-06-17,XRP,5.5352
2022-06-18,XRP,6.8017
2022-06-19,XRP,5.619
2022-06-20,XRP,4.9205
2022-06-21,XRP,4.1985
2022-06-22,XRP,4.1336
2022-06-23,XRP,3.4604
2022-06-24,XRP,7.8105
2022-06-25,XRP,4.5014
2022-06-26,XRP,3.7159
2022-06-27,XRP,3.8721
2022-06-28,XRP,3.8605
2022-06-29,XRP,4.2749
2022-06-30,XRP,6.0965
2022-07-01,XRP,4.9134
2022-07-02,XRP,3.1511
2022-07-03,XRP,3.1903
2022-07-04,XRP,3.409
2022-07-05,XRP,3.41
2022-07-06,XRP,3.7084
2022-07-07,XRP,3.2443
2022-07-08,XRP,5.0864
2022-07-09,XRP,3.0979
2022-07-10,XRP,4.4203
2022-07-11,XRP,4.2611
2022-07-12,XRP,3.3884
2022-07-13,XRP,5.4222
2022-07-14,XRP,3.7583
2022-07-15,XRP,4.5713
2022-07-16,XRP,4.1489
2022-07-17,XRP,3.8509
2022-07-18,XRP,4.6908
2022-07-19,XRP,4.615
2022-07-20,XRP,4.5841
2022-07-21,XRP,3.8721
2022-07-22,XRP,3.7016
2022-07-23,XRP,2.987
2022-07-24,XRP,3.1474
2022-07-25,XRP,3.5874
2022-07-26,XRP,3.6339
2022-07-27,XRP,3.8271
2022-07-28,XRP,4.6105
2022-07-29,XRP,4.4319
2022-07-30,XRP,5.5835
2022-07-31,XRP,4.2324
2022-08-01,XRP,3.2446
2022-08-02,XRP,4.4066
2022-08-03,XRP,3.0619
2022-08-04,XRP,2.725
2022-08-05,XRP,2.4876
2022-08-06,XRP,1.96
2022-08-07,XRP,1.7307
2022-08-08,XRP,2.5574
2022-08-09,XRP,2.4536
2022-08-10,XRP,3.2783
2022-08-11,XRP,2.8789
2022-08-12,XRP,2.3969
2022-08-13,XRP,2.1659
2022-08-14,XRP,2.9275
2022-08-15,XRP,2.9087
2022-08-16,XRP,2.958
2022-08-17,XRP,4.1234
2022-08-18,XRP,3.2405
2022-08-19,XRP,7.5901
2022-08-20,XRP,3.5912
2022-08-21,XRP,3.2903
2022-08-22,XRP,3.1885
2022-08-23,XRP,2.9079
2022-08-24,XRP,2.6815
2022-08-25,XRP,2.5569
2022-08-26,XRP,5.2033
2022-08-27,XRP,3.5845
2022-08-28,XRP,2.8882
2022-08-29,XRP,3.1624
2022-08-30,XRP,2.8848
2022-08-31,XRP,2.9368
2022-09-01,XRP,2.7018
2022-09-02,XRP,2.6356
2022-09-03,XRP,2.4662
2022-09-04,XRP,1.7921
2022-09-05,XRP,1.9928
2022-09-06,XRP,3.8456
2022-09-07,XRP,3.1646
2022-09-08,XRP,3.2537
2022-09-09,XRP,3.8392
2022-09-10,XRP,3.2646
2022-09-11,XRP,2.6347
2022-09-12,XRP,3.0902
2022-09-13,XRP,3.9581
2022-09-14,XRP,2.7499
2022-09-15,XRP,3.3391
2022-09-16,XRP,3.9274
2022-09-17,XRP,4.6633
2022-09-18,XRP,7.1732
2022-09-19,XRP,7.229
2022-09-20,XRP,7.8627
2022-09-21,XRP,9.5406
2022-09-22,XRP,8.5243
2022-09-23,XRP,11.857
2022-09-24,XRP,8.0144
2022-09-25,XRP,7.021
2022-09-26,XRP,6.2085
2022-09-27,XRP,5.753
2022-09-28,XRP,5.8176
2022-09-29,XRP,6.7329
2022-09-30,XRP,6.331
2022-10-01,XRP,3.9161
2022-10-02,XRP,4.3299
2022-10-03,XRP,4.0205
2022-10-04,XRP,4.3432
2022-10-05,XRP,4.8037
2022-10-06,XRP,3.6658
2022-10-07,XRP,5.0629
2022-10-08,XRP,3.2802
2022-10-09,XRP,3.8608
2022-10-10,XRP,4.556
2022-10-11,XRP,4.8378
2022-10-12,XRP,3.2887
2022-10-13,XRP,7.096
2022-10-14,XRP,4.6181
2022-10-15,XRP,2.3721
2022-10-16,XRP,2.6458
2022-10-17,XRP,3.1016
2022-10-18,XRP,3.1572
2022-10-19,XRP,3.3661
2022-10-20,XRP,5.4049
2022-10-21,XRP,3.7353
2022-10-22,XRP,2.4988
2022-10-23,XRP,2.9193
2022-10-24,XRP,2.8837
2022-10-25,XRP,3.3877
2022-10-26,XRP,3.2705
2022-10-27,XRP,4.0968
2022-10-28,XRP,3.0931
2022-10-29,XRP,3.6661
2022-10-30,XRP,2.6361
2022-10-31,XRP,3.5017
2022-11-01,XRP,2.6645
2022-11-02,XRP,3.5476
2022-11-03,XRP,2.5633
2022-11-04,XRP,5.082
2022-11-05,XRP,3.515
2022-11-06,XRP,3.1823
2022-11-07,XRP,3.5753
2022-11-08,XRP,13.8432
2022-11-09,XRP,12.5957
2022-11-10,XRP,10.4112
2022-11-11,XRP,7.7561
2022-11-12,XRP,4.3513
2022-11-13,XRP,5.0338
2022-11-14,XRP,9.2545
2022-11-15,XRP,6.6511
2022-11-16,XRP,4.7984
2022-11-17,XRP,4.7108
2022-11-18,XRP,2.8302
2022-11-19,XRP,2.3818
2022-11-20,XRP,4.2686
2022-11-21,XRP,5.8299
2022-11-22,XRP,4.3097
2022-11-23,XRP,3.6053
2022-11-24,XRP,4.0398
2022-11-25,XRP,4.5031
2022-11-26,XRP,3.0471
2022-11-27,XRP,3.157
2022-11-28,XRP,4.3481
2022-11-29,XRP,3.4247
2022-11-30,XRP,3.5412
2022-12-01,XRP,2.5145
2022-12-02,XRP,2.7963
2022-12-03,XRP,2.5063
2022-12-04,XRP,2.0229
2022-12-05,XRP,2.6196
2022-12-06,XRP,2.387
2022-12-07,XRP,2.8713
2022-12-08,XRP,2.518
2022-12-09,XRP,2.4228
2022-12-10,XRP,1.2834
2022-12-11,XRP,1.7571
2022-12-12,XRP,2.4871
2022-12-13,XRP,3.1072
2022-12-14,XRP,3.8228
2022-12-15,XRP,2.435
2022-12-16,XRP,5.1037
2022-12-17,XRP,2.8342
2022-12-18,XRP,1.9292
2022-12-19,XRP,3.7069
2022-12-20,XRP,2.9704
2022-12-21,XRP,2.4254
2022-12-22,XRP,2.1664
2022-12-23,XRP,2.0996
2022-12-24,XRP,1.2842
2022-12-25,XRP,1.6798
2022-12-26,XRP,2.4815
2022-12-27,XRP,2.9525
2022-12-28,XRP,2.94
2022-12-29,XRP,3.0684
2022-12-30,XRP,2.5203
2022-12-31,XRP,1.6944
2023-01-01,XRP,1.3886
2023-01-02,XRP,7.1077
2023-01-03,XRP,2.6369
2023-01-04,XRP,2.7741
2023-01-05,XRP,2.12
2023-01-06,XRP,2.4422
2023-01-07,XRP,1.4241
2023-01-08,XRP,2.1712
2023-01-09,XRP,3.655
2023-01-10,XRP,2.2895
2023-01-11,XRP,4.2647
2023-01-12,XRP,3.7918
2023-01-13,XRP,3.2271
2023-01-14,XRP,5.855
2023-01-15,XRP,3.4486
2023-01-16,XRP,4.5802
2023-01-17,XRP,3.2923
2023-01-18,XRP,5.1766
2023-01-19,XRP,3.719
2023-01-20,XRP,3.1288
2023-01-21,XRP,4.6768
2023-01-22,XRP,2.9839
2023-01-23,XRP,5.5217
2023-01-24,XRP,4.1771
2023-01-25,XRP,3.7388
2023-01-26,XRP,2.9829
2023-01-27,XRP,2.4905
2023-01-28,XRP,2.0968
2023-01-29,XRP,2.1892
2023-01-30,XRP,4.1498
2023-01-31,XRP,3.2216
2023-02-01,XRP,3.1612
2023-02-02,XRP,2.767
2023-02-03,XRP,2.2264
2023-02-04,XRP,1.9152
2023-02-05,XRP,2.7699
2023-02-06,XRP,2.5389
2023-02-07,XRP,2.4418
2023-02-08,XRP,2.2473
2023-02-09,XRP,4.3323
2023-02-10,XRP,2.7755
2023-02-11,XRP,1.4392
2023-02-12,XRP,1.9285
2023-02-13,XRP,3.1613
2023-02-14,XRP,2.7271
2023-02-15,XRP,2.5387
2023-02-16,XRP,2.9675
2023-02-17,XRP,2.7615
2023-02-18,XRP,1.7981
2023-02-19,XRP,2.3609
2023-02-20,XRP,3.3725
2023-02-21,XRP,2.882
2023-02-22,XRP,3.2502
2023-02-23,XRP,2.2931
2023-02-24,XRP,2.9084
2023-02-25,XRP,2.1766
2023-02-26,XRP,1.5312
2023-02-27,XRP,2.2646
2023-02-28,XRP,2.4591
2023-03-01,XRP,2.2869
2023-03-02,XRP,2.0832
2023-03-03,XRP,3.7356
2023-03-04,XRP,2.2494
2023-03-05,XRP,1.9277
2023-03-06,XRP,2.7085
2023-03-07,XRP,3.6822
2023-03-08,XRP,4.3562
2023-03-09,XRP,4.4119
2023-03-10,XRP,4.5279
2023-03-11,XRP,3.2691
2023-03-12,XRP,3.5712
2023-03-13,XRP,4.0905
2023-03-14,XRP,4.3867
2023-03-15,XRP,3.7849
2023-03-16,XRP,2.7304
2023-03-17,XRP,3.3121
2023-03-18,XRP,3.5871
2023-03-19,XRP,4.4264
2023-03-20,XRP,3.6424
2023-03-21,XRP,9.6472
2023-03-22,XRP,7.9202
2023-03-23,XRP,6.1395
2023-03-24,XRP,4.3512
2023-03-25,XRP,5.5539
2023-03-26,XRP,3.7249
2023-03-27,XRP,6.3086
2023-03-28,XRP,7.1285
2023-03-29,XRP,7.5975
2023-03-30,XRP,6.3204
2023-03-31,XRP,4.6766
2023-04-01,XRP,5.3815
2023-04-02,XRP,4.4967
2023-04-03,XRP,4.8086
2023-04-04,XRP,3.4001
2023-04-05,XRP,3.6613
2023-04-06,XRP,3.1066
2023-04-07,XRP,3.2949
2023-04-08,XRP,1.8646
2023-04-09,XRP,1.8537
2023-04-10,XRP,2.0581
2023-04-11,XRP,2.7847
2023-04-12,XRP,2.7134
2023-04-13,XRP,2.0483
2023-04-14,XRP,3.5731
2023-04-15,XRP,2.0383
2023-04-16,XRP,1.8744
2023-04-17,XRP,2.2196
2023-04-18,XRP,2.5333
2023-04-19,XRP,7.1273
2023-04-20,XRP,3.9368
2023-04-21,XRP,3.9296
2023-04-22,XRP,3.1517
2023-04-23,XRP,3.1461
2023-04-24,XRP,3.7382
2023-04-25,XRP,2.901
2023-04-26,XRP,4.8966
2023-04-27,XRP,3.153
2023-04-28,XRP,3.0722
2023-04-29,XRP,2.2869
2023-04-30,XRP,1.9224
2023-05-01,XRP,2.7794
2023-05-02,XRP,2.1347
2023-05-03,XRP,2.6841
2023-05-04,XRP,1.854
2023-05-05,XRP,2.2872
2023-05-06,XRP,1.9481
2023-05-07,XRP,1.7848
2023-05-08,XRP,5.132
2023-05-09,XRP,2.5114
2023-05-10,XRP,4.1232
2023-05-11,XRP,2.7997
2023-05-12,XRP,4.1956
2023-05-13,XRP,1.7619
2023-05-14,XRP,1.8039
2023-05-15,XRP,2.0857
2023-05-16,XRP,2.8931
2023-05-17,XRP,4.1475
2023-05-18,XRP,4.3293
2023-05-19,XRP,3.4247
2023-05-20,XRP,1.9572
2023-05-21,XRP,2.4489
2023-05-22,XRP,2.4809
2023-05-23,XRP,2.0231
2023-05-24,XRP,2.616
2023-05-25,XRP,2.1039
2023-05-26,XRP,2.4986
2023-05-27,XRP,2.9898
2023-05-28,XRP,1.89
2023-05-29,XRP,3.1972
2023-05-30,XRP,4.7425
2023-05-31,XRP,3.7229
2023-06-01,XRP,2.536
2023-06-02,XRP,2.5793
2023-06-03,XRP,2.26
2023-06-04,XRP,2.7653
2023-06-05,XRP,5.389
2023-06-06,XRP,3.7119
2023-06-07,XRP,4.3376
2023-06-08,XRP,2.5191
2023-06-09,XRP,3.0244
2023-06-10,XRP,6.755
2023-06-11,XRP,2.9268
2023-06-12,XRP,3.5609
2023-06-13,XRP,6.7602
2023-06-14,XRP,5.3264
2023-06-15,XRP,3.6676
2023-06-16,XRP,3.6191
2023-06-17,XRP,2.5253
2023-06-18,XRP,2.8372
2023-06-19,XRP,2.5624
2023-06-20,XRP,2.9514
2023-06-21,XRP,3.2036
2023-06-22,XRP,4.6022
2023-06-23,XRP,3.1543
2023-06-24,XRP,2.5459
2023-06-25,XRP,2.6177
2023-06-26,XRP,2.8029
2023-06-27,XRP,2.2259
2023-06-28,XRP,4.0834
2023-06-29,XRP,2.2681
2023-06-30,XRP,4.7616
2023-07-01,XRP,2.2462
2023-07-02,XRP,4.1533
2023-07-03,XRP,2.6982
2023-07-04,XRP,2.2497
2023-07-05,XRP,2.7075
2023-07-06,XRP,2.7499
2023-07-07,XRP,2.014
2023-07-08,XRP,1.5994
2023-07-09,XRP,1.3024
2023-07-10,XRP,2.2645
2023-07-11,XRP,1.5931
2023-07-12,XRP,2.0811
2023-07-13,XRP,23.7816
2023-07-14,XRP,12.577
2023-07-15,XRP,7.2533
2023-07-16,XRP,7.4577
2023-07-17,XRP,6.0756
2023-07-18,XRP,5.4368
2023-07-19,XRP,6.4227
2023-07-20,XRP,5.5325
2023-07-21,XRP,3.7874
2023-07-22,XRP,3.7637
2023-07-23,XRP,3.2718
2023-07-24,XRP,5.3937
2023-07-25,XRP,3.5731
2023-07-26,XRP,3.8052
2023-07-27,XRP,3.337
2023-07-28,XRP,2.046
2023-07-29,XRP,1.3856
2023-07-30,XRP,3.1283
2023-07-31,XRP,3.3703
2023-08-01,XRP,3.0445
2023-08-02,XRP,2.2522
2023-08-03,XRP,3.0473
2023-08-04,XRP,3.9566
2023-08-05,XRP,2.9545
2023-08-06,XRP,2.2298
2023-08-07,XRP,3.4376
2023-08-08,XRP,2.9299
2023-08-09,XRP,3.8833
2023-08-10,XRP,2.4314
2023-08-11,XRP,1.7944
2023-08-12,XRP,1.1205
2023-08-13,XRP,1.431
2023-08-14,XRP,1.7015
2023-08-15,XRP,3.8899
2023-08-16,XRP,3.8115
2023-08-17,XRP,17.1887
2023-08-18,XRP,5.884
2023-08-19,XRP,3.5916
2023-08-20,XRP,4.1314
2023-08-21,XRP,3.8136
2023-08-22,XRP,3.5961
2023-08-23,XRP,2.8224
2023-08-24,XRP,2.2052
2023-08-25,XRP,3.17
2023-08-26,XRP,1.5635
2023-08-27,XRP,1.8055
2023-08-28,XRP,2.0701
2023-08-29,XRP,3.6795
2023-08-30,XRP,2.1844
2023-08-31,XRP,3.9047
2023-09-01,XRP,2.9943
2023-09-02,XRP,1.6506
2023-09-03,XRP,2.2537
2023-09-04,XRP,2.2076
2023-09-05,XRP,1.6844
2023-09-06,XRP,1.936
2023-09-07,XRP,1.5852
2023-09-08,XRP,1.6756
2023-09-09,XRP,0.9568
2023-09-10,XRP,1.7618
2023-09-11,XRP,3.7809
2023-09-12,XRP,2.8089
2023-09-13,XRP,3.7294
2023-09-14,XRP,2.0632
2023-09-15,XRP,2.7127
2023-09-16,XRP,1.5268
2023-09-17,XRP,1.9333
2023-09-18,XRP,2.435
2023-09-19,XRP,2.4224
2023-09-20,XRP,3.3209
2023-09-21,XRP,2.4493
2023-09-22,XRP,2.1177
2023-09-23,XRP,1.3283
2023-09-24,XRP,1.7943
2023-09-25,XRP,2.5046
2023-09-26,XRP,2.0742
2023-09-27,XRP,1.9661
2023-09-28,XRP,1.9913
2023-09-29,XRP,4.9289
2023-09-30,XRP,1.6761
2023-10-01,XRP,1.9074
2023-10-02,XRP,3.9698
2023-10-03,XRP,4.7587
2023-10-04,XRP,4.2168
2023-10-05,XRP,2.5452
2023-10-06,XRP,1.8721
2023-10-07,XRP,1.1142
2023-10-08,XRP,1.0962
2023-10-09,XRP,3.2619
2023-10-10,XRP,1.8857
2023-10-11,XRP,2.8594
2023-10-12,XRP,2.2691
2023-10-13,XRP,2.0864
2023-10-14,XRP,1.0821
2023-10-15,XRP,1.2232
2023-10-16,XRP,2.9969
2023-10-17,XRP,1.7995
2023-10-18,XRP,1.8292
2023-10-19,XRP,4.2892
2023-10-20,XRP,3.4055
2023-10-21,XRP,2.195
2023-10-22,XRP,2.0506
2023-10-23,XRP,3.951
2023-10-24,XRP,7.2142
2023-10-25,XRP,3.4368
2023-10-26,XRP,3.4284
2023-10-27,XRP,3.1379
2023-10-28,XRP,1.4376
2023-10-29,XRP,1.9938
2023-10-30,XRP,3.5262
2023-10-31,XRP,5.2008
2023-11-01,XRP,4.1546
2023-11-02,XRP,4.1567
2023-11-03,XRP,3.537
2023-11-04,XRP,1.9565
2023-11-05,XRP,4.4572
2023-11-06,XRP,5.7299
2023-11-07,XRP,7.8283
2023-11-08,XRP,3.5312
2023-11-09,XRP,8.5217
2023-11-10,XRP,3.7496
2023-11-11,XRP,4.318
2023-11-12,XRP,2.859
2023-11-13,XRP,11.5144
2023-11-14,XRP,6.0814
2023-11-15,XRP,3.1011
2023-11-16,XRP,4.1096
2023-11-17,XRP,3.6158
2023-11-18,XRP,2.6029
2023-11-19,XRP,2.8029
2023-11-20,XRP,2.6752
2023-11-21,XRP,4.0098
2023-11-22,XRP,2.794
2023-11-23,XRP,2.672
2023-11-24,XRP,2.407
2023-11-25,XRP,1.2912
2023-11-26,XRP,2.5915
2023-11-27,XRP,2.5763
2023-11-28,XRP,2.2981
2023-11-29,XRP,2.008
2023-11-30,XRP,1.7455
2023-12-01,XRP,1.5412
2023-12-02,XRP,1.2764
2023-12-03,XRP,2.0503
2023-12-04,XRP,7.3163
2023-12-05,XRP,2.6913
2023-12-06,XRP,3.7458
2023-12-07,XRP,3.5104
2023-12-08,XRP,3.0326
2023-12-09,XRP,4.6188
2023-12-10,XRP,2.7821
2023-12-11,XRP,5.559
2023-12-12,XRP,2.7149
2023-12-13,XRP,3.0555
2023-12-14,XRP,2.8383
2023-12-15,XRP,2.6346
2023-12-16,XRP,1.5525
2023-12-17,XRP,2.2978
2023-12-18,XRP,2.7858
2023-12-19,XRP,2.1539
2023-12-20,XRP,2.8356
2023-12-21,XRP,2.0398
2023-12-22,XRP,3.0179
2023-12-23,XRP,1.5559
2023-12-24,XRP,2.5044
2023-12-25,XRP,3.4489
2023-12-26,XRP,3.7663
2023-12-27,XRP,2.9444
2023-12-28,XRP,3.9384
2023-12-29,XRP,2.8652
2023-12-30,XRP,1.8541
2023-12-31,XRP,1.9141
2024-01-01,XRP,1.5121
2024-01-02,XRP,2.4649
2024-01-03,XRP,13.6651
2024-01-04,XRP,3.4106
2024-01-05,XRP,4.4632
2024-01-06,XRP,2.506
2024-01-07,XRP,2.8505
2024-01-08,XRP,5.5335
2024-01-09,XRP,5.6978
2024-01-10,XRP,6.1334
2024-01-11,XRP,4.5149
2024-01-12,XRP,4.5965
2024-01-13,XRP,2.3295
2024-01-14,XRP,3.1418
2024-01-15,XRP,2.4207
2024-01-16,XRP,2.2369
2024-01-17,XRP,2.1529
2024-01-18,XRP,2.3296
2024-01-19,XRP,3.0633
2024-01-20,XRP,2.1245
2024-01-21,XRP,1.5053
2024-01-22,XRP,3.2646
2024-01-23,XRP,3.84
2024-01-24,XRP,2.3501
2024-01-25,XRP,2.2718
2024-01-26,XRP,2.513
2024-01-27,XRP,1.4724
2024-01-28,XRP,1.6871
2024-01-29,XRP,2.3076
2024-01-30,XRP,2.9736
2024-01-31,XRP,4.0298
2024-02-01,XRP,2.6557
2024-02-02,XRP,2.2497
2024-02-03,XRP,2.9777
2024-02-04,XRP,1.9379
2024-02-05,XRP,2.4698
2024-02-06,XRP,2.2515
2024-02-07,XRP,2.2684
2024-02-08,XRP,2.2768
2024-02-09,XRP,2.1584
2024-02-10,XRP,1.3357
2024-02-11,XRP,1.9791
2024-02-12,XRP,2.4916
2024-02-13,XRP,2.4692
2024-02-14,XRP,2.3108
2024-02-15,XRP,4.117
2024-02-16,XRP,3.3895
2024-02-17,XRP,2.3314
2024-02-18,XRP,2.0737
2024-02-19,XRP,2.5821
2024-02-20,XRP,4.1071
2024-02-21,XRP,3.4447
2024-02-22,XRP,2.6721
2024-02-23,XRP,2.7914
2024-02-24,XRP,1.7401
2024-02-25,XRP,1.492
2024-02-26,XRP,2.3184
2024-02-27,XRP,4.0611
2024-02-28,XRP,9.9899
2024-02-29,XRP,6.2944
2024-03-01,XRP,3.6
2024-03-02,XRP,5.2399
2024-03-03,XRP,4.9365
2024-03-04,XRP,5.7978
2024-03-05,XRP,9.2688
2024-03-06,XRP,5.289
2024-03-07,XRP,4.8841
2024-03-08,XRP,5.0038
2024-03-09,XRP,2.4526
2024-03-10,XRP,2.7063
2024-03-11,XRP,8.8623
2024-03-12,XRP,7.0466
2024-03-13,XRP,3.7702
2024-03-14,XRP,5.8508
2024-03-15,XRP,6.9659
2024-03-16,XRP,5.0535
2024-03-17,XRP,3.7505
2024-03-18,XRP,5.4129
2024-03-19,XRP,6.9201
2024-03-20,XRP,5.2328
2024-03-21,XRP,5.7888
2024-03-22,XRP,4.6481
2024-03-23,XRP,2.8212
2024-03-24,XRP,2.8912
2024-03-25,XRP,3.5185
2024-03-26,XRP,2.959
2024-03-27,XRP,3.3599
2024-03-28,XRP,3.476
2024-03-29,XRP,3.3935
2024-03-30,XRP,2.1734
2024-03-31,XRP,1.4264
2024-04-01,XRP,3.5969
2024-04-02,XRP,4.6021
2024-04-03,XRP,3.4647
2024-04-04,XRP,4.847
2024-04-05,XRP,3.0463
2024-04-06,XRP,1.8608
2024-04-07,XRP,1.9903
2024-04-08,XRP,3.3709
2024-04-09,XRP,4.478
2024-04-10,XRP,3.7124
2024-04-11,XRP,2.5862
2024-04-12,XRP,8.4657
2024-04-13,XRP,11.6942
2024-04-14,XRP,6.4238
2024-04-15,XRP,5.1303
2024-04-16,XRP,4.9965
2024-04-17,XRP,4.6354
2024-04-18,XRP,3.6955
2024-04-19,XRP,5.0323
2024-04-20,XRP,3.5073
2024-04-21,XRP,3.0696
2024-04-22,XRP,3.855
2024-04-23,XRP,2.8411
2024-04-24,XRP,3.4167
2024-04-25,XRP,3.1995
2024-04-26,XRP,3.1735
2024-04-27,XRP,2.6883
2024-04-28,XRP,2.0499
2024-04-29,XRP,3.2838
2024-04-30,XRP,3.9578
2024-05-01,XRP,4.5099
2024-05-02,XRP,3.091
2024-05-03,XRP,2.4839
2024-05-04,XRP,1.9454
2024-05-05,XRP,1.7418
2024-05-06,XRP,4.6424
2024-05-07,XRP,2.8323
2024-05-08,XRP,2.9366
2024-05-09,XRP,2.3985
2024-05-10,XRP,2.6498
2024-05-11,XRP,1.6264
2024-05-12,XRP,1.5054
2024-05-13,XRP,3.2163
2024-05-14,XRP,2.9094
2024-05-15,XRP,2.4097
2024-05-16,XRP,2.2807
2024-05-17,XRP,1.9342
2024-05-18,XRP,1.2914
2024-05-19,XRP,1.6392
2024-05-20,XRP,2.6664
2024-05-21,XRP,3.1834
2024-05-22,XRP,2.6065
2024-05-23,XRP,6.2984
2024-05-24,XRP,2.6908
2024-05-25,XRP,1.5495
2024-05-26,XRP,1.5584
2024-05-27,XRP,2.2328
2024-05-28,XRP,2.6922
2024-05-29,XRP,2.2689
2024-05-30,XRP,2.3561
2024-05-31,XRP,2.2849
2024-06-01,XRP,1.1042
2024-06-02,XRP,1.6958
2024-06-03,XRP,1.9345
2024-06-04,XRP,2.0248
2024-06-05,XRP,1.7603
2024-06-06,XRP,1.5938
2024-06-07,XRP,9.1595
2024-06-08,XRP,1.7058
2024-06-09,XRP,1.0947
2024-06-10,XRP,2.1902
2024-06-11,XRP,4.5684
2024-06-12,XRP,3.2916
2024-06-13,XRP,2.5032
2024-06-14,XRP,2.9765
2024-06-15,XRP,2.4566
2024-06-16,XRP,2.0644
2024-06-17,XRP,4.8012
2024-06-18,XRP,5.7408
2024-06-19,XRP,2.5502
2024-06-20,XRP,2.7463
2024-06-21,XRP,3.2086
2024-06-22,XRP,1.2088
2024-06-23,XRP,1.6275
2024-06-24,XRP,3.4942
2024-06-25,XRP,1.9984
2024-06-26,XRP,2.1098
2024-06-27,XRP,1.7697
2024-06-28,XRP,2.252
2024-06-29,XRP,0.9615
2024-06-30,XRP,1.2162
2024-07-01,XRP,1.9745
2024-07-02,XRP,1.9704
2024-07-03,XRP,2.5826
2024-07-04,XRP,4.7806
2024-07-05,XRP,7.4826
2024-07-06,XRP,2.3918
2024-07-07,XRP,2.885
2024-07-08,XRP,5.0489
2024-07-09,XRP,2.724
2024-07-10,XRP,2.3558
2024-07-11,XRP,2.918
2024-07-12,XRP,4.2982
2024-07-13,XRP,5.9477
2024-07-14,XRP,4.5396
2024-07-15,XRP,3.7442
2024-07-16,XRP,6.1866
2024-07-17,XRP,6.1457
2024-07-18,XRP,5.769
2024-07-19,XRP,4.904
2024-07-20,XRP,3.9979
2024-07-21,XRP,4.2575
2024-07-22,XRP,4.7011
2024-07-23,XRP,4.3716
2024-07-24,XRP,4.4906
2024-07-25,XRP,6.2165
2024-07-26,XRP,3.2823
2024-07-27,XRP,3.2252
2024-07-28,XRP,2.5845
2024-07-29,XRP,2.6813
2024-07-30,XRP,4.9877
2024-07-31,XRP,5.02
2024-08-01,XRP,5.0937
2024-08-02,XRP,5.6664
2024-08-03,XRP,5.0075
2024-08-04,XRP,4.3017
2024-08-05,XRP,12.9235
2024-08-06,XRP,5.5577
2024-08-07,XRP,13.063
2024-08-08,XRP,7.6265
2024-08-09,XRP,5.0162
2024-08-10,XRP,3.5878
2024-08-11,XRP,3.6714
2024-08-12,XRP,4.5056
2024-08-13,XRP,3.831
2024-08-14,XRP,3.2388
2024-08-15,XRP,3.1148
2024-08-16,XRP,2.9978
2024-08-17,XRP,1.4366
2024-08-18,XRP,2.2021
2024-08-19,XRP,4.0142
2024-08-20,XRP,2.9839
2024-08-21,XRP,2.8241
2024-08-22,XRP,2.2163
2024-08-23,XRP,2.3607
2024-08-24,XRP,2.8645
2024-08-25,XRP,2.1699
2024-08-26,XRP,2.7403
2024-08-27,XRP,4.1129
2024-08-28,XRP,3.5555
2024-08-29,XRP,2.5296
2024-08-30,XRP,2.7173
2024-08-31,XRP,1.4475
2024-09-01,XRP,2.4124
2024-09-02,XRP,2.3197
2024-09-03,XRP,2.2249
2024-09-04,XRP,3.3302
2024-09-05,XRP,2.4415
2024-09-06,XRP,4.0158
2024-09-07,XRP,1.7663
2024-09-08,XRP,1.675
2024-09-09,XRP,2.1687
2024-09-10,XRP,1.7888
2024-09-11,XRP,2.3102
2024-09-12,XRP,4.9825
2024-09-13,XRP,2.867
2024-09-14,XRP,2.9748
2024-09-15,XRP,2.3176
2024-09-16,XRP,2.8714
2024-09-17,XRP,2.3345
2024-09-18,XRP,2.7831
2024-09-19,XRP,2.4535
2024-09-20,XRP,2.3511
2024-09-21,XRP,2.7911
2024-09-22,XRP,2.5298
2024-09-23,XRP,2.4407
2024-09-24,XRP,2.0495
2024-09-25,XRP,1.8457
2024-09-26,XRP,2.0644
2024-09-27,XRP,1.9944
2024-09-28,XRP,4.0457
2024-09-29,XRP,4.0576
2024-09-30,XRP,3.8111
2024-10-01,XRP,7.0967
2024-10-02,XRP,5.6335
2024-10-03,XRP,5.4167
2024-10-04,XRP,3.2232
2024-10-05,XRP,2.1582
2024-10-06,XRP,1.8342
2024-10-07,XRP,2.8761
2024-10-08,XRP,2.4741
2024-10-09,XRP,2.1624
2024-10-10,XRP,3.3722
2024-10-11,XRP,1.8673
2024-10-12,XRP,1.3713
2024-10-13,XRP,1.5483
2024-10-14,XRP,2.0677
2024-10-15,XRP,3.0141
2024-10-16,XRP,2.3856
2024-10-17,XRP,3.1743
2024-10-18,XRP,2.1468
2024-10-19,XRP,1.34
2024-10-20,XRP,1.5575
2024-10-21,XRP,2.625
2024-10-22,XRP,2.4704
2024-10-23,XRP,2.2821
2024-10-24,XRP,1.9273
2024-10-25,XRP,3.4007
2024-10-26,XRP,1.8333
2024-10-27,XRP,1.2742
2024-10-28,XRP,2.0003
2024-10-29,XRP,1.8511
2024-10-30,XRP,1.7703
2024-10-31,XRP,2.273
2024-11-01,XRP,3.2686
2024-11-02,XRP,1.552
2024-11-03,XRP,2.7515
2024-11-04,XRP,2.397
2024-11-05,XRP,2.1977
2024-11-06,XRP,3.756
2024-11-07,XRP,3.7003
2024-11-08,XRP,2.7134
2024-11-09,XRP,2.3452
2024-11-10,XRP,6.4139
2024-11-11,XRP,5.8584
2024-11-12,XRP,12.9728
2024-11-13,XRP,9.8591
2024-11-14,XRP,11.4535
2024-11-15,XRP,11.3933
2024-11-16,XRP,15.7495
2024-11-17,XRP,11.3431
2024-11-18,XRP,9.2819
2024-11-19,XRP,6.909
2024-11-20,XRP,6.9826
2024-11-21,XRP,8.7052
2024-11-22,XRP,12.0091
2024-11-23,XRP,12.1336
2024-11-24,XRP,10.3106
2024-11-25,XRP,10.0164
2024-11-26,XRP,8.8388
2024-11-27,XRP,6.8269
2024-11-28,XRP,5.5778
2024-11-29,XRP,7.7173
2024-11-30,XRP,8.3736
2024-12-01,XRP,9.72
2024-12-02,XRP,16.3092
2024-12-03,XRP,16.1764
2024-12-04,XRP,10.4106
2024-12-05,XRP,10.9639
2024-12-06,XRP,7.1822
2024-12-07,XRP,5.689
2024-12-08,XRP,5.1414
2024-12-09,XRP,13.1008
2024-12-10,XRP,13.4676
2024-12-11,XRP,7.7537
2024-12-12,XRP,6.2386
2024-12-13,XRP,4.9138
2024-12-14,XRP,4.3561
2024-12-15,XRP,3.6805
2024-12-16,XRP,6.0245
2024-12-17,XRP,6.8219
2024-12-18,XRP,8.6879
2024-12-19,XRP,9.1432
2024-12-20,XRP,10.6702
2024-12-21,XRP,6.1016
2024-12-22,XRP,5.217
2024-12-23,XRP,5.981
2024-12-24,XRP,4.1034
2024-12-25,XRP,3.2923
2024-12-26,XRP,4.5654
2024-12-27,XRP,4.482
2024-12-28,XRP,2.6143
2024-12-29,XRP,2.8487
2024-12-30,XRP,5.2931
2024-12-31,XRP,4.1082
2025-01-01,XRP,4.9873
2025-01-02,XRP,4.8741
2025-01-03,XRP,3.8998
2025-01-04,XRP,3.057
2025-01-05,XRP,2.8852
2025-01-06,XRP,3.2425
2025-01-07,XRP,5.6182
2025-01-08,XRP,6.3269
2025-01-09,XRP,4.6595
2025-01-10,XRP,4.3357
2025-01-11,XRP,4.5617
2025-01-12,XRP,3.7793
2025-01-13,XRP,6.9028
2025-01-14,XRP,4.3867
2025-01-15,XRP,8.9078
2025-01-16,XRP,9.4846
2025-01-17,XRP,5.4142
2025-01-18,XRP,5.7492
2025-01-19,XRP,8.5145
2025-01-20,XRP,10.6798
2025-01-21,XRP,6.4467
2025-01-22,XRP,4.7925
2025-01-23,XRP,4.9721
2025-01-24,XRP,3.6143
2025-01-25,XRP,2.1612
2025-01-26,XRP,2.357
2025-01-27,XRP,8.6761
2025-01-28,XRP,5.0075
2025-01-29,XRP,4.918
2025-01-30,XRP,2.8939
2025-01-31,XRP,2.6927
2025-02-01,XRP,3.8528
2025-02-02,XRP,10.0749
2025-02-03,XRP,21.4906
2025-02-04,XRP,9.6186
2025-02-05,XRP,6.4867
2025-02-06,XRP,6.467
2025-02-07,XRP,7.4578
2025-02-08,XRP,3.9155
2025-02-09,XRP,4.3571
2025-02-10,XRP,4.6122
2025-02-11,XRP,4.2842
2025-02-12,XRP,4.9983
2025-02-13,XRP,4.4776
2025-02-14,XRP,6.3214
2025-02-15,XRP,4.0024
2025-02-16,XRP,3.3502
2025-02-17,XRP,4.2411
2025-02-18,XRP,4.782
2025-02-19,XRP,4.5458
2025-02-20,XRP,3.3556
2025-02-21,XRP,4.7088
2025-02-22,XRP,2.2292
2025-02-23,XRP,2.399
2025-02-24,XRP,6.8304
2025-02-25,XRP,10.6347
2025-02-26,XRP,6.4918
2025-02-27,XRP,5.3748
2025-02-28,XRP,7.4722
2025-03-01,XRP,3.7612
2025-03-02,XRP,14.5024
2025-03-03,XRP,10.3227
2025-03-04,XRP,11.3156
2025-03-05,XRP,5.8502
2025-03-06,XRP,5.852
2025-03-07,XRP,8.6603
2025-03-08,XRP,4.3227
2025-03-09,XRP,6.1115
2025-03-10,XRP,8.0345
2025-03-11,XRP,8.3376
2025-03-12,XRP,6.4756
2025-03-13,XRP,5.2212
2025-03-14,XRP,3.9723
2025-03-15,XRP,3.3494
2025-03-16,XRP,3.8605
2025-03-17,XRP,3.1975
2025-03-18,XRP,3.3352
2025-03-19,XRP,7.5412
2025-03-20,XRP,3.8553
2025-03-21,XRP,3.422
2025-03-22,XRP,2.1477
2025-03-23,XRP,2.1169
2025-03-24,XRP,2.7464
2025-03-25,XRP,2.7341
2025-03-26,XRP,2.9177
2025-03-27,XRP,2.8676
2025-03-28,XRP,3.9134
2025-03-29,XRP,4.6946
2025-03-30,XRP,3.8239
2025-03-31,XRP,5.0805
2025-04-01,XRP,4.4594
2025-04-02,XRP,6.4907
2025-04-03,XRP,5.0182
2025-04-04,XRP,6.1732
2025-04-05,XRP,2.7576
2025-04-06,XRP,6.0359
2025-04-07,XRP,12.5176
2025-04-08,XRP,6.7891
2025-04-09,XRP,8.9479
2025-04-10,XRP,5.4925
2025-04-11,XRP,3.9115
2025-04-12,XRP,3.9923
2025-04-13,XRP,4.9933
2025-04-14,XRP,4.0487
2025-04-15,XRP,3.403
2025-04-16,XRP,4.2174
2025-04-17,XRP,3.085
2025-04-18,XRP,2.403
2025-04-19,XRP,1.7624
2025-04-20,XRP,1.9512
2025-04-21,XRP,2.8131
2025-04-22,XRP,3.8875
2025-04-23,XRP,4.2844
2025-04-24,XRP,4.3547
2025-04-25,XRP,2.879
2025-04-26,XRP,2.7633
2025-04-27,XRP,3.6689
2025-04-28,XRP,3.535
2025-04-29,XRP,2.6069
2025-04-30,XRP,3.5569
2025-05-01,XRP,2.3313
2025-05-02,XRP,2.2771
2025-05-03,XRP,1.8056
2025-05-04,XRP,2.2635
2025-05-05,XRP,2.9404
2025-05-06,XRP,2.9558
2025-05-07,XRP,2.4118
2025-05-08,XRP,3.7568
2025-05-09,XRP,5.0194
2025-05-10,XRP,3.6505
2025-05-11,XRP,3.9649
2025-05-12,XRP,7.0942
2025-05-13,XRP,4.8405
2025-05-14,XRP,4.4954
2025-05-15,XRP,4.7392
2025-05-16,XRP,3.9428
2025-05-17,XRP,3.6181
2025-05-18,XRP,3.4241
2025-05-19,XRP,3.8971
2025-05-20,XRP,2.9678
2025-05-21,XRP,3.4183
2025-05-22,XRP,2.7772
2025-05-23,XRP,3.9597
2025-05-24,XRP,2.1825
2025-05-25,XRP,2.6319
2025-05-26,XRP,2.0043
2025-05-27,XRP,2.4962
2025-05-28,XRP,2.3787
2025-05-29,XRP,2.7437
2025-05-30,XRP,4.3326
2025-05-31,XRP,3.567
2025-06-01,XRP,2.3783
2025-06-02,XRP,2.5202
2025-06-03,XRP,2.5482
2025-06-04,XRP,2.3148
2025-06-05,XRP,3.79
2025-06-06,XRP,2.3667
2025-06-07,XRP,1.3684
2025-06-08,XRP,2.7483
2025-06-09,XRP,2.4506
2025-06-10,XRP,2.5876
2025-06-11,XRP,2.8034
2025-06-12,XRP,2.617
2025-06-13,XRP,4.1038
2025-06-14,XRP,2.3312
2025-06-15,XRP,1.6967
2025-06-16,XRP,3.4213
2025-06-17,XRP,3.6174
2025-06-18,XRP,3.1227
2025-06-19,XRP,2.0061
2025-06-20,XRP,2.568
2025-06-21,XRP,4.0959
2025-06-22,XRP,5.0189
2025-06-23,XRP,4.2369
2025-06-24,XRP,3.3347
2025-06-25,XRP,2.661
2025-06-26,XRP,2.7838
2025-06-27,XRP,3.1048
2025-06-28,XRP,2.0064
2025-06-29,XRP,1.4383
2025-06-30,XRP,3.2377
2025-07-01,XRP,2.7019
2025-07-02,XRP,3.0814
2025-07-03,XRP,2.9358
2025-07-04,XRP,2.0895
2025-07-05,XRP,1.2796
2025-07-06,XRP,2.1264
2025-07-07,XRP,3.3429
2025-07-08,XRP,2.2226
2025-07-09,XRP,2.9871
2025-07-10,XRP,3.3508
2025-07-11,XRP,7.9288
2025-07-12,XRP,4.973
2025-07-13,XRP,4.4744
2025-07-14,XRP,5.783
2025-07-15,XRP,5.1528
2025-07-16,XRP,4.0681
2025-07-17,XRP,7.1677
2025-07-18,XRP,7.0559
2025-07-19,XRP,3.9305
2025-07-20,XRP,4.2074
2025-07-21,XRP,4.1007
2025-07-22,XRP,4.5628
2025-07-23,XRP,6.6848
2025-07-24,XRP,6.6199
2025-07-25,XRP,5.5866
2025-07-26,XRP,2.4973
2025-07-27,XRP,3.0623
2025-07-28,XRP,4.1833
2025-07-29,XRP,4.054
2025-07-30,XRP,4.1829
2025-07-31,XRP,3.222
2025-08-01,XRP,6.0794
2025-08-02,XRP,4.5387
2025-08-03,XRP,3.5313
2025-08-04,XRP,3.513
2025-08-05,XRP,3.5704
2025-08-06,XRP,3.1882
2025-08-07,XRP,3.8187
2025-08-08,XRP,4.4609
2025-08-09,XRP,2.8179
2025-08-10,XRP,3.1119
2025-08-11,XRP,4.2245
2025-08-12,XRP,3.3908
2025-08-13,XRP,3.5189
2025-08-14,XRP,5.3267
2025-08-15,XRP,3.6534
2025-08-16,XRP,2.2595
2025-08-17,XRP,1.8373
2025-08-18,XRP,3.4734
2025-08-19,XRP,3.6112
2025-08-20,XRP,3.475
2025-08-21,XRP,3.0192
2025-08-22,XRP,5.259
2025-08-23,XRP,2.427
2025-08-24,XRP,3.6057
2025-08-25,XRP,3.8048
2025-08-26,XRP,3.5504
2025-08-27,XRP,3.3706
2025-08-28,XRP,2.3631
2025-08-29,XRP,3.468
2025-08-30,XRP,2.0775
2025-08-31,XRP,1.8224
2025-09-01,XRP,3.4363
2025-09-02,XRP,3.0293
2025-09-03,XRP,2.2818
2025-09-04,XRP,2.173
2025-09-05,XRP,2.7551
2025-09-06,XRP,1.0479
2025-09-07,XRP,2.0846
2025-09-08,XRP,2.5144
2025-09-09,XRP,2.3652
2025-09-10,XRP,2.0621
2025-09-11,XRP,3.3856
2025-09-12,XRP,2.3701
2025-09-13,XRP,2.6582
2025-09-14,XRP,2.2086
2025-09-15,XRP,3.3249
2025-09-16,XRP,2.2608
2025-09-17,XRP,3.2312
2025-09-18,XRP,2.2512
2025-09-19,XRP,1.999
2025-09-20,XRP,1.3452
2025-09-21,XRP,1.5363
2025-09-22,XRP,5.4667
2025-09-23,XRP,2.5923
2025-09-24,XRP,2.7364
2025-09-25,XRP,3.6881
2025-09-26,XRP,3.4018
2025-09-27,XRP,1.5621
2025-09-28,XRP,1.9744
2025-09-29,XRP,2.4616
2025-09-30,XRP,2.2435
2025-10-01,XRP,2.408
2025-10-02,XRP,2.9334
2025-10-03,XRP,3.1567
2025-10-04,XRP,1.697
2025-10-05,XRP,2.4045
2025-10-06,XRP,2.3013
2025-10-07,XRP,2.587
2025-10-08,XRP,2.3245
2025-10-09,XRP,2.5474
2025-10-10,XRP,38.4682
2025-10-11,XRP,7.1486
2025-10-12,XRP,6.0075
2025-10-13,XRP,4.8917
2025-10-14,XRP,5.4123
2025-10-15,XRP,4.002
2025-10-16,XRP,5.2284
2025-10-17,XRP,5.8672
2025-10-18,XRP,2.6436
2025-10-19,XRP,2.9317
2025-10-20,XRP,3.4124
2025-10-21,XRP,3.6921
2025-10-22,XRP,3.7678
2025-10-23,XRP,2.5346
2025-10-24,XRP,3.1466
2025-10-25,XRP,2.8633
2025-10-26,XRP,2.7223
2025-10-27,XRP,3.3013
2025-10-28,XRP,3.8018
2025-10-29,XRP,4.427
2025-10-30,XRP,4.2727
2025-10-31,XRP,3.152
2025-11-01,XRP,1.8636
2025-11-02,XRP,2.2666
2025-11-03,XRP,5.2545
2025-11-04,XRP,7.9326
2025-11-05,XRP,5.357
2025-11-06,XRP,4.5024
2025-11-07,XRP,5.0508
2025-11-08,XRP,3.2516
2025-11-09,XRP,3.3502
2025-11-10,XRP,4.7674
2025-11-11,XRP,3.8169
2025-11-12,XRP,3.6788
2025-11-13,XRP,5.6419
2025-11-14,XRP,5.8755
2025-11-15,XRP,3.2894
2025-11-16,XRP,4.2901
2025-11-17,XRP,5.5105
2025-11-18,XRP,5.0824
2025-11-19,XRP,4.3926
2025-11-20,XRP,4.6974
2025-11-21,XRP,7.1574
2025-11-22,XRP,4.1537
2025-11-23,XRP,3.793
2025-11-24,XRP,5.3692
2025-11-25,XRP,3.9283
2025-11-26,XRP,3.2762
2025-11-27,XRP,2.4441
2025-11-28,XRP,3.3892
2025-11-29,XRP,2.3415
2025-11-30,XRP,2.0164
2025-12-01,XRP,4.7263
2025-12-02,XRP,3.6571
2025-12-03,XRP,3.3845
2025-12-04,XRP,3.1912
2025-12-05,XRP,3.2403
2025-12-06,XRP,1.9567
2025-12-07,XRP,3.4585
2025-12-08,XRP,3.1823
2025-12-09,XRP,3.6144
2025-12-10,XRP,3.7523
2025-12-11,XRP,3.1358
2025-12-12,XRP,2.9381
2025-12-13,XRP,1.6381
2025-12-14,XRP,2.3016
2025-12-15,XRP,3.164
2025-12-16,XRP,3.6686
2025-12-17,XRP,3.7
2025-12-18,XRP,3.9988
2025-12-19,XRP,3.9608
2025-12-20,XRP,2.1328
2025-12-21,XRP,2.2528
2025-12-22,XRP,2.7874
2025-12-23,XRP,2.501
2025-12-24,XRP,2.3017
2025-12-25,XRP,1.8296
2025-12-26,XRP,2.7263
2025-12-27,XRP,1.3237
2025-12-28,XRP,1.3477
2025-12-29,XRP,2.2644
2025-12-30,XRP,1.7379
2025-12-31,XRP,1.7609
2026-01-01,XRP,1.4932
2026-01-02,XRP,3.2413
2026-01-03,XRP,2.3539
2026-01-04,XRP,3.2008
2026-01-05,XRP,4.4238
2026-01-06,XRP,5.1138
2026-01-07,XRP,3.9481
2026-01-08,XRP,4.0429
2026-01-09,XRP,3.7677
2026-01-10,XRP,1.5139
2026-01-11,XRP,2.0801
2026-01-12,XRP,3.1082
2026-01-13,XRP,3.3484
2026-01-14,XRP,3.2751
2026-01-15,XRP,2.8157
2026-01-16,XRP,2.0777
2026-01-17,XRP,1.4301
2026-01-18,XRP,1.9981
2026-01-19,XRP,5.3976
2026-01-20,XRP,3.4894
2026-01-21,XRP,4.2612
2026-01-22,XRP,2.6791
2026-01-23,XRP,2.6645
2026-01-24,XRP,1.0248
2026-01-25,XRP,2.6756
2026-01-26,XRP,3.1943
2026-01-27,XRP,2.5591
2026-01-28,XRP,2.674
2026-01-29,XRP,3.4306
2026-01-30,XRP,5.9192
2026-01-31,XRP,8.7708
2026-02-01,XRP,5.3828
2026-02-02,XRP,6.8911
2026-02-03,XRP,5.1493
2026-02-04,XRP,5.5455
2026-02-05,XRP,11.8401
2026-02-06,XRP,10.9511
2026-02-07,XRP,6.2015
2026-02-08,XRP,4.3261
2026-02-09,XRP,4.6837
2026-02-10,XRP,3.8429
2026-02-11,XRP,4.6803
2026-02-12,XRP,3.8732
2026-02-13,XRP,3.6611
2026-02-14,XRP,3.2979
2026-02-15,XRP,6.1081
2026-02-16,XRP,4.6031
2026-02-17,XRP,3.9524
2026-02-18,XRP,3.3956
2026-02-19,XRP,3.6582
2026-02-20,XRP,4.1444
2026-02-21,XRP,2.1508
2026-02-22,XRP,2.0487
2026-02-23,XRP,4.5375
2026-02-24,XRP,4.0923
2026-02-25,XRP,4.5401
2026-02-26,XRP,4.1955
2026-02-27,XRP,3.3798
2026-02-28,XRP,5.0563
2026-03-01,XRP,4.6007
2026-03-02,XRP,4.5208
2026-03-03,XRP,3.7663
2026-03-04,XRP,4.3718
2026-03-05,XRP,3.5083
2026-03-06,XRP,2.6856
2026-03-07,XRP,1.6694
2026-03-08,XRP,2.6284
2026-03-09,XRP,3.3932
2026-03-10,XRP,3.5943
2026-03-11,XRP,2.8558
2026-03-12,XRP,2.4316
2026-03-13,XRP,3.3441
2026-03-14,XRP,1.3839
2026-03-15,XRP,2.5577
2026-03-16,XRP,4.0539
2026-03-17,XRP,4.1912
2026-03-18,XRP,3.1034
2026-03-19,XRP,3.1754
2026-03-20,XRP,2.6494
2026-03-21,XRP,1.566
2026-03-22,XRP,2.5259
2026-03-23,XRP,4.8775
2026-03-24,XRP,2.6486
2026-03-25,XRP,2.1969
2026-03-26,XRP,2.4909
2026-03-27,XRP,2.566
2026-03-28,XRP,1.8078
2026-03-29,XRP,2.0762
2026-03-30,XRP,2.6045
2026-03-31,XRP,2.8447
2026-04-01,XRP,2.2804
2026-04-02,XRP,2.666
2026-04-03,XRP,1.8952
2026-04-04,XRP,1.0702
2026-04-05,XRP,1.9173
2026-04-06,XRP,2.376
2026-04-07,XRP,2.7796
2026-04-08,XRP,2.4124
2026-04-09,XRP,2.382
2026-04-10,XRP,1.947
2026-04-11,XRP,1.5529
2026-04-12,XRP,1.9453
2026-04-13,XRP,2.3076
2026-04-14,XRP,2.325
2026-04-15,XRP,2.3345
2026-04-16,XRP,3.3173
2026-04-17,XRP,3.3214
2026-04-18,XRP,2.3943
2026-04-19,XRP,2.7872
2026-04-20,XRP,2.6075
2026-04-21,XRP,2.2806
2026-04-22,XRP,1.9326
2026-04-23,XRP,2.1657
2026-04-24,XRP,1.7639
2026-04-25,XRP,0.9187
2026-04-26,XRP,1.3076
2026-04-27,XRP,1.8808
2026-04-28,XRP,1.5368
2026-04-29,XRP,2.1845
2026-04-30,XRP,1.8603
2026-05-01,XRP,1.6316
2026-05-02,XRP,1.3491
2026-05-03,XRP,1.2173
2026-05-04,XRP,2.4694
2026-05-05,XRP,1.789
2026-05-06,XRP,2.1901
2026-05-07,XRP,1.8834
2026-05-08,XRP,1.6739
2026-05-09,XRP,1.3209
2026-05-10,XRP,3.0333
2026-05-11,XRP,2.6066
2026-05-12,XRP,2.2605
2026-05-13,XRP,2.0947
2026-05-14,XRP,3.447
2026-05-15,XRP,2.6372
2026-05-16,XRP,1.941
2026-05-17,XRP,2.4405
2026-05-18,XRP,3.0105
2026-05-19,XRP,2.0611
2026-05-20,XRP,2.1885
2026-05-21,XRP,2.2284
2026-05-22,XRP,2.4284
2026-05-23,XRP,2.7729
2026-05-24,XRP,1.7936
2026-05-25,XRP,1.5952
2026-05-26,XRP,1.9371
2026-05-27,XRP,2.2746
2026-05-28,XRP,2.9952
2026-05-29,XRP,2.4624
2026-05-30,XRP,2.0637
2026-05-31,XRP,1.6754
2026-06-01,XRP,2.5233
2026-06-02,XRP,3.6636
2026-06-03,XRP,3.8597
2026-06-04,XRP,5.1885
2026-06-05,XRP,6.5377
2026-06-06,XRP,4.799
2026-06-07,XRP,4.4657
2026-06-08,XRP,4.2512
2026-06-09,XRP,3.6449
2026-06-10,XRP,3.9412
2026-06-11,XRP,3.4841
2026-06-12,XRP,2.8104
2026-06-13,XRP,1.8278
2026-06-14,XRP,2.4323
2026-06-15,XRP,4.3647
2026-06-16,XRP,3.166
2026-06-17,XRP,3.848
2026-06-18,XRP,2.8992
2026-06-19,XRP,2.5992
2026-06-20,XRP,2.0709
2026-06-21,XRP,2.2478
2026-06-22,XRP,2.7745
2026-06-23,XRP,2.5612
2026-06-24,XRP,3.5227
2026-06-25,XRP,3.854
2026-06-26,XRP,3.9724
2026-06-27,XRP,2.0856
2026-06-28,XRP,2.4356
2026-06-29,XRP,3.3048
2026-06-30,XRP,2.4828
2026-07-01,XRP,2.7511
2026-07-02,XRP,2.9622
2026-07-03,XRP,2.8337
2026-07-04,XRP,3.3638
2026-07-05,XRP,2.2751
2026-07-06,XRP,3.3078
2026-07-07,XRP,2.4573
2026-07-08,XRP,2.6349
2026-07-09,XRP,2.2038
2026-07-10,XRP,2.2359
2026-07-11,XRP,1.4238
2026-07-12,XRP,1.6619
2026-07-13,XRP,2.4035
2026-07-14,XRP,2.3888
2026-07-15,XRP,2.1975
2026-07-16,XRP,2.0618
2026-07-17,XRP,2.0086
2026-07-18,XRP,1.1975
2026-07-19,XRP,1.5069
2026-07-20,XRP,2.4205
2026-07-21,XRP,2.4751
2026-07-22,XRP,1.9438
2026-07-23,XRP,1.7381
2026-07-24,XRP,1.6221
2026-07-25,XRP,1.1023
2026-07-26,XRP,1.2371
2026-07-27,XRP,2.1761
2026-07-28,XRP,2.0532
2026-07-29,XRP,2.6296
2026-07-30,XRP,1.7964
2026-07-31,XRP,1.8076
2026-08-01,XRP,1.1531
2026-08-02,XRP,1.6184
2026-08-03,XRP,1.7513
2026-08-04,XRP,1.6365
2026-08-05,XRP,1.6178
2026-08-06,XRP,1.9872
2026-08-07,XRP,2.0735
2026-08-08,XRP,1.2153
2026-08-09,XRP,1.1954
2026-08-10,XRP,2.0816
2026-08-11,XRP,2.1617
2026-08-12,XRP,1.5549
2026-08-13,XRP,1.5495
2026-08-14,XRP,1.466
2026-08-15,XRP,0.9218
2026-08-16,XRP,1.0734
2026-08-17,XRP,1.4749
2026-08-18,XRP,1.3507
2026-08-19,XRP,3.9567
2026-08-20,XRP,6.7108
2026-08-21,XRP,8.1028
2026-08-22,XRP,14.3978
2026-08-23,XRP,7.8965
2026-08-24,XRP,5.766
2026-08-25,XRP,4.9164
2026-08-26,XRP,4.4518
2026-08-27,XRP,4.2163
2026-08-28,XRP,3.8769
2026-08-29,XRP,2.0384
2026-08-30,XRP,2.8791
2026-08-31,XRP,3.3729
2022-01-01,BNB,2.308
2022-01-02,BNB,2.0976
2022-01-03,BNB,2.4122
2022-01-04,BNB,2.8161
2022-01-05,BNB,4.9386
2022-01-06,BNB,3.9328
2022-01-07,BNB,5.2083
2022-01-08,BNB,4.3119
2022-01-09,BNB,2.9694
2022-01-10,BNB,5.0925
2022-01-11,BNB,4.4118
2022-01-12,BNB,2.7821
2022-01-13,BNB,3.2996
2022-01-14,BNB,3.5782
2022-01-15,BNB,2.4118
2022-01-16,BNB,2.4385
2022-01-17,BNB,3.2787
2022-01-18,BNB,3.4693
2022-01-19,BNB,3.2603
2022-01-20,BNB,3.8213
2022-01-21,BNB,7.3986
2022-01-22,BNB,9.2033
2022-01-23,BNB,5.7189
2022-01-24,BNB,7.8573
2022-01-25,BNB,4.5541
2022-01-26,BNB,5.9106
2022-01-27,BNB,5.3488
2022-01-28,BNB,4.4433
2022-01-29,BNB,3.115
2022-01-30,BNB,3.0276
2022-01-31,BNB,3.3576
2022-02-01,BNB,3.0547
2022-02-02,BNB,3.2318
2022-02-03,BNB,3.4113
2022-02-04,BNB,3.1586
2022-02-05,BNB,3.586
2022-02-06,BNB,3.0648
2022-02-07,BNB,3.1005
2022-02-08,BNB,3.8548
2022-02-09,BNB,3.0581
2022-02-10,BNB,4.4521
2022-02-11,BNB,4.1265
2022-02-12,BNB,3.2798
2022-02-13,BNB,2.6514
2022-02-14,BNB,2.6999
2022-02-15,BNB,4.4394
2022-02-16,BNB,2.718
2022-02-17,BNB,3.3577
2022-02-18,BNB,3.4073
2022-02-19,BNB,2.6824
2022-02-20,BNB,3.1863
2022-02-21,BNB,4.9218
2022-02-22,BNB,4.3465
2022-02-23,BNB,3.5945
2022-02-24,BNB,6.6775
2022-02-25,BNB,4.0276
2022-02-26,BNB,3.6308
2022-02-27,BNB,4.0075
2022-02-28,BNB,4.1948
2022-03-01,BNB,5.2262
2022-03-02,BNB,3.5159
2022-03-03,BNB,3.0925
2022-03-04,BNB,3.8221
2022-03-05,BNB,2.9324
2022-03-06,BNB,3.1275
2022-03-07,BNB,4.11
2022-03-08,BNB,3.7776
2022-03-09,BNB,3.2813
2022-03-10,BNB,3.8084
2022-03-11,BNB,3.2911
2022-03-12,BNB,2.2872
2022-03-13,BNB,2.4207
2022-03-14,BNB,2.6995
2022-03-15,BNB,2.5489
2022-03-16,BNB,3.5769
2022-03-17,BNB,2.6251
2022-03-18,BNB,2.5372
2022-03-19,BNB,2.3226
2022-03-20,BNB,2.4261
2022-03-21,BNB,2.4106
2022-03-22,BNB,2.5201
2022-03-23,BNB,2.3302
2022-03-24,BNB,2.3764
2022-03-25,BNB,2.3953
2022-03-26,BNB,1.5346
2022-03-27,BNB,2.0682
2022-03-28,BNB,2.7102
2022-03-29,BNB,2.6987
2022-03-30,BNB,3.0086
2022-03-31,BNB,3.8001
2022-04-01,BNB,3.2158
2022-04-02,BNB,3.0614
2022-04-03,BNB,2.5877
2022-04-04,BNB,2.7731
2022-04-05,BNB,2.9637
2022-04-06,BNB,4.326
2022-04-07,BNB,3.517
2022-04-08,BNB,3.3226
2022-04-09,BNB,2.5272
2022-04-10,BNB,2.234
2022-04-11,BNB,3.7942
2022-04-12,BNB,3.2454
2022-04-13,BNB,3.0027
2022-04-14,BNB,2.551
2022-04-15,BNB,2.0988
2022-04-16,BNB,1.5796
2022-04-17,BNB,1.8597
2022-04-18,BNB,2.9494
2022-04-19,BNB,2.3741
2022-04-20,BNB,2.4463
2022-04-21,BNB,2.7654
2022-04-22,BNB,2.6805
2022-04-23,BNB,2.1452
2022-04-24,BNB,2.0933
2022-04-25,BNB,2.9885
2022-04-26,BNB,2.8884
2022-04-27,BNB,2.8191
2022-04-28,BNB,3.1531
2022-04-29,BNB,2.8739
2022-04-30,BNB,2.6003
2022-05-01,BNB,2.7972
2022-05-02,BNB,2.6816
2022-05-03,BNB,2.1015
2022-05-04,BNB,2.5742
2022-05-05,BNB,4.1866
2022-05-06,BNB,3.517
2022-05-07,BNB,3.0261
2022-05-08,BNB,3.4941
2022-05-09,BNB,6.823
2022-05-10,BNB,7.2296
2022-05-11,BNB,11.564
2022-05-12,BNB,13.565
2022-05-13,BNB,7.8829
2022-05-14,BNB,5.978
2022-05-15,BNB,4.4341
2022-05-16,BNB,4.7293
2022-05-17,BNB,3.7576
2022-05-18,BNB,4.2977
2022-05-19,BNB,4.083
2022-05-20,BNB,4.1992
2022-05-21,BNB,2.8818
2022-05-22,BNB,3.2346
2022-05-23,BNB,3.9118
2022-05-24,BNB,4.1837
2022-05-25,BNB,3.641
2022-05-26,BNB,5.3365
2022-05-27,BNB,5.5019
2022-05-28,BNB,3.3393
2022-05-29,BNB,2.897
2022-05-30,BNB,3.6856
2022-05-31,BNB,3.4026
2022-06-01,BNB,3.6735
2022-06-02,BNB,3.1329
2022-06-03,BNB,2.8156
2022-06-04,BNB,2.4381
2022-06-05,BNB,2.3721
2022-06-06,BNB,3.7898
2022-06-07,BNB,4.88
2022-06-08,BNB,3.362
2022-06-09,BNB,2.5266
2022-06-10,BNB,3.8982
2022-06-11,BNB,4.4395
2022-06-12,BNB,5.5957
2022-06-13,BNB,9.9735
2022-06-14,BNB,8.6344
2022-06-15,BNB,9.2347
2022-06-16,BNB,6.8612
2022-06-17,BNB,5.2399
2022-06-18,BNB,7.8212
2022-06-19,BNB,6.5365
2022-06-20,BNB,5.6462
2022-06-21,BNB,4.6686
2022-06-22,BNB,4.7157
2022-06-23,BNB,4.7948
2022-06-24,BNB,4.0652
2022-06-25,BNB,4.1158
2022-06-26,BNB,3.5315
2022-06-27,BNB,3.558
2022-06-28,BNB,3.9987
2022-06-29,BNB,4.542
2022-06-30,BNB,4.7235
2022-07-01,BNB,4.52
2022-07-02,BNB,3.6203
2022-07-03,BNB,3.0637
2022-07-04,BNB,3.3318
2022-07-05,BNB,3.8342
2022-07-06,BNB,3.9086
2022-07-07,BNB,2.8508
2022-07-08,BNB,3.6235
2022-07-09,BNB,2.5793
2022-07-10,BNB,3.0381
2022-07-11,BNB,3.0179
2022-07-12,BNB,2.9111
2022-07-13,BNB,4.3677
2022-07-14,BNB,3.2094
2022-07-15,BNB,3.1377
2022-07-16,BNB,3.2634
2022-07-17,BNB,3.6227
2022-07-18,BNB,3.7781
2022-07-19,BNB,4.2369
2022-07-20,BNB,4.083
2022-07-21,BNB,3.6639
2022-07-22,BNB,3.259
2022-07-23,BNB,3.7678
2022-07-24,BNB,2.9842
2022-07-25,BNB,3.5804
2022-07-26,BNB,3.2576
2022-07-27,BNB,3.9818
2022-07-28,BNB,4.0265
2022-07-29,BNB,5.2446
2022-07-30,BNB,4.5385
2022-07-31,BNB,3.7563
2022-08-01,BNB,3.4181
2022-08-02,BNB,4.2584
2022-08-03,BNB,3.6753
2022-08-04,BNB,4.2333
2022-08-05,BNB,3.5908
2022-08-06,BNB,3.0462
2022-08-07,BNB,2.7252
2022-08-08,BNB,3.0271
2022-08-09,BNB,2.866
2022-08-10,BNB,4.0135
2022-08-11,BNB,3.3219
2022-08-12,BNB,2.8718
2022-08-13,BNB,2.6741
2022-08-14,BNB,2.7647
2022-08-15,BNB,3.1004
2022-08-16,BNB,2.7397
2022-08-17,BNB,3.5584
2022-08-18,BNB,3.0843
2022-08-19,BNB,5.7028
2022-08-20,BNB,3.5246
2022-08-21,BNB,3.6737
2022-08-22,BNB,3.641
2022-08-23,BNB,3.1229
2022-08-24,BNB,2.5845
2022-08-25,BNB,2.7426
2022-08-26,BNB,3.8386
2022-08-27,BNB,3.4229
2022-08-28,BNB,2.8816
2022-08-29,BNB,3.0977
2022-08-30,BNB,3.1841
2022-08-31,BNB,3.1386
2022-09-01,BNB,3.2594
2022-09-02,BNB,2.8986
2022-09-03,BNB,1.8655
2022-09-04,BNB,2.1171
2022-09-05,BNB,2.42
2022-09-06,BNB,3.8741
2022-09-07,BNB,3.1207
2022-09-08,BNB,2.9396
2022-09-09,BNB,3.0609
2022-09-10,BNB,2.8703
2022-09-11,BNB,2.4327
2022-09-12,BNB,2.906
2022-09-13,BNB,4.1959
2022-09-14,BNB,2.958
2022-09-15,BNB,3.729
2022-09-16,BNB,2.9933
2022-09-17,BNB,1.9275
2022-09-18,BNB,3.0845
2022-09-19,BNB,3.5805
2022-09-20,BNB,2.9332
2022-09-21,BNB,4.7949
2022-09-22,BNB,2.5907
2022-09-23,BNB,3.0516
2022-09-24,BNB,2.8573
2022-09-25,BNB,2.3741
2022-09-26,BNB,2.7828
2022-09-27,BNB,2.8161
2022-09-28,BNB,3.042
2022-09-29,BNB,2.637
2022-09-30,BNB,2.9202
2022-10-01,BNB,1.8559
2022-10-02,BNB,2.0427
2022-10-03,BNB,2.0988
2022-10-04,BNB,2.1788
2022-10-05,BNB,1.8587
2022-10-06,BNB,3.0609
2022-10-07,BNB,2.3877
2022-10-08,BNB,1.7349
2022-10-09,BNB,1.6607
2022-10-10,BNB,2.0896
2022-10-11,BNB,2.2406
2022-10-12,BNB,1.6125
2022-10-13,BNB,3.7301
2022-10-14,BNB,2.1248
2022-10-15,BNB,1.471
2022-10-16,BNB,1.6024
2022-10-17,BNB,1.5797
2022-10-18,BNB,1.777
2022-10-19,BNB,1.6102
2022-10-20,BNB,1.7966
2022-10-21,BNB,2.0991
2022-10-22,BNB,1.1734
2022-10-23,BNB,1.5373
2022-10-24,BNB,1.7599
2022-10-25,BNB,2.4105
2022-10-26,BNB,2.2913
2022-10-27,BNB,2.5529
2022-10-28,BNB,2.5089
2022-10-29,BNB,3.3923
2022-10-30,BNB,3.4481
2022-10-31,BNB,5.7141
2022-11-01,BNB,2.9632
2022-11-02,BNB,4.2156
2022-11-03,BNB,3.59
2022-11-04,BNB,4.5733
2022-11-05,BNB,2.9027
2022-11-06,BNB,3.104
2022-11-07,BNB,4.3905
2022-11-08,BNB,16.2851
2022-11-09,BNB,10.8032
2022-11-10,BNB,9.2803
2022-11-11,BNB,6.4231
2022-11-12,BNB,5.1109
2022-11-13,BNB,3.9501
2022-11-14,BNB,5.6952
2022-11-15,BNB,3.5551
2022-11-16,BNB,3.142
2022-11-17,BNB,2.9629
2022-11-18,BNB,2.3027
2022-11-19,BNB,1.9929
2022-11-20,BNB,2.5636
2022-11-21,BNB,4.0832
2022-11-22,BNB,3.1314
2022-11-23,BNB,5.9654
2022-11-24,BNB,3.2881
2022-11-25,BNB,3.0266
2022-11-26,BNB,3.3006
2022-11-27,BNB,2.4743
2022-11-28,BNB,3.8489
2022-11-29,BNB,2.9616
2022-11-30,BNB,3.4887
2022-12-01,BNB,3.1457
2022-12-02,BNB,2.6005
2022-12-03,BNB,2.0495
2022-12-04,BNB,1.8186
2022-12-05,BNB,2.1608
2022-12-06,BNB,1.7867
2022-12-07,BNB,2.2227
2022-12-08,BNB,1.89
2022-12-09,BNB,2.0308
2022-12-10,BNB,1.302
2022-12-11,BNB,1.717
2022-12-12,BNB,3.8463
2022-12-13,BNB,5.4082
2022-12-14,BNB,3.9049
2022-12-15,BNB,2.7561
2022-12-16,BNB,6.5669
2022-12-17,BNB,5.4211
2022-12-18,BNB,4.2122
2022-12-19,BNB,3.7664
2022-12-20,BNB,3.011
2022-12-21,BNB,2.088
2022-12-22,BNB,2.3427
2022-12-23,BNB,2.0331
2022-12-24,BNB,1.445
2022-12-25,BNB,1.7306
2022-12-26,BNB,1.5236
2022-12-27,BNB,2.0559
2022-12-28,BNB,2.1344
2022-12-29,BNB,1.8074
2022-12-30,BNB,1.6925
2022-12-31,BNB,1.5467
2023-01-01,BNB,1.4288
2023-01-02,BNB,2.0035
2023-01-03,BNB,1.5193
2023-01-04,BNB,3.1732
2023-01-05,BNB,1.818
2023-01-06,BNB,2.1465
2023-01-07,BNB,1.7003
2023-01-08,BNB,2.2033
2023-01-09,BNB,3.0016
2023-01-10,BNB,2.2506
2023-01-11,BNB,2.2059
2023-01-12,BNB,3.0424
2023-01-13,BNB,2.5551
2023-01-14,BNB,4.5609
2023-01-15,BNB,2.9457
2023-01-16,BNB,3.2213
2023-01-17,BNB,2.6963
2023-01-18,BNB,5.1844
2023-01-19,BNB,2.2667
2023-01-20,BNB,2.8368
2023-01-21,BNB,3.7201
2023-01-22,BNB,3.1074
2023-01-23,BNB,2.6795
2023-01-24,BNB,3.802
2023-01-25,BNB,3.5385
2023-01-26,BNB,2.8609
2023-01-27,BNB,2.38
2023-01-28,BNB,2.1426
2023-01-29,BNB,3.0654
2023-01-30,BNB,3.0432
2023-01-31,BNB,2.4336
2023-02-01,BNB,2.8175
2023-02-02,BNB,3.3769
2023-02-03,BNB,3.3548
2023-02-04,BNB,1.8599
2023-02-05,BNB,2.9018
2023-02-06,BNB,2.328
2023-02-07,BNB,2.3445
2023-02-08,BNB,2.2399
2023-02-09,BNB,3.6397
2023-02-10,BNB,2.6132
2023-02-11,BNB,1.7535
2023-02-12,BNB,2.4581
2023-02-13,BNB,5.3206
2023-02-14,BNB,3.2789
2023-02-15,BNB,2.6929
2023-02-16,BNB,4.2327
2023-02-17,BNB,3.1179
2023-02-18,BNB,2.3314
2023-02-19,BNB,2.4015
2023-02-20,BNB,2.8742
2023-02-21,BNB,2.6615
2023-02-22,BNB,2.9758
2023-02-23,BNB,2.274
2023-02-24,BNB,2.484
2023-02-25,BNB,1.9136
2023-02-26,BNB,1.4851
2023-02-27,BNB,1.9656
2023-02-28,BNB,1.762
2023-03-01,BNB,1.6695
2023-03-02,BNB,1.8834
2023-03-03,BNB,2.5729
2023-03-04,BNB,1.7064
2023-03-05,BNB,1.7117
2023-03-06,BNB,2.1074
2023-03-07,BNB,2.1738
2023-03-08,BNB,2.2497
2023-03-09,BNB,2.7015
2023-03-10,BNB,3.4667
2023-03-11,BNB,3.0666
2023-03-12,BNB,2.8663
2023-03-13,BNB,5.2976
2023-03-14,BNB,4.0137
2023-03-15,BNB,3.4998
2023-03-16,BNB,5.0507
2023-03-17,BNB,3.3244
2023-03-18,BNB,3.5108
2023-03-19,BNB,2.9563
2023-03-20,BNB,3.0253
2023-03-21,BNB,2.7179
2023-03-22,BNB,3.7334
2023-03-23,BNB,2.5575
2023-03-24,BNB,2.248
2023-03-25,BNB,2.0494
2023-03-26,BNB,1.698
2023-03-27,BNB,3.4122
2023-03-28,BNB,2.4098
2023-03-29,BNB,1.9477
2023-03-30,BNB,3.1255
2023-03-31,BNB,1.8751
2023-04-01,BNB,1.3901
2023-04-02,BNB,1.3592
2023-04-03,BNB,2.7709
2023-04-04,BNB,1.6868
2023-04-05,BNB,1.6154
2023-04-06,BNB,1.5909
2023-04-07,BNB,1.2749
2023-04-08,BNB,1.0464
2023-04-09,BNB,1.1331
2023-04-10,BNB,1.2609
2023-04-11,BNB,2.2762
2023-04-12,BNB,1.8897
2023-04-13,BNB,1.3947
2023-04-14,BNB,2.2835
2023-04-15,BNB,1.7627
2023-04-16,BNB,2.2399
2023-04-17,BNB,2.2085
2023-04-18,BNB,1.8223
2023-04-19,BNB,3.0391
2023-04-20,BNB,2.3019
2023-04-21,BNB,4.5698
2023-04-22,BNB,1.8008
2023-04-23,BNB,1.8189
2023-04-24,BNB,1.8964
2023-04-25,BNB,1.9178
2023-04-26,BNB,2.6655
2023-04-27,BNB,2.4703
2023-04-28,BNB,2.4758
2023-04-29,BNB,1.451
2023-04-30,BNB,2.2231
2023-05-01,BNB,2.1566
2023-05-02,BNB,1.7026
2023-05-03,BNB,1.9891
2023-05-04,BNB,1.342
2023-05-05,BNB,1.8437
2023-05-06,BNB,1.5962
2023-05-07,BNB,1.4681
2023-05-08,BNB,2.2179
2023-05-09,BNB,1.6767
2023-05-10,BNB,2.2906
2023-05-11,BNB,1.9544
2023-05-12,BNB,2.1939
2023-05-13,BNB,1.4271
2023-05-14,BNB,1.3064
2023-05-15,BNB,1.4619
2023-05-16,BNB,1.3506
2023-05-17,BNB,1.4799
2023-05-18,BNB,1.5992
2023-05-19,BNB,1.4146
2023-05-20,BNB,1.0828
2023-05-21,BNB,1.2386
2023-05-22,BNB,1.4783
2023-05-23,BNB,1.3633
2023-05-24,BNB,1.6604
2023-05-25,BNB,1.5663
2023-05-26,BNB,1.7026
2023-05-27,BNB,1.0589
2023-05-28,BNB,1.4143
2023-05-29,BNB,1.6806
2023-05-30,BNB,1.3424
2023-05-31,BNB,1.7126
2023-06-01,BNB,1.459
2023-06-02,BNB,1.3789
2023-06-03,BNB,1.1083
2023-06-04,BNB,1.1516
2023-06-05,BNB,5.454
2023-06-06,BNB,2.9635
2023-06-07,BNB,4.3212
2023-06-08,BNB,2.945
2023-06-09,BNB,2.6593
2023-06-10,BNB,6.1819
2023-06-11,BNB,2.3457
2023-06-12,BNB,5.6567
2023-06-13,BNB,6.0484
2023-06-14,BNB,4.2141
2023-06-15,BNB,3.2006
2023-06-16,BNB,2.7627
2023-06-17,BNB,2.6746
2023-06-18,BNB,2.2014
2023-06-19,BNB,2.263
2023-06-20,BNB,2.4054
2023-06-21,BNB,3.1968
2023-06-22,BNB,3.3297
2023-06-23,BNB,2.8285
2023-06-24,BNB,3.167
2023-06-25,BNB,2.5005
2023-06-26,BNB,2.7506
2023-06-27,BNB,2.2127
2023-06-28,BNB,3.787
2023-06-29,BNB,2.3007
2023-06-30,BNB,3.74
2023-07-01,BNB,2.6342
2023-07-02,BNB,2.5783
2023-07-03,BNB,3.2205
2023-07-04,BNB,2.0784
2023-07-05,BNB,2.4308
2023-07-06,BNB,2.7011
2023-07-07,BNB,2.2751
2023-07-08,BNB,1.7073
2023-07-09,BNB,1.683
2023-07-10,BNB,4.671
2023-07-11,BNB,2.1169
2023-07-12,BNB,2.3671
2023-07-13,BNB,3.0923
2023-07-14,BNB,3.6644
2023-07-15,BNB,2.0018
2023-07-16,BNB,1.9294
2023-07-17,BNB,2.5395
2023-07-18,BNB,2.7717
2023-07-19,BNB,2.2017
2023-07-20,BNB,2.0641
2023-07-21,BNB,1.7382
2023-07-22,BNB,1.5447
2023-07-23,BNB,1.469
2023-07-24,BNB,2.3512
2023-07-25,BNB,1.8061
2023-07-26,BNB,1.8368
2023-07-27,BNB,1.7845
2023-07-28,BNB,1.508
2023-07-29,BNB,1.2243
2023-07-30,BNB,1.5029
2023-07-31,BNB,1.5611
2023-08-01,BNB,2.7207
2023-08-02,BNB,2.8572
2023-08-03,BNB,1.6197
2023-08-04,BNB,1.5008
2023-08-05,BNB,1.4036
2023-08-06,BNB,1.4461
2023-08-07,BNB,1.6903
2023-08-08,BNB,1.791
2023-08-09,BNB,1.5716
2023-08-10,BNB,1.4619
2023-08-11,BNB,1.5201
2023-08-12,BNB,1.2037
2023-08-13,BNB,1.2228
2023-08-14,BNB,1.3254
2023-08-15,BNB,1.89
2023-08-16,BNB,1.9717
2023-08-17,BNB,3.7857
2023-08-18,BNB,2.886
2023-08-19,BNB,1.9654
2023-08-20,BNB,1.6689
2023-08-21,BNB,2.8207
2023-08-22,BNB,3.532
2023-08-23,BNB,3.0179
2023-08-24,BNB,2.2615
2023-08-25,BNB,2.475
2023-08-26,BNB,1.5536
2023-08-27,BNB,1.6742
2023-08-28,BNB,1.9634
2023-08-29,BNB,7.467
2023-08-30,BNB,1.9773
2023-08-31,BNB,2.4041
2023-09-01,BNB,2.3101
2023-09-02,BNB,1.6726
2023-09-03,BNB,1.6048
2023-09-04,BNB,1.8167
2023-09-05,BNB,1.6796
2023-09-06,BNB,1.9527
2023-09-07,BNB,1.7892
2023-09-08,BNB,1.7953
2023-09-09,BNB,1.344
2023-09-10,BNB,1.8006
2023-09-11,BNB,2.5347
2023-09-12,BNB,2.5781
2023-09-13,BNB,2.1711
2023-09-14,BNB,2.0865
2023-09-15,BNB,1.804
2023-09-16,BNB,1.6359
2023-09-17,BNB,1.6431
2023-09-18,BNB,2.3359
2023-09-19,BNB,1.8626
2023-09-20,BNB,2.0898
2023-09-21,BNB,1.9195
2023-09-22,BNB,1.6621
2023-09-23,BNB,1.4492
2023-09-24,BNB,1.6344
2023-09-25,BNB,1.7905
2023-09-26,BNB,1.7763
2023-09-27,BNB,1.9212
2023-09-28,BNB,1.8142
2023-09-29,BNB,1.8375
2023-09-30,BNB,1.5111
2023-10-01,BNB,2.3584
2023-10-02,BNB,2.4094
2023-10-03,BNB,1.844
2023-10-04,BNB,1.8467
2023-10-05,BNB,1.7399
2023-10-06,BNB,1.752
2023-10-07,BNB,1.4118
2023-10-08,BNB,1.7086
2023-10-09,BNB,2.5783
2023-10-10,BNB,2.5241
2023-10-11,BNB,2.2677
2023-10-12,BNB,2.1165
2023-10-13,BNB,1.9041
2023-10-14,BNB,1.5129
2023-10-15,BNB,2.2919
2023-10-16,BNB,2.8826
2023-10-17,BNB,2.0592
2023-10-18,BNB,1.7264
2023-10-19,BNB,1.6904
2023-10-20,BNB,1.8946
2023-10-21,BNB,1.6803
2023-10-22,BNB,1.8867
2023-10-23,BNB,3.1743
2023-10-24,BNB,3.9078
2023-10-25,BNB,2.6526
2023-10-26,BNB,2.7449
2023-10-27,BNB,3.2631
2023-10-28,BNB,1.7658
2023-10-29,BNB,1.6495
2023-10-30,BNB,1.945
2023-10-31,BNB,2.0439
2023-11-01,BNB,2.3068
2023-11-02,BNB,2.8139
2023-11-03,BNB,2.3879
2023-11-04,BNB,2.2427
2023-11-05,BNB,2.822
2023-11-06,BNB,3.3256
2023-11-07,BNB,3.0812
2023-11-08,BNB,2.3619
2023-11-09,BNB,4.7373
2023-11-10,BNB,2.977
2023-11-11,BNB,2.6675
2023-11-12,BNB,2.5093
2023-11-13,BNB,2.9418
2023-11-14,BNB,3.6636
2023-11-15,BNB,2.9532
2023-11-16,BNB,3.3257
2023-11-17,BNB,3.0155
2023-11-18,BNB,2.1832
2023-11-19,BNB,2.1009
2023-11-20,BNB,7.0988
2023-11-21,BNB,10.2791
2023-11-22,BNB,4.066
2023-11-23,BNB,2.5981
2023-11-24,BNB,2.3945
2023-11-25,BNB,1.7584
2023-11-26,BNB,1.9825
2023-11-27,BNB,3.0035
2023-11-28,BNB,2.2893
2023-11-29,BNB,1.9813
2023-11-30,BNB,1.8183
2023-12-01,BNB,1.8593
2023-12-02,BNB,1.8229
2023-12-03,BNB,2.0951
2023-12-04,BNB,3.8122
2023-12-05,BNB,2.7572
2023-12-06,BNB,2.7806
2023-12-07,BNB,2.4279
2023-12-08,BNB,2.6404
2023-12-09,BNB,3.3944
2023-12-10,BNB,2.2445
2023-12-11,BNB,5.5107
2023-12-12,BNB,4.5674
2023-12-13,BNB,3.306
2023-12-14,BNB,2.771
2023-12-15,BNB,2.5926
2023-12-16,BNB,2.1543
2023-12-17,BNB,2.0782
2023-12-18,BNB,2.7112
2023-12-19,BNB,3.4151
2023-12-20,BNB,2.9853
2023-12-21,BNB,3.8587
2023-12-22,BNB,3.2866
2023-12-23,BNB,2.0995
2023-12-24,BNB,2.6897
2023-12-25,BNB,2.2352
2023-12-26,BNB,6.7872
2023-12-27,BNB,5.2474
2023-12-28,BNB,6.1795
2023-12-29,BNB,4.5313
2023-12-30,BNB,2.8587
2023-12-31,BNB,2.8679
2024-01-01,BNB,2.4206
2024-01-02,BNB,3.4407
2024-01-03,BNB,8.857
2024-01-04,BNB,3.4919
2024-01-05,BNB,3.8554
2024-01-06,BNB,3.5815
2024-01-07,BNB,2.7619
2024-01-08,BNB,3.965
2024-01-09,BNB,4.8543
2024-01-10,BNB,4.2109
2024-01-11,BNB,4.0878
2024-01-12,BNB,4.0502
2024-01-13,BNB,2.509
2024-01-14,BNB,2.547
2024-01-15,BNB,4.0235
2024-01-16,BNB,2.7407
2024-01-17,BNB,3.3997
2024-01-18,BNB,2.6329
2024-01-19,BNB,2.7846
2024-01-20,BNB,1.6993
2024-01-21,BNB,1.6927
2024-01-22,BNB,2.994
2024-01-23,BNB,4.0431
2024-01-24,BNB,2.96
2024-01-25,BNB,3.1491
2024-01-26,BNB,2.4372
2024-01-27,BNB,1.7401
2024-01-28,BNB,2.0311
2024-01-29,BNB,1.7739
2024-01-30,BNB,1.8208
2024-01-31,BNB,2.2607
2024-02-01,BNB,2.0846
2024-02-02,BNB,1.758
2024-02-03,BNB,1.3529
2024-02-04,BNB,2.1566
2024-02-05,BNB,2.0695
2024-02-06,BNB,1.6378
2024-02-07,BNB,1.7158
2024-02-08,BNB,2.3743
2024-02-09,BNB,2.3695
2024-02-10,BNB,1.4365
2024-02-11,BNB,1.4051
2024-02-12,BNB,2.2071
2024-02-13,BNB,2.1601
2024-02-14,BNB,1.8984
2024-02-15,BNB,4.0317
2024-02-16,BNB,3.5576
2024-02-17,BNB,2.6805
2024-02-18,BNB,2.1726
2024-02-19,BNB,2.4119
2024-02-20,BNB,3.3725
2024-02-21,BNB,4.2391
2024-02-22,BNB,4.2158
2024-02-23,BNB,3.4797
2024-02-24,BNB,2.0723
2024-02-25,BNB,2.4743
2024-02-26,BNB,3.2363
2024-02-27,BNB,2.8457
2024-02-28,BNB,5.3178
2024-02-29,BNB,3.5682
2024-03-01,BNB,2.3532
2024-03-02,BNB,2.3671
2024-03-03,BNB,2.8891
2024-03-04,BNB,2.803
2024-03-05,BNB,7.0522
2024-03-06,BNB,5.2061
2024-03-07,BNB,3.9325
2024-03-08,BNB,5.3222
2024-03-09,BNB,2.9558
2024-03-10,BNB,5.4326
2024-03-11,BNB,4.7974
2024-03-12,BNB,5.9378
2024-03-13,BNB,5.2598
2024-03-14,BNB,5.8404
2024-03-15,BNB,8.4431
2024-03-16,BNB,5.7937
2024-03-17,BNB,5.011
2024-03-18,BNB,5.5264
2024-03-19,BNB,7.4536
2024-03-20,BNB,5.8198
2024-03-21,BNB,4.9136
2024-03-22,BNB,5.5707
2024-03-23,BNB,3.6355
2024-03-24,BNB,2.9198
2024-03-25,BNB,3.3119
2024-03-26,BNB,3.0278
2024-03-27,BNB,3.1581
2024-03-28,BNB,2.7409
2024-03-29,BNB,4.0985
2024-03-30,BNB,2.1904
2024-03-31,BNB,1.5254
2024-04-01,BNB,3.4941
2024-04-02,BNB,4.2659
2024-04-03,BNB,3.3819
2024-04-04,BNB,4.2892
2024-04-05,BNB,3.3167
2024-04-06,BNB,1.8021
2024-04-07,BNB,1.7973
2024-04-08,BNB,2.1841
2024-04-09,BNB,2.5181
2024-04-10,BNB,3.1966
2024-04-11,BNB,2.9602
2024-04-12,BNB,5.6048
2024-04-13,BNB,8.1984
2024-04-14,BNB,5.2597
2024-04-15,BNB,4.3737
2024-04-16,BNB,4.5245
2024-04-17,BNB,4.1137
2024-04-18,BNB,3.7886
2024-04-19,BNB,3.9475
2024-04-20,BNB,2.5055
2024-04-21,BNB,2.4721
2024-04-22,BNB,3.0831
2024-04-23,BNB,3.1498
2024-04-24,BNB,3.5386
2024-04-25,BNB,2.852
2024-04-26,BNB,2.4173
2024-04-27,BNB,2.6612
2024-04-28,BNB,2.0261
2024-04-29,BNB,2.8038
2024-04-30,BNB,4.6082
2024-05-01,BNB,4.4704
2024-05-02,BNB,2.9967
2024-05-03,BNB,2.6442
2024-05-04,BNB,2.2703
2024-05-05,BNB,1.9318
2024-05-06,BNB,2.5384
2024-05-07,BNB,2.5084
2024-05-08,BNB,2.7676
2024-05-09,BNB,2.7946
2024-05-10,BNB,2.2849
2024-05-11,BNB,2.0797
2024-05-12,BNB,1.5735
2024-05-13,BNB,2.2361
2024-05-14,BNB,2.7391
2024-05-15,BNB,2.6772
2024-05-16,BNB,1.9626
2024-05-17,BNB,1.6653
2024-05-18,BNB,1.2931
2024-05-19,BNB,1.3554
2024-05-20,BNB,2.3702
2024-05-21,BNB,3.6279
2024-05-22,BNB,2.7668
2024-05-23,BNB,3.547
2024-05-24,BNB,1.9699
2024-05-25,BNB,1.2422
2024-05-26,BNB,1.2674
2024-05-27,BNB,1.727
2024-05-28,BNB,1.9572
2024-05-29,BNB,1.6333
2024-05-30,BNB,1.6616
2024-05-31,BNB,1.4882
2024-06-01,BNB,1.0885
2024-06-02,BNB,1.3766
2024-06-03,BNB,3.1843
2024-06-04,BNB,3.7312
2024-06-05,BNB,3.5959
2024-06-06,BNB,2.8876
2024-06-07,BNB,3.7572
2024-06-08,BNB,2.0814
2024-06-09,BNB,1.6896
2024-06-10,BNB,4.0329
2024-06-11,BNB,4.1188
2024-06-12,BNB,3.7111
2024-06-13,BNB,2.8264
2024-06-14,BNB,2.8043
2024-06-15,BNB,1.6022
2024-06-16,BNB,1.5104
2024-06-17,BNB,2.4386
2024-06-18,BNB,3.4721
2024-06-19,BNB,2.4266
2024-06-20,BNB,2.3594
2024-06-21,BNB,2.3642
2024-06-22,BNB,1.1416
2024-06-23,BNB,1.5221
2024-06-24,BNB,3.5897
2024-06-25,BNB,2.109
2024-06-26,BNB,2.0941
2024-06-27,BNB,1.9368
2024-06-28,BNB,1.8755
2024-06-29,BNB,1.1157
2024-06-30,BNB,1.5887
2024-07-01,BNB,1.6222
2024-07-02,BNB,1.5442
2024-07-03,BNB,2.468
2024-07-04,BNB,4.5257
2024-07-05,BNB,6.8881
2024-07-06,BNB,2.7857
2024-07-07,BNB,3.4605
2024-07-08,BNB,5.6213
2024-07-09,BNB,2.9613
2024-07-10,BNB,2.6862
2024-07-11,BNB,3.2332
2024-07-12,BNB,2.5244
2024-07-13,BNB,1.7354
2024-07-14,BNB,2.0059
2024-07-15,BNB,2.8045
2024-07-16,BNB,3.2166
2024-07-17,BNB,2.3659
2024-07-18,BNB,2.2823
2024-07-19,BNB,2.922
2024-07-20,BNB,1.794
2024-07-21,BNB,2.4145
2024-07-22,BNB,2.2727
2024-07-23,BNB,2.8564
2024-07-24,BNB,2.2272
2024-07-25,BNB,3.2496
2024-07-26,BNB,1.9284
2024-07-27,BNB,2.4417
2024-07-28,BNB,1.4107
2024-07-29,BNB,2.1997
2024-07-30,BNB,2.142
2024-07-31,BNB,2.3153
2024-08-01,BNB,2.8544
2024-08-02,BNB,3.6649
2024-08-03,BNB,3.6006
2024-08-04,BNB,3.8697
2024-08-05,BNB,12.6797
2024-08-06,BNB,5.2678
2024-08-07,BNB,4.7218
2024-08-08,BNB,3.8541
2024-08-09,BNB,3.1383
2024-08-10,BNB,2.1222
2024-08-11,BNB,3.0252
2024-08-12,BNB,4.0824
2024-08-13,BNB,3.2189
2024-08-14,BNB,2.6333
2024-08-15,BNB,2.9227
2024-08-16,BNB,2.976
2024-08-17,BNB,2.2341
2024-08-18,BNB,1.7375
2024-08-19,BNB,2.5789
2024-08-20,BNB,3.2069
2024-08-21,BNB,2.9765
2024-08-22,BNB,2.9576
2024-08-23,BNB,2.7738
2024-08-24,BNB,2.2517
2024-08-25,BNB,2.273
2024-08-26,BNB,2.6728
2024-08-27,BNB,3.794
2024-08-28,BNB,3.6356
2024-08-29,BNB,2.4981
2024-08-30,BNB,2.7106
2024-08-31,BNB,1.5791
2024-09-01,BNB,2.8623
2024-09-02,BNB,2.8637
2024-09-03,BNB,2.5795
2024-09-04,BNB,3.9642
2024-09-05,BNB,2.8843
2024-09-06,BNB,4.2873
2024-09-07,BNB,2.2061
2024-09-08,BNB,2.2563
2024-09-09,BNB,2.6886
2024-09-10,BNB,2.1948
2024-09-11,BNB,2.8408
2024-09-12,BNB,2.7483
2024-09-13,BNB,2.2433
2024-09-14,BNB,1.6055
2024-09-15,BNB,2.0236
2024-09-16,BNB,2.6274
2024-09-17,BNB,2.2605
2024-09-18,BNB,2.7135
2024-09-19,BNB,2.5517
2024-09-20,BNB,2.4541
2024-09-21,BNB,1.9168
2024-09-22,BNB,2.1681
2024-09-23,BNB,2.7707
2024-09-24,BNB,2.5536
2024-09-25,BNB,2.2516
2024-09-26,BNB,2.4032
2024-09-27,BNB,2.4318
2024-09-28,BNB,2.0766
2024-09-29,BNB,1.7769
2024-09-30,BNB,2.7362
2024-10-01,BNB,3.9725
2024-10-02,BNB,3.1988
2024-10-03,BNB,3.1027
2024-10-04,BNB,2.0843
2024-10-05,BNB,1.6292
2024-10-06,BNB,1.5449
2024-10-07,BNB,2.4148
2024-10-08,BNB,2.4393
2024-10-09,BNB,2.2274
2024-10-10,BNB,2.166
2024-10-11,BNB,1.8478
2024-10-12,BNB,1.3534
2024-10-13,BNB,1.4464
2024-10-14,BNB,2.0422
2024-10-15,BNB,3.0582
2024-10-16,BNB,2.2421
2024-10-17,BNB,1.9531
2024-10-18,BNB,1.512
2024-10-19,BNB,0.9385
2024-10-20,BNB,1.3063
2024-10-21,BNB,2.1179
2024-10-22,BNB,2.1015
2024-10-23,BNB,1.9364
2024-10-24,BNB,1.5942
2024-10-25,BNB,2.5057
2024-10-26,BNB,1.5459
2024-10-27,BNB,1.1897
2024-10-28,BNB,1.7821
2024-10-29,BNB,1.9714
2024-10-30,BNB,1.94
2024-10-31,BNB,2.3592
2024-11-01,BNB,2.5869
2024-11-02,BNB,1.6728
2024-11-03,BNB,2.3131
2024-11-04,BNB,1.9874
2024-11-05,BNB,1.9112
2024-11-06,BNB,3.0667
2024-11-07,BNB,2.4189
2024-11-08,BNB,2.2721
2024-11-09,BNB,3.1568
2024-11-10,BNB,4.0273
2024-11-11,BNB,4.4811
2024-11-12,BNB,5.9883
2024-11-13,BNB,5.1423
2024-11-14,BNB,5.5715
2024-11-15,BNB,3.4524
2024-11-16,BNB,2.8123
2024-11-17,BNB,3.6463
2024-11-18,BNB,3.5176
2024-11-19,BNB,2.3596
2024-11-20,BNB,2.547
2024-11-21,BNB,3.1171
2024-11-22,BNB,3.4404
2024-11-23,BNB,4.607
2024-11-24,BNB,4.9971
2024-11-25,BNB,4.4508
2024-11-26,BNB,4.403
2024-11-27,BNB,2.9346
2024-11-28,BNB,3.6346
2024-11-29,BNB,2.1716
2024-11-30,BNB,2.7666
2024-12-01,BNB,2.1808
2024-12-02,BNB,3.7313
2024-12-03,BNB,5.5542
2024-12-04,BNB,6.9529
2024-12-05,BNB,5.5909
2024-12-06,BNB,3.8559
2024-12-07,BNB,3.0315
2024-12-08,BNB,2.3754
2024-12-09,BNB,6.8073
2024-12-10,BNB,5.8124
2024-12-11,BNB,3.5327
2024-12-12,BNB,3.4408
2024-12-13,BNB,3.0985
2024-12-14,BNB,2.2597
2024-12-15,BNB,2.2766
2024-12-16,BNB,2.5534
2024-12-17,BNB,3.2504
2024-12-18,BNB,4.2763
2024-12-19,BNB,5.0551
2024-12-20,BNB,5.6333
2024-12-21,BNB,3.6082
2024-12-22,BNB,3.3334
2024-12-23,BNB,3.6723
2024-12-24,BNB,2.4418
2024-12-25,BNB,2.1236
2024-12-26,BNB,3.3231
2024-12-27,BNB,3.0154
2024-12-28,BNB,2.5421
2024-12-29,BNB,2.1422
2024-12-30,BNB,2.6717
2024-12-31,BNB,2.1995
2025-01-01,BNB,1.6163
2025-01-02,BNB,2.0218
2025-01-03,BNB,1.6595
2025-01-04,BNB,1.5538
2025-01-05,BNB,1.2713
2025-01-06,BNB,2.1795
2025-01-07,BNB,2.8458
2025-01-08,BNB,3.2211
2025-01-09,BNB,2.66
2025-01-10,BNB,2.4787
2025-01-11,BNB,1.2489
2025-01-12,BNB,1.1349
2025-01-13,BNB,3.254
2025-01-14,BNB,1.5621
2025-01-15,BNB,2.0765
2025-01-16,BNB,2.2751
2025-01-17,BNB,1.7187
2025-01-18,BNB,2.3631
2025-01-19,BNB,3.4161
2025-01-20,BNB,3.9617
2025-01-21,BNB,2.5632
2025-01-22,BNB,1.8845
2025-01-23,BNB,2.4677
2025-01-24,BNB,1.7689
2025-01-25,BNB,1.1637
2025-01-26,BNB,1.3501
2025-01-27,BNB,3.4519
2025-01-28,BNB,2.0114
2025-01-29,BNB,2.1954
2025-01-30,BNB,1.3832
2025-01-31,BNB,1.5965
2025-02-01,BNB,1.6229
2025-02-02,BNB,4.7325
2025-02-03,BNB,12.0483
2025-02-04,BNB,4.8243
2025-02-05,BNB,3.1453
2025-02-06,BNB,3.4249
2025-02-07,BNB,2.9305
2025-02-08,BNB,3.3311
2025-02-09,BNB,4.4907
2025-02-10,BNB,3.1856
2025-02-11,BNB,3.8241
2025-02-12,BNB,4.4308
2025-02-13,BNB,6.656
2025-02-14,BNB,3.4581
2025-02-15,BNB,2.2884
2025-02-16,BNB,2.8826
2025-02-17,BNB,2.8832
2025-02-18,BNB,3.2903
2025-02-19,BNB,3.0221
2025-02-20,BNB,2.1245
2025-02-21,BNB,2.7204
2025-02-22,BNB,2.5244
2025-02-23,BNB,1.5622
2025-02-24,BNB,3.7119
2025-02-25,BNB,5.0405
2025-02-26,BNB,3.7546
2025-02-27,BNB,2.8823
2025-02-28,BNB,4.6553
2025-03-01,BNB,2.5511
2025-03-02,BNB,3.5266
2025-03-03,BNB,4.2896
2025-03-04,BNB,4.9851
2025-03-05,BNB,2.6338
2025-03-06,BNB,2.498
2025-03-07,BNB,3.5504
2025-03-08,BNB,1.7508
2025-03-09,BNB,3.0615
2025-03-10,BNB,4.501
2025-03-11,BNB,5.3401
2025-03-12,BNB,4.6395
2025-03-13,BNB,5.6967
2025-03-14,BNB,2.1953
2025-03-15,BNB,2.2239
2025-03-16,BNB,2.7725
2025-03-17,BNB,3.3535
2025-03-18,BNB,3.2789
2025-03-19,BNB,2.717
2025-03-20,BNB,2.9847
2025-03-21,BNB,2.0355
2025-03-22,BNB,1.4966
2025-03-23,BNB,1.3726
2025-03-24,BNB,2.1004
2025-03-25,BNB,1.8809
2025-03-26,BNB,1.5417
2025-03-27,BNB,2.2005
2025-03-28,BNB,2.0935
2025-03-29,BNB,2.4476
2025-03-30,BNB,2.1309
2025-03-31,BNB,2.6786
2025-04-01,BNB,2.2032
2025-04-02,BNB,3.0359
2025-04-03,BNB,2.9345
2025-04-04,BNB,2.3951
2025-04-05,BNB,1.2234
2025-04-06,BNB,3.3756
2025-04-07,BNB,5.5198
2025-04-08,BNB,2.9625
2025-04-09,BNB,3.8077
2025-04-10,BNB,2.7492
2025-04-11,BNB,1.7063
2025-04-12,BNB,1.631
2025-04-13,BNB,1.6694
2025-04-14,BNB,1.621
2025-04-15,BNB,1.3462
2025-04-16,BNB,1.7795
2025-04-17,BNB,1.2901
2025-04-18,BNB,1.1107
2025-04-19,BNB,0.8763
2025-04-20,BNB,1.0572
2025-04-21,BNB,1.6719
2025-04-22,BNB,1.8172
2025-04-23,BNB,2.2008
2025-04-24,BNB,1.9353
2025-04-25,BNB,1.6918
2025-04-26,BNB,1.4503
2025-04-27,BNB,1.4061
2025-04-28,BNB,1.5645
2025-04-29,BNB,1.3008
2025-04-30,BNB,1.4494
2025-05-01,BNB,1.1602
2025-05-02,BNB,1.1201
2025-05-03,BNB,0.8789
2025-05-04,BNB,1.1665
2025-05-05,BNB,1.7603
2025-05-06,BNB,1.2915
2025-05-07,BNB,1.2684
2025-05-08,BNB,2.0037
2025-05-09,BNB,3.1629
2025-05-10,BNB,2.9726
2025-05-11,BNB,2.5606
2025-05-12,BNB,3.747
2025-05-13,BNB,2.7222
2025-05-14,BNB,2.2697
2025-05-15,BNB,2.6503
2025-05-16,BNB,1.9835
2025-05-17,BNB,1.8423
2025-05-18,BNB,1.964
2025-05-19,BNB,2.0067
2025-05-20,BNB,1.6653
2025-05-21,BNB,2.5461
2025-05-22,BNB,2.0709
2025-05-23,BNB,2.3492
2025-05-24,BNB,1.6096
2025-05-25,BNB,1.6296
2025-05-26,BNB,1.4519
2025-05-27,BNB,2.1469
2025-05-28,BNB,1.7109
2025-05-29,BNB,1.9188
2025-05-30,BNB,2.1502
2025-05-31,BNB,1.8521
2025-06-01,BNB,1.4578
2025-06-02,BNB,1.5044
2025-06-03,BNB,1.4329
2025-06-04,BNB,1.2825
2025-06-05,BNB,2.4936
2025-06-06,BNB,1.5571
2025-06-07,BNB,1.0327
2025-06-08,BNB,0.8715
2025-06-09,BNB,1.2551
2025-06-10,BNB,1.6236
2025-06-11,BNB,1.5666
2025-06-12,BNB,1.5875
2025-06-13,BNB,2.1284
2025-06-14,BNB,1.1015
2025-06-15,BNB,1.1001
2025-06-16,BNB,1.232
2025-06-17,BNB,1.5186
2025-06-18,BNB,1.6866
2025-06-19,BNB,0.9907
2025-06-20,BNB,1.222
2025-06-21,BNB,1.6279
2025-06-22,BNB,2.2545
2025-06-23,BNB,2.0249
2025-06-24,BNB,1.2584
2025-06-25,BNB,1.642
2025-06-26,BNB,1.2511
2025-06-27,BNB,1.0819
2025-06-28,BNB,0.5803
2025-06-29,BNB,0.7704
2025-06-30,BNB,1.1473
2025-07-01,BNB,1.0458
2025-07-02,BNB,1.0852
2025-07-03,BNB,1.1156
2025-07-04,BNB,1.089
2025-07-05,BNB,0.6738
2025-07-06,BNB,1.0176
2025-07-07,BNB,0.9462
2025-07-08,BNB,0.9128
2025-07-09,BNB,1.0493
2025-07-10,BNB,1.4654
2025-07-11,BNB,2.0241
2025-07-12,BNB,1.4424
2025-07-13,BNB,1.0515
2025-07-14,BNB,1.8368
2025-07-15,BNB,2.0068
2025-07-16,BNB,1.9683
2025-07-17,BNB,3.2727
2025-07-18,BNB,3.6357
2025-07-19,BNB,2.2428
2025-07-20,BNB,2.6812
2025-07-21,BNB,2.7932
2025-07-22,BNB,3.178
2025-07-23,BNB,4.2946
2025-07-24,BNB,3.5663
2025-07-25,BNB,3.2792
2025-07-26,BNB,1.4253
2025-07-27,BNB,2.5363
2025-07-28,BNB,3.6689
2025-07-29,BNB,3.3089
2025-07-30,BNB,3.1897
2025-07-31,BNB,2.9362
2025-08-01,BNB,4.1401
2025-08-02,BNB,2.8647
2025-08-03,BNB,1.9431
2025-08-04,BNB,1.721
2025-08-05,BNB,2.3586
2025-08-06,BNB,1.9467
2025-08-07,BNB,1.7795
2025-08-08,BNB,2.1671
2025-08-09,BNB,1.7824
2025-08-10,BNB,1.9632
2025-08-11,BNB,2.7977
2025-08-12,BNB,2.5723
2025-08-13,BNB,2.8481
2025-08-14,BNB,4.1732
2025-08-15,BNB,3.0298
2025-08-16,BNB,1.7071
2025-08-17,BNB,1.9832
2025-08-18,BNB,2.5178
2025-08-19,BNB,2.7683
2025-08-20,BNB,2.8819
2025-08-21,BNB,2.527
2025-08-22,BNB,3.0373
2025-08-23,BNB,1.9821
2025-08-24,BNB,2.6567
2025-08-25,BNB,2.9332
2025-08-26,BNB,2.4762
2025-08-27,BNB,2.3826
2025-08-28,BNB,2.5208
2025-08-29,BNB,2.4087
2025-08-30,BNB,1.2254
2025-08-31,BNB,1.1147
2025-09-01,BNB,2.0962
2025-09-02,BNB,1.7276
2025-09-03,BNB,1.1379
2025-09-04,BNB,1.2015
2025-09-05,BNB,1.4479
2025-09-06,BNB,1.1903
2025-09-07,BNB,1.2801
2025-09-08,BNB,1.6027
2025-09-09,BNB,1.2457
2025-09-10,BNB,1.8884
2025-09-11,BNB,1.6291
2025-09-12,BNB,1.6258
2025-09-13,BNB,1.8741
2025-09-14,BNB,1.8359
2025-09-15,BNB,1.8873
2025-09-16,BNB,2.0859
2025-09-17,BNB,2.7038
2025-09-18,BNB,2.0637
2025-09-19,BNB,1.9527
2025-09-20,BNB,2.3513
2025-09-21,BNB,3.2187
2025-09-22,BNB,4.0033
2025-09-23,BNB,3.117
2025-09-24,BNB,2.6649
2025-09-25,BNB,3.7606
2025-09-26,BNB,2.9501
2025-09-27,BNB,1.9065
2025-09-28,BNB,1.6538
2025-09-29,BNB,2.2598
2025-09-30,BNB,2.191
2025-10-01,BNB,2.1053
2025-10-02,BNB,2.7843
2025-10-03,BNB,4.6206
2025-10-04,BNB,2.7017
2025-10-05,BNB,2.7454
2025-10-06,BNB,3.6034
2025-10-07,BNB,5.7399
2025-10-08,BNB,4.4947
2025-10-09,BNB,4.5868
2025-10-10,BNB,20.7953
2025-10-11,BNB,6.5332
2025-10-12,BNB,6.3657
2025-10-13,BNB,6.294
2025-10-14,BNB,7.1627
2025-10-15,BNB,4.5361
2025-10-16,BNB,4.8805
2025-10-17,BNB,5.7441
2025-10-18,BNB,3.4036
2025-10-19,BNB,3.1543
2025-10-20,BNB,3.3666
2025-10-21,BNB,3.5695
2025-10-22,BNB,3.2769
2025-10-23,BNB,5.4633
2025-10-24,BNB,2.646
2025-10-25,BNB,1.5438
2025-10-26,BNB,1.9695
2025-10-27,BNB,3.2546
2025-10-28,BNB,3.5397
2025-10-29,BNB,3.3446
2025-10-30,BNB,3.7129
2025-10-31,BNB,2.8973
2025-11-01,BNB,1.5207
2025-11-02,BNB,1.5782
2025-11-03,BNB,5.2055
2025-11-04,BNB,7.0057
2025-11-05,BNB,4.2715
2025-11-06,BNB,3.1854
2025-11-07,BNB,3.9675
2025-11-08,BNB,2.958
2025-11-09,BNB,2.4784
2025-11-10,BNB,2.6187
2025-11-11,BNB,2.8491
2025-11-12,BNB,2.62
2025-11-13,BNB,3.554
2025-11-14,BNB,4.4584
2025-11-15,BNB,2.3114
2025-11-16,BNB,3.1625
2025-11-17,BNB,3.936
2025-11-18,BNB,3.9452
2025-11-19,BNB,3.3814
2025-11-20,BNB,3.5603
2025-11-21,BNB,5.6099
2025-11-22,BNB,3.4815
2025-11-23,BNB,2.4053
2025-11-24,BNB,3.3258
2025-11-25,BNB,2.6437
2025-11-26,BNB,2.4106
2025-11-27,BNB,1.8695
2025-11-28,BNB,2.4176
2025-11-29,BNB,1.4753
2025-11-30,BNB,1.7771
2025-12-01,BNB,3.6465
2025-12-02,BNB,2.7119
2025-12-03,BNB,2.8995
2025-12-04,BNB,2.6191
2025-12-05,BNB,2.5735
2025-12-06,BNB,1.7055
2025-12-07,BNB,2.5602
2025-12-08,BNB,2.2822
2025-12-09,BNB,2.6818
2025-12-10,BNB,2.8314
2025-12-11,BNB,2.6605
2025-12-12,BNB,2.1005
2025-12-13,BNB,1.413
2025-12-14,BNB,1.9472
2025-12-15,BNB,2.7741
2025-12-16,BNB,2.4133
2025-12-17,BNB,2.7862
2025-12-18,BNB,2.9136
2025-12-19,BNB,2.491
2025-12-20,BNB,0.9679
2025-12-21,BNB,1.586
2025-12-22,BNB,2.1333
2025-12-23,BNB,1.9114
2025-12-24,BNB,1.5566
2025-12-25,BNB,1.2849
2025-12-26,BNB,1.9124
2025-12-27,BNB,1.0902
2025-12-28,BNB,1.3995
2025-12-29,BNB,1.7944
2025-12-30,BNB,1.421
2025-12-31,BNB,1.5396
2026-01-01,BNB,1.0975
2026-01-02,BNB,1.8337
2026-01-03,BNB,1.0864
2026-01-04,BNB,1.6369
2026-01-05,BNB,1.908
2026-01-06,BNB,2.1152
2026-01-07,BNB,2.0332
2026-01-08,BNB,1.9963
2026-01-09,BNB,1.7252
2026-01-10,BNB,1.379
2026-01-11,BNB,1.3501
2026-01-12,BNB,1.7338
2026-01-13,BNB,2.3274
2026-01-14,BNB,1.9854
2026-01-15,BNB,1.919
2026-01-16,BNB,1.4656
2026-01-17,BNB,1.5406
2026-01-18,BNB,1.3255
2026-01-19,BNB,2.6828
2026-01-20,BNB,2.4884
2026-01-21,BNB,2.8733
2026-01-22,BNB,1.83
2026-01-23,BNB,1.755
2026-01-24,BNB,0.7622
2026-01-25,BNB,1.7785
2026-01-26,BNB,1.8022
2026-01-27,BNB,1.6385
2026-01-28,BNB,1.6817
2026-01-29,BNB,2.5972
2026-01-30,BNB,3.7257
2026-01-31,BNB,5.3881
2026-02-01,BNB,4.2967
2026-02-02,BNB,5.3924
2026-02-03,BNB,3.9242
2026-02-04,BNB,4.6418
2026-02-05,BNB,8.0071
2026-02-06,BNB,7.108
2026-02-07,BNB,3.6907
2026-02-08,BNB,3.0271
2026-02-09,BNB,3.4081
2026-02-10,BNB,3.0756
2026-02-11,BNB,3.9346
2026-02-12,BNB,2.9058
2026-02-13,BNB,3.13
2026-02-14,BNB,1.9494
2026-02-15,BNB,2.749
2026-02-16,BNB,2.7598
2026-02-17,BNB,2.8315
2026-02-18,BNB,2.7006
2026-02-19,BNB,2.6298
2026-02-20,BNB,2.8172
2026-02-21,BNB,1.4
2026-02-22,BNB,1.4801
2026-02-23,BNB,3.4198
2026-02-24,BNB,3.1743
2026-02-25,BNB,3.1098
2026-02-26,BNB,2.6783
2026-02-27,BNB,2.5467
2026-02-28,BNB,3.1076
2026-03-01,BNB,3.0856
2026-03-02,BNB,3.3846
2026-03-03,BNB,2.9879
2026-03-04,BNB,3.0713
2026-03-05,BNB,2.5968
2026-03-06,BNB,2.298
2026-03-07,BNB,1.364
2026-03-08,BNB,2.1077
2026-03-09,BNB,2.7983
2026-03-10,BNB,2.3867
2026-03-11,BNB,2.5567
2026-03-12,BNB,2.0046
2026-03-13,BNB,2.7011
2026-03-14,BNB,1.1535
2026-03-15,BNB,1.8983
2026-03-16,BNB,2.7516
2026-03-17,BNB,2.0931
2026-03-18,BNB,2.2043
2026-03-19,BNB,2.1738
2026-03-20,BNB,1.9527
2026-03-21,BNB,1.2227
2026-03-22,BNB,2.0522
2026-03-23,BNB,3.4232
2026-03-24,BNB,2.0792
2026-03-25,BNB,1.7603
2026-03-26,BNB,1.851
2026-03-27,BNB,2.0481
2026-03-28,BNB,1.3379
2026-03-29,BNB,1.6755
2026-03-30,BNB,2.0946
2026-03-31,BNB,2.3679
2026-04-01,BNB,1.9519
2026-04-02,BNB,2.5799
2026-04-03,BNB,1.4527
2026-04-04,BNB,1.0349
2026-04-05,BNB,1.4764
2026-04-06,BNB,1.7465
2026-04-07,BNB,2.231
2026-04-08,BNB,1.8071
2026-04-09,BNB,1.7531
2026-04-10,BNB,1.5258
2026-04-11,BNB,1.3024
2026-04-12,BNB,1.9076
2026-04-13,BNB,1.7726
2026-04-14,BNB,1.7202
2026-04-15,BNB,1.6851
2026-04-16,BNB,1.9491
2026-04-17,BNB,1.917
2026-04-18,BNB,1.6948
2026-04-19,BNB,1.8132
2026-04-20,BNB,1.7416
2026-04-21,BNB,1.6891
2026-04-22,BNB,2.1247
2026-04-23,BNB,1.5978
2026-04-24,BNB,1.3244
2026-04-25,BNB,0.8536
2026-04-26,BNB,1.062
2026-04-27,BNB,1.4728
2026-04-28,BNB,1.0771
2026-04-29,BNB,1.6251
2026-04-30,BNB,1.2079
2026-05-01,BNB,1.1242
2026-05-02,BNB,0.7758
2026-05-03,BNB,0.9495
2026-05-04,BNB,2.0786
2026-05-05,BNB,1.3608
2026-05-06,BNB,1.9738
2026-05-07,BNB,2.0647
2026-05-08,BNB,1.5766
2026-05-09,BNB,1.1506
2026-05-10,BNB,1.74
2026-05-11,BNB,1.9089
2026-05-12,BNB,1.8479
2026-05-13,BNB,2.2667
2026-05-14,BNB,2.0737
2026-05-15,BNB,2.2787
2026-05-16,BNB,1.7731
2026-05-17,BNB,2.001
2026-05-18,BNB,2.1271
2026-05-19,BNB,1.4969
2026-05-20,BNB,1.4818
2026-05-21,BNB,1.7238
2026-05-22,BNB,1.8955
2026-05-23,BNB,2.0156
2026-05-24,BNB,1.4725
2026-05-25,BNB,1.5052
2026-05-26,BNB,1.6687
2026-05-27,BNB,1.6254
2026-05-28,BNB,1.931
2026-05-29,BNB,1.6025
2026-05-30,BNB,3.4313
2026-05-31,BNB,3.7324
2026-06-01,BNB,4.5568
2026-06-02,BNB,3.6607
2026-06-03,BNB,3.6306
2026-06-04,BNB,4.7902
2026-06-05,BNB,5.8113
2026-06-06,BNB,3.5683
2026-06-07,BNB,3.3131
2026-06-08,BNB,2.8857
2026-06-09,BNB,2.7872
2026-06-10,BNB,2.7952
2026-06-11,BNB,2.2382
2026-06-12,BNB,1.9131
2026-06-13,BNB,1.3583
2026-06-14,BNB,1.568
2026-06-15,BNB,2.0577
2026-06-16,BNB,2.1558
2026-06-17,BNB,2.5356
2026-06-18,BNB,2.3223
2026-06-19,BNB,1.9781
2026-06-20,BNB,1.5326
2026-06-21,BNB,1.5659
2026-06-22,BNB,2.02
2026-06-23,BNB,2.1687
2026-06-24,BNB,3.1325
2026-06-25,BNB,3.2769
2026-06-26,BNB,3.0956
2026-06-27,BNB,1.5031
2026-06-28,BNB,1.8405
2026-06-29,BNB,2.6091
2026-06-30,BNB,1.9209
2026-07-01,BNB,2.4764
2026-07-02,BNB,2.3275
2026-07-03,BNB,1.6878
2026-07-04,BNB,1.6104
2026-07-05,BNB,2.0878
2026-07-06,BNB,2.3277
2026-07-07,BNB,1.7799
2026-07-08,BNB,2.0291
2026-07-09,BNB,1.6961
2026-07-10,BNB,1.6468
2026-07-11,BNB,1.1234
2026-07-12,BNB,1.4084
2026-07-13,BNB,1.8362
2026-07-14,BNB,1.615
2026-07-15,BNB,1.538
2026-07-16,BNB,1.45
2026-07-17,BNB,1.6302
2026-07-18,BNB,0.9587
2026-07-19,BNB,1.0515
2026-07-20,BNB,1.6699
2026-07-21,BNB,1.2885
2026-07-22,BNB,1.3049
2026-07-23,BNB,1.146
2026-07-24,BNB,1.5169
2026-07-25,BNB,0.7598
2026-07-26,BNB,0.9586
2026-07-27,BNB,1.6911
2026-07-28,BNB,1.4523
2026-07-29,BNB,1.5105
2026-07-30,BNB,1.7618
2026-07-31,BNB,1.6911
2026-08-01,BNB,1.3192
2026-08-02,BNB,1.2776
2026-08-03,BNB,1.3959
2026-08-04,BNB,1.1977
2026-08-05,BNB,1.8652
2026-08-06,BNB,1.192
2026-08-07,BNB,1.2025
2026-08-08,BNB,1.936
2026-08-09,BNB,1.2017
2026-08-10,BNB,1.2891
2026-08-11,BNB,1.5484
2026-08-12,BNB,1.4077
2026-08-13,BNB,1.2047
2026-08-14,BNB,1.018
2026-08-15,BNB,0.8592
2026-08-16,BNB,0.8099
2026-08-17,BNB,0.9528
2026-08-18,BNB,0.7398
2026-08-19,BNB,1.9978
2026-08-20,BNB,2.5162
2026-08-21,BNB,3.2901
2026-08-22,BNB,5.2716
2026-08-23,BNB,2.5708
2026-08-24,BNB,2.6637
2026-08-25,BNB,2.4876
2026-08-26,BNB,2.0614
2026-08-27,BNB,1.8117
2026-08-28,BNB,1.9112
2026-08-29,BNB,0.9636
2026-08-30,BNB,1.5196
2026-08-31,BNB,1.5664
2022-01-01,ADA,3.8159
2022-01-02,ADA,4.0324
2022-01-03,ADA,3.9603
2022-01-04,ADA,4.3787
2022-01-05,ADA,6.1469
2022-01-06,ADA,6.1702
2022-01-07,ADA,7.0546
2022-01-08,ADA,6.4053
2022-01-09,ADA,4.9482
2022-01-10,ADA,6.8334
2022-01-11,ADA,5.0066
2022-01-12,ADA,4.9091
2022-01-13,ADA,5.7182
2022-01-14,ADA,5.5657
2022-01-15,ADA,3.8562
2022-01-16,ADA,5.3465
2022-01-17,ADA,8.1185
2022-01-18,ADA,7.3062
2022-01-19,ADA,6.9907
2022-01-20,ADA,6.8692
2022-01-21,ADA,9.7004
2022-01-22,ADA,13.8217
2022-01-23,ADA,8.6143
2022-01-24,ADA,10.9845
2022-01-25,ADA,6.9503
2022-01-26,ADA,9.1122
2022-01-27,ADA,7.1105
2022-01-28,ADA,5.8414
2022-01-29,ADA,4.5906
2022-01-30,ADA,4.4194
2022-01-31,ADA,4.4311
2022-02-01,ADA,4.5851
2022-02-02,ADA,4.9579
2022-02-03,ADA,4.515
2022-02-04,ADA,4.5101
2022-02-05,ADA,4.753
2022-02-06,ADA,4.2166
2022-02-07,ADA,5.3799
2022-02-08,ADA,6.3986
2022-02-09,ADA,4.6831
2022-02-10,ADA,5.4559
2022-02-11,ADA,5.62
2022-02-12,ADA,5.7312
2022-02-13,ADA,4.4688
2022-02-14,ADA,4.4691
2022-02-15,ADA,4.5986
2022-02-16,ADA,4.1858
2022-02-17,ADA,4.962
2022-02-18,ADA,5.19
2022-02-19,ADA,4.4906
2022-02-20,ADA,5.3409
2022-02-21,ADA,8.387
2022-02-22,ADA,7.5069
2022-02-23,ADA,6.9346
2022-02-24,ADA,11.7158
2022-02-25,ADA,7.5495
2022-02-26,ADA,5.9951
2022-02-27,ADA,6.3416
2022-02-28,ADA,7.1573
2022-03-01,ADA,6.6541
2022-03-02,ADA,5.8064
2022-03-03,ADA,5.1282
2022-03-04,ADA,5.7138
2022-03-05,ADA,5.2648
2022-03-06,ADA,5.3069
2022-03-07,ADA,5.6315
2022-03-08,ADA,5.8157
2022-03-09,ADA,5.0827
2022-03-10,ADA,5.8739
2022-03-11,ADA,5.2213
2022-03-12,ADA,4.1078
2022-03-13,ADA,4.5333
2022-03-14,ADA,4.9631
2022-03-15,ADA,4.9254
2022-03-16,ADA,5.5523
2022-03-17,ADA,4.4764
2022-03-18,ADA,4.4621
2022-03-19,ADA,4.7329
2022-03-20,ADA,4.743
2022-03-21,ADA,5.0557
2022-03-22,ADA,5.0179
2022-03-23,ADA,7.1539
2022-03-24,ADA,6.4061
2022-03-25,ADA,5.6273
2022-03-26,ADA,4.7799
2022-03-27,ADA,4.2226
2022-03-28,ADA,6.4942
2022-03-29,ADA,4.8116
2022-03-30,ADA,4.6961
2022-03-31,ADA,5.6027
2022-04-01,ADA,4.9333
2022-04-02,ADA,4.6246
2022-04-03,ADA,3.9072
2022-04-04,ADA,5.8436
2022-04-05,ADA,4.2135
2022-04-06,ADA,6.2948
2022-04-07,ADA,5.2105
2022-04-08,ADA,4.8514
2022-04-09,ADA,3.8542
2022-04-10,ADA,3.8708
2022-04-11,ADA,6.2147
2022-04-12,ADA,5.2782
2022-04-13,ADA,4.0984
2022-04-14,ADA,4.3347
2022-04-15,ADA,3.8373
2022-04-16,ADA,3.537
2022-04-17,ADA,3.4105
2022-04-18,ADA,5.2331
2022-04-19,ADA,3.8991
2022-04-20,ADA,4.1694
2022-04-21,ADA,4.5531
2022-04-22,ADA,4.3648
2022-04-23,ADA,3.5618
2022-04-24,ADA,3.9952
2022-04-25,ADA,4.7414
2022-04-26,ADA,4.2073
2022-04-27,ADA,4.318
2022-04-28,ADA,3.7039
2022-04-29,ADA,3.6169
2022-04-30,ADA,4.2144
2022-05-01,ADA,4.6224
2022-05-02,ADA,4.0857
2022-05-03,ADA,2.9625
2022-05-04,ADA,6.0611
2022-05-05,ADA,6.443
2022-05-06,ADA,6.5771
2022-05-07,ADA,4.2595
2022-05-08,ADA,4.8999
2022-05-09,ADA,10.3405
2022-05-10,ADA,11.4038
2022-05-11,ADA,18.4797
2022-05-12,ADA,19.6192
2022-05-13,ADA,12.9987
2022-05-14,ADA,8.9213
2022-05-15,ADA,7.4604
2022-05-16,ADA,7.9646
2022-05-17,ADA,5.9091
2022-05-18,ADA,6.6007
2022-05-19,ADA,7.1172
2022-05-20,ADA,5.4792
2022-05-21,ADA,4.5318
2022-05-22,ADA,3.9603
2022-05-23,ADA,4.989
2022-05-24,ADA,4.6837
2022-05-25,ADA,4.3106
2022-05-26,ADA,5.9936
2022-05-27,ADA,6.968
2022-05-28,ADA,4.5478
2022-05-29,ADA,3.896
2022-05-30,ADA,6.2431
2022-05-31,ADA,11.4529
2022-06-01,ADA,7.6732
2022-06-02,ADA,8.1828
2022-06-03,ADA,6.1342
2022-06-04,ADA,5.1664
2022-06-05,ADA,3.9062
2022-06-06,ADA,6.504
2022-06-07,ADA,7.4118
2022-06-08,ADA,8.5594
2022-06-09,ADA,4.7157
2022-06-10,ADA,6.0194
2022-06-11,ADA,7.24
2022-06-12,ADA,9.0781
2022-06-13,ADA,13.6053
2022-06-14,ADA,11.7044
2022-06-15,ADA,12.7886
2022-06-16,ADA,8.5489
2022-06-17,ADA,6.4975
2022-06-18,ADA,8.6188
2022-06-19,ADA,7.2493
2022-06-20,ADA,6.8957
2022-06-21,ADA,5.9057
2022-06-22,ADA,5.5752
2022-06-23,ADA,4.2194
2022-06-24,ADA,5.2432
2022-06-25,ADA,4.2301
2022-06-26,ADA,5.0967
2022-06-27,ADA,4.103
2022-06-28,ADA,4.1805
2022-06-29,ADA,4.619
2022-06-30,ADA,5.2271
2022-07-01,ADA,4.7625
2022-07-02,ADA,3.9504
2022-07-03,ADA,3.2751
2022-07-04,ADA,4.2906
2022-07-05,ADA,3.8418
2022-07-06,ADA,3.9252
2022-07-07,ADA,3.0942
2022-07-08,ADA,3.9276
2022-07-09,ADA,3.3218
2022-07-10,ADA,3.0795
2022-07-11,ADA,3.9213
2022-07-12,ADA,3.531
2022-07-13,ADA,5.9844
2022-07-14,ADA,4.0029
2022-07-15,ADA,4.0036
2022-07-16,ADA,3.6126
2022-07-17,ADA,3.826
2022-07-18,ADA,5.1386
2022-07-19,ADA,6.1029
2022-07-20,ADA,6.0882
2022-07-21,ADA,4.8823
2022-07-22,ADA,4.3366
2022-07-23,ADA,4.7873
2022-07-24,ADA,4.5088
2022-07-25,ADA,4.2274
2022-07-26,ADA,4.3557
2022-07-27,ADA,5.7343
2022-07-28,ADA,5.1362
2022-07-29,ADA,6.5146
2022-07-30,ADA,5.9362
2022-07-31,ADA,4.5335
2022-08-01,ADA,3.7247
2022-08-02,ADA,4.4763
2022-08-03,ADA,3.3889
2022-08-04,ADA,3.2415
2022-08-05,ADA,2.9305
2022-08-06,ADA,2.4725
2022-08-07,ADA,2.44
2022-08-08,ADA,3.0674
2022-08-09,ADA,2.8798
2022-08-10,ADA,3.9671
2022-08-11,ADA,3.6175
2022-08-12,ADA,2.9176
2022-08-13,ADA,3.7503
2022-08-14,ADA,4.0682
2022-08-15,ADA,3.8419
2022-08-16,ADA,3.9296
2022-08-17,ADA,4.4969
2022-08-18,ADA,4.2083
2022-08-19,ADA,6.4571
2022-08-20,ADA,4.2596
2022-08-21,ADA,4.0985
2022-08-22,ADA,4.3873
2022-08-23,ADA,3.7695
2022-08-24,ADA,3.0805
2022-08-25,ADA,2.9729
2022-08-26,ADA,5.7979
2022-08-27,ADA,4.4601
2022-08-28,ADA,3.586
2022-08-29,ADA,3.4846
2022-08-30,ADA,3.9738
2022-08-31,ADA,3.4984
2022-09-01,ADA,4.6143
2022-09-02,ADA,3.2562
2022-09-03,ADA,4.0249
2022-09-04,ADA,4.1651
2022-09-05,ADA,3.0228
2022-09-06,ADA,4.6481
2022-09-07,ADA,3.7065
2022-09-08,ADA,3.47
2022-09-09,ADA,3.7409
2022-09-10,ADA,4.3146
2022-09-11,ADA,3.6301
2022-09-12,ADA,4.1703
2022-09-13,ADA,6.3152
2022-09-14,ADA,3.7639
2022-09-15,ADA,4.2327
2022-09-16,ADA,3.3525
2022-09-17,ADA,2.7287
2022-09-18,ADA,4.5561
2022-09-19,ADA,4.021
2022-09-20,ADA,3.3927
2022-09-21,ADA,6.8503
2022-09-22,ADA,4.0198
2022-09-23,ADA,5.0062
2022-09-24,ADA,3.4266
2022-09-25,ADA,3.1909
2022-09-26,ADA,3.698
2022-09-27,ADA,3.3632
2022-09-28,ADA,3.5625
2022-09-29,ADA,3.0409
2022-09-30,ADA,3.021
2022-10-01,ADA,1.8503
2022-10-02,ADA,2.374
2022-10-03,ADA,2.3177
2022-10-04,ADA,2.0896
2022-10-05,ADA,2.144
2022-10-06,ADA,2.2123
2022-10-07,ADA,1.8251
2022-10-08,ADA,1.3692
2022-10-09,ADA,1.3817
2022-10-10,ADA,2.688
2022-10-11,ADA,3.7564
2022-10-12,ADA,2.7807
2022-10-13,ADA,6.3629
2022-10-14,ADA,3.2056
2022-10-15,ADA,2.3974
2022-10-16,ADA,2.4018
2022-10-17,ADA,2.0835
2022-10-18,ADA,2.7575
2022-10-19,ADA,2.7134
2022-10-20,ADA,2.7336
2022-10-21,ADA,3.3773
2022-10-22,ADA,2.4052
2022-10-23,ADA,2.7122
2022-10-24,ADA,2.8626
2022-10-25,ADA,5.8906
2022-10-26,ADA,4.1131
2022-10-27,ADA,4.4863
2022-10-28,ADA,3.7835
2022-10-29,ADA,5.0753
2022-10-30,ADA,3.7002
2022-10-31,ADA,3.8015
2022-11-01,ADA,3.0298
2022-11-02,ADA,5.0546
2022-11-03,ADA,3.2009
2022-11-04,ADA,4.7086
2022-11-05,ADA,4.6008
2022-11-06,ADA,3.8352
2022-11-07,ADA,4.0595
2022-11-08,ADA,10.0608
2022-11-09,ADA,11.4057
2022-11-10,ADA,11.0467
2022-11-11,ADA,6.9284
2022-11-12,ADA,4.3328
2022-11-13,ADA,4.6812
2022-11-14,ADA,6.6777
2022-11-15,ADA,3.9479
2022-11-16,ADA,3.7937
2022-11-17,ADA,3.1413
2022-11-18,ADA,2.9176
2022-11-19,ADA,2.2823
2022-11-20,ADA,3.0303
2022-11-21,ADA,4.8657
2022-11-22,ADA,3.591
2022-11-23,ADA,3.4303
2022-11-24,ADA,2.648
2022-11-25,ADA,2.5606
2022-11-26,ADA,2.6678
2022-11-27,ADA,2.1836
2022-11-28,ADA,3.2333
2022-11-29,ADA,2.4074
2022-11-30,ADA,3.2341
2022-12-01,ADA,2.3999
2022-12-02,ADA,2.3377
2022-12-03,ADA,2.6668
2022-12-04,ADA,2.1417
2022-12-05,ADA,2.1881
2022-12-06,ADA,1.8786
2022-12-07,ADA,2.3328
2022-12-08,ADA,2.0652
2022-12-09,ADA,1.8875
2022-12-10,ADA,1.3075
2022-12-11,ADA,1.6752
2022-12-12,ADA,2.0901
2022-12-13,ADA,2.9771
2022-12-14,ADA,3.1548
2022-12-15,ADA,2.5266
2022-12-16,ADA,8.2187
2022-12-17,ADA,3.1681
2022-12-18,ADA,2.5258
2022-12-19,ADA,3.6471
2022-12-20,ADA,2.5135
2022-12-21,ADA,2.6689
2022-12-22,ADA,2.5526
2022-12-23,ADA,2.8872
2022-12-24,ADA,1.6275
2022-12-25,ADA,2.0604
2022-12-26,ADA,2.1599
2022-12-27,ADA,2.1088
2022-12-28,ADA,2.8412
2022-12-29,ADA,2.8383
2022-12-30,ADA,2.2499
2022-12-31,ADA,2.0582
2023-01-01,ADA,1.7212
2023-01-02,ADA,2.7595
2023-01-03,ADA,2.0185
2023-01-04,ADA,3.4539
2023-01-05,ADA,2.4738
2023-01-06,ADA,3.7556
2023-01-07,ADA,2.2561
2023-01-08,ADA,3.7533
2023-01-09,ADA,7.3046
2023-01-10,ADA,3.7069
2023-01-11,ADA,3.5319
2023-01-12,ADA,4.7748
2023-01-13,ADA,3.8408
2023-01-14,ADA,7.9393
2023-01-15,ADA,4.2461
2023-01-16,ADA,4.4582
2023-01-17,ADA,3.1834
2023-01-18,ADA,5.6654
2023-01-19,ADA,3.2304
2023-01-20,ADA,4.1214
2023-01-21,ADA,5.5997
2023-01-22,ADA,5.2291
2023-01-23,ADA,4.2925
2023-01-24,ADA,4.1227
2023-01-25,ADA,4.2362
2023-01-26,ADA,4.2151
2023-01-27,ADA,3.494
2023-01-28,ADA,3.8508
2023-01-29,ADA,3.2046
2023-01-30,ADA,3.7506
2023-01-31,ADA,3.8699
2023-02-01,ADA,4.3183
2023-02-02,ADA,4.3511
2023-02-03,ADA,3.4404
2023-02-04,ADA,2.188
2023-02-05,ADA,2.8807
2023-02-06,ADA,3.1437
2023-02-07,ADA,3.1205
2023-02-08,ADA,2.8152
2023-02-09,ADA,4.1861
2023-02-10,ADA,3.6964
2023-02-11,ADA,2.2404
2023-02-12,ADA,2.4547
2023-02-13,ADA,3.6722
2023-02-14,ADA,3.8078
2023-02-15,ADA,3.4591
2023-02-16,ADA,4.1492
2023-02-17,ADA,3.2298
2023-02-18,ADA,2.8847
2023-02-19,ADA,3.0565
2023-02-20,ADA,3.2961
2023-02-21,ADA,3.2694
2023-02-22,ADA,3.5261
2023-02-23,ADA,2.7342
2023-02-24,ADA,3.7515
2023-02-25,ADA,2.7225
2023-02-26,ADA,2.0246
2023-02-27,ADA,2.5888
2023-02-28,ADA,2.7688
2023-03-01,ADA,2.6052
2023-03-02,ADA,2.6431
2023-03-03,ADA,4.6911
2023-03-04,ADA,2.5127
2023-03-05,ADA,2.5629
2023-03-06,ADA,2.7332
2023-03-07,ADA,3.1667
2023-03-08,ADA,3.5954
2023-03-09,ADA,3.9415
2023-03-10,ADA,4.6864
2023-03-11,ADA,4.3761
2023-03-12,ADA,4.0072
2023-03-13,ADA,5.049
2023-03-14,ADA,5.2965
2023-03-15,ADA,5.1118
2023-03-16,ADA,4.3403
2023-03-17,ADA,4.5196
2023-03-18,ADA,4.6674
2023-03-19,ADA,3.804
2023-03-20,ADA,4.5054
2023-03-21,ADA,6.4786
2023-03-22,ADA,6.8763
2023-03-23,ADA,4.2418
2023-03-24,ADA,3.6871
2023-03-25,ADA,2.9424
2023-03-26,ADA,2.5022
2023-03-27,ADA,3.9097
2023-03-28,ADA,3.7652
2023-03-29,ADA,3.6098
2023-03-30,ADA,3.7627
2023-03-31,ADA,4.5347
2023-04-01,ADA,2.7379
2023-04-02,ADA,2.8775
2023-04-03,ADA,4.8099
2023-04-04,ADA,3.3496
2023-04-05,ADA,3.1463
2023-04-06,ADA,2.6514
2023-04-07,ADA,2.3203
2023-04-08,ADA,1.9741
2023-04-09,ADA,2.1894
2023-04-10,ADA,2.127
2023-04-11,ADA,2.9144
2023-04-12,ADA,3.5619
2023-04-13,ADA,4.3607
2023-04-14,ADA,4.8579
2023-04-15,ADA,3.7601
2023-04-16,ADA,2.9119
2023-04-17,ADA,3.3427
2023-04-18,ADA,2.6033
2023-04-19,ADA,4.7135
2023-04-20,ADA,3.7606
2023-04-21,ADA,3.9638
2023-04-22,ADA,2.6197
2023-04-23,ADA,2.9451
2023-04-24,ADA,3.2308
2023-04-25,ADA,2.9895
2023-04-26,ADA,4.7123
2023-04-27,ADA,4.1721
2023-04-28,ADA,2.5202
2023-04-29,ADA,1.9354
2023-04-30,ADA,2.656
2023-05-01,ADA,2.932
2023-05-02,ADA,2.382
2023-05-03,ADA,2.9481
2023-05-04,ADA,2.2398
2023-05-05,ADA,2.6207
2023-05-06,ADA,2.3205
2023-05-07,ADA,2.0367
2023-05-08,ADA,4.4729
2023-05-09,ADA,2.6825
2023-05-10,ADA,4.2904
2023-05-11,ADA,3.0812
2023-05-12,ADA,3.7262
2023-05-13,ADA,2.0485
2023-05-14,ADA,1.8457
2023-05-15,ADA,2.1941
2023-05-16,ADA,2.2294
2023-05-17,ADA,2.6914
2023-05-18,ADA,2.7227
2023-05-19,ADA,2.1012
2023-05-20,ADA,1.5865
2023-05-21,ADA,1.9714
2023-05-22,ADA,2.5602
2023-05-23,ADA,1.8685
2023-05-24,ADA,2.4417
2023-05-25,ADA,2.1215
2023-05-26,ADA,2.4162
2023-05-27,ADA,1.6623
2023-05-28,ADA,2.7013
2023-05-29,ADA,2.1293
2023-05-30,ADA,1.9102
2023-05-31,ADA,2.0233
2023-06-01,ADA,2.0043
2023-06-02,ADA,2.1448
2023-06-03,ADA,1.4493
2023-06-04,ADA,1.6095
2023-06-05,ADA,3.2386
2023-06-06,ADA,3.2269
2023-06-07,ADA,3.6488
2023-06-08,ADA,2.8649
2023-06-09,ADA,4.1953
2023-06-10,ADA,14.7394
2023-06-11,ADA,6.4401
2023-06-12,ADA,5.4729
2023-06-13,ADA,4.8571
2023-06-14,ADA,4.5039
2023-06-15,ADA,4.2624
2023-06-16,ADA,3.2392
2023-06-17,ADA,3.2624
2023-06-18,ADA,2.8891
2023-06-19,ADA,2.7405
2023-06-20,ADA,3.4747
2023-06-21,ADA,4.2036
2023-06-22,ADA,5.0052
2023-06-23,ADA,4.0083
2023-06-24,ADA,3.369
2023-06-25,ADA,3.4316
2023-06-26,ADA,3.5784
2023-06-27,ADA,3.0113
2023-06-28,ADA,4.6165
2023-06-29,ADA,3.0218
2023-06-30,ADA,7.6296
2023-07-01,ADA,3.3023
2023-07-02,ADA,3.2094
2023-07-03,ADA,2.9246
2023-07-04,ADA,3.2203
2023-07-05,ADA,3.3973
2023-07-06,ADA,3.903
2023-07-07,ADA,3.0032
2023-07-08,ADA,2.5813
2023-07-09,ADA,2.149
2023-07-10,ADA,3.2907
2023-07-11,ADA,2.4208
2023-07-12,ADA,2.5066
2023-07-13,ADA,9.4544
2023-07-14,ADA,7.8664
2023-07-15,ADA,3.3967
2023-07-16,ADA,3.7766
2023-07-17,ADA,4.0636
2023-07-18,ADA,3.6448
2023-07-19,ADA,4.5103
2023-07-20,ADA,4.2854
2023-07-21,ADA,2.457
2023-07-22,ADA,2.5239
2023-07-23,ADA,2.2369
2023-07-24,ADA,3.71
2023-07-25,ADA,2.436
2023-07-26,ADA,2.9185
2023-07-27,ADA,2.1379
2023-07-28,ADA,2.0249
2023-07-29,ADA,1.6427
2023-07-30,ADA,2.3533
2023-07-31,ADA,2.3455
2023-08-01,ADA,3.1787
2023-08-02,ADA,2.549
2023-08-03,ADA,2.4555
2023-08-04,ADA,2.156
2023-08-05,ADA,1.8245
2023-08-06,ADA,1.6549
2023-08-07,ADA,2.7569
2023-08-08,ADA,2.4603
2023-08-09,ADA,2.0731
2023-08-10,ADA,1.8351
2023-08-11,ADA,1.4981
2023-08-12,ADA,1.3054
2023-08-13,ADA,1.4808
2023-08-14,ADA,1.6157
2023-08-15,ADA,2.9809
2023-08-16,ADA,3.3729
2023-08-17,ADA,7.3751
2023-08-18,ADA,3.8786
2023-08-19,ADA,2.1868
2023-08-20,ADA,2.2389
2023-08-21,ADA,2.6442
2023-08-22,ADA,3.0109
2023-08-23,ADA,2.5379
2023-08-24,ADA,2.1506
2023-08-25,ADA,3.5163
2023-08-26,ADA,1.7427
2023-08-27,ADA,2.0175
2023-08-28,ADA,2.2935
2023-08-29,ADA,3.836
2023-08-30,ADA,2.3921
2023-08-31,ADA,3.4323
2023-09-01,ADA,2.7097
2023-09-02,ADA,1.6551
2023-09-03,ADA,1.7954
2023-09-04,ADA,1.979
2023-09-05,ADA,1.9692
2023-09-06,ADA,2.355
2023-09-07,ADA,1.8884
2023-09-08,ADA,1.8596
2023-09-09,ADA,1.3394
2023-09-10,ADA,3.1767
2023-09-11,ADA,3.238
2023-09-12,ADA,3.0665
2023-09-13,ADA,2.8432
2023-09-14,ADA,2.3785
2023-09-15,ADA,2.1758
2023-09-16,ADA,1.9462
2023-09-17,ADA,2.1708
2023-09-18,ADA,2.4318
2023-09-19,ADA,2.2611
2023-09-20,ADA,2.5532
2023-09-21,ADA,2.3514
2023-09-22,ADA,1.8979
2023-09-23,ADA,1.5402
2023-09-24,ADA,1.6805
2023-09-25,ADA,2.0549
2023-09-26,ADA,1.632
2023-09-27,ADA,1.9263
2023-09-28,ADA,1.985
2023-09-29,ADA,2.3298
2023-09-30,ADA,1.6893
2023-10-01,ADA,2.8891
2023-10-02,ADA,3.1982
2023-10-03,ADA,2.7269
2023-10-04,ADA,2.9252
2023-10-05,ADA,2.3611
2023-10-06,ADA,2.0531
2023-10-07,ADA,1.6755
2023-10-08,ADA,1.6427
2023-10-09,ADA,2.5052
2023-10-10,ADA,2.0882
2023-10-11,ADA,2.484
2023-10-12,ADA,1.9646
2023-10-13,ADA,1.7535
2023-10-14,ADA,1.3394
2023-10-15,ADA,1.4372
2023-10-16,ADA,2.9197
2023-10-17,ADA,1.8713
2023-10-18,ADA,1.7969
2023-10-19,ADA,2.0627
2023-10-20,ADA,2.1066
2023-10-21,ADA,2.2467
2023-10-22,ADA,2.475
2023-10-23,ADA,3.8294
2023-10-24,ADA,5.465
2023-10-25,ADA,3.695
2023-10-26,ADA,4.2772
2023-10-27,ADA,3.5294
2023-10-28,ADA,2.2235
2023-10-29,ADA,2.271
2023-10-30,ADA,2.846
2023-10-31,ADA,3.467
2023-11-01,ADA,3.6419
2023-11-02,ADA,5.547
2023-11-03,ADA,5.2185
2023-11-04,ADA,2.83
2023-11-05,ADA,3.964
2023-11-06,ADA,4.368
2023-11-07,ADA,4.4361
2023-11-08,ADA,3.3446
2023-11-09,ADA,8.324
2023-11-10,ADA,4.9671
2023-11-11,ADA,5.3002
2023-11-12,ADA,4.3803
2023-11-13,ADA,4.5311
2023-11-14,ADA,5.3268
2023-11-15,ADA,4.1008
2023-11-16,ADA,6.7017
2023-11-17,ADA,5.2646
2023-11-18,ADA,4.0539
2023-11-19,ADA,3.8266
2023-11-20,ADA,4.1543
2023-11-21,ADA,5.2041
2023-11-22,ADA,3.4995
2023-11-23,ADA,2.8665
2023-11-24,ADA,3.2285
2023-11-25,ADA,2.3217
2023-11-26,ADA,2.5107
2023-11-27,ADA,3.2803
2023-11-28,ADA,3.0806
2023-11-29,ADA,2.8786
2023-11-30,ADA,2.3742
2023-12-01,ADA,2.1476
2023-12-02,ADA,1.9504
2023-12-03,ADA,2.3799
2023-12-04,ADA,4.3584
2023-12-05,ADA,3.862
2023-12-06,ADA,5.8664
2023-12-07,ADA,4.4625
2023-12-08,ADA,7.4143
2023-12-09,ADA,9.735
2023-12-10,ADA,6.4151
2023-12-11,ADA,9.8496
2023-12-12,ADA,7.266
2023-12-13,ADA,9.0392
2023-12-14,ADA,6.7451
2023-12-15,ADA,5.6735
2023-12-16,ADA,4.4514
2023-12-17,ADA,4.6551
2023-12-18,ADA,4.9044
2023-12-19,ADA,4.9679
2023-12-20,ADA,4.6618
2023-12-21,ADA,5.2134
2023-12-22,ADA,5.4787
2023-12-23,ADA,3.4249
2023-12-24,ADA,5.111
2023-12-25,ADA,3.9378
2023-12-26,ADA,6.8181
2023-12-27,ADA,5.0173
2023-12-28,ADA,6.9527
2023-12-29,ADA,4.8001
2023-12-30,ADA,3.4664
2023-12-31,ADA,3.094
2024-01-01,ADA,2.8803
2024-01-02,ADA,3.7797
2024-01-03,ADA,11.0258
2024-01-04,ADA,4.833
2024-01-05,ADA,5.7713
2024-01-06,ADA,4.3431
2024-01-07,ADA,4.4221
2024-01-08,ADA,6.4042
2024-01-09,ADA,7.0435
2024-01-10,ADA,7.6376
2024-01-11,ADA,6.9192
2024-01-12,ADA,6.1691
2024-01-13,ADA,3.9013
2024-01-14,ADA,3.7808
2024-01-15,ADA,3.0862
2024-01-16,ADA,3.3874
2024-01-17,ADA,3.1627
2024-01-18,ADA,3.7824
2024-01-19,ADA,4.007
2024-01-20,ADA,3.5613
2024-01-21,ADA,2.3953
2024-01-22,ADA,4.2816
2024-01-23,ADA,5.0969
2024-01-24,ADA,3.5835
2024-01-25,ADA,3.9125
2024-01-26,ADA,2.82
2024-01-27,ADA,2.0727
2024-01-28,ADA,3.0614
2024-01-29,ADA,3.4307
2024-01-30,ADA,3.7307
2024-01-31,ADA,4.4364
2024-02-01,ADA,3.2693
2024-02-02,ADA,3.3084
2024-02-03,ADA,2.5245
2024-02-04,ADA,2.26
2024-02-05,ADA,2.5687
2024-02-06,ADA,2.6002
2024-02-07,ADA,3.4633
2024-02-08,ADA,3.981
2024-02-09,ADA,3.6456
2024-02-10,ADA,2.8702
2024-02-11,ADA,3.6926
2024-02-12,ADA,3.4944
2024-02-13,ADA,3.8231
2024-02-14,ADA,3.4241
2024-02-15,ADA,4.6588
2024-02-16,ADA,3.734
2024-02-17,ADA,3.2714
2024-02-18,ADA,3.9215
2024-02-19,ADA,3.8418
2024-02-20,ADA,5.3704
2024-02-21,ADA,4.3427
2024-02-22,ADA,3.9847
2024-02-23,ADA,4.1261
2024-02-24,ADA,3.2775
2024-02-25,ADA,2.644
2024-02-26,ADA,3.6703
2024-02-27,ADA,4.1445
2024-02-28,ADA,8.1085
2024-02-29,ADA,6.9893
2024-03-01,ADA,5.1692
2024-03-02,ADA,6.0066
2024-03-03,ADA,5.8726
2024-03-04,ADA,7.2995
2024-03-05,ADA,14.4055
2024-03-06,ADA,6.5556
2024-03-07,ADA,5.8563
2024-03-08,ADA,6.0024
2024-03-09,ADA,3.0952
2024-03-10,ADA,3.4213
2024-03-11,ADA,5.7679
2024-03-12,ADA,5.5268
2024-03-13,ADA,3.7329
2024-03-14,ADA,6.8049
2024-03-15,ADA,7.768
2024-03-16,ADA,6.2298
2024-03-17,ADA,5.2432
2024-03-18,ADA,5.5536
2024-03-19,ADA,7.6468
2024-03-20,ADA,6.7685
2024-03-21,ADA,5.5797
2024-03-22,ADA,5.3386
2024-03-23,ADA,3.5271
2024-03-24,ADA,3.1635
2024-03-25,ADA,3.5153
2024-03-26,ADA,3.7407
2024-03-27,ADA,4.3178
2024-03-28,ADA,3.1997
2024-03-29,ADA,3.6963
2024-03-30,ADA,2.7428
2024-03-31,ADA,1.8289
2024-04-01,ADA,4.2808
2024-04-02,ADA,4.9344
2024-04-03,ADA,4.054
2024-04-04,ADA,3.5747
2024-04-05,ADA,3.8532
2024-04-06,ADA,2.3232
2024-04-07,ADA,2.3353
2024-04-08,ADA,2.836
2024-04-09,ADA,3.9881
2024-04-10,ADA,4.0531
2024-04-11,ADA,3.2323
2024-04-12,ADA,10.9732
2024-04-13,ADA,11.8387
2024-04-14,ADA,7.8587
2024-04-15,ADA,6.0509
2024-04-16,ADA,6.3454
2024-04-17,ADA,5.4303
2024-04-18,ADA,5.124
2024-04-19,ADA,6.0807
2024-04-20,ADA,4.8701
2024-04-21,ADA,4.0948
2024-04-22,ADA,4.3545
2024-04-23,ADA,3.8415
2024-04-24,ADA,4.3586
2024-04-25,ADA,3.9753
2024-04-26,ADA,3.9102
2024-04-27,ADA,3.7582
2024-04-28,ADA,2.9169
2024-04-29,ADA,3.8694
2024-04-30,ADA,4.9201
2024-05-01,ADA,5.737
2024-05-02,ADA,4.0913
2024-05-03,ADA,3.1874
2024-05-04,ADA,2.5498
2024-05-05,ADA,2.5623
2024-05-06,ADA,3.4092
2024-05-07,ADA,3.0103
2024-05-08,ADA,4.9909
2024-05-09,ADA,3.0965
2024-05-10,ADA,3.2588
2024-05-11,ADA,2.32
2024-05-12,ADA,1.9107
2024-05-13,ADA,4.145
2024-05-14,ADA,3.0879
2024-05-15,ADA,3.5123
2024-05-16,ADA,3.0661
2024-05-17,ADA,3.1807
2024-05-18,ADA,2.09
2024-05-19,ADA,2.2657
2024-05-20,ADA,3.7532
2024-05-21,ADA,4.0458
2024-05-22,ADA,3.4495
2024-05-23,ADA,5.1167
2024-05-24,ADA,2.833
2024-05-25,ADA,1.8763
2024-05-26,ADA,1.9912
2024-05-27,ADA,2.5007
2024-05-28,ADA,3.3442
2024-05-29,ADA,2.7688
2024-05-30,ADA,2.9803
2024-05-31,ADA,2.5864
2024-06-01,ADA,1.3774
2024-06-02,ADA,2.0059
2024-06-03,ADA,2.4705
2024-06-04,ADA,2.3202
2024-06-05,ADA,1.7804
2024-06-06,ADA,1.9248
2024-06-07,ADA,7.7275
2024-06-08,ADA,2.4361
2024-06-09,ADA,1.7123
2024-06-10,ADA,3.1717
2024-06-11,ADA,4.8662
2024-06-12,ADA,3.9153
2024-06-13,ADA,3.1277
2024-06-14,ADA,3.4824
2024-06-15,ADA,2.0215
2024-06-16,ADA,1.7709
2024-06-17,ADA,4.2174
2024-06-18,ADA,6.9547
2024-06-19,ADA,3.1795
2024-06-20,ADA,3.2286
2024-06-21,ADA,3.4072
2024-06-22,ADA,2.8653
2024-06-23,ADA,2.7433
2024-06-24,ADA,4.711
2024-06-25,ADA,2.739
2024-06-26,ADA,3.3485
2024-06-27,ADA,2.7092
2024-06-28,ADA,3.5207
2024-06-29,ADA,2.7206
2024-06-30,ADA,2.3343
2024-07-01,ADA,2.6618
2024-07-02,ADA,2.4956
2024-07-03,ADA,3.5955
2024-07-04,ADA,5.2204
2024-07-05,ADA,8.8854
2024-07-06,ADA,3.6541
2024-07-07,ADA,4.2195
2024-07-08,ADA,6.8804
2024-07-09,ADA,3.7817
2024-07-10,ADA,3.3683
2024-07-11,ADA,4.1054
2024-07-12,ADA,3.5834
2024-07-13,ADA,3.5934
2024-07-14,ADA,3.151
2024-07-15,ADA,3.6372
2024-07-16,ADA,4.3079
2024-07-17,ADA,3.4614
2024-07-18,ADA,3.4277
2024-07-19,ADA,3.3942
2024-07-20,ADA,2.5919
2024-07-21,ADA,3.3379
2024-07-22,ADA,3.3803
2024-07-23,ADA,3.935
2024-07-24,ADA,3.904
2024-07-25,ADA,4.3437
2024-07-26,ADA,2.8551
2024-07-27,ADA,3.2966
2024-07-28,ADA,2.3401
2024-07-29,ADA,3.3585
2024-07-30,ADA,3.1529
2024-07-31,ADA,3.6758
2024-08-01,ADA,4.2994
2024-08-02,ADA,5.2485
2024-08-03,ADA,4.3291
2024-08-04,ADA,4.5194
2024-08-05,ADA,13.8026
2024-08-06,ADA,5.7884
2024-08-07,ADA,5.6595
2024-08-08,ADA,4.6131
2024-08-09,ADA,3.7612
2024-08-10,ADA,2.4325
2024-08-11,ADA,3.0364
2024-08-12,ADA,4.447
2024-08-13,ADA,3.177
2024-08-14,ADA,3.1826
2024-08-15,ADA,3.4158
2024-08-16,ADA,4.9548
2024-08-17,ADA,2.2152
2024-08-18,ADA,2.0747
2024-08-19,ADA,3.013
2024-08-20,ADA,2.8319
2024-08-21,ADA,4.3113
2024-08-22,ADA,2.8348
2024-08-23,ADA,4.2862
2024-08-24,ADA,2.9802
2024-08-25,ADA,3.3392
2024-08-26,ADA,3.6866
2024-08-27,ADA,4.7375
2024-08-28,ADA,4.538
2024-08-29,ADA,3.5696
2024-08-30,ADA,4.0963
2024-08-31,ADA,1.9838
2024-09-01,ADA,3.4974
2024-09-02,ADA,3.4717
2024-09-03,ADA,3.1877
2024-09-04,ADA,4.572
2024-09-05,ADA,3.9648
2024-09-06,ADA,4.985
2024-09-07,ADA,2.6737
2024-09-08,ADA,3.056
2024-09-09,ADA,3.4945
2024-09-10,ADA,2.7022
2024-09-11,ADA,3.8421
2024-09-12,ADA,3.1167
2024-09-13,ADA,2.7139
2024-09-14,ADA,2.064
2024-09-15,ADA,2.5702
2024-09-16,ADA,2.8436
2024-09-17,ADA,2.7586
2024-09-18,ADA,3.5751
2024-09-19,ADA,2.9334
2024-09-20,ADA,2.9027
2024-09-21,ADA,2.1335
2024-09-22,ADA,2.6785
2024-09-23,ADA,3.5438
2024-09-24,ADA,3.9256
2024-09-25,ADA,3.0068
2024-09-26,ADA,3.4442
2024-09-27,ADA,3.1188
2024-09-28,ADA,2.5305
2024-09-29,ADA,2.7035
2024-09-30,ADA,3.2845
2024-10-01,ADA,5.9244
2024-10-02,ADA,4.7223
2024-10-03,ADA,4.8735
2024-10-04,ADA,3.288
2024-10-05,ADA,2.4593
2024-10-06,ADA,2.6419
2024-10-07,ADA,3.6729
2024-10-08,ADA,3.4085
2024-10-09,ADA,3.2453
2024-10-10,ADA,3.0663
2024-10-11,ADA,2.4343
2024-10-12,ADA,2.0177
2024-10-13,ADA,2.6376
2024-10-14,ADA,3.0433
2024-10-15,ADA,4.6145
2024-10-16,ADA,3.4281
2024-10-17,ADA,3.2111
2024-10-18,ADA,2.6497
2024-10-19,ADA,2.1816
2024-10-20,ADA,2.5141
2024-10-21,ADA,3.317
2024-10-22,ADA,4.0169
2024-10-23,ADA,3.577
2024-10-24,ADA,2.94
2024-10-25,ADA,4.9533
2024-10-26,ADA,3.0625
2024-10-27,ADA,2.1307
2024-10-28,ADA,3.5875
2024-10-29,ADA,2.8792
2024-10-30,ADA,3.2387
2024-10-31,ADA,3.5276
2024-11-01,ADA,4.3671
2024-11-02,ADA,3.2318
2024-11-03,ADA,3.6846
2024-11-04,ADA,3.4134
2024-11-05,ADA,3.022
2024-11-06,ADA,5.0436
2024-11-07,ADA,4.9345
2024-11-08,ADA,7.6173
2024-11-09,ADA,5.5161
2024-11-10,ADA,14.2812
2024-11-11,ADA,9.932
2024-11-12,ADA,11.255
2024-11-13,ADA,10.4231
2024-11-14,ADA,8.2411
2024-11-15,ADA,12.1715
2024-11-16,ADA,14.1008
2024-11-17,ADA,8.2753
2024-11-18,ADA,7.6907
2024-11-19,ADA,6.342
2024-11-20,ADA,9.3504
2024-11-21,ADA,7.1551
2024-11-22,ADA,10.7242
2024-11-23,ADA,12.8126
2024-11-24,ADA,10.0072
2024-11-25,ADA,8.8597
2024-11-26,ADA,8.8988
2024-11-27,ADA,7.713
2024-11-28,ADA,5.8707
2024-11-29,ADA,5.9312
2024-11-30,ADA,6.2315
2024-12-01,ADA,6.2642
2024-12-02,ADA,11.4112
2024-12-03,ADA,11.426
2024-12-04,ADA,7.3327
2024-12-05,ADA,8.5996
2024-12-06,ADA,5.6637
2024-12-07,ADA,3.9411
2024-12-08,ADA,3.9842
2024-12-09,ADA,13.024
2024-12-10,ADA,10.3981
2024-12-11,ADA,6.7226
2024-12-12,ADA,6.7548
2024-12-13,ADA,5.0932
2024-12-14,ADA,4.1869
2024-12-15,ADA,4.6391
2024-12-16,ADA,5.782
2024-12-17,ADA,5.6125
2024-12-18,ADA,7.8389
2024-12-19,ADA,8.9898
2024-12-20,ADA,10.5175
2024-12-21,ADA,6.9307
2024-12-22,ADA,6.2591
2024-12-23,ADA,6.7572
2024-12-24,ADA,4.8107
2024-12-25,ADA,4.0238
2024-12-26,ADA,4.6263
2024-12-27,ADA,5.1656
2024-12-28,ADA,3.422
2024-12-29,ADA,3.5202
2024-12-30,ADA,5.2923
2024-12-31,ADA,4.0552
2025-01-01,ADA,4.3679
2025-01-02,ADA,4.8204
2025-01-03,ADA,6.6395
2025-01-04,ADA,4.0509
2025-01-05,ADA,4.999
2025-01-06,ADA,4.4326
2025-01-07,ADA,7.4797
2025-01-08,ADA,7.4686
2025-01-09,ADA,6.0427
2025-01-10,ADA,6.7163
2025-01-11,ADA,4.4604
2025-01-12,ADA,4.3792
2025-01-13,ADA,6.9772
2025-01-14,ADA,4.9553
2025-01-15,ADA,7.8527
2025-01-16,ADA,7.0287
2025-01-17,ADA,5.3834
2025-01-18,ADA,5.492
2025-01-19,ADA,8.2503
2025-01-20,ADA,10.0213
2025-01-21,ADA,6.6534
2025-01-22,ADA,4.52
2025-01-23,ADA,6.1267
2025-01-24,ADA,4.1939
2025-01-25,ADA,2.8622
2025-01-26,ADA,2.9381
2025-01-27,ADA,7.2468
2025-01-28,ADA,4.7013
2025-01-29,ADA,5.6475
2025-01-30,ADA,3.5598
2025-01-31,ADA,3.9317
2025-02-01,ADA,3.8213
2025-02-02,ADA,8.588
2025-02-03,ADA,25.4879
2025-02-04,ADA,9.0414
2025-02-05,ADA,6.286
2025-02-06,ADA,6.4007
2025-02-07,ADA,6.4112
2025-02-08,ADA,4.1339
2025-02-09,ADA,4.6541
2025-02-10,ADA,6.0496
2025-02-11,ADA,8.5919
2025-02-12,ADA,7.2922
2025-02-13,ADA,5.3012
2025-02-14,ADA,5.0736
2025-02-15,ADA,3.3897
2025-02-16,ADA,3.2692
2025-02-17,ADA,5.9418
2025-02-18,ADA,5.985
2025-02-19,ADA,4.9004
2025-02-20,ADA,3.5699
2025-02-21,ADA,5.1481
2025-02-22,ADA,2.996
2025-02-23,ADA,2.7692
2025-02-24,ADA,7.0703
2025-02-25,ADA,9.0767
2025-02-26,ADA,6.3606
2025-02-27,ADA,5.1716
2025-02-28,ADA,7.015
2025-03-01,ADA,4.2155
2025-03-02,ADA,25.4493
2025-03-03,ADA,15.369
2025-03-04,ADA,16.0903
2025-03-05,ADA,10.1637
2025-03-06,ADA,6.7929
2025-03-07,ADA,11.5844
2025-03-08,ADA,5.49
2025-03-09,ADA,6.9124
2025-03-10,ADA,8.6471
2025-03-11,ADA,8.8484
2025-03-12,ADA,6.6058
2025-03-13,ADA,5.546
2025-03-14,ADA,4.1745
2025-03-15,ADA,3.209
2025-03-16,ADA,3.8158
2025-03-17,ADA,3.9238
2025-03-18,ADA,3.6381
2025-03-19,ADA,4.7493
2025-03-20,ADA,4.0108
2025-03-21,ADA,3.323
2025-03-22,ADA,2.2701
2025-03-23,ADA,2.4662
2025-03-24,ADA,3.0992
2025-03-25,ADA,4.3207
2025-03-26,ADA,3.8435
2025-03-27,ADA,3.3221
2025-03-28,ADA,3.7133
2025-03-29,ADA,4.0764
2025-03-30,ADA,3.6695
2025-03-31,ADA,5.1594
2025-04-01,ADA,3.9452
2025-04-02,ADA,6.0028
2025-04-03,ADA,4.4912
2025-04-04,ADA,5.3482
2025-04-05,ADA,2.7057
2025-04-06,ADA,5.883
2025-04-07,ADA,10.8712
2025-04-08,ADA,6.6359
2025-04-09,ADA,8.0913
2025-04-10,ADA,5.2673
2025-04-11,ADA,4.5108
2025-04-12,ADA,3.7807
2025-04-13,ADA,4.7178
2025-04-14,ADA,4.6325
2025-04-15,ADA,4.3046
2025-04-16,ADA,4.326
2025-04-17,ADA,3.1115
2025-04-18,ADA,2.5272
2025-04-19,ADA,2.0746
2025-04-20,ADA,2.2142
2025-04-21,ADA,3.4574
2025-04-22,ADA,4.1645
2025-04-23,ADA,4.5861
2025-04-24,ADA,4.9582
2025-04-25,ADA,4.6184
2025-04-26,ADA,3.5737
2025-04-27,ADA,3.617
2025-04-28,ADA,4.4561
2025-04-29,ADA,3.7137
2025-04-30,ADA,3.6147
2025-05-01,ADA,2.958
2025-05-02,ADA,3.507
2025-05-03,ADA,3.6344
2025-05-04,ADA,3.7015
2025-05-05,ADA,3.66
2025-05-06,ADA,3.9337
2025-05-07,ADA,3.592
2025-05-08,ADA,4.7364
2025-05-09,ADA,6.3302
2025-05-10,ADA,5.2225
2025-05-11,ADA,5.1203
2025-05-12,ADA,6.9203
2025-05-13,ADA,5.1445
2025-05-14,ADA,4.9627
2025-05-15,ADA,5.6387
2025-05-16,ADA,4.5116
2025-05-17,ADA,5.1616
2025-05-18,ADA,4.6646
2025-05-19,ADA,4.4892
2025-05-20,ADA,3.6261
2025-05-21,ADA,4.5682
2025-05-22,ADA,3.5936
2025-05-23,ADA,5.364
2025-05-24,ADA,3.1973
2025-05-25,ADA,3.7343
2025-05-26,ADA,3.1088
2025-05-27,ADA,3.212
2025-05-28,ADA,3.0252
2025-05-29,ADA,3.3797
2025-05-30,ADA,5.3678
2025-05-31,ADA,4.6257
2025-06-01,ADA,3.4771
2025-06-02,ADA,3.4898
2025-06-03,ADA,3.1899
2025-06-04,ADA,3.021
2025-06-05,ADA,4.939
2025-06-06,ADA,3.4366
2025-06-07,ADA,2.2714
2025-06-08,ADA,2.8355
2025-06-09,ADA,2.798
2025-06-10,ADA,3.8884
2025-06-11,ADA,3.9987
2025-06-12,ADA,3.5488
2025-06-13,ADA,5.1838
2025-06-14,ADA,2.7154
2025-06-15,ADA,2.691
2025-06-16,ADA,3.4493
2025-06-17,ADA,3.9045
2025-06-18,ADA,4.4009
2025-06-19,ADA,3.0341
2025-06-20,ADA,3.7979
2025-06-21,ADA,4.5119
2025-06-22,ADA,5.7043
2025-06-23,ADA,4.8564
2025-06-24,ADA,3.6391
2025-06-25,ADA,3.4421
2025-06-26,ADA,3.6482
2025-06-27,ADA,3.2162
2025-06-28,ADA,1.8563
2025-06-29,ADA,2.771
2025-06-30,ADA,3.7015
2025-07-01,ADA,3.3118
2025-07-02,ADA,3.6069
2025-07-03,ADA,3.5293
2025-07-04,ADA,2.9453
2025-07-05,ADA,2.1463
2025-07-06,ADA,2.5361
2025-07-07,ADA,3.2242
2025-07-08,ADA,2.8857
2025-07-09,ADA,3.8184
2025-07-10,ADA,4.408
2025-07-11,ADA,7.7853
2025-07-12,ADA,4.997
2025-07-13,ADA,4.8547
2025-07-14,ADA,5.39
2025-07-15,ADA,5.2813
2025-07-16,ADA,4.4839
2025-07-17,ADA,6.678
2025-07-18,ADA,7.284
2025-07-19,ADA,4.4515
2025-07-20,ADA,5.5904
2025-07-21,ADA,5.5296
2025-07-22,ADA,6.0641
2025-07-23,ADA,6.1981
2025-07-24,ADA,6.3721
2025-07-25,ADA,5.6985
2025-07-26,ADA,2.8659
2025-07-27,ADA,3.355
2025-07-28,ADA,4.41
2025-07-29,ADA,4.3034
2025-07-30,ADA,4.7928
2025-07-31,ADA,4.0693
2025-08-01,ADA,6.3889
2025-08-02,ADA,4.5249
2025-08-03,ADA,3.25
2025-08-04,ADA,3.545
2025-08-05,ADA,3.9746
2025-08-06,ADA,3.3828
2025-08-07,ADA,3.5304
2025-08-08,ADA,4.8603
2025-08-09,ADA,3.5073
2025-08-10,ADA,3.752
2025-08-11,ADA,4.4712
2025-08-12,ADA,4.245
2025-08-13,ADA,4.6657
2025-08-14,ADA,9.2227
2025-08-15,ADA,7.5876
2025-08-16,ADA,5.1953
2025-08-17,ADA,4.7918
2025-08-18,ADA,4.9897
2025-08-19,ADA,5.983
2025-08-20,ADA,5.0719
2025-08-21,ADA,4.4758
2025-08-22,ADA,6.8564
2025-08-23,ADA,3.5086
2025-08-24,ADA,5.3126
2025-08-25,ADA,5.264
2025-08-26,ADA,4.6989
2025-08-27,ADA,4.7187
2025-08-28,ADA,3.5129
2025-08-29,ADA,4.9073
2025-08-30,ADA,2.8005
2025-08-31,ADA,2.4185
2025-09-01,ADA,5.035
2025-09-02,ADA,3.7316
2025-09-03,ADA,2.8051
2025-09-04,ADA,2.4553
2025-09-05,ADA,3.5657
2025-09-06,ADA,1.7259
2025-09-07,ADA,2.0066
2025-09-08,ADA,3.0542
2025-09-09,ADA,3.1977
2025-09-10,ADA,2.8728
2025-09-11,ADA,4.0539
2025-09-12,ADA,2.7129
2025-09-13,ADA,3.748
2025-09-14,ADA,2.9238
2025-09-15,ADA,4.0778
2025-09-16,ADA,2.6804
2025-09-17,ADA,4.224
2025-09-18,ADA,3.3445
2025-09-19,ADA,3.1906
2025-09-20,ADA,2.1408
2025-09-21,ADA,2.2507
2025-09-22,ADA,5.6832
2025-09-23,ADA,3.0792
2025-09-24,ADA,2.9771
2025-09-25,ADA,4.613
2025-09-26,ADA,3.7202
2025-09-27,ADA,1.8701
2025-09-28,ADA,2.4322
2025-09-29,ADA,2.7415
2025-09-30,ADA,3.0027
2025-10-01,ADA,2.8731
2025-10-02,ADA,2.8185
2025-10-03,ADA,4.0689
2025-10-04,ADA,2.1242
2025-10-05,ADA,3.3092
2025-10-06,ADA,3.1558
2025-10-07,ADA,3.5049
2025-10-08,ADA,3.2992
2025-10-09,ADA,3.1461
2025-10-10,ADA,47.776
2025-10-11,ADA,8.0588
2025-10-12,ADA,6.9082
2025-10-13,ADA,6.3021
2025-10-14,ADA,6.6617
2025-10-15,ADA,4.8555
2025-10-16,ADA,5.8593
2025-10-17,ADA,5.7927
2025-10-18,ADA,2.8321
2025-10-19,ADA,3.492
2025-10-20,ADA,3.7689
2025-10-21,ADA,4.5355
2025-10-22,ADA,4.7757
2025-10-23,ADA,3.0655
2025-10-24,ADA,3.0034
2025-10-25,ADA,1.8288
2025-10-26,ADA,2.738
2025-10-27,ADA,3.376
2025-10-28,ADA,4.1496
2025-10-29,ADA,5.4972
2025-10-30,ADA,4.9541
2025-10-31,ADA,3.4734
2025-11-01,ADA,2.4821
2025-11-02,ADA,2.8025
2025-11-03,ADA,7.7708
2025-11-04,ADA,8.2545
2025-11-05,ADA,5.4196
2025-11-06,ADA,4.6212
2025-11-07,ADA,5.6822
2025-11-08,ADA,4.2919
2025-11-09,ADA,3.8714
2025-11-10,ADA,4.2092
2025-11-11,ADA,4.4467
2025-11-12,ADA,4.2079
2025-11-13,ADA,5.4338
2025-11-14,ADA,6.253
2025-11-15,ADA,3.4807
2025-11-16,ADA,4.703
2025-11-17,ADA,6.0116
2025-11-18,ADA,5.4546
2025-11-19,ADA,5.3049
2025-11-20,ADA,5.0516
2025-11-21,ADA,7.9478
2025-11-22,ADA,4.7339
2025-11-23,ADA,3.8322
2025-11-24,ADA,4.943
2025-11-25,ADA,4.0868
2025-11-26,ADA,3.8092
2025-11-27,ADA,2.9911
2025-11-28,ADA,3.8332
2025-11-29,ADA,2.8536
2025-11-30,ADA,3.0786
2025-12-01,ADA,5.3382
2025-12-02,ADA,4.5498
2025-12-03,ADA,4.5247
2025-12-04,ADA,4.0214
2025-12-05,ADA,4.0034
2025-12-06,ADA,2.7813
2025-12-07,ADA,4.6049
2025-12-08,ADA,4.2695
2025-12-09,ADA,5.5334
2025-12-10,ADA,5.0089
2025-12-11,ADA,4.7254
2025-12-12,ADA,4.2678
2025-12-13,ADA,2.2887
2025-12-14,ADA,3.4037
2025-12-15,ADA,4.6481
2025-12-16,ADA,4.1275
2025-12-17,ADA,4.7251
2025-12-18,ADA,4.9756
2025-12-19,ADA,4.6904
2025-12-20,ADA,2.2037
2025-12-21,ADA,3.0573
2025-12-22,ADA,4.4981
2025-12-23,ADA,3.6817
2025-12-24,ADA,3.1398
2025-12-25,ADA,3.3316
2025-12-26,ADA,3.71
2025-12-27,ADA,3.2297
2025-12-28,ADA,2.9408
2025-12-29,ADA,3.9554
2025-12-30,ADA,2.831
2025-12-31,ADA,3.2579
2026-01-01,ADA,2.9911
2026-01-02,ADA,4.7816
2026-01-03,ADA,3.0988
2026-01-04,ADA,3.9762
2026-01-05,ADA,4.7578
2026-01-06,ADA,5.0956
2026-01-07,ADA,4.2075
2026-01-08,ADA,4.0092
2026-01-09,ADA,4.1629
2026-01-10,ADA,2.0018
2026-01-11,ADA,2.8146
2026-01-12,ADA,3.9927
2026-01-13,ADA,4.3151
2026-01-14,ADA,4.1273
2026-01-15,ADA,3.8537
2026-01-16,ADA,2.9114
2026-01-17,ADA,2.3427
2026-01-18,ADA,3.2579
2026-01-19,ADA,6.2743
2026-01-20,ADA,4.2715
2026-01-21,ADA,4.9923
2026-01-22,ADA,3.1599
2026-01-23,ADA,3.5742
2026-01-24,ADA,1.743
2026-01-25,ADA,3.4319
2026-01-26,ADA,3.6328
2026-01-27,ADA,3.2614
2026-01-28,ADA,3.4945
2026-01-29,ADA,3.9984
2026-01-30,ADA,6.0313
2026-01-31,ADA,9.1945
2026-02-01,ADA,5.5699
2026-02-02,ADA,7.4214
2026-02-03,ADA,6.0548
2026-02-04,ADA,6.1764
2026-02-05,ADA,9.7783
2026-02-06,ADA,9.4918
2026-02-07,ADA,4.8461
2026-02-08,ADA,3.7911
2026-02-09,ADA,4.1906
2026-02-10,ADA,3.7455
2026-02-11,ADA,4.5207
2026-02-12,ADA,4.35
2026-02-13,ADA,3.8405
2026-02-14,ADA,3.9407
2026-02-15,ADA,4.6196
2026-02-16,ADA,4.2186
2026-02-17,ADA,4.4835
2026-02-18,ADA,3.9397
2026-02-19,ADA,3.6832
2026-02-20,ADA,5.4899
2026-02-21,ADA,2.5284
2026-02-22,ADA,2.3565
2026-02-23,ADA,4.8055
2026-02-24,ADA,4.1261
2026-02-25,ADA,6.265
2026-02-26,ADA,4.9571
2026-02-27,ADA,4.1587
2026-02-28,ADA,5.1708
2026-03-01,ADA,4.9954
2026-03-02,ADA,5.0735
2026-03-03,ADA,4.4553
2026-03-04,ADA,5.358
2026-03-05,ADA,4.1999
2026-03-06,ADA,3.5278
2026-03-07,ADA,2.7805
2026-03-08,ADA,3.5731
2026-03-09,ADA,4.6979
2026-03-10,ADA,4.6239
2026-03-11,ADA,3.8462
2026-03-12,ADA,3.3619
2026-03-13,ADA,4.4934
2026-03-14,ADA,2.2231
2026-03-15,ADA,3.2705
2026-03-16,ADA,5.0759
2026-03-17,ADA,3.8954
2026-03-18,ADA,3.6767
2026-03-19,ADA,3.4961
2026-03-20,ADA,3.267
2026-03-21,ADA,2.2994
2026-03-22,ADA,3.4707
2026-03-23,ADA,5.5389
2026-03-24,ADA,3.5218
2026-03-25,ADA,3.2207
2026-03-26,ADA,3.2324
2026-03-27,ADA,3.0801
2026-03-28,ADA,2.6059
2026-03-29,ADA,3.2991
2026-03-30,ADA,3.4697
2026-03-31,ADA,3.6658
2026-04-01,ADA,3.9841
2026-04-02,ADA,3.9799
2026-04-03,ADA,3.2432
2026-04-04,ADA,2.4168
2026-04-05,ADA,2.9732
2026-04-06,ADA,3.5161
2026-04-07,ADA,3.8199
2026-04-08,ADA,3.1691
2026-04-09,ADA,3.2934
2026-04-10,ADA,2.9775
2026-04-11,ADA,2.6384
2026-04-12,ADA,3.0514
2026-04-13,ADA,3.4852
2026-04-14,ADA,3.4742
2026-04-15,ADA,3.2157
2026-04-16,ADA,4.1814
2026-04-17,ADA,3.82
2026-04-18,ADA,2.9163
2026-04-19,ADA,3.2807
2026-04-20,ADA,3.2237
2026-04-21,ADA,2.9604
2026-04-22,ADA,2.7677
2026-04-23,ADA,2.6359
2026-04-24,ADA,2.4901
2026-04-25,ADA,2.035
2026-04-26,ADA,2.2005
2026-04-27,ADA,2.588
2026-04-28,ADA,2.1412
2026-04-29,ADA,3.0732
2026-04-30,ADA,2.507
2026-05-01,ADA,2.2502
2026-05-02,ADA,1.6827
2026-05-03,ADA,1.96
2026-05-04,ADA,2.8628
2026-05-05,ADA,2.8677
2026-05-06,ADA,3.3039
2026-05-07,ADA,3.0036
2026-05-08,ADA,3.0585
2026-05-09,ADA,2.2859
2026-05-10,ADA,3.9459
2026-05-11,ADA,3.2996
2026-05-12,ADA,2.8364
2026-05-13,ADA,2.9722
2026-05-14,ADA,3.0862
2026-05-15,ADA,3.1626
2026-05-16,ADA,2.3263
2026-05-17,ADA,3.061
2026-05-18,ADA,3.4749
2026-05-19,ADA,2.4105
2026-05-20,ADA,2.495
2026-05-21,ADA,2.9486
2026-05-22,ADA,3.5429
2026-05-23,ADA,3.1594
2026-05-24,ADA,2.215
2026-05-25,ADA,2.201
2026-05-26,ADA,2.7375
2026-05-27,ADA,2.9679
2026-05-28,ADA,3.611
2026-05-29,ADA,3.0836
2026-05-30,ADA,2.3551
2026-05-31,ADA,2.3104
2026-06-01,ADA,3.2482
2026-06-02,ADA,4.7378
2026-06-03,ADA,4.6661
2026-06-04,ADA,7.0675
2026-06-05,ADA,9.9548
2026-06-06,ADA,6.9645
2026-06-07,ADA,5.9305
2026-06-08,ADA,5.6203
2026-06-09,ADA,5.254
2026-06-10,ADA,5.9931
2026-06-11,ADA,4.9987
2026-06-12,ADA,4.7979
2026-06-13,ADA,3.3162
2026-06-14,ADA,3.7293
2026-06-15,ADA,5.5617
2026-06-16,ADA,4.2333
2026-06-17,ADA,5.3282
2026-06-18,ADA,4.0603
2026-06-19,ADA,3.5636
2026-06-20,ADA,3.2077
2026-06-21,ADA,3.1614
2026-06-22,ADA,3.678
2026-06-23,ADA,3.917
2026-06-24,ADA,5.3324
2026-06-25,ADA,5.0192
2026-06-26,ADA,5.2987
2026-06-27,ADA,3.0204
2026-06-28,ADA,3.3585
2026-06-29,ADA,4.1397
2026-06-30,ADA,3.4955
2026-07-01,ADA,5.3147
2026-07-02,ADA,4.4902
2026-07-03,ADA,5.6519
2026-07-04,ADA,6.329
2026-07-05,ADA,4.6875
2026-07-06,ADA,4.7582
2026-07-07,ADA,3.7381
2026-07-08,ADA,3.618
2026-07-09,ADA,3.4261
2026-07-10,ADA,3.5152
2026-07-11,ADA,3.4268
2026-07-12,ADA,3.038
2026-07-13,ADA,3.4456
2026-07-14,ADA,3.8741
2026-07-15,ADA,3.6319
2026-07-16,ADA,3.0716
2026-07-17,ADA,3.9495
2026-07-18,ADA,2.6176
2026-07-19,ADA,2.753
2026-07-20,ADA,4.1171
2026-07-21,ADA,4.0489
2026-07-22,ADA,3.8099
2026-07-23,ADA,3.3306
2026-07-24,ADA,2.9228
2026-07-25,ADA,2.4119
2026-07-26,ADA,2.3656
2026-07-27,ADA,4.1613
2026-07-28,ADA,3.6459
2026-07-29,ADA,4.2347
2026-07-30,ADA,4.3654
2026-07-31,ADA,3.894
2026-08-01,ADA,3.7155
2026-08-02,ADA,5.1428
2026-08-03,ADA,5.0067
2026-08-04,ADA,4.018
2026-08-05,ADA,3.8183
2026-08-06,ADA,5.7195
2026-08-07,ADA,3.9124
2026-08-08,ADA,2.7307
2026-08-09,ADA,2.6927
2026-08-10,ADA,3.1894
2026-08-11,ADA,2.9959
2026-08-12,ADA,2.6909
2026-08-13,ADA,2.6359
2026-08-14,ADA,2.6982
2026-08-15,ADA,2.1421
2026-08-16,ADA,2.5377
2026-08-17,ADA,2.7283
2026-08-18,ADA,2.8594
2026-08-19,ADA,4.7812
2026-08-20,ADA,5.5657
2026-08-21,ADA,8.0955
2026-08-22,ADA,14.8503
2026-08-23,ADA,6.0826
2026-08-24,ADA,5.4382
2026-08-25,ADA,4.7659
2026-08-26,ADA,4.246
2026-08-27,ADA,4.2438
2026-08-28,ADA,4.1316
2026-08-29,ADA,2.2951
2026-08-30,ADA,3.6093
2026-08-31,ADA,3.8624
