date,BTC,ETH,SOL,DOGE,XRP,BNB,ADA
2018-01-02,9.7011,14.4702,,2.2472,3.7599,5.0294,7.3967
2018-01-03,1.4611,8.8503,,2.1978,25.1723,7.899,37.9632
2018-01-04,2.6196,1.8907,,3.2258,2.9368,-3.3757,3.1861
2018-01-05,11.7333,1.7125,,27.0833,-4.6268,61.8971,-10.2774
2018-01-06,0.5594,4.4061,,22.1311,1.4859,52.5742,2.7611
2018-01-07,-5.9873,10.7029,,14.7651,9.1726,-18.0274,-1.8205
2018-01-08,-7.935,-0.4024,,-12.2807,-27.284,-2.122,-10.8577
2018-01-09,-3.7884,13.1655,,-10.6667,-14.4288,-4.6498,-9.3771
2018-01-10,2.5892,-3.3791,,-2.2388,-6.0377,-0.1206,-2.6513
2018-01-11,-10.4686,-8.0338,,-12.2137,-1.2203,20.999,-13.2014
2018-01-12,4.2877,10.2404,,13.913,4.7365,6.0525,30.3748
2018-01-13,2.7152,9.678,,-0.7634,-1.0718,-0.6359,-1.493
2018-01-14,-4.096,-2.1233,,-10.0,-7.9206,-6.3005,-9.2523
2018-01-15,0.3471,-5.4764,,-15.3846,-9.913,-5.8362,-2.954
2018-01-16,-16.8548,-18.44,,-31.3131,-29.6714,-28.9951,-19.5351
2018-01-17,-2.6274,-3.743,,11.7647,10.7785,2.2409,0.415
2018-01-18,2.5589,2.172,,5.2632,22.2231,0.5435,4.88
2018-01-19,1.1547,0.2721,,-1.25,-2.7934,4.6231,-1.4095
2018-01-20,11.1291,11.1683,,6.3291,1.7139,8.3645,8.7625
2018-01-21,-10.0712,-9.1391,,-15.4762,-12.5808,-13.1066,-13.3286
2018-01-22,-5.7646,-4.4132,,-5.6338,-1.6449,-7.4899,-6.9635
2018-01-23,-0.5763,-1.6976,,0.0,-1.4882,0.6062,-1.2971
2018-01-24,4.5177,7.3564,,5.9701,1.4958,4.0875,10.4955
2018-01-25,-0.8803,-0.2597,,8.4507,-3.3085,-2.9372,2.459
2018-01-26,-0.7816,-0.0814,,-6.4935,-7.2321,-0.0771,-2.2118
2018-01-27,2.4106,4.9186,,2.7778,0.1479,0.2633,-1.0587
2018-01-28,3.0208,12.5503,,1.3514,14.806,2.1671,8.6738
2018-01-29,-4.1565,-5.1083,,-6.6667,-5.4015,-5.7289,-7.0267
2018-01-30,-10.5352,-9.4075,,-14.2857,-14.003,-11.8595,-14.6502
2018-01-31,1.1359,4.4047,,0.0,2.0903,-0.9395,-2.3689
2018-02-01,-10.2783,-7.2896,,-16.6667,-17.1972,-14.6182,-18.7945
2018-02-02,-3.7052,-11.6711,,-10.0,-8.0727,1.4345,-7.3986
2018-02-03,3.8973,5.267,,15.5556,4.4304,1.0091,12.3688
2018-02-04,-9.7865,-13.4164,,-15.3846,-11.7208,-13.2425,-13.5597
2018-02-05,-15.9688,-16.3812,,-20.4545,-15.1894,-20.7316,-13.6831
2018-02-06,11.4838,13.6358,,25.7143,12.229,23.6212,12.9505
2018-02-07,-1.7114,-4.5458,,-2.2727,-6.762,-2.3381,-7.9502
2018-02-08,8.4538,8.0229,,6.9767,11.2446,6.1828,4.7591
2018-02-09,5.703,8.0775,,8.6957,18.5148,13.2046,9.8149
2018-02-10,-1.3172,-2.6531,,0.0,12.1857,-4.8764,3.6517
2018-02-11,-5.7056,-5.3178,,0.0,-6.2109,-5.954,-8.8938
2018-02-12,9.7983,6.6343,,10.0,7.6479,7.0949,3.921
2018-02-13,-3.6773,-2.6993,,1.8182,-4.9584,-3.601,-2.8623
2018-02-14,10.4244,9.2638,,19.6429,11.1154,15.732,6.322
2018-02-15,7.0753,1.4525,,8.9552,0.4643,5.1007,3.1494
2018-02-16,0.664,0.7721,,-4.1096,-0.776,2.4746,-1.3679
2018-02-17,8.5871,3.1672,,0.0,5.8875,4.3538,3.9871
2018-02-18,-5.0474,-5.1528,,-8.5714,-7.0124,-8.4428,-8.1686
2018-02-19,6.3828,2.1586,,4.6875,2.133,3.488,1.5301
2018-02-20,1.5893,-5.1378,,5.9701,-4.7973,-10.5745,-3.2439
2018-02-21,-6.255,-5.0705,,-7.0423,-6.8013,-5.2875,-3.8015
2018-02-22,-6.4114,-4.3679,,-4.5455,-7.2484,-5.0827,-7.2722
2018-02-23,2.9595,6.3166,,4.7619,6.0629,8.8511,2.19
2018-02-24,-4.7376,-2.7394,,-4.5455,-4.4549,-5.6768,-6.4582
2018-02-25,-1.5117,0.511,,-3.1746,-1.1421,2.2391,6.5015
2018-02-26,7.2632,2.9007,,3.2787,1.4202,5.9455,-1.657
2018-02-27,3.462,1.0295,,0.0,-1.0032,7.6507,-0.8277
2018-02-28,-3.0553,-2.6263,,-4.7619,-4.5075,-2.0798,-6.8256
2018-03-01,5.3193,1.988,,3.3333,2.6199,0.685,-2.6232
2018-03-02,1.2364,-1.7596,,-11.2903,-1.9606,-2.7108,-3.5808
2018-03-03,3.6378,0.0434,,-3.6364,-0.2527,-0.0675,1.2266
2018-03-04,0.1993,1.1027,,3.7736,10.7623,1.2742,1.2454
2018-03-05,0.5273,-1.4993,,-5.4545,-4.5848,-2.2961,-1.0638
2018-03-06,-6.8554,-4.3029,,-11.5385,-3.8045,-7.1816,-4.0995
2018-03-07,-7.5542,-7.8487,,-13.0435,-5.6019,-3.7243,-13.3497
2018-03-08,-5.7253,-6.4071,,0.0,-5.1997,-8.0189,-10.3518
2018-03-09,-0.6116,3.4516,,2.5,2.8938,0.0325,0.2255
2018-03-10,-5.05,-5.7655,,-2.439,-6.2603,-7.7155,-5.5356
2018-03-11,8.0378,5.3064,,5.0,4.3309,7.8301,6.4793
2018-03-12,-3.8994,-3.2499,,-4.7619,-3.6217,-2.8178,0.0895
2018-03-13,-0.1116,-1.2866,,0.0,-1.4107,25.8219,-0.3129
2018-03-14,-10.0604,-11.0789,,-12.5,-11.1181,-11.4283,-10.4933
2018-03-15,0.3755,-0.4863,,0.0,-0.6554,1.5615,-6.9639
2018-03-16,0.4516,-1.5766,,0.0,-1.1473,0.1341,-3.6618
2018-03-17,-5.0546,-8.1253,,-5.7143,-7.4568,-1.3566,-13.4712
2018-03-18,3.8753,-2.5571,,-3.0303,3.2764,-0.3994,0.9044
2018-03-19,4.9488,3.3569,,6.25,13.7067,0.4569,26.5045
2018-03-20,3.2769,0.0807,,8.8235,-5.2463,1.8704,3.6943
2018-03-21,0.1774,0.8179,,0.0,-2.2682,8.9631,4.0508
2018-03-22,-2.2489,-3.9218,,-5.4054,-4.4688,0.8445,-4.5497
2018-03-23,1.7317,-0.0154,,2.8571,-2.9425,16.6029,-6.9779
2018-03-24,-2.3819,-2.4425,,0.0,-0.2954,11.5143,-0.0528
2018-03-25,-1.9882,-0.4088,,-2.7778,0.0936,-2.3378,-2.4313
2018-03-26,-3.3708,-6.5491,,-5.7143,-6.6054,-5.6457,-9.1008
2018-03-27,-4.5845,-8.1304,,-6.0606,-3.603,-4.5857,-7.6877
2018-03-28,1.5504,-0.8524,,0.0,0.0173,1.1479,3.357
2018-03-29,-9.9162,-13.5142,,-9.6774,-11.5052,-12.4076,-8.2448
2018-03-30,-3.8402,2.2481,,0.0,-0.3715,1.5133,0.2042
2018-03-31,1.2047,0.4591,,0.0,0.5495,6.8162,5.9103
2018-04-01,-1.8542,-4.2501,,-3.5714,-5.3279,0.0932,-3.2713
2018-04-02,3.5003,1.7961,,3.7037,3.2158,14.0473,3.7135
2018-04-03,5.2558,7.8846,,7.1429,11.444,5.8634,10.2302
2018-04-04,-8.0775,-8.7193,,-6.6667,-10.1075,-8.7593,-9.8608
2018-04-05,-0.6182,0.7066,,-3.5714,-1.1563,2.1591,-4.2471
2018-04-06,-2.5714,-3.3784,,0.0,-3.9129,-1.5674,-2.8898
2018-04-07,4.1404,4.0588,,3.7037,2.4139,1.6095,2.9758
2018-04-08,1.6268,3.9433,,0.0,2.562,-2.7144,5.2419
2018-04-09,-3.5992,-0.4949,,0.0,-1.6986,-2.0573,-2.235
2018-04-10,0.9457,3.9438,,7.1429,0.0,1.4147,2.0901
2018-04-11,1.9541,3.9342,,13.3333,9.6768,1.6176,6.206
2018-04-12,13.216,14.4937,,11.7647,16.5338,5.8998,27.8313
2018-04-13,0.0851,-0.0418,,5.2632,1.4951,4.5111,-5.5137
2018-04-14,1.1434,1.7744,,2.5,-0.9246,-2.16,0.1995
2018-04-15,4.2933,6.027,,12.1951,7.9563,-1.4013,10.2041
2018-04-16,-3.2469,-3.8659,,0.0,-2.8132,-6.4998,15.8988
2018-04-17,-1.943,-1.6146,,2.1739,-0.9649,-3.6085,-5.0273
2018-04-18,3.3071,4.3538,,14.8936,7.916,4.3018,6.8117
2018-04-19,1.6034,8.2128,,7.4074,11.7224,0.6264,4.6485
2018-04-20,6.6494,8.4222,,1.7241,16.7298,1.802,10.5727
2018-04-21,0.5624,-1.6766,,-8.4746,-5.5598,6.3872,-3.5193
2018-04-22,-1.0468,2.7197,,1.8519,-0.3551,-3.7561,-1.755
2018-04-23,1.4589,3.3268,,0.0,0.7701,5.8202,1.0508
2018-04-24,8.5839,10.2109,,5.4545,6.6271,12.0416,8.4575
2018-04-25,-8.7833,-13.0962,,-12.069,-14.356,-12.9379,-13.1671
2018-04-26,4.9263,7.701,,9.8039,6.4701,10.2529,8.318
2018-04-27,-3.1725,-2.3803,,-3.5714,-4.5167,-2.2145,-1.9708
2018-04-28,4.0217,5.6637,,0.0,6.131,6.0785,24.0555
2018-04-29,0.7552,0.761,,1.8519,1.0419,-0.9467,2.0117
2018-04-30,-1.8954,-2.7519,,-5.4545,-3.9986,-4.9422,-5.971
2018-05-01,-1.3153,0.5507,,-1.9231,0.4177,-1.0327,4.4859
2018-05-02,1.282,2.0095,,3.9216,2.1036,1.729,3.8193
2018-05-03,5.4996,13.446,,5.6604,2.9566,1.6892,-0.725
2018-05-04,-0.4423,0.7801,,-5.3571,1.2323,-2.2051,-2.5697
2018-05-05,1.6225,3.8818,,-1.8868,1.0833,0.2736,1.6935
2018-05-06,-2.0628,-2.9173,,-3.8462,-3.7233,-2.9655,-4.4499
2018-05-07,-2.9187,-4.8701,,-4.0,-4.4526,-1.7221,-4.2286
2018-05-08,-1.4743,-0.1152,,10.4167,-2.234,-1.2662,-2.0286
2018-05-09,0.9785,-0.0773,,-3.7736,-1.4742,8.3613,-1.4616
2018-05-10,-3.0159,-3.323,,-3.9216,-5.4613,-5.7421,-8.1891
2018-05-11,-6.6614,-6.5575,,-10.2041,-9.6676,-5.9667,-12.4537
2018-05-12,0.751,0.9509,,2.2727,1.7229,-0.3848,4.1522
2018-05-13,2.5756,6.9161,,-4.4444,7.0332,1.3504,5.5371
2018-05-14,-0.082,-0.4018,,4.6512,-0.6437,-1.8904,-4.3722
2018-05-15,-2.368,-2.9674,,0.0,-5.7093,-2.3534,-4.8281
2018-05-16,-1.6633,-0.2569,,-2.2222,2.2187,-2.4451,-1.4604
2018-05-17,-3.2802,-4.8643,,-4.5455,-6.5537,1.668,-4.9532
2018-05-18,1.9353,3.2275,,-4.7619,1.9481,21.4232,0.7386
2018-05-19,-0.0459,0.3115,,7.5,-0.5292,-5.8783,-0.8961
2018-05-20,3.2262,2.7047,,2.3256,3.4727,-0.8978,5.261
2018-05-21,-1.1072,-2.2572,,-2.2727,-2.6564,4.2818,-2.8504
2018-05-22,-4.4805,-7.3626,,-9.3023,-5.2817,-5.4122,-9.8071
2018-05-23,-6.0181,-9.9046,,-7.6923,-7.1252,-9.3304,-9.5811
2018-05-24,0.3906,3.1135,,-2.7778,5.4036,2.9629,3.0064
2018-05-25,-1.4129,-2.4962,,0.0,-3.3228,0.0592,-3.9713
2018-05-26,-1.6612,0.0931,,0.0,0.2782,-1.9134,-2.0429
2018-05-27,0.1678,-2.4881,,-2.8571,-0.7834,-1.2015,-1.5259
2018-05-28,-3.1518,-9.8892,,-5.8824,-9.1462,-5.6442,-9.7107
2018-05-29,4.7169,9.5637,,6.25,8.8539,5.6952,16.2471
2018-05-30,-0.8842,-1.0255,,0.0,0.7651,-0.0064,3.8878
2018-05-31,1.1834,3.2265,,0.0,1.1225,12.8813,6.6793
2018-06-01,0.6309,0.4151,,0.0,1.763,0.3566,-1.1989
2018-06-02,1.3525,2.0283,,5.8824,3.2243,3.082,2.3371
2018-06-03,1.0048,4.4814,,2.7778,4.3046,-0.7745,0.2196
2018-06-04,-2.6655,-4.0988,,-5.4054,-1.4601,-2.0932,-6.2226
2018-06-05,1.5875,2.7518,,5.7143,2.3586,9.3836,3.0374
2018-06-06,0.2649,-0.3576,,2.7027,-0.325,10.5659,-2.1769
2018-06-07,0.317,-0.319,,-2.6316,0.489,-5.7075,-2.1326
2018-06-08,-0.6944,-0.6791,,0.0,-0.5604,0.0658,-2.7001
2018-06-09,-1.2189,-0.5848,,-2.7027,-2.1504,-1.9086,-1.6066
2018-06-10,-9.9039,-11.8955,,-11.1111,-10.8669,-11.1444,-12.4691
2018-06-11,1.7816,1.2925,,0.0,2.7206,8.4552,2.4873
2018-06-12,-4.6991,-6.8333,,-3.125,-6.8201,-1.0225,-8.1081
2018-06-13,-3.5316,-3.8944,,-9.6774,-5.0098,-4.1842,-3.7215
2018-06-14,5.1253,8.8479,,3.5714,4.9748,2.0988,7.4813
2018-06-15,-3.2773,-5.5293,,0.0,-4.2045,1.0258,-5.6265
2018-06-16,1.4494,1.7593,,0.0,-0.5393,5.0578,0.1844
2018-06-17,-0.7769,0.1613,,0.0,-1.2341,4.8681,-0.9816
2018-06-18,3.6243,3.6853,,3.4483,1.7607,1.815,1.6729
2018-06-19,0.5215,3.6744,,0.0,2.2512,-1.067,1.8891
2018-06-20,0.0976,-0.314,,0.0,-1.8741,-3.8187,-3.11
2018-06-21,-0.6908,-1.6598,,0.0,-0.8344,6.1724,-2.0988
2018-06-22,-9.5999,-11.6712,,-10.0,-8.9566,-8.5579,-11.8537
2018-06-23,1.2951,1.8683,,-3.7037,0.9037,-0.2738,-1.3591
2018-06-24,0.1744,-3.5505,,-3.8462,-2.8292,-7.0966,-3.7708
2018-06-25,1.2303,0.5764,,0.0,0.9217,3.276,1.9593
2018-06-26,-2.4885,-5.9825,,0.0,-5.3549,-5.3676,-6.7997
2018-06-27,1.0414,2.2166,,-4.0,3.1579,-0.495,1.0309
2018-06-28,-4.1203,-4.5212,,0.0,-4.6556,0.5302,-6.3579
2018-06-29,5.3335,3.2304,,0.0,1.0256,2.7187,5.3646
2018-06-30,2.9864,4.3969,,4.1667,2.8912,1.0249,9.5465
2018-07-01,-0.2839,-0.2773,,0.0,-1.0296,-1.7275,3.268
2018-07-02,3.5761,4.7209,,8.0,5.3533,1.1559,11.3221
2018-07-03,-1.2789,-2.3461,,-3.7037,-0.1851,-2.7391,-4.801
2018-07-04,1.0408,0.6728,,3.8462,0.9893,-1.1714,0.1991
2018-07-05,0.6304,1.518,,-3.7037,-1.7143,-1.1067,-1.3907
2018-07-06,0.5175,-0.0843,,0.0,-0.4983,-2.3169,-1.8805
2018-07-07,2.7486,3.7231,,0.0,2.7755,6.4688,2.9432
2018-07-08,-1.2112,-0.5168,,0.0,-3.0051,-2.8664,-3.3245
2018-07-09,-0.4743,-2.5427,,0.0,-0.7117,-2.3399,-3.7139
2018-07-10,-6.1082,-8.865,,-7.6923,-6.1775,-6.6098,-8.0
2018-07-11,1.0231,2.7839,,0.0,1.1685,-0.442,2.0963
2018-07-12,-2.5943,-3.6827,,-4.1667,-3.2874,-4.9926,-3.27
2018-07-13,0.1483,0.9191,,0.0,0.7579,0.9072,8.4119
2018-07-14,0.6103,0.4744,,4.3478,0.1368,-0.6864,-0.5801
2018-07-15,1.3308,3.1563,,0.0,1.5024,1.5922,3.7929
2018-07-16,6.0084,6.8485,,20.8333,8.41,7.7158,9.6978
2018-07-17,8.5926,4.2325,,10.3448,4.5925,3.5921,9.4811
2018-07-18,0.6794,-4.0896,,15.625,-3.7975,-6.184,4.9737
2018-07-19,1.3035,-2.2672,,2.7027,-2.0559,0.4135,0.8361
2018-07-20,-1.5097,-4.029,,-10.5263,-6.1713,-6.5575,-10.3372
2018-07-21,0.886,2.6044,,-2.9412,1.8792,0.9477,0.8631
2018-07-22,-0.0108,-0.6009,,6.0606,-1.3395,-0.5367,4.0954
2018-07-23,3.9445,-1.9153,,-2.8571,-0.8903,-0.8251,-3.6994
2018-07-24,9.2485,6.3258,,5.8824,2.7622,1.0416,5.6098
2018-07-25,-2.8831,-1.4352,,-2.7778,0.4808,6.5401,-0.2887
2018-07-26,-2.8089,-1.7897,,-2.8571,-2.1531,3.5388,-4.5744
2018-07-27,2.6841,1.213,,0.0,0.8224,3.9217,0.4248
2018-07-28,0.3324,-0.5894,,0.0,0.022,4.8769,-1.2689
2018-07-29,0.3212,-0.0499,,-2.9412,-0.0882,-3.9756,-0.0612
2018-07-30,-0.4621,-2.0537,,0.0,-1.5884,-5.7363,-5.6338
2018-07-31,-4.8902,-5.0787,,-12.1212,-2.4434,4.2257,-7.0084
2018-08-01,-1.999,-3.024,,10.3448,2.4586,-1.4628,-1.6748
2018-08-02,-0.7575,-1.9313,,-9.375,-3.4985,4.4423,-6.3875
2018-08-03,-1.7544,1.3671,,0.0,2.3937,-0.2984,-1.213
2018-08-04,-5.4011,-2.6323,,-6.8966,-2.7463,-2.0673,-2.1489
2018-08-05,0.5066,0.8015,,3.7037,1.1902,-1.5835,3.2941
2018-08-06,-1.6507,-0.9398,,0.0,-4.4972,0.5571,-0.8352
2018-08-07,-2.858,-6.5025,,-3.5714,-7.9932,-4.0368,-3.9816
2018-08-08,-6.6239,-6.2075,,-11.1111,-12.8871,-7.6251,-9.2504
2018-08-09,4.1617,2.5167,,8.3333,4.4893,5.8821,8.5237
2018-08-10,-5.839,-8.5922,,-7.6923,-7.6125,-5.6556,-5.749
2018-08-11,1.7951,-3.6101,,0.0,-5.9613,-3.2496,-3.4364
2018-08-12,0.4282,-0.7892,,0.0,-1.1284,0.0443,0.5338
2018-08-13,-0.3973,-10.3498,,-4.1667,-6.8479,-12.8907,-8.9381
2018-08-14,-1.5539,-2.6398,,0.0,-1.1532,-7.9007,-7.9689
2018-08-15,1.7551,1.2304,,0.0,2.8071,0.4554,0.3168
2018-08-16,0.4155,2.0123,,0.0,3.6879,3.5855,0.3158
2018-08-17,3.8818,9.6106,,8.6957,25.4104,10.8699,15.32
2018-08-18,-2.3838,-6.3083,,-4.0,-10.799,-8.8353,-9.1902
2018-08-19,1.2813,1.6977,,4.1667,5.1666,2.5092,2.6052
2018-08-20,-3.0362,-8.8152,,-4.0,-7.1802,-4.483,-8.3984
2018-08-21,2.8569,2.7811,,0.0,4.9796,0.1412,1.2793
2018-08-22,-1.7268,-3.7607,,-4.1667,-4.5943,-1.8004,-5.1579
2018-08-23,2.4804,2.1239,,4.3478,2.4703,1.8376,2.6637
2018-08-24,2.8322,2.1158,,0.0,-0.0305,5.3495,1.7297
2018-08-25,0.6433,-1.1736,,0.0,0.1832,-0.9663,0.2125
2018-08-26,-0.827,-1.5909,,0.0,-1.3406,0.4913,-1.0604
2018-08-27,2.6446,3.7813,,4.1667,4.0457,10.0848,7.5027
2018-08-28,3.0741,3.8151,,4.0,4.4227,2.4374,5.1844
2018-08-29,-0.6922,-2.424,,0.0,-1.9898,-2.7216,0.0
2018-08-30,-0.9781,-1.7998,,23.0769,-2.7262,-3.6775,-4.6445
2018-08-31,0.8505,-0.3875,,50.0,-0.0298,2.334,1.5905
2018-09-01,2.212,4.3593,,31.25,3.6982,3.3195,4.501
2018-09-02,1.1048,-0.3284,,-20.6349,-1.4955,-0.703,-2.2472
2018-09-03,-0.1741,-1.7366,,6.0,-1.8978,-0.339,-0.7663
2018-09-04,1.3994,-1.2224,,0.0,-1.2798,0.8711,1.6409
2018-09-05,-7.7269,-18.6866,,-7.5472,-14.5011,-11.2033,-16.8091
2018-09-06,-3.8814,-0.9108,,2.0408,6.7348,1.959,1.2557
2018-09-07,-0.9511,-5.6521,,6.0,-3.7331,-2.4008,-5.2988
2018-09-08,-3.728,-8.8636,,7.5472,-4.1524,-5.1528,-6.9048
2018-09-09,1.2027,-0.5188,,1.7544,-0.2148,-0.0788,-2.046
2018-09-10,0.4577,0.0787,,18.9655,-3.014,0.1293,-4.047
2018-09-11,-0.1343,-6.0955,,-8.6957,-2.4417,-1.5843,-4.0816
2018-09-12,0.4841,-0.9375,,3.1746,2.427,-1.7026,-5.3901
2018-09-13,2.6057,15.2855,,1.5385,3.8874,4.2292,4.6477
2018-09-14,-0.0706,0.1869,,-6.0606,-1.2117,3.3933,-2.2923
2018-09-15,0.4682,5.3483,,0.0,1.7316,1.8157,1.6129
2018-09-16,-0.3977,-1.114,,4.8387,-0.2837,-1.724,1.0101
2018-09-17,-3.6209,-10.297,,-4.6154,-3.165,-5.3412,-8.7143
2018-09-18,1.4344,6.115,,-3.2258,18.2152,1.4758,8.6072
2018-09-19,0.4275,-0.0029,,-6.6667,1.3048,0.7858,4.3228
2018-09-20,1.8931,6.9639,,1.7857,37.9638,4.7343,12.5691
2018-09-21,3.302,9.7925,,0.0,24.8055,3.3381,7.4847
2018-09-22,-0.1926,-2.4754,,1.7544,1.6563,-1.5926,-5.0228
2018-09-23,-0.1689,1.601,,1.7241,-0.0175,0.3475,7.9327
2018-09-24,-1.717,-6.3848,,-3.3898,-13.317,-2.3802,-7.7951
2018-09-25,-2.2582,-4.4703,,0.0,6.509,-2.518,-2.1739
2018-09-26,0.7528,-1.2164,,0.0,-2.0118,-0.4763,-1.8519
2018-09-27,2.7983,5.8592,,3.5088,4.8615,3.0257,8.1761
2018-09-28,-0.4886,-2.6662,,-1.6949,-0.4248,-0.6171,-2.3256
2018-09-29,-0.6347,4.1515,,1.7241,5.9544,0.2989,0.7143
2018-09-30,0.3575,0.5237,,0.0,1.8207,0.187,0.7092
2018-10-01,-0.5424,-0.8933,,0.0,-0.8769,-0.7397,-0.8216
2018-10-02,-0.5087,-1.5544,,-1.6949,-9.6618,4.1544,-2.3669
2018-10-03,-0.8162,-2.9457,,-1.7241,1.4209,-0.8265,-2.0606
2018-10-04,1.1395,0.7842,,-1.7544,-0.3029,-0.1519,0.6188
2018-10-05,0.6962,2.4224,,1.7857,-1.4432,3.7111,2.091
2018-10-06,-0.516,-1.0901,,-3.5088,-5.9538,-2.483,-2.0482
2018-10-07,0.2222,0.4438,,1.8182,-1.2497,1.4163,4.182
2018-10-08,0.7463,1.3869,,0.0,1.6183,-0.1179,2.2432
2018-10-09,-0.1442,-0.5553,,0.0,-2.0212,-1.1583,-0.2309
2018-10-10,-0.8598,-0.9707,,0.0,-3.6466,-0.5479,-1.9676
2018-10-11,-5.0002,-16.0651,,-10.7143,-17.1497,-9.9409,-16.2928
2018-10-12,0.2931,3.8143,,4.0,9.397,2.447,3.244
2018-10-13,0.1818,1.5829,,0.0,-0.0477,0.1207,-0.1366
2018-10-14,0.0786,-2.0646,,0.0,-3.724,-0.4581,-2.4624
2018-10-15,4.8579,7.1476,,0.0,10.91,8.6283,4.9088
2018-10-16,-0.0065,0.1984,,-3.8462,5.142,-2.9585,1.3369
2018-10-17,-0.7835,-1.4454,,-8.0,-0.4465,-1.0628,2.1108
2018-10-18,-1.0348,-1.8017,,-4.3478,-2.2426,-1.8971,-2.9716
2018-10-19,-0.1745,0.1844,,2.2727,-0.7647,0.5166,0.9321
2018-10-20,0.3678,0.8359,,2.2222,1.1008,-0.1249,0.6596
2018-10-21,-0.1054,-0.1402,,-2.1739,-0.5444,-0.1158,-0.5242
2018-10-22,0.0742,-0.5352,,-2.2222,-0.7883,-0.1693,-0.1318
2018-10-23,-0.176,0.1431,,-4.5455,1.9863,0.7844,-1.4512
2018-10-24,0.3104,-0.2369,,-7.1429,-1.0604,-0.5896,-0.5355
2018-10-25,-0.301,-0.5558,,-5.1282,0.1969,-0.5439,-0.5384
2018-10-26,-0.0238,0.3009,,8.1081,0.262,0.1073,-0.2706
2018-10-27,0.087,0.4333,,5.0,-0.6532,-0.4968,-1.0855
2018-10-28,0.0927,0.5661,,-2.381,1.3368,0.1274,0.4115
2018-10-29,-2.3705,-3.9534,,-7.3171,-4.5199,-2.7331,-4.918
2018-10-30,0.0259,0.1567,,0.0,0.7475,-0.1659,0.0
2018-10-31,-0.263,-0.0886,,0.0,0.8094,-0.2344,0.1437
2018-11-01,0.9524,0.7554,,0.0,1.628,1.9669,1.7217
2018-11-02,0.1671,0.8865,,0.0,0.6583,0.2503,2.3977
2018-11-03,-0.4255,-0.2238,,-2.6316,-0.654,-0.4481,-1.5152
2018-11-04,0.2338,3.6466,,0.0,1.5361,1.021,6.5734
2018-11-05,0.6827,0.7735,,-2.7027,7.4995,0.4674,-0.1312
2018-11-06,0.6441,4.477,,2.7778,10.394,1.1197,6.4389
2018-11-07,1.07,-0.5809,,-2.7027,-2.4404,0.3691,-3.0864
2018-11-08,-1.1703,-2.2801,,-5.5556,-7.8775,-1.6899,-2.5478
2018-11-09,-1.0552,-1.0163,,-8.8235,1.459,-1.003,-3.0065
2018-11-10,0.3696,1.1705,,6.4516,1.1983,0.0345,1.3477
2018-11-11,0.032,-0.5613,,-3.0303,-0.1579,-0.9574,1.7287
2018-11-12,-0.6239,-0.4363,,-3.125,2.2336,-1.1071,-0.6536
2018-11-13,-0.1849,-1.7071,,-6.4516,-1.3728,-1.205,-3.1579
2018-11-14,-9.7671,-12.2949,,-6.8966,-6.9986,-9.0978,-11.9565
2018-11-15,-1.574,-0.3258,,3.7037,1.5388,-2.6418,-2.0062
2018-11-16,-1.2833,-3.1133,,-3.5714,-2.0967,-3.6702,-3.622
2018-11-17,-0.3806,-0.6713,,-3.7037,4.2621,-2.1092,-0.817
2018-11-18,1.2461,1.7621,,0.0,3.8235,3.6485,1.9769
2018-11-19,-13.3732,-15.7522,,-7.6923,-6.3271,-17.0967,-15.0242
2018-11-20,-8.6138,-12.6268,,-4.1667,-9.0966,-13.1467,-14.8289
2018-11-21,3.3761,4.8811,,4.3478,2.9906,7.6178,6.6964
2018-11-22,-5.133,-7.3116,,0.0,-4.8247,-7.1544,-7.3222
2018-11-23,-0.4313,-2.6913,,0.0,-4.3886,-3.4419,-2.0316
2018-11-24,-10.7278,-7.95,,-8.3333,-7.8792,-7.9552,-11.2903
2018-11-25,3.3295,2.6045,,0.0,-0.1865,1.2766,-2.0779
2018-11-26,-5.7567,-6.9687,,-4.5455,-5.0988,-4.9068,-5.0398
2018-11-27,1.1005,1.5461,,0.0,1.3221,-0.27,1.9553
2018-11-28,11.4298,11.2972,,4.7619,8.4398,8.628,15.0685
2018-11-29,0.5033,-3.9983,,0.0,-2.8162,0.1799,-0.2381
2018-11-30,-6.1133,-3.7188,,0.0,-4.5047,-5.0125,-7.1599
2018-12-01,4.9139,4.8283,,0.0,2.869,4.137,6.6838
2018-12-02,-1.7746,-1.8938,,0.0,-1.4213,-0.7242,0.4819
2018-12-03,-5.9361,-6.4129,,9.0909,-5.1143,-2.6874,-7.1942
2018-12-04,1.6117,1.1836,,-8.3333,0.9748,15.0999,-2.584
2018-12-05,-5.1277,-7.0214,,0.0,-3.975,1.76,-9.0186
2018-12-06,-6.2039,-10.4557,,-4.5455,-8.0721,-17.2552,-10.2041
2018-12-07,-2.8731,1.6712,,0.0,-2.8627,-8.5445,-2.9221
2018-12-08,1.6426,-1.2166,,0.0,1.755,3.7937,2.6756
2018-12-09,3.9734,3.2362,,0.0,1.985,3.3763,3.2573
2018-12-10,-3.0872,-3.6329,,0.0,-3.0632,-3.0211,-4.7319
2018-12-11,-2.2288,-2.9889,,0.0,-0.8229,4.8469,-1.9868
2018-12-12,1.821,1.8528,,0.0,1.9914,1.6678,3.3784
2018-12-13,-4.9692,-4.4749,,0.0,-2.3755,-7.4137,-4.5752
2018-12-14,-2.1484,-2.578,,0.0,-3.7333,-2.5222,-2.7397
2018-12-15,-0.1765,0.1572,,0.0,-1.0042,0.6529,-0.3521
2018-12-16,0.4967,0.9726,,0.0,0.6995,1.8036,2.8269
2018-12-17,9.0083,11.5781,,19.0476,14.1021,10.0037,12.7148
2018-12-18,4.2358,6.2845,,8.0,6.6058,9.5949,5.7927
2018-12-19,1.3499,0.1544,,0.0,0.514,-1.9356,-0.5764
2018-12-20,10.371,14.761,,0.0,7.4432,5.4699,14.2029
2018-12-21,-5.754,-5.7829,,-7.4074,-5.1824,-3.8879,3.5533
2018-12-22,3.0191,6.6334,,0.0,1.0318,6.5294,2.9412
2018-12-23,-0.3787,11.9954,,0.0,2.4841,2.165,5.2381
2018-12-24,1.991,7.244,,0.0,9.561,1.4177,3.3937
2018-12-25,-6.451,-7.4115,,-4.0,-6.3668,-9.7203,-9.1904
2018-12-26,1.0957,1.5567,,4.1667,-0.5776,2.9833,-0.7229
2018-12-27,-5.2489,-11.5949,,-4.0,-9.9023,-7.6596,-10.4369
2018-12-28,7.3624,18.075,,0.0,10.4631,13.957,13.5501
2018-12-29,-2.6379,0.2697,,0.0,-2.5471,-2.9858,-0.9547
2018-12-30,1.1921,1.334,,0.0,0.6262,2.8016,4.3373
2018-12-31,-3.1881,-4.6412,,-4.1667,-4.5725,2.8187,-5.0808
2019-01-01,2.6938,5.5869,,4.3478,3.4307,-1.4502,3.4063
2019-01-02,2.5989,10.1039,,0.0,2.8509,1.8649,6.5882
2019-01-03,-2.705,-3.8135,,0.0,-3.9979,-4.6069,-5.7395
2019-01-04,0.5467,3.6523,,-4.1667,-0.9717,2.7374,2.5761
2019-01-05,-0.3246,0.6836,,0.0,-0.3925,0.0066,2.0548
2019-01-06,6.0189,1.3542,,0.0,3.687,5.4489,10.2908
2019-01-07,-1.2605,-3.8334,,0.0,-1.1129,-1.6354,-2.6369
2019-01-08,0.1391,-0.8831,,0.0,0.2745,5.5425,1.0417
2019-01-09,0.1104,0.295,,0.0,1.533,0.0226,7.6289
2019-01-10,-8.8314,-14.7065,,-8.6957,-10.2993,-10.9266,-14.751
2019-01-11,0.2294,-0.8372,,0.0,0.0601,2.6944,-0.8989
2019-01-12,-0.7069,-1.2402,,0.0,-1.2316,-1.618,-0.907
2019-01-13,-2.9593,-7.1993,,0.0,-3.3151,-6.8295,-8.0092
2019-01-14,4.3091,10.4116,,4.7619,5.0016,10.6037,9.7015
2019-01-15,-2.0339,-5.4514,,-4.5455,-1.9772,-3.9014,-2.9478
2019-01-16,0.6702,1.241,,0.0,0.7641,4.5109,4.6729
2019-01-17,0.6445,0.1577,,0.0,-0.091,3.7472,1.1161
2019-01-18,-0.5634,-2.2075,,0.0,-1.5483,2.2625,-2.2075
2019-01-19,1.9336,2.8995,,4.7619,2.066,1.1032,3.1603
2019-01-20,-3.421,-4.0509,,-4.5455,-2.9607,-2.1325,-4.814
2019-01-21,-0.6937,-1.9392,,0.0,-0.1245,0.9101,-1.3793
2019-01-22,0.7982,1.3569,,0.0,-0.4052,-0.4548,1.6317
2019-01-23,-0.5397,-1.0905,,-4.7619,-0.939,0.279,-1.6055
2019-01-24,0.4391,-0.0764,,0.0,0.3476,-0.5442,0.2331
2019-01-25,-0.0305,-0.8389,,5.0,-0.1259,3.5584,-0.6977
2019-01-26,0.0749,0.0949,,0.0,-0.9458,3.9972,-0.2342
2019-01-27,-0.5134,-2.647,,-4.7619,-1.5277,1.1646,-3.2864
2019-01-28,-3.1673,-6.0097,,-5.0,-4.6865,-12.4432,-5.8252
2019-01-29,-0.6435,-0.9305,,0.0,-1.7972,-0.3948,-1.2887
2019-01-30,1.1039,3.1339,,5.2632,10.6699,-0.1165,3.6554
2019-01-31,-0.8143,-1.6955,,-5.0,-3.2761,1.5208,-3.2746
2019-02-01,0.872,0.5126,,0.0,-0.4839,4.6934,0.7812
2019-02-02,0.9494,2.621,,0.0,0.778,5.0148,1.5504
2019-02-03,-1.6202,-2.6601,,0.0,-2.734,-2.2273,-3.3079
2019-02-04,-0.1403,0.306,,0.0,-0.7275,5.3768,-0.2632
2019-02-05,0.2082,-0.3507,,0.0,-0.3331,10.1303,0.0
2019-02-06,-1.5171,-2.3493,,0.0,-2.8409,3.4067,-3.1662
2019-02-07,-0.4188,-0.366,,-5.2632,0.3096,-4.4013,-0.8174
2019-02-08,7.8632,14.0932,,11.1111,6.893,10.9349,12.0879
2019-02-09,0.1206,0.1368,,-5.0,-0.1283,3.4493,0.7353
2019-02-10,0.5171,4.501,,0.0,-0.4497,3.8337,4.1363
2019-02-11,-1.1316,-2.8108,,0.0,-2.3233,3.6943,-2.5701
2019-02-12,0.1397,1.0502,,0.0,0.8259,-2.1985,0.2398
2019-02-13,-0.5873,-0.0153,,0.0,-0.2949,-4.2893,-1.6746
2019-02-14,-0.4182,-0.9493,,0.0,-0.7887,-1.7794,-1.4599
2019-02-15,0.1087,0.5851,,0.0,-0.0331,5.6001,0.2469
2019-02-16,0.2479,0.9499,,0.0,-0.0331,-1.5582,0.9852
2019-02-17,1.2135,8.3877,,5.2632,0.5635,0.9497,1.2195
2019-02-18,6.5838,9.356,,5.0,5.9987,4.5399,9.8795
2019-02-19,0.8014,-0.5149,,0.0,0.6841,9.6394,1.3158
2019-02-20,1.3358,2.8952,,0.0,2.8104,3.8152,3.0303
2019-02-21,-1.1426,-2.2891,,-4.7619,-3.4845,-4.3151,-5.4622
2019-02-22,1.3001,2.0267,,5.0,0.1867,3.2803,2.6667
2019-02-23,3.4203,6.508,,0.0,3.324,-0.5103,5.1948
2019-02-24,-8.0168,-14.448,,-4.7619,-9.3806,-6.2021,-12.5514
2019-02-25,1.8966,2.9224,,0.0,8.9914,-2.6807,3.5294
2019-02-26,-0.7299,-1.2396,,0.0,-2.7397,-3.2554,-1.5909
2019-02-27,-0.0859,-1.422,,0.0,-2.0031,3.9647,0.0
2019-02-28,0.0971,0.4556,,0.0,0.6388,4.7085,-0.4619
2019-03-01,0.1245,-0.2213,,0.0,0.6982,9.9178,0.464
2019-03-02,0.1252,-1.6392,,0.0,-0.6934,4.1823,-1.1547
2019-03-03,-0.4461,-1.4586,,0.0,-0.7934,-2.7954,-1.1682
2019-03-04,-2.2255,-3.384,,0.0,-2.3992,0.0693,-4.0189
2019-03-05,3.5841,7.8641,,0.0,3.7365,19.6269,6.4039
2019-03-06,0.1942,0.7016,,0.0,0.158,5.1108,-0.9259
2019-03-07,0.1932,-0.5439,,0.0,-0.694,4.3257,0.2336
2019-03-08,-0.2647,-2.1063,,0.0,-1.493,-5.1433,-0.4662
2019-03-09,1.594,2.1004,,0.0,1.1932,1.3851,9.3677
2019-03-10,-0.2956,-0.8746,,0.0,-0.2231,-0.4909,-2.1413
2019-03-11,-1.1735,-2.1386,,0.0,-0.6388,0.138,4.1575
2019-03-12,0.1006,0.455,,0.0,-0.2893,6.1436,-0.4202
2019-03-13,-0.0624,-0.8775,,0.0,1.2573,-1.8889,-1.6878
2019-03-14,0.4518,0.3366,,0.0,-0.3502,-0.4234,3.2189
2019-03-15,0.9312,2.9767,,0.0,0.6709,0.1727,4.158
2019-03-16,2.217,3.4181,,5.0,1.7137,6.9105,2.994
2019-03-17,-0.5804,-1.6838,,0.0,-0.9048,-2.2204,-2.7132
2019-03-18,0.1808,-0.4471,,0.0,-0.063,-0.5019,0.5976
2019-03-19,0.9593,0.8212,,0.0,0.5986,0.074,4.1584
2019-03-20,0.4,0.119,,0.0,0.094,-2.6355,2.4715
2019-03-21,-1.4226,-2.879,,0.0,-2.1589,-4.9908,-1.8553
2019-03-22,-0.133,0.3991,,0.0,-0.3838,5.1593,9.8299
2019-03-23,0.2947,0.7716,,0.0,0.2889,-0.1991,9.8107
2019-03-24,-0.3384,-0.9064,,0.0,-1.0883,13.451,-3.2915
2019-03-25,-1.4693,-1.4278,,-4.7619,-1.5858,-2.571,-4.376
2019-03-26,0.5554,0.318,,5.0,0.3288,-3.0004,5.7627
2019-03-27,2.5592,4.0807,,0.0,2.4254,2.7278,8.3333
2019-03-28,-0.4394,-1.1148,,0.0,-1.056,0.143,-2.6627
2019-03-29,0.7193,2.2099,,0.0,-0.4204,-1.7566,8.3587
2019-03-30,0.2022,-0.284,,0.0,0.8769,2.5566,0.561
2019-03-31,-0.0306,-0.4072,,0.0,-0.4507,2.7728,-2.7894
2019-04-01,1.2856,0.2234,,19.0476,1.132,3.1537,3.7303
2019-04-02,17.356,15.6041,,12.0,12.4081,10.2465,18.2573
2019-04-03,1.9087,-1.5265,,14.2857,-2.6458,-5.2386,6.0819
2019-04-04,-1.0099,-2.1097,,15.625,-2.8346,2.0775,-3.6384
2019-04-05,2.3134,4.7214,,-2.7027,8.812,1.6236,4.3478
2019-04-06,0.4594,0.2612,,-5.5556,-2.0453,-1.737,-0.9868
2019-04-07,2.7487,5.173,,0.0,1.5519,-0.0277,0.2215
2019-04-08,1.7479,3.2815,,-11.7647,-0.4724,-5.215,-3.8674
2019-04-09,-1.6033,-2.299,,-3.3333,-2.4288,1.7743,-3.7931
2019-04-10,2.2977,0.6944,,3.4483,1.5165,-1.0117,7.5269
2019-04-11,-4.8842,-6.6768,,-6.6667,-6.708,-3.0035,-7.3333
2019-04-12,0.4946,-0.4596,,3.5714,-1.4199,4.1456,0.1199
2019-04-13,0.1385,-0.1353,,0.0,-0.0919,1.5487,0.2395
2019-04-14,1.3958,2.0212,,0.0,0.8589,4.125,1.0753
2019-04-15,-1.947,-3.7323,,-3.4483,-2.4027,-0.4597,-2.7187
2019-04-16,3.3244,3.7439,,0.0,1.9632,2.191,1.8226
2019-04-17,0.3128,-0.4013,,0.0,2.5367,-1.1308,-0.8353
2019-04-18,0.8844,4.1109,,3.5714,0.4769,12.4224,-1.5644
2019-04-19,0.1024,-0.0608,,0.0,-1.5426,11.057,-2.8117
2019-04-20,0.6424,0.0247,,0.0,-1.0244,2.1744,-3.7736
2019-04-21,-0.4375,-2.1322,,-3.4483,-1.8569,-3.2538,-3.1373
2019-04-22,1.5963,1.0751,,0.0,0.4653,-1.1809,5.2632
2019-04-23,3.204,-0.2484,,0.0,-0.8336,-4.3157,-4.4872
2019-04-24,-1.9291,-3.279,,-7.1429,-5.8842,1.1051,-2.5503
2019-04-25,-4.6543,-6.8546,,-3.8462,-4.2673,-3.8307,-4.6832
2019-04-26,1.321,1.2221,,0.0,3.1444,2.8157,0.0
2019-04-27,-0.2094,1.3354,,0.0,-0.603,-2.3079,1.4451
2019-04-28,0.3198,-0.7194,,0.0,0.2359,2.4962,-2.2792
2019-04-29,-0.715,-1.3307,,0.0,-1.0424,-5.215,-5.8309
2019-04-30,1.97,4.4871,,0.0,5.1648,1.9475,8.8235
2019-05-01,0.9713,-0.8311,,0.0,-1.5509,-0.7872,-1.8492
2019-05-02,1.8988,0.8112,,4.0,-0.4923,7.4626,-0.5797
2019-05-03,4.7773,3.5958,,3.8462,1.6491,0.6684,1.895
2019-05-04,1.0901,-2.3374,,0.0,-1.1681,-3.6413,-4.2918
2019-05-05,-0.6081,-0.3511,,0.0,-0.7551,0.5908,-1.1958
2019-05-06,-0.8438,5.6301,,-7.4074,0.0331,-3.5334,1.059
2019-05-07,1.439,-1.6533,,0.0,-0.8929,-6.045,-4.1916
2019-05-08,2.6238,0.677,,0.0,0.3337,-0.5344,0.9375
2019-05-09,3.2106,-0.3854,,0.0,-1.3967,-9.2725,-4.4892
2019-05-10,3.3091,1.6756,,0.0,1.3153,4.088,2.7553
2019-05-11,12.9478,12.2221,,12.0,8.0226,7.4053,18.612
2019-05-12,-3.2256,-3.5918,,-3.5714,-4.4376,-1.0409,-6.7819
2019-05-13,12.084,5.0826,,3.7037,4.9661,14.3094,4.2796
2019-05-14,2.2969,10.3138,,10.7143,25.6836,-0.7753,15.5951
2019-05-15,2.6362,13.8175,,6.4516,11.4642,13.8341,11.2426
2019-05-16,-3.9031,6.8204,,-3.0303,-7.9605,-2.116,-6.1702
2019-05-17,-6.8614,-7.6684,,-6.25,-7.9819,-2.4432,-5.5556
2019-05-18,-0.9898,-3.7616,,0.0,-3.4956,10.5682,-5.042
2019-05-19,12.7418,11.38,,6.6667,12.0741,3.5779,9.9874
2019-05-20,-2.6761,-3.6081,,-6.25,-4.7163,-0.3651,-2.5287
2019-05-21,-0.1878,1.3307,,3.3333,-0.1005,9.2201,-0.2358
2019-05-22,-3.5571,-4.1208,,-6.4516,-5.2817,-1.829,-7.8014
2019-05-23,2.6273,0.5177,,3.4483,1.2215,0.2982,3.4615
2019-05-24,1.3388,1.4308,,0.0,0.8657,7.3795,0.2478
2019-05-25,0.8159,0.9118,,0.0,0.6502,3.5805,-0.4944
2019-05-26,7.7078,6.0811,,3.3333,5.5297,-2.705,6.8323
2019-05-27,1.5284,2.1691,,0.0,6.3173,-1.2438,6.6279
2019-05-28,-0.9745,-0.4009,,0.0,2.8328,-0.9495,1.1996
2019-05-29,-0.6935,-0.8511,,0.0,-0.6271,1.1495,-2.0474
2019-05-30,-3.9265,-5.046,,6.4516,-4.8005,-4.3068,-7.0407
2019-05-31,3.0655,4.7896,,3.0303,3.8352,1.4156,5.7988
2019-06-01,-0.1223,-1.0154,,0.0,-1.824,0.8104,1.2304
2019-06-02,2.0895,1.8215,,0.0,3.2977,0.4859,6.7403
2019-06-03,-6.1073,-6.5196,,-5.8824,-4.2716,-5.3717,-8.1781
2019-06-04,-6.1058,-4.4611,,-6.25,-5.8948,-6.4074,-6.9899
2019-06-05,1.5109,2.3669,,3.3333,0.4991,5.5332,1.0909
2019-06-06,-0.0282,0.9809,,0.0,4.1718,1.5281,0.1199
2019-06-07,2.8372,0.5837,,0.0,0.8582,0.3412,2.7545
2019-06-08,-1.1167,-2.0692,,0.0,-2.529,1.5158,-1.8648
2019-06-09,-3.3448,-5.1483,,-3.2258,-5.8438,-4.7028,-5.5819
2019-06-10,4.0615,6.1923,,3.3333,3.1161,4.9296,7.5472
2019-06-11,-0.9077,-0.7023,,0.0,-1.5235,0.6175,2.924
2019-06-12,2.7517,6.1524,,0.0,1.9021,7.5124,9.6591
2019-06-13,1.0443,-1.8147,,0.0,-0.224,1.3167,-7.0466
2019-06-14,5.624,3.0912,,0.0,1.2472,-5.8808,1.0033
2019-06-15,1.6626,1.8675,,3.2258,1.1086,-0.7573,1.2141
2019-06-16,1.7663,0.0758,,0.0,4.1667,-1.2892,0.6543
2019-06-17,3.6229,1.9047,,0.0,4.8187,4.6762,1.4085
2019-06-18,-2.5599,-3.3896,,-3.125,-4.3071,1.243,-4.8077
2019-06-19,2.1115,1.6525,,0.0,1.8657,2.7598,1.0101
2019-06-20,2.7351,0.84,,3.2258,-1.6026,4.0777,-2.8889
2019-06-21,6.4804,8.5446,,0.0,3.1177,5.6902,2.5172
2019-06-22,5.492,4.9066,,3.125,7.13,-2.6177,5.3571
2019-06-23,1.436,-0.5018,,0.0,-1.369,-1.7595,2.3305
2019-06-24,1.4346,0.8436,,3.0303,0.3844,0.8049,1.1387
2019-06-25,7.0821,2.481,,0.0,-0.4042,-3.8075,-1.3306
2019-06-26,10.392,5.8552,,0.0,-0.1495,-0.8609,0.4149
2019-06-27,-14.0857,-12.6162,,-2.9412,-12.5561,-5.2515,-10.7438
2019-06-28,10.9501,5.763,,6.0606,4.5254,2.1467,3.3565
2019-06-29,-3.6105,2.8381,,-2.8571,0.4915,2.3456,1.2318
2019-06-30,-9.5508,-9.1742,,-2.9412,-7.6851,-8.2511,-9.1814
2019-07-01,-2.1634,1.0131,,-3.0303,2.6488,1.4789,2.0706
2019-07-02,2.065,-0.6963,,0.0,-1.6466,-2.7735,-3.222
2019-07-03,10.7353,3.945,,3.125,2.074,2.0566,2.3428
2019-07-04,-6.2354,-6.1289,,-3.0303,-4.847,0.6912,-6.2651
2019-07-05,-2.113,1.2211,,21.875,-2.4955,-0.5475,-1.671
2019-07-06,2.0958,-0.1564,,-10.2564,2.6649,-0.5573,1.0458
2019-07-07,2.1617,6.3132,,2.8571,2.0303,2.1832,3.4929
2019-07-08,7.293,2.47,,0.0,1.1335,0.6877,0.625
2019-07-09,2.343,-1.3952,,-2.7778,-1.8182,-2.277,-3.1056
2019-07-10,-3.3188,-6.112,,-2.8571,-7.7118,-3.7612,-7.8205
2019-07-11,-6.5632,-7.3442,,-5.8824,-9.2084,-5.8309,-9.3185
2019-07-12,4.0262,2.8182,,3.125,4.178,6.9236,7.0552
2019-07-13,-3.585,-2.4678,,-3.0303,-3.4583,-0.5913,-4.298
2019-07-14,-9.9744,-15.5425,,-6.25,-7.7664,-8.1969,-11.0778
2019-07-15,6.2308,0.9658,,3.3333,2.9047,-1.8355,0.1684
2019-07-16,-13.01,-13.3118,,-9.6774,-5.8991,-10.1023,-12.437
2019-07-17,2.2807,6.1732,,7.1429,4.6849,6.639,5.9501
2019-07-18,10.034,7.1311,,3.3333,4.0567,6.2573,6.5217
2019-07-19,-1.2727,-2.3096,,0.0,-0.8045,0.538,1.7007
2019-07-20,2.2449,3.5177,,0.0,3.9301,6.1688,5.3512
2019-07-21,-1.5606,-1.5225,,0.0,-0.5702,-1.1425,-2.8571
2019-07-22,-2.4153,-3.577,,-3.2258,-2.7769,0.3771,-2.7778
2019-07-23,-4.2767,-2.2208,,-3.3333,-3.7876,-3.4255,-6.2185
2019-07-24,-0.8973,2.0298,,0.0,1.9361,-1.4247,5.7348
2019-07-25,1.0183,1.1848,,0.0,-0.3482,-0.5531,-0.5085
2019-07-26,-0.4191,0.0053,,0.0,2.7637,-0.08,7.155
2019-07-27,-3.9779,-5.5645,,-3.4483,-4.0185,-3.7737,-4.7695
2019-07-28,0.7933,1.8217,,3.5714,0.5797,-0.1807,-0.6678
2019-07-29,-0.3529,0.0386,,-3.4483,-0.5123,-2.2701,1.5126
2019-07-30,0.9274,-0.3529,,0.0,2.5105,-0.9594,-0.8278
2019-07-31,4.9774,3.8625,,3.5714,0.7535,2.6067,0.5008
2019-08-01,3.1137,-0.3868,,3.4483,-0.9349,4.0829,-2.1595
2019-08-02,1.1395,0.029,,-3.3333,-1.7301,-2.5538,-2.5467
2019-08-03,2.886,2.1199,,0.0,1.4085,-0.53,0.6969
2019-08-04,1.3719,0.0806,,0.0,0.947,-1.1965,-2.5952
2019-08-05,7.6158,5.1849,,6.8966,1.1882,1.6537,0.7105
2019-08-06,-2.774,-3.4987,,-3.2258,-3.801,-1.3344,-5.8201
2019-08-07,4.0407,0.1639,,0.0,0.2249,6.2099,-2.809
2019-08-08,0.2046,-2.4069,,-3.3333,-1.3782,5.0364,0.1927
2019-08-09,-0.8647,-4.7311,,0.0,-3.3799,-2.8259,-8.4615
2019-08-10,-4.2899,-1.7841,,-3.4483,0.4709,-0.9332,9.2437
2019-08-11,1.4933,4.5273,,3.5714,1.0713,1.2647,5.7692
2019-08-12,-1.2233,-2.2235,,0.0,-0.53,0.3646,-3.8182
2019-08-13,-4.2766,-1.2207,,-3.4483,-1.2321,-2.3224,-0.5671
2019-08-14,-7.7472,-10.5895,,-3.5714,-11.2272,-8.0115,-10.6464
2019-08-15,2.5851,1.0152,,-3.7037,0.6077,3.4598,1.0638
2019-08-16,0.609,-1.6244,,3.8462,-1.0948,-1.4221,-1.4737
2019-08-17,-1.3745,0.1335,,-3.7037,1.4122,-0.5936,1.2821
2019-08-18,1.1148,4.7423,,3.8462,6.3606,1.6444,6.962
2019-08-19,5.5118,4.4209,,3.7037,0.2477,3.1383,-0.789
2019-08-20,-1.4,-3.2136,,0.0,-2.6474,-2.2267,-2.1869
2019-08-21,-5.8085,-4.9214,,-3.5714,-3.4445,-4.1672,-4.2683
2019-08-22,-0.069,2.3764,,0.0,1.7274,0.3538,4.8832
2019-08-23,2.7333,1.7631,,0.0,2.0672,0.3001,0.8097
2019-08-24,-2.3828,-1.7547,,0.0,-1.4105,-2.4836,0.8032
2019-08-25,-0.2111,-2.3249,,0.0,-0.9171,-1.3734,-1.5936
2019-08-26,2.2913,1.117,,0.0,0.2592,-0.0899,0.6073
2019-08-27,-1.7869,-0.7477,,-3.7037,-0.4431,-1.606,0.2012
2019-08-28,-4.2323,-7.2669,,-3.8462,-4.4881,-7.7313,-8.0321
2019-08-29,-2.5037,-2.515,,0.0,-0.1942,-7.6501,-2.4017
2019-08-30,0.925,-0.4022,,0.0,-0.3113,1.5044,0.2237
2019-08-31,0.3385,2.1529,,0.0,1.171,-4.2891,0.4464
2019-09-01,1.3219,-0.4873,,0.0,-0.4244,1.4239,-1.1111
2019-09-02,6.0339,3.9142,,4.0,1.0461,5.5562,2.0225
2019-09-03,2.675,0.6459,,0.0,0.8819,-1.1095,3.0837
2019-09-04,-0.2734,-1.9534,,3.8462,-1.2163,-3.1899,-2.7778
2019-09-05,-0.179,-1.009,,-7.4074,-1.3851,4.4264,-2.4176
2019-09-06,-2.1014,-2.4457,,0.0,-1.5607,-2.6712,0.0
2019-09-07,1.5836,4.8874,,0.0,3.3294,1.7871,4.0541
2019-09-08,-0.7224,1.735,,0.0,0.9206,0.0563,1.0823
2019-09-09,-1.0181,-0.1136,,0.0,-1.3303,-1.2158,0.4283
2019-09-10,-2.119,-0.752,,-4.0,-0.3467,-1.6884,-0.8529
2019-09-11,0.6168,-0.5905,,0.0,-1.0437,-4.6178,-3.2258
2019-09-12,2.2769,1.2816,,0.0,-0.4687,0.1101,1.1111
2019-09-13,-0.4763,0.0517,,0.0,0.314,-0.1663,0.6593
2019-09-14,-0.0241,3.8627,,0.0,2.1909,0.8814,1.5284
2019-09-15,-0.0998,0.895,,4.1667,0.1531,-2.2433,0.6452
2019-09-16,-0.6854,3.8591,,0.0,-0.2294,-0.9729,0.641
2019-09-17,-0.3456,5.8319,,4.0,9.1954,2.9752,4.034
2019-09-18,-0.4201,1.3347,,3.8462,10.1053,5.9509,8.7755
2019-09-19,0.6684,4.6775,,0.0,-3.6329,-2.8793,-1.5009
2019-09-20,-0.8257,-1.4601,,0.0,-2.6124,-1.1247,-0.381
2019-09-21,-1.5904,-1.162,,-3.7037,-1.7317,-1.3537,-0.7648
2019-09-22,0.5058,-1.8425,,0.0,-3.6282,-2.6401,-5.395
2019-09-23,-3.3868,-4.5494,,-3.8462,-3.6572,-5.0673,-5.7026
2019-09-24,-11.396,-16.7444,,-12.0,-12.4674,-17.5402,-18.7905
2019-09-25,-1.5495,1.6549,,0.0,4.7619,1.1869,4.7872
2019-09-26,-4.3363,-2.4376,,0.0,-1.0552,-4.9119,-3.0457
2019-09-27,1.6366,4.7886,,0.0,0.082,2.1378,3.4031
2019-09-28,-0.0719,-0.079,,0.0,-0.5738,0.3869,-1.7722
2019-09-29,-1.7188,-2.3311,,0.0,-0.4946,-3.4464,-3.3505
2019-09-30,2.3406,5.4947,,9.0909,6.0066,3.6432,3.7333
2019-10-01,0.5957,-1.4076,,0.0,-2.4619,0.2553,-1.0283
2019-10-02,0.5965,1.9004,,0.0,1.5625,0.2943,2.3377
2019-10-03,-1.5852,-3.0497,,-4.1667,-2.2091,-1.3994,-2.5381
2019-10-04,-0.6544,1.0192,,4.3478,2.4203,0.1799,3.3854
2019-10-05,-0.6634,-0.3579,,-4.1667,-0.1575,-0.1999,0.0
2019-10-06,-2.0039,-1.867,,0.0,1.6568,-2.3824,-1.0076
2019-10-07,3.2231,4.6962,,4.3478,6.9849,5.1163,6.1069
2019-10-08,-0.2042,0.461,,-4.1667,1.0156,-0.1618,-0.7194
2019-10-09,4.4594,6.1925,,4.3478,1.1131,10.5437,2.8986
2019-10-10,-0.1078,-0.8451,,-4.1667,-3.3736,-1.322,-2.1127
2019-10-11,-3.083,-4.7428,,0.0,-0.3675,-4.904,-2.6379
2019-10-12,0.1778,-0.9548,,0.0,0.7746,3.4017,-0.2463
2019-10-13,-0.1865,0.6904,,4.3478,1.6837,5.962,1.9753
2019-10-14,0.6451,2.6834,,4.1667,6.7315,0.8275,1.2107
2019-10-15,-2.0218,-2.9711,,0.0,-2.6307,0.4616,-4.7847
2019-10-16,-1.9236,-2.9727,,4.0,-1.4202,-3.8,-2.7638
2019-10-17,0.7006,1.1447,,7.6923,6.2193,4.0936,2.0672
2019-10-18,-1.6128,-2.4755,,-3.5714,-2.4148,-1.7022,-3.5443
2019-10-19,0.1926,-0.408,,0.0,-0.678,0.1879,2.8871
2019-10-20,2.9231,1.516,,0.0,0.4096,0.8169,0.7653
2019-10-21,0.2632,-0.3494,,3.7037,-0.4079,-0.7181,-0.5063
2019-10-22,-2.0078,-1.4979,,-7.1429,-0.4778,-0.6004,-1.2723
2019-10-23,-6.9759,-5.7447,,-3.8462,-6.0014,-8.158,-6.1856
2019-10-24,-0.2819,-0.1443,,0.0,1.6053,1.0795,3.5714
2019-10-25,15.5763,11.9349,,8.0,7.0736,10.2092,9.2838
2019-10-26,6.7463,-0.9297,,-3.7037,-1.5091,1.4697,-1.699
2019-10-27,3.3179,2.4504,,3.8462,1.4981,2.4135,4.4444
2019-10-28,-3.0944,-0.8572,,-3.7037,-0.7045,2.1333,0.2364
2019-10-29,1.8532,4.2044,,3.8462,2.027,3.638,2.3585
2019-10-30,-2.3544,-2.9685,,-3.7037,-1.7881,-1.9051,-3.2258
2019-10-31,-0.0667,-0.3927,,0.0,-0.0674,-0.4321,-0.9524
2019-11-01,0.6687,0.0016,,0.0,-1.2821,0.1065,1.6827
2019-11-02,0.6869,-0.024,,0.0,1.2645,1.2262,0.7092
2019-11-03,-0.9583,-0.8159,,0.0,-1.6875,-0.301,-1.6432
2019-11-04,1.9193,2.1544,,0.0,2.9523,2.6329,3.1026
2019-11-05,-0.7446,1.5825,,0.0,0.4668,-0.0641,2.5463
2019-11-06,0.1964,1.2095,,0.0,2.9207,0.4497,1.5801
2019-11-07,-0.9969,-1.888,,3.8462,-5.7078,-0.8214,-3.1111
2019-11-08,-4.9925,-2.0029,,0.0,-5.2668,-4.6307,-2.9817
2019-11-09,0.0988,0.4436,,0.0,1.1552,0.2265,0.2364
2019-11-10,2.7451,2.4043,,3.7037,0.0,3.782,3.7736
2019-11-11,-3.2879,-2.1046,,-3.5714,-1.8201,-1.7025,-1.8182
2019-11-12,0.6608,0.7299,,0.0,-0.9815,3.5976,1.3889
2019-11-13,-0.0839,0.7575,,0.0,0.2203,1.8842,-0.6849
2019-11-14,-1.1372,-1.2,,0.0,-0.9524,0.0673,-0.9195
2019-11-15,-2.4816,-2.9454,,0.0,-3.2175,-4.4604,2.0882
2019-11-16,0.692,1.5661,,0.0,0.8407,-0.1649,0.4545
2019-11-17,0.3183,0.9658,,-3.7037,0.5305,-0.108,2.7149
2019-11-18,-3.1323,-2.4631,,0.0,-3.6185,-4.6587,-3.5242
2019-11-19,-1.2413,-1.7191,,-3.8462,0.3129,-3.1765,-2.968
2019-11-20,-2.1798,-0.9903,,4.0,-1.9883,-2.8391,-3.0588
2019-11-21,-4.7901,-8.1023,,-7.6923,-3.0231,-7.3304,-6.7961
2019-11-22,-4.5294,-6.9332,,0.0,-5.0041,-7.4732,-3.3854
2019-11-23,1.3872,2.096,,4.1667,1.9862,5.3768,3.2345
2019-11-24,-4.7295,-6.8982,,-4.0,-5.5038,-6.9472,-7.0496
2019-11-25,1.3936,2.5497,,-4.1667,-2.0609,-0.0746,1.1236
2019-11-26,1.0109,1.699,,0.0,1.6011,1.7023,2.7778
2019-11-27,4.3402,2.7157,,0.0,1.3507,3.6774,5.4054
2019-11-28,-0.9103,-0.845,,0.0,-0.2221,-2.5785,0.5128
2019-11-29,3.9948,2.364,,8.6957,2.4933,3.7626,5.6122
2019-11-30,-2.4689,-1.7801,,-8.0,-1.6073,-3.4246,-2.4155
2019-12-01,-1.92,-0.8876,,0.0,-0.5298,-1.3979,-1.9802
2019-12-02,-1.378,-1.4065,,-4.3478,-2.53,-1.9643,-3.7879
2019-12-03,-0.0252,-0.7398,,0.0,0.1366,0.7748,-0.5249
2019-12-04,-0.9305,-0.8169,,0.0,-1.6371,-0.1933,-1.3193
2019-12-05,2.7065,1.7045,,0.0,3.0513,3.1597,1.3369
2019-12-06,1.325,-0.0366,,0.0,1.1664,-0.3267,1.0554
2019-12-07,0.1224,-0.2857,,0.0,1.286,-0.2813,1.3055
2019-12-08,0.1073,1.6781,,0.0,0.8757,0.0472,0.2577
2019-12-09,-2.1607,-2.0094,,0.0,-2.1267,-1.4418,-3.599
2019-12-10,-1.659,-1.3211,,0.0,-0.5322,-3.1692,-2.4
2019-12-11,-0.8339,-1.8179,,0.0,-0.9808,-0.8978,0.2732
2019-12-12,0.3562,1.3899,,0.0,-0.9905,-0.0432,0.0
2019-12-13,0.3666,-0.4528,,0.0,0.4093,0.4083,1.0899
2019-12-14,-1.9947,-1.4319,,0.0,-1.5399,-2.5116,-1.8868
2019-12-15,0.3878,0.172,,0.0,0.552,-0.1007,0.8242
2019-12-16,-3.0734,-6.6387,,-4.5455,-5.215,-6.4291,-6.5395
2019-12-17,-4.2116,-8.2402,,-4.7619,-11.3417,-8.6431,-7.2886
2019-12-18,9.5819,8.5546,,10.0,6.8046,9.2711,8.4906
2019-12-19,-1.0164,-2.8334,,-4.5455,-2.7523,-0.6612,-3.4783
2019-12-20,0.2217,-0.1972,,0.0,2.3585,0.9297,2.1021
2019-12-21,-0.3831,-0.7245,,0.0,-0.6144,-1.4008,-2.0588
2019-12-22,4.4559,3.3103,,0.0,1.4941,3.4019,3.6036
2019-12-23,-2.0763,-2.8393,,0.0,-3.0964,-3.3746,-3.7681
2019-12-24,-0.4499,0.3497,,0.0,0.681,0.5655,3.012
2019-12-25,-0.647,-2.0217,,0.0,-0.7804,-2.0068,-1.462
2019-12-26,-0.4974,-0.0739,,0.0,-0.1573,0.2566,1.7804
2019-12-27,0.7062,0.6754,,0.0,0.3676,1.1667,-3.4985
2019-12-28,0.3827,0.871,,0.0,1.0989,2.5646,1.5106
2019-12-29,1.4302,5.0149,,0.0,2.0186,3.244,2.0833
2019-12-30,-1.7468,-1.5765,,0.0,-1.3191,-1.4318,-2.0408
2019-12-31,-1.3629,-2.2789,,-4.7619,-0.8226,-1.5759,-2.381
2020-01-01,0.0914,0.919,,0.0,-0.1037,-0.2805,2.1341
2020-01-02,-2.9819,-2.5931,,0.0,-2.439,-4.8367,-2.0896
2020-01-03,5.1452,5.3069,,5.0,2.9255,4.863,4.2683
2020-01-04,0.8955,0.6691,,4.7619,0.4651,1.691,1.1696
2020-01-05,0.0089,0.8939,,9.0909,0.5658,1.5801,0.289
2020-01-06,4.8291,5.8905,,4.1667,13.2992,6.001,7.4928
2020-01-07,5.0774,-0.5268,,-4.0,-3.4312,0.3436,-0.8043
2020-01-08,-1.0269,-1.5925,,-4.1667,-2.2908,-2.707,-1.6216
2020-01-09,-2.4851,-1.6133,,0.0,-1.9617,-0.7163,0.0
2020-01-10,3.6487,3.5866,,4.3478,3.6115,3.6384,1.3736
2020-01-11,-1.5798,-0.7201,,-4.1667,-0.1884,-0.5291,-0.271
2020-01-12,1.9279,2.0618,,4.3478,1.7461,2.5143,2.4457
2020-01-13,-0.5896,-1.1293,,0.0,-1.3915,-0.6187,-1.8568
2020-01-14,8.3933,15.0657,,4.1667,10.3951,9.1861,12.7027
2020-01-15,-0.2351,0.1659,,-4.0,-0.7669,6.1873,2.1583
2020-01-16,-0.945,-1.1067,,-4.1667,-1.8463,-3.2733,-2.8169
2020-01-17,2.3528,3.8865,,8.6957,4.4619,6.1973,8.6957
2020-01-18,0.1542,2.6852,,0.0,1.8844,-1.7166,-0.2222
2020-01-19,-2.6453,-4.7877,,-4.0,-3.1648,-2.5505,-6.4588
2020-01-20,-0.5582,0.0903,,0.0,-0.9762,-0.2533,4.5238
2020-01-21,1.0194,1.5418,,0.0,1.6717,4.6314,4.7836
2020-01-22,-0.7434,-0.8268,,-4.1667,-0.4637,-1.8166,-0.6522
2020-01-23,-3.1605,-3.1882,,0.0,-4.2355,-4.3656,-5.2516
2020-01-24,0.463,0.0752,,0.0,-1.3711,0.1527,3.9261
2020-01-25,-0.9187,-1.0839,,0.0,-1.1659,-0.4182,-4.0
2020-01-26,2.7365,4.212,,0.0,4.6733,2.7244,3.2407
2020-01-27,3.6408,1.6979,,4.3478,0.2167,1.4491,7.3991
2020-01-28,5.0368,3.1822,,4.1667,3.1574,2.3955,10.4384
2020-01-29,-0.4484,-0.7484,,-4.0,-1.174,-1.1167,1.1342
2020-01-30,2.0647,5.5071,,0.0,3.3517,3.7828,4.8598
2020-01-31,-1.6665,-2.4529,,0.0,-1.8062,-2.0408,-4.0998
2020-02-01,0.4529,1.9504,,0.0,0.9615,0.0401,4.2751
2020-02-02,-0.5165,2.6915,,4.1667,3.8095,1.2619,-0.5348
2020-02-03,-0.5441,0.6614,,-4.0,1.5556,0.0791,2.1505
2020-02-04,-1.2112,-0.3237,,4.1667,4.7918,-1.5458,-1.7544
2020-02-05,4.7104,7.9152,,4.0,4.0105,5.7082,5.7143
2020-02-06,1.2106,3.9705,,3.8462,1.6937,7.1835,1.0135
2020-02-07,0.6798,4.8917,,3.7037,-1.0276,7.123,0.0
2020-02-08,0.7062,0.1888,,14.2857,-0.7519,-1.2687,0.1672
2020-02-09,2.5499,2.4343,,0.0,1.912,11.5974,3.172
2020-02-10,-2.5706,-2.2119,,-6.25,-2.9735,3.7423,-2.2654
2020-02-11,3.5674,5.5155,,0.0,2.189,1.6619,4.6358
2020-02-12,1.1542,12.5312,,3.3333,8.6755,3.2351,8.2278
2020-02-13,-1.0815,1.0147,,-3.2258,7.3259,-3.8792,0.2924
2020-02-14,0.9569,6.0121,,3.3333,2.4793,3.3683,2.9155
2020-02-15,-4.099,-6.857,,-6.4516,-8.5424,-8.1656,-9.4901
2020-02-16,0.4551,-1.826,,-3.4483,-3.6577,-2.8294,-1.8779
2020-02-17,-2.459,2.489,,-3.5714,-2.8475,0.3622,-4.3062
2020-02-18,4.663,5.8496,,3.7037,3.9428,2.1519,4.3333
2020-02-19,-5.0149,-7.867,,-7.1429,-6.8144,-7.1689,-7.9872
2020-02-20,-0.2586,-0.6985,,3.8462,-1.8732,-0.4675,1.2153
2020-02-21,0.8114,2.9661,,-3.7037,0.9178,-0.1988,0.5146
2020-02-22,-0.2401,-1.2308,,0.0,0.3638,-0.9754,-0.5119
2020-02-23,2.7044,4.3542,,3.8462,2.4647,3.9165,5.4889
2020-02-24,-2.7643,-3.1188,,-3.7037,-4.2802,-3.4377,-4.065
2020-02-25,-3.1965,-6.5602,,-3.8462,-6.3562,-7.7191,-4.4068
2020-02-26,-5.5791,-8.9329,,-8.0,-8.8792,-7.5871,-12.234
2020-02-27,-0.4085,0.4755,,0.0,2.6851,1.7208,0.404
2020-02-28,-1.2754,0.0031,,0.0,-0.3374,-1.4004,-2.2133
2020-02-29,-0.8411,-3.0481,,-4.3478,-2.1583,3.868,-2.2634
2020-03-01,-0.4309,-0.3993,,4.5455,-1.0381,-3.1704,-3.3684
2020-03-02,3.5879,5.2971,,0.0,4.3269,4.4871,6.7538
2020-03-03,-0.9232,-2.6414,,8.6957,-1.8014,-0.8928,-0.4082
2020-03-04,-0.3703,0.0171,,-4.0,0.0427,1.6397,0.4098
2020-03-05,3.6951,2.1157,,4.1667,2.1748,4.2226,4.2857
2020-03-06,0.4823,6.2185,,0.0,1.8781,2.3382,0.5871
2020-03-07,-2.3304,-2.3292,,-4.0,-2.8677,-5.2085,-4.8638
2020-03-08,-8.9993,-15.6248,,-8.3333,-12.7372,-15.8849,-11.4519
2020-03-09,-2.2751,0.6464,,0.0,1.1116,-2.3766,-4.157
2020-03-10,-0.1756,-0.6036,,0.0,1.434,1.8406,0.0
2020-03-11,0.0215,-2.9381,,0.0,-1.9321,-2.0793,-4.5783
2020-03-12,-37.1695,-42.3472,,-31.8182,-32.9169,-41.9043,-39.3939
2020-03-13,11.9281,18.5627,,13.3333,14.1834,12.8424,18.3333
2020-03-14,-6.5306,-7.4292,,0.0,-7.591,-6.3943,-8.4507
2020-03-15,3.6911,1.5476,,0.0,4.4807,2.9151,4.2308
2020-03-16,-7.0069,-11.6667,,-5.8824,-8.3171,-10.0604,-11.0701
2020-03-17,4.2108,3.0168,,0.0,2.4096,7.363,4.5643
2020-03-18,0.2451,0.7895,,0.0,-0.9689,0.4158,0.3968
2020-03-19,18.1878,18.9404,,12.5,15.304,21.3507,20.5534
2020-03-20,0.1225,-2.8235,,0.0,-4.9091,-3.2876,-3.6066
2020-03-21,-0.2212,0.0614,,0.0,0.8286,1.5334,0.0
2020-03-22,-5.7366,-7.1507,,-5.5556,-5.0569,-7.4623,-7.8231
2020-03-23,10.052,9.3985,,5.8824,4.7936,8.5991,7.3801
2020-03-24,4.9637,2.8536,,5.5556,3.1131,2.3396,3.7801
2020-03-25,-0.798,-1.8489,,-5.2632,-0.4313,-0.6201,-2.649
2020-03-26,0.5295,1.5901,,0.0,8.2921,7.2483,4.4218
2020-03-27,-3.6722,-3.1972,,0.0,0.6857,-5.2528,-4.5603
2020-03-28,-3.518,-2.2036,,0.0,-0.227,-2.6367,1.7065
2020-03-29,-5.1288,-4.1247,,-5.5556,-6.8259,-6.1666,-5.3691
2020-03-30,8.5747,5.8294,,5.8824,5.1282,7.3908,6.0284
2020-03-31,0.1369,0.5185,,0.0,1.3937,2.3993,2.3411
2020-04-01,2.6113,1.5278,,5.5556,0.4009,1.2717,0.9804
2020-04-02,2.8281,4.7145,,0.0,1.8825,2.5507,3.5599
2020-04-03,-0.8867,0.0438,,0.0,0.5039,2.3449,0.9375
2020-04-04,1.9922,2.2015,,0.0,1.2256,3.3762,0.6192
2020-04-05,-1.1125,-1.1519,,0.0,-1.2658,-0.6539,-1.5385
2020-04-06,7.0776,17.8265,,5.2632,8.9744,9.8325,11.25
2020-04-07,-1.3115,-2.3851,,0.0,-1.7391,-2.6716,-1.4045
2020-04-08,2.1973,4.5668,,0.0,4.5809,2.5515,3.4188
2020-04-09,-0.4364,-1.0627,,0.0,-1.2942,0.0432,-0.2755
2020-04-10,-5.9791,-7.2565,,0.0,-5.4463,-8.796,-8.2873
2020-04-11,-0.0934,-0.124,-18.3261,0.0,0.32,0.4848,0.6024
2020-04-12,1.633,1.8496,13.6071,0.0,1.0633,4.1349,1.1976
2020-04-13,-1.8082,-3.0177,-11.864,0.0,-1.2625,4.5864,-2.071
2020-04-14,-0.0381,0.8426,-14.901,0.0,-1.2786,3.2638,-0.3021
2020-04-15,-2.9276,-2.7345,-2.2964,-5.0,-2.1587,-5.998,-3.3333
2020-04-16,7.1467,12.3106,6.8192,5.2632,4.8538,7.5977,7.837
2020-04-17,-0.2897,-0.3014,-4.3573,0.0,0.0526,0.2063,0.5814
2020-04-18,2.2756,8.8997,3.0876,5.0,2.4711,5.4534,5.7803
2020-04-19,-0.9403,-2.835,-10.8795,0.0,-2.0523,-2.7318,-2.1858
2020-04-20,-4.2766,-5.1305,-11.2356,-4.7619,-3.8764,-6.5335,-4.4693
2020-04-21,-0.0238,0.2557,9.0757,0.0,0.436,0.7981,1.462
2020-04-22,3.4429,5.7092,17.6791,0.0,2.0076,3.2054,5.4755
2020-04-23,4.391,1.3303,-9.2684,0.0,1.9681,1.9945,10.929
2020-04-24,1.631,2.2743,1.0677,5.0,1.0433,0.0637,3.202
2020-04-25,0.2521,3.3177,1.4349,0.0,0.7228,1.8044,1.1933
2020-04-26,1.4522,0.9218,-1.2125,14.2857,0.8713,0.4808,8.2547
2020-04-27,1.507,-0.047,-9.9292,0.0,0.6098,0.4846,1.5251
2020-04-28,0.147,0.6037,15.5311,-4.1667,8.8384,-0.1148,1.2876
2020-04-29,12.7318,9.3505,12.7779,8.6957,5.522,6.3822,9.5339
2020-04-30,-1.6189,-4.3168,-7.3478,-4.0,-6.4204,-2.6284,-7.5435
2020-05-01,2.3816,3.1873,5.4703,4.1667,3.0075,3.1173,7.3222
2020-05-02,1.3969,0.5164,-1.77,0.0,2.1442,0.1133,-0.5848
2020-05-03,-1.0138,-2.0398,-5.0845,0.0,-2.0098,-2.6079,-4.1176
2020-05-04,0.1707,-1.3081,-1.766,0.0,-0.1823,-0.1489,1.636
2020-05-05,1.0145,-0.6723,-3.8502,0.0,-1.1416,-1.0584,-0.6036
2020-05-06,2.9511,-1.3148,-2.9916,0.0,-0.6005,-1.5532,0.8097
2020-05-07,7.3662,4.035,-1.5419,8.0,1.7193,2.1384,2.6104
2020-05-08,-1.0938,0.3308,-1.3214,-3.7037,0.4111,1.3419,2.3483
2020-05-09,-2.5275,-0.6533,-0.0661,0.0,-1.3194,-1.7719,-1.1472
2020-05-10,-8.7292,-10.8698,-11.1663,-3.8462,-8.6215,-9.6853,-7.7369
2020-05-11,-1.766,-1.4246,-4.041,-4.0,-2.0686,-1.2958,0.8386
2020-05-12,2.3563,1.8287,4.5216,4.1667,1.8032,4.263,4.7817
2020-05-13,5.2872,5.2193,2.2094,0.0,1.9737,2.5271,2.1825
2020-05-14,5.0025,1.8855,3.3787,4.0,0.794,1.3564,-1.165
2020-05-15,-4.1662,-3.61,-1.6342,-3.8462,-2.0679,-3.6888,-0.7859
2020-05-16,0.5233,2.5837,7.0204,0.0,0.553,1.8877,0.7921
2020-05-17,3.1324,3.2299,2.3201,0.0,0.65,1.6372,0.7859
2020-05-18,0.5774,3.5559,6.4763,0.0,1.9374,1.9719,5.848
2020-05-19,0.0253,-0.5006,-4.3205,0.0,-0.5848,3.1161,3.8674
2020-05-20,-2.118,-1.5715,-7.2538,0.0,-1.1275,-1.5547,0.8865
2020-05-21,-4.6332,-4.8611,5.1278,0.0,-3.0739,-4.5334,-8.2601
2020-05-22,1.1101,3.6449,4.9269,0.0,2.4552,3.208,6.8966
2020-05-23,0.2909,0.7362,-4.0538,0.0,-0.699,-0.3089,-0.8961
2020-05-24,-4.5489,-3.0303,-10.4241,0.0,-1.7597,-3.0431,-4.8825
2020-05-25,1.3261,1.4574,9.4336,0.0,0.9724,1.9741,2.6616
2020-05-26,-0.807,-1.6644,-4.5931,0.0,-1.6726,-1.1487,-1.1111
2020-05-27,3.9158,3.4478,3.0874,0.0,2.0103,1.732,3.3708
2020-05-28,3.7548,5.2556,-2.6734,0.0,1.3643,3.4317,17.029
2020-05-29,-0.9094,0.3797,0.7302,0.0,-1.1466,-0.1038,0.1548
2020-05-30,2.7682,9.8201,1.467,4.0,3.9839,4.1182,19.0108
2020-05-31,-2.4675,-4.6916,-3.0447,0.0,-1.6004,-3.9615,-3.3766
2020-06-01,7.4644,6.9341,1.3158,0.0,3.5978,5.1313,9.1398
2020-06-02,-6.2698,-3.9567,-2.2165,0.0,-3.5205,-3.7712,-3.3251
2020-06-03,1.3318,2.9341,3.8782,0.0,0.4438,1.7756,8.7898
2020-06-04,1.4904,0.1012,0.1193,0.0,0.6382,0.1168,4.2155
2020-06-05,-1.3785,-1.311,12.583,0.0,-0.439,0.6997,-4.0449
2020-06-06,-0.1226,0.294,-5.8681,0.0,-0.49,-0.8644,0.7026
2020-06-07,1.0895,1.3376,-0.9319,0.0,0.1477,-0.507,0.814
2020-06-08,0.1295,0.466,8.3847,0.0,0.1967,-0.3095,-0.346
2020-06-09,0.2478,-0.5677,-1.5412,0.0,-0.8832,0.2438,-3.4722
2020-06-10,0.7595,1.0344,-1.9909,0.0,0.4455,-0.1428,0.1199
2020-06-11,-5.5553,-6.3619,-11.0405,-3.8462,-6.2592,-6.3272,-9.7006
2020-06-12,1.7064,2.4991,3.521,0.0,1.9453,2.2086,5.5703
2020-06-13,-0.0587,0.5961,2.5257,0.0,-0.4126,0.9275,-0.7538
2020-06-14,-0.9339,-2.0067,-3.5802,0.0,-0.7768,-0.9956,-2.9114
2020-06-15,0.6809,-1.7879,-2.8104,0.0,0.7829,-1.6294,2.2164
2020-06-16,0.924,1.9516,2.6288,0.0,-0.9322,0.227,0.8929
2020-06-17,-0.6057,-0.5921,-0.6831,0.0,1.0978,-0.1187,5.4362
2020-06-18,-0.7216,-0.3978,6.7744,0.0,-1.241,-1.1821,-1.4388
2020-06-19,-1.3156,-2.1382,10.1932,-4.0,-2.199,-1.8601,-3.163
2020-06-20,0.4772,0.9404,-5.9477,0.0,0.9101,0.8833,-0.3769
2020-06-21,-0.3076,-0.1241,4.5836,0.0,-1.5385,-0.2891,-1.0088
2020-06-22,3.7092,5.9144,7.978,4.1667,1.9935,2.9629,6.4968
2020-06-23,-0.1975,0.6634,-2.5454,0.0,-0.317,-0.3199,-0.7177
2020-06-24,-3.282,-3.4282,4.052,-4.0,-2.3317,-2.4101,-0.4819
2020-06-25,-0.5239,-1.1995,-3.2293,0.0,-0.3798,-0.6495,-1.0896
2020-06-26,-1.0998,-1.4066,3.9119,0.0,-0.4902,-1.0896,-1.3464
2020-06-27,-1.2826,-2.9208,-3.7242,-4.1667,-3.1746,-3.5805,-3.598
2020-06-28,1.0855,1.0708,11.9131,0.0,0.4522,1.5462,3.4749
2020-06-29,0.517,1.2637,6.7627,0.0,0.1688,0.5519,4.3532
2020-06-30,-0.5752,-0.8238,0.8915,0.0,-1.1798,-0.5908,-0.9535
2020-07-01,0.9885,2.1202,-3.1973,4.3478,0.6254,2.6983,15.5235
2020-07-02,-1.1369,-0.7447,-6.2935,0.0,0.113,-1.8383,-1.7708
2020-07-03,-0.3958,-1.746,-1.5509,-4.1667,-0.5079,-1.5864,2.333
2020-07-04,0.4972,1.6359,1.6014,0.0,0.9643,1.7068,3.6269
2020-07-05,-0.6411,-0.6153,-11.366,0.0,-0.5618,-0.4681,-1.8
2020-07-06,3.3231,6.0816,2.3421,13.0435,6.5537,5.2751,7.1283
2020-07-07,-1.314,-1.0081,6.371,19.2308,-2.0148,2.9049,11.7871
2020-07-08,1.9028,3.1766,5.8035,51.6129,10.7684,2.7281,10.4592
2020-07-09,-1.5948,-1.4813,7.1294,-6.383,-0.8793,-1.9898,-4.311
2020-07-10,0.0091,-0.8357,7.0416,-20.4545,-2.07,2.2292,-4.827
2020-07-11,-0.4145,-0.6336,1.204,8.5714,1.2582,2.0908,5.8326
2020-07-12,0.3913,1.1165,9.9611,-5.2632,-0.3479,3.4859,1.278
2020-07-13,-0.3545,-1.0437,15.6388,-11.1111,-0.9476,0.9492,-2.0505
2020-07-14,-0.0043,0.2533,-2.3475,3.125,0.1007,-1.7746,6.2802
2020-07-15,-0.545,-0.7443,12.3247,-6.0606,-0.8551,-2.7191,-1.2121
2020-07-16,-0.6593,-2.0059,-32.3511,-3.2258,-1.5728,-2.5433,-3.4509
2020-07-17,0.2099,-0.3714,12.0816,3.3333,0.1546,-0.343,-2.7006
2020-07-18,0.0836,1.1645,-1.1454,12.9032,2.5733,0.2441,0.0
2020-07-19,0.2924,1.2755,-4.79,-2.8571,-0.1004,4.841,0.9796
2020-07-20,-0.235,-0.9788,-5.1288,-5.8824,-2.009,-2.6237,-4.6888
2020-07-21,2.2987,3.7533,11.923,3.125,1.999,1.3194,4.3257
2020-07-22,1.6051,7.0093,6.8461,0.0,2.1608,2.1253,0.7317
2020-07-23,0.5848,4.767,0.5459,0.0,2.1151,3.2136,-0.0807
2020-07-24,-0.4611,1.6478,-5.1915,-3.0303,-1.7341,2.5684,-1.5347
2020-07-25,1.4703,8.8969,25.8113,0.0,4.951,3.2554,17.8015
2020-07-26,2.3566,1.8374,24.988,0.0,0.4204,-1.2914,3.1337
2020-07-27,10.961,3.8336,13.6413,0.0,4.0465,0.5087,-6.2795
2020-07-28,-0.7101,-1.5106,0.3092,0.0,2.9504,2.8195,7.0605
2020-07-29,1.7195,0.4843,-7.0512,0.0,5.558,-1.3775,-5.8546
2020-07-30,0.0968,5.1528,1.7186,0.0,0.5759,0.5886,0.5004
2020-07-31,1.9103,3.2781,-8.8096,0.0,5.8896,3.2749,-1.2802
2020-08-01,3.8515,11.4729,-0.7541,15.625,11.8192,4.1721,3.4582
2020-08-02,-6.0034,-3.7716,14.1622,-10.8108,-0.829,-2.7194,-7.0334
2020-08-03,1.7436,4.2149,3.4313,3.0303,7.9415,5.3001,2.8464
2020-08-04,-0.3597,0.9268,3.8278,2.9412,-3.0332,1.032,4.1515
2020-08-05,4.829,3.0048,-6.2567,0.0,0.9318,4.7284,-0.2098
2020-08-06,0.2788,-1.6506,25.7509,2.8571,0.0989,-2.6932,0.911
2020-08-07,-1.5136,-3.9115,-5.4571,-2.7778,-2.9315,-1.7448,-3.3333
2020-08-08,1.3151,3.814,18.5867,0.0,-0.2375,2.5395,4.7414
2020-08-09,-0.6662,-0.7277,7.7458,0.0,-1.8027,-1.7598,-0.4115
2020-08-10,1.7333,1.2188,17.5071,0.0,2.0783,0.6153,-0.8953
2020-08-11,-3.9365,-3.9161,5.4793,-2.8571,-3.4951,-6.0003,-4.517
2020-08-12,1.5285,2.7972,14.1188,2.9412,0.1758,2.3263,0.0
2020-08-13,1.7195,9.6458,-0.3661,0.0,4.5279,1.49,2.7656
2020-08-14,-0.1296,2.0189,-9.2279,2.8571,0.8731,4.5041,-2.0538
2020-08-15,0.8227,-0.9243,-6.617,-2.7778,-0.233,-0.2081,0.0
2020-08-16,0.2284,0.0996,6.3415,0.0,1.2679,2.0646,0.1446
2020-08-17,3.0405,-0.981,-8.4798,2.8571,3.7232,0.0553,1.7329
2020-08-18,-2.1475,-1.3647,7.4679,-2.7778,-3.6531,-1.8839,-2.484
2020-08-19,-1.9427,-4.0611,-12.9429,-2.8571,-4.3192,-3.2808,-5.8952
2020-08-20,1.0213,2.4543,10.6692,2.9412,0.827,3.506,3.3256
2020-08-21,-2.4068,-6.5588,-8.2474,-2.8571,-4.067,-4.1728,-7.3353
2020-08-22,0.7706,1.7241,2.6225,0.0,2.0663,0.5007,1.2116
2020-08-23,-0.1453,-1.1244,9.9805,0.0,-0.3839,-1.6592,-2.9529
2020-08-24,0.9408,4.2822,0.6802,0.0,1.3315,3.3611,2.3849
2020-08-25,-3.469,-5.9154,-2.3976,-2.9412,-3.9073,-5.0009,-8.996
2020-08-26,1.0754,0.642,8.9929,0.0,-0.1439,3.734,1.7652
2020-08-27,-1.4359,-0.9919,-3.184,-3.0303,-4.6847,3.6068,-7.3721
2020-08-28,1.935,3.4608,16.4378,3.125,2.8355,0.2296,2.5281
2020-08-29,-0.3087,1.0222,-1.062,0.0,0.9191,-0.5295,6.5753
2020-08-30,1.7784,7.1199,11.7668,0.0,3.0965,2.7534,0.5998
2020-08-31,-0.262,1.5602,7.8047,-3.0303,-0.424,-1.9108,4.5145
2020-09-01,2.4798,9.647,-9.1489,3.125,4.9326,7.0236,2.2005
2020-09-02,-4.6485,-7.7584,-4.1432,-6.0606,-6.4931,-0.5306,-7.815
2020-09-03,-10.2395,-12.3554,-15.3008,-9.6774,-10.8137,-16.4862,-16.782
2020-09-04,2.6014,0.6662,0.5245,3.5714,3.7713,2.1154,6.4449
2020-09-05,-3.2558,-13.6464,-26.733,-3.4483,-7.1122,-7.4909,-12.207
2020-09-06,1.0894,5.3994,18.7883,0.0,1.2621,19.0561,3.5595
2020-09-07,0.8678,-0.1949,-5.1037,0.0,0.6232,-3.4384,0.2148
2020-09-08,-2.2956,-4.2735,-15.6906,0.0,-2.2296,3.5587,-2.4652
2020-09-09,1.0939,4.0011,47.2823,0.0,1.1824,5.7787,2.5275
2020-09-10,1.1793,4.8395,-4.5815,0.0,1.6277,0.1207,4.1801
2020-09-11,0.3645,1.7913,-1.222,0.0,-0.0821,3.6299,-0.2058
2020-09-12,0.3967,3.3327,-2.763,0.0,1.8496,12.0952,0.6186
2020-09-13,-1.134,-5.5821,-3.2076,0.0,-2.4213,8.8637,-2.7664
2020-09-14,3.4588,3.2002,1.3423,0.0,1.861,0.3864,2.0021
2020-09-15,1.0871,-3.2947,-10.0945,0.0,-1.015,-12.753,-3.4091
2020-09-16,1.6482,0.2667,-13.3953,0.0,1.6407,2.802,-1.9251
2020-09-17,-0.2361,6.3439,13.6128,0.0,1.7756,-3.474,2.7263
2020-09-18,-0.0402,-1.1965,7.4691,0.0,-0.5948,1.5056,-3.2909
2020-09-19,1.3684,0.307,-2.5419,0.0,0.3989,-0.5416,0.6586
2020-09-20,-1.4068,-3.7587,-5.2164,0.0,-1.9865,-3.1522,-2.5082
2020-09-21,-4.3518,-7.8875,-3.0792,-7.1429,-5.9181,-11.8376,-10.0671
2020-09-22,0.7283,0.795,4.7799,3.8462,0.5601,3.5792,1.7413
2020-09-23,-2.7734,-6.7886,-2.6994,-3.7037,-5.2271,-5.1604,-6.1125
2020-09-24,5.0153,8.7941,10.4308,0.0,5.2893,7.686,7.8125
2020-09-25,-0.6259,0.8094,1.7844,3.8462,3.8643,0.2015,16.9082
2020-09-26,0.5425,0.9384,-1.6904,0.0,0.124,6.3162,-1.2397
2020-09-27,0.2283,0.5487,0.5806,0.0,0.2477,-0.0839,5.9623
2020-09-28,-0.609,-0.6376,-6.2228,0.0,-0.3707,2.9787,-0.5923
2020-09-29,1.2604,1.2946,-0.3484,0.0,0.5374,6.9067,0.4965
2020-09-30,-0.5546,0.0502,-1.6461,-3.7037,-0.5757,1.5529,-0.0988
2020-10-01,-1.5303,-1.8703,-1.2733,0.0,-1.4888,-6.3463,-3.1652
2020-10-02,-0.4094,-1.9725,-8.2104,0.0,-1.7212,-0.5333,-5.1073
2020-10-03,-0.2519,0.0818,-3.0006,0.0,-0.5126,3.3593,0.5382
2020-10-04,1.1399,1.7479,-1.2288,0.0,6.3547,2.6296,3.1049
2020-10-05,1.1599,0.3908,5.628,0.0,1.2515,-0.984,1.2461
2020-10-06,-1.7505,-3.7126,-18.1141,0.0,-2.193,-3.296,-4.8205
2020-10-07,0.6088,0.2913,5.312,0.0,1.3045,-0.035,1.0776
2020-10-08,2.3125,2.6206,3.2027,0.0,1.2072,0.0018,2.5586
2020-10-09,1.3629,4.2263,7.3863,3.8462,0.7952,2.6699,5.9252
2020-10-10,2.0959,1.4708,-5.2679,0.0,0.3156,-0.4658,3.0422
2020-10-11,0.7774,1.1253,0.852,0.0,0.5505,0.8586,1.4286
2020-10-12,1.5037,3.3558,6.6142,0.0,0.2738,7.561,3.2864
2020-10-13,-1.1204,-1.6869,-7.0426,-3.7037,-0.039,-0.026,-1.0
2020-10-14,0.0316,-0.4478,-3.7548,0.0,-2.6922,0.6689,-1.4692
2020-10-15,0.5761,-0.5382,-2.0824,0.0,-1.4034,1.2416,-0.6524
2020-10-16,-1.5069,-2.9707,-5.1624,0.0,-2.2367,-4.1571,-2.3452
2020-10-17,0.3178,0.7173,2.4379,0.0,0.208,0.8445,1.9212
2020-10-18,1.1028,2.537,0.5677,0.0,0.5396,1.3598,1.2253
2020-10-19,2.2526,0.4553,-7.0541,0.0,1.569,-2.3953,1.2104
2020-10-20,1.4844,-2.8422,-8.2309,0.0,-0.9756,-3.7484,-5.7038
2020-10-21,7.6144,6.2451,0.09,0.0,3.2841,3.3642,3.6098
2020-10-22,1.1089,5.5032,3.4543,3.8462,2.0668,2.9752,4.1431
2020-10-23,-0.2649,-0.9682,0.2199,-3.7037,-0.7399,-0.0789,-2.2604
2020-10-24,1.3651,0.6567,-2.4592,0.0,0.5885,-0.1475,0.0
2020-10-25,-0.5866,-1.5128,-6.5017,3.8462,-1.248,-1.5735,-1.5726
2020-10-26,0.3382,-3.0352,-5.7063,0.0,-1.7773,3.4779,-3.1015
2020-10-27,4.428,2.5664,1.4654,0.0,1.6888,1.5539,-0.291
2020-10-28,-2.8045,-3.7986,-12.8698,-3.7037,-2.7679,-4.0305,-3.6965
2020-10-29,1.2553,-0.4942,-4.1071,0.0,-1.464,-1.7159,-3.6364
2020-10-30,0.8085,-1.0111,0.8678,0.0,-1.2794,-4.4705,-2.0964
2020-10-31,1.7309,0.9849,6.8966,0.0,0.209,-0.2708,-0.3212
2020-11-01,-0.3185,2.5267,3.8359,0.0,0.0417,0.1069,5.478
2020-11-02,-1.3585,-3.3307,-7.8572,-3.8462,-1.8349,-2.0298,-6.2118
2020-11-03,2.9505,1.1602,-4.1992,0.0,1.7417,-3.6828,1.4115
2020-11-04,1.3147,3.7512,-1.4091,0.0,-0.7098,0.2774,2.1413
2020-11-05,10.2319,2.9655,0.9265,4.0,3.3642,2.764,1.6771
2020-11-06,-0.0897,9.8177,36.187,7.6923,5.1261,4.8493,12.4742
2020-11-07,-4.7034,-4.1798,6.1817,-3.5714,-3.4056,-4.4107,-7.0577
2020-11-08,4.3537,4.0948,6.1319,0.0,1.7228,2.0441,5.1282
2020-11-09,-0.9513,-2.0707,-5.9306,0.0,-1.2603,-1.0143,-1.2195
2020-11-10,-0.2701,1.242,10.8099,3.7037,1.2764,0.6257,0.4748
2020-11-11,2.6842,2.9534,-10.9386,0.0,0.9453,-0.841,0.189
2020-11-12,3.6621,-0.4223,-5.1446,0.0,-0.5462,-1.2212,-1.4151
2020-11-13,0.2548,2.9547,6.4083,0.0,4.0408,2.0547,1.8182
2020-11-14,-1.53,-3.0501,-5.1366,0.0,1.1689,-0.8729,-2.0677
2020-11-15,-0.7005,-2.7362,6.5832,0.0,0.4845,-1.1283,-3.5509
2020-11-16,4.7665,2.7664,10.3857,3.5714,5.8976,1.6042,3.4826
2020-11-17,5.5593,4.4397,-2.3588,0.0,5.9194,1.6623,5.3846
2020-11-18,0.8988,-0.1824,-3.9597,0.0,-2.7116,-1.5927,-2.9197
2020-11-19,0.0735,-1.6379,-1.8061,0.0,3.2631,0.0638,-0.4699
2020-11-20,4.5138,8.0814,0.8956,3.4483,7.9987,2.8401,11.6147
2020-11-21,0.1123,7.7965,13.6871,16.6667,39.683,5.1893,12.4365
2020-11-22,-1.4603,1.5617,-9.9656,-5.7143,-3.1857,-1.534,8.9541
2020-11-23,-0.032,9.0286,6.1358,9.0909,38.3818,3.4763,6.0083
2020-11-24,4.0478,-0.7488,-0.369,16.6667,12.7199,9.1644,8.3388
2020-11-25,-1.9644,-5.4995,0.0882,-11.9048,-8.178,-7.278,-6.6747
2020-11-26,-8.4427,-9.0918,-16.1674,-10.8108,-16.129,-10.0121,-10.8892
2020-11-27,-0.2462,-0.252,-2.3699,0.0,4.9343,0.9583,1.9523
2020-11-28,3.5597,4.007,1.6686,3.0303,11.8541,2.3484,16.8794
2020-11-29,2.5967,6.9725,1.3923,0.0,-3.101,3.341,1.0922
2020-11-30,7.9678,6.7883,2.6995,5.8824,9.5843,4.2341,2.8211
2020-12-01,-4.1926,-4.4757,0.4779,-8.3333,-7.7375,-4.0917,-8.9317
2020-12-02,2.1172,1.8777,7.0384,3.0303,2.7737,0.6281,1.6667
2020-12-03,1.2724,3.0678,-0.7091,0.0,0.254,1.3433,3.5309
2020-12-04,-3.8345,-7.6786,-11.6359,-2.9412,-11.7498,-5.3159,-9.7442
2020-12-05,2.4303,4.7846,6.6164,3.0303,4.8627,2.2609,7.7598
2020-12-06,0.9966,0.8906,-6.2967,0.0,6.0746,-0.6347,-0.5009
2020-12-07,-0.7934,-1.6723,-1.2404,-2.9412,-1.7745,-0.5508,-3.0208
2020-12-08,-4.5358,-6.2543,-9.0542,-3.0303,-8.228,-5.9289,-8.5659
2020-12-09,1.2705,3.3616,-0.1861,0.0,4.4381,1.7839,5.181
2020-12-10,-1.5572,-2.4065,-5.2999,-3.125,-1.8163,-1.5397,-4.1835
2020-12-11,-1.1283,-2.4802,-8.2328,0.0,-4.6248,-1.2103,-1.831
2020-12-12,4.124,4.1719,3.205,3.2258,-7.3376,2.9367,3.6585
2020-12-13,1.8014,3.7104,5.0037,3.125,1.0071,3.3276,6.5744
2020-12-14,0.5447,-0.6193,1.6672,-3.0303,-2.6979,3.1885,2.5974
2020-12-15,0.8855,0.5707,10.6245,0.0,-5.6259,-1.6061,-2.3418
2020-12-16,9.7518,7.9453,1.3006,6.25,21.056,3.1912,8.6196
2020-12-17,7.0132,1.0511,-5.887,8.8235,1.4246,-1.0039,-2.4463
2020-12-18,1.4593,1.8578,1.2034,5.4054,1.3178,2.499,0.9174
2020-12-19,3.1631,0.6851,-1.7718,0.0,-0.8728,7.6216,-0.1818
2020-12-20,-1.6445,-3.1863,-6.2983,17.9487,-3.9883,2.5946,-1.6393
2020-12-21,-2.8718,-4.4608,-1.3878,4.3478,-7.0491,-5.5351,-5.7407
2020-12-22,4.2974,4.1055,-3.3465,-6.25,-13.2521,3.7602,2.2921
2020-12-23,-2.2776,-8.0553,-19.0968,-15.5556,-42.3283,-7.123,-12.6761
2020-12-24,2.1281,4.7785,12.9966,21.0526,30.6265,4.5106,12.0968
2020-12-25,3.9132,2.4204,6.0922,0.0,-5.8319,2.0443,3.0739
2020-12-26,7.1853,1.5046,-8.3852,-2.1739,-7.3562,0.9411,0.1269
2020-12-27,-0.6231,7.3614,-1.601,0.0,-3.9701,0.1037,-2.1546
2020-12-28,3.0927,6.9956,16.3239,2.2222,-12.3675,6.9611,14.443
2020-12-29,1.025,0.1537,10.4638,-2.1739,-10.8871,8.6713,8.7719
2020-12-30,5.4034,2.7476,-8.29,2.2222,-4.1629,-2.0961,-4.2664
2020-12-31,0.5574,-1.8381,-1.6021,2.1739,3.7771,-1.9936,-1.413
2021-01-01,1.2842,-1.0078,21.9207,21.2766,8.0073,1.4153,-3.3627
2021-01-02,9.3726,6.0473,-2.3234,85.9649,-6.6133,0.888,1.1979
2021-01-03,2.038,25.9475,20.1467,-7.5472,1.8493,7.6027,15.5581
2021-01-04,-2.4712,6.635,14.9551,0.0,4.8273,-0.541,9.6585
2021-01-05,6.3197,5.7461,-13.1946,1.0204,-4.1825,1.9748,14.9021
2021-01-06,8.3311,9.7369,-10.5693,6.0606,10.6261,1.0337,28.494
2021-01-07,6.9157,1.538,22.9888,-7.619,29.9322,3.0439,-9.6113
2021-01-08,3.6234,-0.1208,35.7062,1.0309,-0.8589,-2.4263,1.8667
2021-01-09,-1.3311,4.6463,5.1399,4.0816,1.1448,3.6268,8.966
2021-01-10,-4.7153,-1.4699,2.3838,-2.9412,-2.6308,-3.3788,-8.4384
2021-01-11,-7.2733,-13.6345,-10.3286,-11.1111,-9.2366,-9.6048,-9.6425
2021-01-12,-4.6215,-4.2848,16.2575,-7.9545,1.1076,-0.6771,4.1742
2021-01-13,10.0032,8.3671,-2.7564,6.1728,4.6217,5.3115,9.2683
2021-01-14,5.0138,7.7572,-6.705,9.3023,-3.3377,4.1305,-1.0204
2021-01-15,-6.0274,-3.826,-0.8541,0.0,-5.0779,-2.0929,-2.5451
2021-01-16,-1.7576,5.2655,6.0581,-1.0638,-0.0713,5.5055,16.4959
2021-01-17,-1.0693,-0.2728,10.7627,-2.1505,-0.9993,5.8205,7.8036
2021-01-18,2.3436,2.2035,-0.5919,1.0989,2.6676,-0.7254,-2.2374
2021-01-19,-1.5295,9.5457,-4.0469,-1.087,3.3357,-5.6616,-0.6193
2021-01-20,-1.4473,0.3614,2.2433,0.0,0.7475,-0.4174,1.7069
2021-01-21,-13.2837,-18.8605,-19.6879,-9.8901,-9.3086,-9.2969,-17.3681
2021-01-22,7.0722,10.2482,11.8943,3.6585,1.4504,5.7233,12.7015
2021-01-23,-2.8423,-0.4465,4.7188,1.1765,-0.3666,-0.103,-1.1442
2021-01-24,0.6915,13.0479,3.7185,1.1628,0.6255,2.612,2.4016
2021-01-25,0.2385,-4.8286,1.805,-3.4483,-1.6088,-0.6158,-2.8257
2021-01-26,0.6286,2.4647,9.3865,-1.1905,-0.1115,0.1706,0.0872
2021-01-27,-6.5622,-7.6541,-8.8133,-9.6386,-6.2872,-1.6784,-9.0354
2021-01-28,9.9681,6.3283,3.5631,354.6667,4.8432,3.7424,10.5398
2021-01-29,2.5407,3.7547,0.3297,38.4164,6.8535,0.76,0.5779
2021-01-30,-0.1366,-0.4634,10.1599,-40.2542,55.9887,4.4805,4.1655
2021-01-31,-3.3708,-4.4422,0.9422,31.9149,11.8355,-1.1085,-4.8814
2021-02-01,1.2768,4.1106,8.1494,-6.1828,-24.5379,16.5591,16.5555
2021-02-02,5.8834,10.6756,14.2228,-9.7421,-0.5922,-1.0683,6.0199
2021-02-03,5.5246,9.617,8.5145,17.7778,6.5529,2.3233,3.5664
2021-02-04,-1.4571,-3.9826,12.423,43.6658,13.4435,7.0488,-0.068
2021-02-05,3.2991,7.7684,3.9775,-12.0075,0.8065,21.3151,21.9451
2021-02-06,2.9407,-2.3742,-8.5442,22.8145,-2.4222,7.2046,16.7317
2021-02-07,-0.9234,-3.7917,9.6501,36.8056,-4.8053,-5.6963,5.6219
2021-02-08,18.7465,8.2014,17.6524,0.0,7.1053,16.3886,2.9101
2021-02-09,0.6162,1.2263,-0.8436,-11.0406,5.4277,35.1588,3.0769
2021-02-10,-3.3625,-1.3457,16.0603,3.9943,6.6525,20.2391,32.2388
2021-02-11,6.6591,2.2677,1.5784,-4.3896,4.2511,-4.0874,-0.2795
2021-02-12,-0.8443,3.3487,0.3429,0.5739,15.968,10.0568,-0.2264
2021-02-13,-0.8406,-1.596,-5.564,-5.2782,3.352,-2.5526,-2.15
2021-02-14,3.4216,-0.4975,0.0733,-5.8735,-5.5326,2.2284,-6.3266
2021-02-15,-1.5851,-1.4012,1.4052,-9.44,-7.6237,-5.0273,1.4851
2021-02-16,2.6172,0.0717,-6.3622,-5.477,-5.1193,0.3773,1.1614
2021-02-17,5.9942,3.7837,-0.9075,-7.6636,2.8226,26.6141,2.2847
2021-02-18,-0.8998,4.8143,9.2173,20.4453,-0.5789,18.9849,2.6041
2021-02-19,8.1431,1.1724,27.6733,-7.395,6.4989,69.7604,1.4769
2021-02-20,0.3782,-2.0728,-12.7598,-1.2704,-8.7302,-23.0483,21.0651
2021-02-21,2.5676,0.837,10.8251,2.9412,6.0097,14.8347,-2.0036
2021-02-22,-5.7918,-7.9359,30.3938,-4.1071,4.2107,-8.9866,-0.1181
2021-02-23,-9.9302,-11.8849,5.1658,-11.7318,-17.1593,-13.6502,-13.1459
2021-02-24,1.8042,3.5901,13.8223,19.4093,-0.3801,10.1149,10.1603
2021-02-25,-5.2539,-9.2754,-20.1512,-11.3074,-7.9059,-8.0489,2.6053
2021-02-26,-1.6012,-2.0106,-1.651,0.5976,-1.519,-5.2186,15.0125
2021-02-27,-0.3265,0.964,-2.8459,-0.7921,2.3136,1.61,6.7521
2021-02-28,-2.2748,-3.0086,-0.8484,-3.992,-5.2079,-6.959,-1.268
2021-03-01,9.955,10.4981,14.2591,5.1975,7.759,21.4986,-1.2002
2021-03-02,-2.5231,-4.6078,-6.6644,-0.5929,-2.3256,-5.9331,-5.1687
2021-03-03,4.4632,5.5771,1.1226,0.5964,3.0907,0.655,-0.7343
2021-03-04,-3.912,-2.1537,-7.209,-1.1858,8.0613,-4.6233,-8.3594
2021-03-05,0.754,-0.5603,-3.7227,-0.8,-5.857,-1.5536,4.8076
2021-03-06,-0.0305,7.922,3.379,2.8226,1.5281,0.13,-3.2092
2021-03-07,4.6906,4.1343,6.4527,2.1569,0.387,5.9613,0.2122
2021-03-08,2.0307,6.475,-1.9852,18.81,1.435,0.0581,-1.3499
2021-03-09,4.9335,1.8161,9.1463,-6.3005,2.6182,22.1142,6.8956
2021-03-10,2.1604,-3.6874,-4.1438,-3.4483,-4.6914,-4.8065,-5.0368
2021-03-11,3.2077,1.5023,12.3757,-0.1786,-2.2021,3.7346,-0.8987
2021-03-12,-0.8183,-2.962,-9.0056,-1.0733,-2.6269,-9.0082,-7.6191
2021-03-13,6.8217,8.6103,5.1999,12.8391,4.2621,4.7097,6.1784
2021-03-14,-3.169,-3.6432,-5.229,-6.0897,-3.8704,-4.1535,-3.9971
2021-03-15,-5.7251,-3.3896,-2.2167,-2.5597,-1.0179,-3.7697,-2.4264
2021-03-16,1.6057,0.8522,-3.9748,2.627,5.713,1.3508,20.2709
2021-03-17,3.637,0.9119,4.3853,-1.5358,2.1185,4.5541,10.9171
2021-03-18,-1.719,-2.2262,0.0689,-0.5199,0.1058,-3.0202,-10.1327
2021-03-19,0.843,1.9502,-0.1771,1.5679,-0.3595,0.899,5.1009
2021-03-20,-0.0566,-0.2745,0.0507,1.2007,11.8421,0.2591,-7.3491
2021-03-21,-1.3551,-1.3471,0.8458,-3.0508,-1.3662,0.0546,-1.4422
2021-03-22,-5.2053,-5.4179,4.0964,-3.8462,5.7907,-3.3924,-6.6605
2021-03-23,0.3847,-0.7499,-4.7891,-2.5455,1.2184,-0.0823,1.0541
2021-03-24,-3.5892,-5.0777,-3.8262,-3.5448,-12.1811,-2.2834,-4.1548
2021-03-25,-2.0277,0.1221,-4.657,-0.5803,5.8715,-5.99,2.4744
2021-03-26,6.64,6.7372,13.4686,5.0584,9.5845,8.6081,10.2033
2021-03-27,1.5166,0.8018,11.698,0.7407,-2.9448,5.487,-3.0807
2021-03-28,-0.0407,-1.4645,9.1342,-1.2868,0.0727,0.0331,1.2324
2021-03-29,3.2161,7.5873,4.6547,0.7449,3.1046,2.2376,0.9571
2021-03-30,2.0216,1.448,2.0106,-0.3697,-0.1761,13.1577,0.8981
2021-03-31,0.0019,3.918,1.2026,-0.3711,1.2348,-3.0065,-1.6484
2021-04-01,0.3004,3.0711,-1.9537,15.4562,0.9409,10.9744,-0.3436
2021-04-02,0.4882,8.3928,3.8004,-6.9355,6.4388,1.1321,0.6139
2021-04-03,-2.9981,-5.3566,13.8419,-3.2929,-4.168,-4.6825,-1.939
2021-04-04,2.0045,3.1897,6.6911,2.8674,9.4432,8.8171,1.5427
2021-04-05,0.5094,0.7054,-4.4761,4.007,42.338,4.5924,1.9221
2021-04-06,-1.4655,0.4977,8.5833,8.0402,19.0983,9.7393,3.3847
2021-04-07,-3.6833,-6.9535,6.0945,-8.5271,-16.3003,-7.1686,-6.3964
2021-04-08,4.059,5.961,2.0995,4.2373,14.7341,11.5784,3.7699
2021-04-09,-0.1354,-0.7883,2.7532,0.3252,-3.0395,8.406,-1.3039
2021-04-10,2.6581,3.0806,-3.3728,3.4036,34.6395,4.2769,1.2713
2021-04-11,0.6886,1.0166,4.0628,16.9279,-1.0114,11.1785,3.9301
2021-04-12,-0.5174,-0.8483,2.0772,-5.0938,7.8795,13.9587,3.8999
2021-04-13,6.0274,7.4712,-3.7756,31.9209,22.2321,-8.2068,7.2715
2021-04-14,-0.6201,5.9115,-3.5009,30.0857,2.5195,0.001,3.0883
2021-04-15,0.3237,3.45,5.0734,49.9588,-3.9746,-1.2664,1.8002
2021-04-16,-2.7501,-3.4603,-8.7025,100.8233,-11.8113,-5.9731,-4.3669
2021-04-17,-1.4438,-3.5795,-1.1714,-22.3285,0.1669,1.9985,-2.2585
2021-04-18,-7.3622,-4.5954,28.6973,12.7727,-9.8776,-7.5675,-7.8995
2021-04-19,-0.875,-3.1714,-1.941,27.0827,-6.4723,5.0015,-6.076
2021-04-20,1.3437,7.5719,0.2974,-21.5566,5.1939,16.222,5.6678
2021-04-21,-4.5454,1.4823,2.3384,-3.9437,-6.2748,-6.9853,-4.6765
2021-04-22,-3.9769,1.6401,19.5823,-14.956,-10.5515,-7.3276,-4.9474
2021-04-23,-1.2917,-1.6621,-4.8905,-4.7893,0.8623,4.0616,0.7585
2021-04-24,-2.0409,-6.4292,10.1651,8.7324,-10.3445,-5.7258,-4.6985
2021-04-25,-2.0911,4.722,16.2757,-7.0688,-1.5638,1.7449,-1.1894
2021-04-26,10.2389,9.4308,-7.1591,7.8057,32.5681,5.8408,13.3879
2021-04-27,1.8721,5.0655,-1.677,0.5541,2.3749,6.3401,5.9076
2021-04-28,-0.3787,3.1363,3.6703,18.9199,-3.0264,-1.0269,2.2037
2021-04-29,-2.3157,0.3822,-5.2771,-5.7152,3.0031,6.5894,-2.0738
2021-04-30,7.8332,0.5923,1.167,10.616,13.7416,4.0643,3.3945
2021-05-01,0.1348,6.2269,15.2528,16.41,3.7256,-0.7585,0.0518
2021-05-02,-2.0699,0.2092,-5.286,-4.3257,-5.3543,0.4446,-1.9437
2021-05-03,1.0051,16.227,-2.0415,17.4734,-0.4224,8.6132,2.653
2021-05-04,-6.76,-5.172,-6.9755,22.5492,-10.5141,-9.5435,-6.4537
2021-05-05,7.6696,8.2724,5.1346,21.4853,15.9509,6.6202,15.8072
2021-05-06,-1.7893,-0.9056,-3.2675,-11.6788,-0.8609,-2.8208,11.8333
2021-05-07,1.702,-0.1762,-0.692,17.9063,-1.1746,-1.3765,0.206
2021-05-08,2.5235,11.9929,5.5764,-7.0678,-1.2138,3.4484,-2.0502
2021-05-09,-0.9718,0.6713,-2.7025,-10.418,-1.7471,2.4962,9.3233
2021-05-10,-4.0742,0.5968,-3.2046,-21.0665,-9.5291,-4.6625,-7.1106
2021-05-11,1.5123,5.4755,3.887,10.0444,6.3859,6.4911,7.2597
2021-05-12,-13.3217,-9.184,-4.7562,-22.1729,-15.5512,-12.5159,-11.9778
2021-05-13,1.1509,-1.8675,-3.4373,27.2444,8.8949,-2.8479,24.5299
2021-05-14,0.3306,9.7953,4.1953,14.1109,3.2379,5.5464,3.6769
2021-05-15,-6.2556,-10.8097,1.7403,-9.2209,5.9163,-6.6464,8.4397
2021-05-16,-0.6504,-1.3913,8.6042,1.3583,-2.2411,-0.0376,6.2144
2021-05-17,-6.2824,-8.5047,-0.7152,-5.2437,3.0084,-9.0374,-11.9917
2021-05-18,-1.4427,2.9756,19.3068,-2.4185,6.3089,-0.77,-1.4024
2021-05-19,-13.7661,-27.2004,-37.2088,-30.0357,-32.7152,-33.2656,-26.0119
2021-05-20,10.2163,13.1515,27.4459,20.1441,10.7633,16.1012,22.1248
2021-05-21,-8.5282,-12.7024,-13.2531,-10.1949,-15.0569,-17.1022,-14.2613
2021-05-22,0.6217,-5.5507,-19.3165,-4.7301,-10.0,-8.211,-5.7141
2021-05-23,-7.3689,-8.1076,-21.1617,-10.0175,-12.06,-12.2063,-9.4425
2021-05-24,11.3182,25.3136,26.7122,18.8575,24.5671,31.3235,16.9081
2021-05-25,-0.7848,2.3846,-4.1124,-5.4342,-1.672,-0.3462,0.3808
2021-05-26,2.3227,6.7268,18.4775,2.1369,5.8902,10.3862,14.6136
2021-05-27,-2.1816,-5.2692,-5.5014,-5.8807,-6.143,-3.2114,-7.6681
2021-05-28,-7.1269,-11.5689,-13.5339,-6.5185,-7.2253,-10.2748,-8.1409
2021-05-29,-3.0297,-5.8015,-5.7264,-2.6028,-7.588,-7.5263,-6.9974
2021-05-30,3.0681,4.8603,4.4794,-0.2969,8.9925,6.7961,12.1675
2021-05-31,4.6379,13.5815,14.7311,7.8094,15.4423,8.762,10.4926
2021-06-01,-1.7355,-2.9992,-5.5793,13.5973,-3.4015,2.3891,-0.459
2021-06-02,2.4268,2.757,9.5884,14.4015,1.3254,10.6032,1.0376
2021-06-03,4.3475,5.5061,16.2403,-5.5267,2.0402,6.6155,5.0034
2021-06-04,-5.9027,-5.8467,-5.2084,-5.925,-7.1845,-8.5114,-7.0416
2021-06-05,-3.6386,-2.1434,5.8006,-1.0896,-4.8341,-0.2461,-3.0335
2021-06-06,0.8731,3.2128,6.8788,-0.1075,2.3828,0.8678,1.1573
2021-06-07,-6.4181,-4.5976,-9.5633,-10.9467,-8.8966,-9.2707,-6.799
2021-06-08,-0.2624,-2.8115,8.5084,-1.0269,1.6953,-0.926,1.528
2021-06-09,11.5691,3.608,1.238,4.7605,5.0468,6.1393,2.3174
2021-06-10,-1.7205,-5.2429,-2.22,-4.9228,-5.5217,-6.2681,-5.7176
2021-06-11,1.7214,-4.7643,-12.2938,-2.1446,-2.3815,-1.7745,-6.2341
2021-06-12,-4.7728,0.7951,1.0975,-2.2855,-1.8621,-0.6338,3.0493
2021-06-13,9.9721,5.7285,6.3902,3.941,6.0646,6.6643,5.2831
2021-06-14,2.8662,1.176,-0.1478,2.3736,1.0983,0.5847,1.0716
2021-06-15,0.4669,2.8782,6.3041,-1.1141,-0.3472,1.2943,1.4412
2021-06-16,-5.0963,-9.3175,-3.5234,-6.2728,-6.5071,-7.1026,-7.2099
2021-06-17,-0.7655,0.1832,-1.1057,-0.4224,1.142,1.644,-0.027
2021-06-18,-5.9555,-5.9135,-6.662,-4.2414,-5.2056,-4.5158,-4.5068
2021-06-19,-0.4789,-2.3853,-3.5346,-2.0784,-4.501,-0.3257,-1.7522
2021-06-20,0.2314,3.1152,-0.0888,-2.2617,1.9299,1.2971,2.7758
2021-06-21,-11.2655,-15.9332,-24.5303,-36.3831,-21.3807,-20.3145,-17.6113
2021-06-22,2.617,-0.7147,0.4295,6.883,-10.6979,-3.3826,-2.0552
2021-06-23,3.7451,6.1221,12.2404,21.5707,14.933,12.479,8.6361
2021-06-24,2.7857,-0.0643,3.7675,13.1783,7.2626,4.7223,8.2369
2021-06-25,-8.726,-8.8128,-7.9603,-8.9802,-8.7351,-8.6823,-7.3446
2021-06-26,1.7337,0.8836,3.5332,2.3411,0.3424,-0.7751,-0.4855
2021-06-27,7.6535,8.1813,7.4597,8.0474,5.1186,3.9826,6.7818
2021-06-28,-0.6214,5.0919,3.1269,-2.8733,-0.4947,-0.3555,-0.7789
2021-06-29,4.1628,3.9002,2.8517,2.2966,9.0104,3.6878,3.2911
2021-06-30,-2.3055,5.2657,4.989,-3.2725,0.6698,1.0274,1.1035
2021-07-01,-4.1914,-7.0758,-6.0535,-3.8159,-6.3986,-4.9712,-3.4622
2021-07-02,0.9679,1.7238,1.8456,0.3272,-0.6655,-0.2759,4.4025
2021-07-03,2.276,3.5383,1.3471,0.4484,2.4513,3.7624,0.8893
2021-07-04,1.7862,4.2949,-0.4878,0.0406,3.2694,3.1837,3.6537
2021-07-05,-4.3692,-5.3039,-3.8647,-6.0446,-5.8426,-1.7399,-3.6552
2021-07-06,1.4496,5.7354,3.8942,1.209,1.6965,6.137,0.9396
2021-07-07,-1.1096,-0.4094,6.7767,-4.3942,-2.0739,2.0527,-1.0578
2021-07-08,-2.8886,-8.4286,-9.2582,-7.3628,-4.3738,-5.2196,-5.2028
2021-07-09,2.8002,1.2578,0.1834,5.9249,2.1987,1.9513,1.4585
2021-07-10,-0.821,-1.6439,-4.4371,-2.7285,-1.7745,-0.1088,-0.993
2021-07-11,2.1469,1.3385,1.2243,0.935,1.6627,1.8636,0.8981
2021-07-12,-3.1669,-4.8112,-4.1324,-3.6591,-0.8964,-1.7711,-2.4479
2021-07-13,-1.3688,-4.7447,-5.5981,-3.8462,-1.6979,-2.3763,-3.802
2021-07-14,0.3679,2.7961,7.4166,-1.35,0.1291,0.1927,-0.2213
2021-07-15,-3.1735,-4.1696,-9.0435,-6.2848,-3.7724,1.8867,-3.0975
2021-07-16,-1.1302,-1.6112,-7.3179,-6.8145,-1.0219,-3.8885,-4.0468
2021-07-17,0.3549,0.9808,1.3337,8.0093,-1.4218,-0.8211,-0.1193
2021-07-18,0.8364,-0.1724,0.113,-2.0956,0.9444,0.6598,0.9724
2021-07-19,-3.0789,-4.1284,-8.6136,-4.7201,-5.1539,-7.4259,-5.2885
2021-07-20,-3.2789,-1.639,-3.9186,-1.6129,-5.0753,-5.4411,-5.78
2021-07-21,7.7274,11.3823,13.3399,11.4169,7.6894,10.4799,10.5841
2021-07-22,0.6304,1.7194,4.0529,0.5255,3.8947,0.3793,1.5495
2021-07-23,3.9255,4.9167,2.9305,1.8296,2.8707,1.9214,1.6945
2021-07-24,2.1169,3.0329,0.6618,1.2834,0.0985,0.9319,2.2548
2021-07-25,3.0845,0.0984,-1.8598,0.3041,-0.5576,0.1206,-0.4054
2021-07-26,5.6219,1.9163,0.4892,3.2845,3.1662,0.6752,2.442
2021-07-27,5.5424,2.9089,-0.8525,0.7339,3.0371,2.9967,1.5812
2021-07-28,1.4946,-0.0778,-0.8904,-0.2428,12.5349,-0.0555,0.3989
2021-07-29,0.0313,3.6756,12.4596,-0.3895,3.1155,1.0595,0.0467
2021-07-30,5.5666,3.6122,3.5574,2.0528,0.5481,1.9447,1.9391
2021-07-31,-1.4427,2.807,13.6859,-0.2395,-0.5717,3.2951,1.016
2021-08-01,-3.967,1.011,-6.9864,-1.8723,-2.9286,-0.0197,-0.3479
2021-08-02,-1.9336,1.8854,-3.0128,-0.3914,1.8322,-0.7139,-0.5768
2021-08-03,-2.6758,-4.1302,2.3298,-3.7328,-3.585,-2.5235,4.1905
2021-08-04,4.1793,8.8825,5.1982,2.8061,2.4975,3.7711,0.8498
2021-08-05,2.8229,3.7697,4.4501,-0.2481,0.3696,0.8823,0.6901
2021-08-06,4.7638,2.2499,5.5976,1.8408,1.814,1.2617,1.1327
2021-08-07,4.0622,9.2114,-0.108,27.1617,9.3503,3.9763,4.9151
2021-08-08,-1.7005,-4.5453,-4.3897,-7.7987,-4.6061,-3.8445,-2.917
2021-08-09,5.8616,5.114,2.9039,7.0417,5.1239,3.7718,3.4879
2021-08-10,-1.6831,-0.826,4.8287,0.1557,3.9824,4.7857,13.1971
2021-08-11,0.0189,0.7179,2.7173,3.1092,18.9497,5.3239,7.4973
2021-08-12,-2.5559,-3.8186,-1.5444,-0.5277,-4.7407,-1.5157,1.4405
2021-08-13,7.5741,9.1607,9.234,8.6775,13.0119,6.5124,17.1172
2021-08-14,-1.4571,-1.7088,-1.741,2.1967,17.4679,-0.4649,2.6029
2021-08-15,-0.106,1.3799,21.8356,16.479,0.6092,1.3594,-1.0266
2021-08-16,-2.2159,-4.6517,16.1639,-6.0633,-7.5454,0.6937,-4.1398
2021-08-17,-2.8456,-4.488,2.8482,-6.6417,-7.7918,-3.7277,-7.3483
2021-08-18,0.2368,0.1739,12.977,1.4362,4.3617,-0.91,9.4467
2021-08-19,4.2775,5.3844,0.2954,4.4122,7.5648,8.2203,15.1522
2021-08-20,5.6116,3.275,8.2012,3.2797,2.4659,5.5564,1.2191
2021-08-21,-0.879,-1.8513,-6.3111,-3.2672,-3.697,-1.3224,-0.9074
2021-08-22,0.8509,0.4969,-1.2911,-0.5682,0.9207,0.0297,11.4273
2021-08-23,0.4552,2.3794,3.9889,0.9206,1.5965,11.3209,7.5064
2021-08-24,-3.7138,-4.4227,-6.6533,-9.1853,-8.811,-5.6603,-6.7286
2021-08-25,2.63,1.6536,1.8122,1.2123,3.086,6.6139,0.6247
2021-08-26,-4.1228,-3.8634,4.6762,-7.974,-8.29,-4.7297,-7.3993
2021-08-27,4.5086,5.4922,16.9562,9.4831,10.5273,3.2343,16.1191
2021-08-28,-0.3185,-0.801,9.7815,-2.9891,-3.618,-1.6788,-3.2844
2021-08-29,-0.1484,-0.5363,-2.3096,-1.5756,-0.4103,-1.2164,0.2985
2021-08-30,-3.6348,-0.0815,17.0161,-3.2017,-3.4537,-4.3292,-4.2997
2021-08-31,0.2374,6.493,-1.8644,2.3521,7.8264,1.0725,1.4379
2021-09-01,3.5626,11.681,2.3498,5.7092,3.9828,5.523,3.5455
2021-09-02,0.9841,-1.1432,15.3733,0.5435,1.7329,-1.2544,3.2256
2021-09-03,1.4143,3.9469,14.4265,0.1014,2.7939,0.9678,0.162
2021-09-04,-0.1614,-1.3395,-5.0961,1.0462,-2.7567,1.9389,-4.5617
2021-09-05,3.6216,1.654,2.1262,5.0434,3.9576,1.3133,2.7535
2021-09-06,1.7006,-0.601,15.7034,-1.8124,6.4267,-1.7231,-2.7106
2021-09-07,-11.0622,-12.7784,5.334,-17.8433,-19.0226,-15.8121,-11.6318
2021-09-08,-1.5375,2.0698,10.3336,1.3402,-2.1687,-0.5738,-1.0989
2021-09-09,0.6509,-2.0008,-1.4895,-1.7503,-1.0266,1.4832,1.7253
2021-09-10,-3.2495,-6.2974,-4.4266,-4.9881,-2.9466,-4.664,-5.2349
2021-09-11,0.7075,1.8301,-0.5545,0.5833,2.1375,0.9725,10.3944
2021-09-12,1.9066,4.2766,-2.4209,3.8111,3.6763,2.7509,-1.9819
2021-09-13,-2.3884,-3.6545,-3.0183,-5.8659,-4.9035,-4.2286,-7.0109
2021-09-14,4.7359,4.3725,-6.6017,2.0348,2.9961,3.8021,-0.2124
2021-09-15,2.3015,5.4273,0.6468,2.9082,2.2615,4.149,4.4248
2021-09-16,-0.8157,-1.2167,-4.1751,-2.0589,-2.6663,-1.5701,-3.2219
2021-09-17,-1.0795,-4.8374,-3.2012,-1.1129,-2.3729,-4.2427,-3.0814
2021-09-18,2.1386,0.9851,14.6288,0.6253,0.9478,1.0271,1.0058
2021-09-19,-2.1089,-2.9886,-9.8517,-3.4383,-2.5379,-0.569,-3.7004
2021-09-20,-9.3449,-11.1266,-13.3639,-11.154,-12.5143,-11.3853,-9.5649
2021-09-21,-5.0185,-6.5753,-6.1938,-2.9454,-4.4592,-4.8157,-3.7306
2021-09-22,7.0793,11.3382,19.3415,11.8905,14.584,10.1313,14.0513
2021-09-23,3.0306,2.523,1.2366,-0.0445,-0.2091,1.1544,2.855
2021-09-24,-4.5781,-7.0941,-6.9167,-6.806,-5.5988,-7.4264,-2.1279
2021-09-25,-0.2875,-0.2082,-2.3076,-0.4296,-0.4863,-1.53,0.8855
2021-09-26,1.1516,4.6726,-0.3521,-1.7258,0.3612,-1.6286,-4.0408
2021-09-27,-2.2514,-4.184,0.7583,-2.2927,-2.2229,-2.3216,-3.2873
2021-09-28,-2.844,-4.323,-3.7967,-1.7474,-3.2478,-0.9395,-4.532
2021-09-29,1.2912,1.6331,2.8998,1.0671,3.8715,10.4966,1.3045
2021-09-30,5.3568,5.206,4.2242,2.6647,2.6177,5.1816,2.3624
2021-10-01,9.8789,10.1889,14.6123,9.2067,9.4478,8.9356,6.7912
2021-10-02,-0.8426,2.5451,4.5834,-1.7489,-0.3741,1.5309,-0.2923
2021-10-03,1.0238,0.7862,2.0676,1.1867,1.5885,0.5631,0.0622
2021-10-04,1.8941,-1.1195,-3.3938,8.6604,-1.1562,-1.1056,-2.8275
2021-10-05,4.8906,4.0954,-1.569,4.6077,4.0748,3.9829,2.0053
2021-10-06,7.467,1.7633,-6.0982,1.2302,-0.7186,-1.65,-0.9359
2021-10-07,-2.8097,0.207,0.1126,-4.7824,-0.9001,0.7718,2.9292
2021-10-08,0.3008,-0.6749,3.0256,0.4117,-0.4775,-4.4807,-1.7479
2021-10-09,1.8536,0.3355,-1.3359,1.107,9.126,0.584,1.3141
2021-10-10,-0.3577,-4.1912,-5.5967,-6.8127,-1.845,-3.9094,-3.0619
2021-10-11,4.9537,3.4882,-2.1551,0.7398,-0.0527,2.0705,-1.0832
2021-10-12,-2.5115,-1.4887,5.4391,-2.2894,-3.1637,7.3554,-2.4938
2021-10-13,2.4269,3.2534,-2.9862,2.8294,2.4049,6.0564,3.2984
2021-10-14,-0.1386,4.9862,1.0668,-0.129,0.3456,0.2704,-0.8542
2021-10-15,7.4534,2.0238,8.5735,0.6457,0.733,0.356,2.0411
2021-10-16,-1.1393,-0.835,-3.1104,1.497,-0.4822,-1.7015,-1.6707
2021-10-17,1.0862,0.4366,1.3997,0.2528,-3.6649,1.0701,-0.9505
2021-10-18,0.7676,-2.5563,-1.5728,3.9512,-0.8871,3.0779,-1.3306
2021-10-19,3.6048,3.4382,-0.7723,-0.6066,0.7658,0.6262,-0.7189
2021-10-20,2.6934,7.1781,12.7742,3.3767,4.5966,2.6368,3.4548
2021-10-21,-5.7319,-2.4463,8.1681,-4.6045,-4.6398,-5.9406,-2.2598
2021-10-22,-2.44,-2.0753,3.212,0.7426,-0.0826,1.5674,0.8237
2021-10-23,1.1556,5.0749,0.6478,3.0713,0.5605,1.5175,0.5849
2021-10-24,-0.7538,-2.0078,2.3561,10.0516,-0.9319,-1.9085,-2.003
2021-10-25,3.4613,3.1795,3.826,-4.4404,1.0053,1.681,0.9749
2021-10-26,-4.245,-2.0573,-4.9009,-3.4001,1.1779,-1.3659,-0.2472
2021-10-27,-3.1168,-4.8618,-8.0241,-7.0395,-10.1615,-6.0702,-10.548
2021-10-28,3.6588,9.0849,6.0342,26.3778,6.3586,9.5783,3.9201
2021-10-29,2.6489,2.9722,2.7295,-4.1611,2.1439,7.6434,1.2071
2021-10-30,-0.545,-2.0181,-2.3812,-6.8079,0.2219,-0.3212,-2.7234
2021-10-31,-0.9208,-0.8687,3.5846,4.4353,2.7032,-0.6737,0.3883
2021-11-01,-0.513,0.8524,0.5553,-3.0335,-1.8236,5.1284,-0.7634
2021-11-02,3.6424,6.0161,8.2019,0.5153,3.9619,0.579,1.0974
2021-11-03,-0.4055,0.4885,10.2884,-1.3548,6.3897,2.5487,4.682
2021-11-04,-2.4104,-1.5165,1.8481,-2.2643,-0.5625,-1.555,-3.8184
2021-11-05,-0.5314,-1.1258,-4.4115,-0.6836,-3.3694,8.7382,0.0655
2021-11-06,0.6573,0.7877,9.4979,0.153,-0.7749,4.5126,1.0271
2021-11-07,2.9247,2.1889,-3.5186,1.68,5.6399,2.2543,0.7625
2021-11-08,6.6952,4.1452,-0.5429,6.0458,5.3306,0.5936,5.0695
2021-11-09,-0.8806,-1.6005,-3.7245,-3.1516,-1.8325,-2.9228,7.0185
2021-11-10,-2.9514,-2.0886,-2.2714,-6.5082,-5.203,-3.1349,-7.5522
2021-11-11,-0.0697,2.0321,0.1973,2.151,2.0949,2.3752,-0.7755
2021-11-12,-1.2225,-1.3375,-2.4499,-0.6891,-2.3802,-0.5159,-1.9036
2021-11-13,0.4888,-0.3354,5.8305,0.8867,0.2102,3.744,0.3568
2021-11-14,1.547,-0.5396,-1.4058,0.4585,-0.2769,0.1252,-0.5942
2021-11-15,-2.9159,-1.4883,-0.3657,-2.4344,-1.4471,-2.7453,-1.2396
2021-11-16,-5.3441,-7.4852,-7.7097,-7.5244,-6.8721,-6.8282,-6.8664
2021-11-17,0.3437,1.6893,-0.2389,0.1265,0.495,-1.9887,-0.0906
2021-11-18,-5.675,-6.6924,-10.6201,-6.7789,-4.953,-7.9322,-4.6494
2021-11-19,2.0678,7.4402,10.1247,5.2846,4.7505,9.2615,4.2778
2021-11-20,2.7144,2.5969,1.2706,-0.0429,0.5589,3.8363,3.0513
2021-11-21,-1.6194,-3.1791,6.0855,-2.8755,-3.4074,-3.0713,-4.2619
2021-11-22,-4.1566,-4.2456,-6.7213,-2.9165,-2.226,-4.4708,-3.4352
2021-11-23,2.2736,6.1712,2.8273,3.0951,2.9423,5.7791,-1.4691
2021-11-24,-2.2384,-2.3218,-3.1173,-2.0751,-2.3428,-1.6983,-3.6618
2021-11-25,1.7666,0.8199,-4.0333,-2.4797,-0.9788,3.8416,-2.0814
2021-11-26,-6.4687,-5.7041,-7.1472,-7.1197,-9.2645,-3.078,-7.4426
2021-11-27,2.3247,1.6374,0.8305,2.1901,1.1642,2.5958,1.1581
2021-11-28,4.4393,4.8217,3.9225,1.0716,2.2804,1.8373,3.027
2021-11-29,0.9749,3.508,1.8152,3.7108,2.3947,2.1171,0.6027
2021-11-30,-1.3859,4.1928,2.1298,-0.2323,0.6855,-0.2627,-2.9704
2021-12-01,0.3937,-0.9606,10.1251,-2.422,-0.7909,0.8514,-0.4631
2021-12-02,-1.314,-1.6501,1.825,0.0955,-1.8771,-1.3538,10.8354
2021-12-03,-5.0986,-6.4415,-9.7305,-4.6257,-5.1527,-4.0089,-9.2573
2021-12-04,-8.2046,-2.3958,-4.7815,-10.55,-8.1544,-4.2982,-8.7306
2021-12-05,0.3418,1.9112,-2.4644,-4.2482,-4.8878,-1.9847,-2.9985
2021-12-06,2.4586,3.8209,-1.0038,4.1448,2.8178,5.6425,3.4323
2021-12-07,0.2322,-1.002,-1.855,-0.8969,-1.1711,-1.6235,-3.0518
2021-12-08,-0.3852,2.8805,2.1117,1.3575,5.4605,4.8134,1.0999
2021-12-09,-5.6087,-7.1979,-6.9076,-5.4129,-0.2317,-5.9158,-7.6372
2021-12-10,-0.8995,-5.1294,-7.2985,-3.0088,-6.9894,-3.2681,-6.0989
2021-12-11,4.4857,4.5019,2.3784,2.7981,4.7684,2.0536,11.7603
2021-12-12,1.4907,1.2242,0.862,0.5325,0.2383,1.1521,-0.5095
2021-12-13,-6.7085,-8.4709,-10.5048,-7.2396,-6.9416,-8.7264,-9.0551
2021-12-14,-0.2671,-1.0249,-1.2059,14.3401,1.6988,-1.8775,-0.204
2021-12-15,4.9002,7.2875,16.3031,0.4994,3.9186,5.8286,7.2784
2021-12-16,-2.5182,-1.3916,-0.7772,-4.1966,-2.5622,-2.7319,-5.4353
2021-12-17,-3.0699,-2.0942,-0.8202,-2.5937,-0.8559,-0.1027,-1.6606
2021-12-18,1.3996,2.0975,4.1776,2.0118,3.5156,1.557,1.8526
2021-12-19,-0.3026,-0.9661,-1.497,-1.6241,0.9185,-0.7341,0.1771
2021-12-20,0.371,0.2869,-3.5682,-1.3561,5.3653,-1.2849,-0.5222
2021-12-21,4.3864,2.1967,3.697,2.3311,7.7063,1.0606,3.4486
2021-12-22,-0.6296,-0.9492,-0.8304,1.1682,0.7493,0.9332,3.6771
2021-12-23,4.4337,3.1621,6.405,6.5242,4.0432,2.826,11.0467
2021-12-24,0.0741,-1.4614,0.1247,1.1382,-8.1848,-1.2436,-5.5808
2021-12-25,-0.772,1.119,1.4966,2.1972,1.4035,1.001,4.3881
2021-12-26,0.7528,-0.634,2.5268,-0.3671,-0.3893,-0.0605,0.172
2021-12-27,-0.3328,-0.7322,-1.2986,-1.2105,0.5428,2.8604,3.908
2021-12-28,-6.0259,-5.8613,-9.2125,-7.2456,-7.9033,-4.9256,-7.3105
2021-12-29,-2.4042,-4.5348,-3.8146,-3.6186,-4.2556,-3.9122,-5.0988
2021-12-30,1.5791,2.3514,1.2268,2.0858,2.804,0.955,2.2242
2021-12-31,-1.8476,-0.8406,-1.4194,-0.467,-1.0005,-1.3878,-3.6901
2022-01-01,2.9809,2.3642,4.8261,1.4663,2.2016,3.0573,5.0985
2022-01-02,-0.7163,1.5881,-1.196,0.8092,1.1301,0.7668,0.0436
2022-01-03,-1.8737,-1.7805,-3.4499,-2.4656,-3.0497,-3.6245,-4.065
2022-01-04,-1.2066,0.8687,-1.3851,-0.7643,-0.9845,-0.904,-0.7491
2022-01-05,-5.0734,-6.4224,-7.6452,-5.5687,-6.0992,-6.3939,-5.7711
2022-01-06,-0.9366,-3.7173,-3.0099,0.5019,0.891,-0.375,3.5437
2022-01-07,-3.7141,-6.5878,-9.3256,-3.2459,-2.3295,-5.3853,-5.3368
2022-01-08,0.4236,-3.1704,4.4799,-1.9355,-2.0181,-3.9175,-1.981
2022-01-09,0.4257,2.1274,-1.175,-0.5921,0.9095,1.9888,-1.1453
2022-01-10,-0.2155,-2.3641,-3.4679,-5.096,-2.0146,-3.1607,-3.9015
2022-01-11,2.1869,5.0279,3.1106,6.9735,4.2337,9.0801,5.0527
2022-01-12,2.8389,4.1427,8.2172,5.4107,3.7503,5.0676,10.0751
2022-01-13,-3.0889,-3.6762,-3.7528,6.3698,-3.9024,-2.4596,-5.4657
2022-01-14,1.193,1.8999,0.102,6.686,0.7809,3.1237,4.6789
2022-01-15,0.1803,0.6202,1.1236,0.8719,0.917,1.0453,0.4183
2022-01-16,-0.1471,0.6122,0.0374,-4.268,-0.3071,0.6949,8.5628
2022-01-17,-2.0024,-4.1367,-5.3636,-3.4424,-2.0924,-4.5579,13.2736
2022-01-18,0.296,-1.503,1.1872,-3.2729,-1.3242,-0.7788,-8.0672
2022-01-19,-1.4898,-2.1555,-4.0927,-1.8731,-1.7141,-1.9455,-8.4408
2022-01-20,-2.5486,-3.0591,-6.3237,-4.4335,-2.7444,-4.9299,-6.2379
2022-01-21,-10.3812,-14.7674,-11.98,-8.1186,-11.6347,-12.9388,-10.7225
2022-01-22,-3.9143,-5.9716,-15.8867,-6.8022,-6.2451,-6.5203,-5.0303
2022-01-23,3.5585,5.3991,5.7336,6.772,5.5034,7.2153,5.2217
2022-01-24,1.0407,-3.7351,-7.9616,-2.8894,-2.6559,-3.2727,-4.9715
2022-01-25,0.8176,0.6385,3.3499,3.7736,0.8985,3.568,-2.1564
2022-01-26,-0.2757,0.4925,-2.6208,0.5594,0.7286,-2.3046,3.3921
2022-01-27,0.7764,-1.8245,-2.8248,-1.8081,-2.1379,3.8144,-3.2901
2022-01-28,1.7397,5.1214,1.8748,0.3541,0.6078,-1.0264,0.6804
2022-01-29,0.9365,1.9627,5.3778,0.988,0.7184,0.7896,0.8567
2022-01-30,-0.5784,0.2457,-3.0406,-2.5157,-2.2208,-2.9604,-2.0857
2022-01-31,1.4915,3.2577,6.9038,1.6487,2.6359,-0.6185,1.4265
2022-02-01,0.676,3.8626,10.267,0.5642,1.6314,2.7144,3.4496
2022-02-02,-4.6209,-3.9133,-7.4027,-3.7868,-4.4024,-4.6676,-5.4841
2022-02-03,0.5456,-0.1376,-0.3718,0.2187,1.0308,0.9269,2.6728
2022-02-04,11.6978,11.3627,10.5611,7.2727,7.9315,7.5906,7.4972
2022-02-05,-0.1439,1.0411,1.5334,-0.2712,1.7076,3.8018,-0.7309
2022-02-06,2.3437,1.4207,1.234,4.5547,2.4734,1.2906,1.5258
2022-02-07,3.3666,2.7799,1.7826,7.6723,21.0942,3.2616,4.6134
2022-02-08,0.6345,-0.6321,-3.2036,-4.3478,6.0884,-5.6442,-1.5535
2022-02-09,0.4995,3.742,0.3732,0.4419,-0.8654,3.3487,1.3659
2022-02-10,-1.7449,-5.0001,-6.8555,-4.5255,-4.6635,-1.7389,-3.5403
2022-02-11,-2.6562,-4.8773,-9.2473,-4.6741,-8.4096,-3.5404,-6.2646
2022-02-12,-0.3855,-0.3423,-0.4811,-0.2762,8.1821,0.741,-2.0457
2022-02-13,-0.1111,-1.162,-2.7879,3.1163,-1.4713,-1.1163,-1.1718
2022-02-14,0.9228,1.7346,3.4203,-1.9476,-0.9996,1.1968,0.4303
2022-02-15,4.6688,8.3995,8.7522,3.9726,6.2453,7.122,5.4556
2022-02-16,-1.376,-1.6368,-2.8038,-1.7787,-1.5605,-1.0387,-2.0404
2022-02-17,-7.7882,-7.876,-8.3609,-7.0423,-8.5578,-5.9516,-6.0
2022-02-18,-1.2508,-3.3231,-3.5809,0.1443,2.4374,-0.7158,-2.2355
2022-02-19,0.2278,-0.7907,1.5891,1.7291,4.6571,0.1187,0.0602
2022-02-20,-4.2141,-4.8867,-0.6506,-3.0453,-5.3739,-4.8039,-6.4949
2022-02-21,-3.5286,-2.0859,-8.5567,-6.1359,-9.6107,-6.3453,-8.0073
2022-02-22,3.2656,2.5442,4.0208,2.4125,2.7434,4.9476,3.5889
2022-02-23,-2.5844,-1.8543,-1.8072,-2.8875,-3.3343,-2.0753,-2.2272
2022-02-24,2.7778,0.2975,5.0551,-3.1299,-0.3435,-1.4473,-1.8178
2022-02-25,2.2999,6.4074,3.8165,3.0695,10.4265,3.7871,5.2262
2022-02-26,-0.2781,0.5996,-2.6536,0.0,-2.328,-0.3404,-1.1247
2022-02-27,-3.5682,-5.7283,-5.128,-3.5266,-3.8615,-3.5081,-3.3337
2022-02-28,14.5412,11.3433,16.372,8.2047,8.3102,9.7305,11.8257
2022-03-01,2.6889,1.8253,-0.8709,0.5255,0.3708,3.2532,0.2605
2022-03-02,-0.9706,-0.7525,2.0232,-0.6721,-2.0894,0.1268,-2.4525
2022-03-03,-3.352,-3.9202,-5.0774,-2.5564,-2.121,-1.5769,-3.8351
2022-03-04,-7.8069,-7.6668,-7.6337,-5.4012,-5.2513,-7.0227,-6.6246
2022-03-05,0.6719,1.8216,1.5885,1.9576,5.9211,2.8301,2.7049
2022-03-06,-2.4888,-4.1201,-5.6952,-3.36,-3.8283,-2.5625,-4.84
2022-03-07,-0.9317,-2.2413,-2.8531,-3.0629,-0.3719,1.6889,-3.2047
2022-03-08,1.774,3.1619,0.1518,-0.0854,-0.318,0.161,0.4765
2022-03-09,8.3786,5.9391,7.2303,3.9316,6.4078,3.0362,6.0035
2022-03-10,-6.0631,-4.4595,-5.967,-3.8651,-3.8712,-5.4368,-5.063
2022-03-11,-1.6291,-1.8591,-2.6454,-1.1121,8.7729,0.0067,-2.0092
2022-03-12,0.2811,0.5935,1.0017,-0.4325,-1.9447,0.1468,0.0759
2022-03-13,-2.7101,-2.1676,-3.2098,-3.0408,-3.2037,-2.9192,0.0379
2022-03-14,4.8008,2.8485,2.8342,2.1505,1.7468,3.2103,1.6308
2022-03-15,-0.8268,1.1369,2.1951,-1.0526,-1.0197,-0.492,-0.4851
2022-03-16,4.5887,5.7976,5.9653,3.6348,3.482,3.7401,4.8
2022-03-17,-0.468,1.5439,-0.0305,-0.3422,0.0,1.6332,-0.1908
2022-03-18,2.0751,4.6357,2.2136,2.4034,0.6049,1.4856,1.9837
2022-03-19,0.9318,0.031,2.8904,3.6044,2.6431,0.5553,5.5894
2022-03-20,-2.2347,-2.9121,-4.1153,-3.5599,-1.6231,-2.2721,-2.6634
2022-03-21,-0.4117,1.3116,0.1606,0.0839,3.9821,1.4534,4.5263
2022-03-22,3.118,2.5933,1.9782,2.6823,-0.1312,1.9844,6.5009
2022-03-23,1.261,1.9487,5.0708,5.8776,0.0956,1.0623,13.4269
2022-03-24,2.4899,2.5402,7.4877,5.2429,0.6087,1.3502,2.0316
2022-03-25,0.8821,-0.0447,-3.488,-4.0293,-2.1234,-0.8007,-2.8407
2022-03-26,0.343,1.1751,3.1483,3.7405,0.9332,1.2435,4.8001
2022-03-27,5.2126,4.7213,5.2278,6.4753,2.9419,3.5063,2.7377
2022-03-28,0.6568,1.3689,-0.578,-1.3822,0.6999,-0.0261,-1.0067
2022-03-29,0.7166,1.9587,4.9265,1.2614,-0.6139,0.9561,1.786
2022-03-30,-0.8492,-0.4947,8.0469,-0.8997,0.3263,1.8824,-0.0588
2022-03-31,-3.2382,-3.0579,1.6255,-3.7709,-5.3671,-3.1103,-4.0743
2022-04-01,1.6315,5.1166,9.595,2.5399,1.6082,4.1239,2.058
2022-04-02,-0.8917,-0.1302,-1.6603,-1.6985,-0.3383,-2.1605,-0.8066
2022-04-03,1.2745,2.2576,3.4618,5.4716,2.1821,3.0652,2.5865
2022-04-04,0.364,-0.0452,-3.1897,1.4334,-1.8508,-0.6271,2.2768
2022-04-05,-2.2879,-3.1082,-4.1917,16.3526,-1.1725,-0.5256,-3.471
2022-04-06,-5.1568,-7.0374,-11.0189,-17.0619,-6.886,-5.6217,-10.0786
2022-04-07,0.6876,1.9416,5.2382,1.8828,3.5072,3.963,3.7139
2022-04-08,-2.7956,-1.2743,-7.5723,-2.4641,-4.302,-3.4615,-6.0079
2022-04-09,1.1693,2.188,2.8888,1.2632,1.2598,1.2986,1.8221
2022-04-10,-1.3428,-1.5344,-1.0891,3.6036,-0.9167,-2.0045,-1.3493
2022-04-11,-6.3632,-7.1863,-11.0999,-9.8997,-8.1417,-5.8539,-10.7188
2022-04-12,1.5315,1.6546,3.9937,2.5241,3.1079,5.021,3.7701
2022-04-13,2.5906,2.9029,1.6412,1.4482,1.0187,2.2365,2.0521
2022-04-14,-2.9908,-3.1566,-4.0895,2.7123,0.4006,-2.0009,-4.3398
2022-04-15,1.5474,0.6956,0.5978,1.4593,8.104,0.6342,2.3917
2022-04-16,-0.3181,0.7035,0.9353,-1.5753,-0.4964,0.0443,-0.22
2022-04-17,-1.7503,-2.2502,-1.8068,-2.9228,-3.6582,-2.4195,-3.6847
2022-04-18,2.7929,2.1448,1.7417,0.5735,1.9649,2.3543,2.0926
2022-04-19,1.6571,1.5208,6.2878,1.7106,0.9245,1.2995,1.7722
2022-04-20,-0.3093,-0.8492,-2.8412,-1.2614,-2.9545,-0.9548,-1.6784
2022-04-21,-2.0472,-2.9328,-3.527,-3.1938,-2.5259,-3.1869,-2.8593
2022-04-22,-1.942,-0.758,-1.1437,0.0,-1.9094,0.4854,-0.3624
2022-04-23,-0.6381,-0.9013,0.1315,-1.6129,-1.599,-1.3109,-2.0613
2022-04-24,-0.0442,-0.5235,-1.4975,-1.7139,-1.2717,-0.6342,-0.2476
2022-04-25,2.5058,2.9651,2.0273,19.7877,-0.6154,1.3142,1.3991
2022-04-26,-5.7858,-6.6823,-5.3981,-12.7848,-7.5893,-4.6661,-7.9114
2022-04-27,2.9479,2.8712,2.711,1.3788,1.6519,1.5468,1.5708
2022-04-28,1.3575,1.6619,-0.1964,-1.6464,-1.2111,3.9015,0.3926
2022-04-29,-2.9266,-4.1315,-4.2515,-1.7467,-5.121,-3.3576,-4.6096
2022-04-30,-2.3179,-3.0336,-9.4833,-5.4815,-3.9745,-3.8911,-6.0
2022-05-01,1.9998,3.5737,5.377,4.0752,3.5258,3.3127,4.4403
2022-05-02,0.1566,1.0487,-2.3313,-1.4307,1.0694,-0.1566,-1.1135
2022-05-03,-2.0215,-2.5875,-1.9851,-1.0695,-1.5465,-1.5898,-1.3308
2022-05-04,5.16,5.6465,8.0712,4.8649,6.8948,4.9617,16.3144
2022-05-05,-7.8674,-6.5099,-8.8119,-5.4492,-7.3627,-5.8954,-11.785
2022-05-06,-1.4606,-1.9727,-3.3476,-0.3894,0.6178,0.1401,-0.9858
2022-05-07,-1.4954,-2.1851,-3.4009,-0.3127,-3.3687,-3.5908,-2.7444
2022-05-08,-4.0637,-4.5003,-4.7645,-2.5882,-2.7134,-2.8126,-2.9269
2022-05-09,-11.0464,-10.8057,-15.8874,-15.62,-12.9921,-15.771,-17.5095
2022-05-10,2.3961,4.368,5.5263,3.5305,4.1996,6.6739,3.0979
2022-05-11,-6.7258,-11.581,-24.7961,-22.0276,-19.5093,-15.4588,-18.4738
2022-05-12,0.385,-5.3282,-11.008,-2.2459,-6.8215,-0.2058,-7.6248
2022-05-13,0.8102,2.6873,8.7504,6.7715,9.9169,7.8606,11.6529
2022-05-14,2.794,2.0778,7.8685,1.6988,1.0392,2.3413,1.9853
2022-05-15,3.9993,4.3493,12.1985,3.3408,4.5816,4.9162,10.7712
2022-05-16,-4.6069,-5.7315,-8.782,-5.3879,-5.5655,-4.5825,-6.8285
2022-05-17,1.8851,3.3461,6.4852,2.7335,3.574,2.7723,3.8441
2022-05-18,-5.6057,-8.3119,-12.9003,-7.3171,-7.1755,-6.0545,-12.5411
2022-05-19,5.5503,5.3051,4.9397,3.7081,3.3973,6.7328,5.4786
2022-05-20,-3.6735,-2.8251,-5.1241,-3.1142,-2.119,-1.4448,-2.8877
2022-05-21,0.7927,0.6732,1.5735,0.5952,0.8757,3.3426,2.0081
2022-05-22,3.029,3.4769,4.8436,1.8935,1.8327,2.286,2.7068
2022-05-23,-4.0391,-3.4744,-7.0103,-3.252,-4.1677,-0.8912,-5.5289
2022-05-24,1.913,0.3448,1.2157,0.3601,0.9884,3.608,1.6777
2022-05-25,-0.3144,-1.7259,-3.3651,-0.7177,-0.7096,-0.7479,-1.4006
2022-05-26,-0.9984,-7.2456,-9.3601,-5.6627,-3.105,-6.3766,-6.4215
2022-05-27,-2.1856,-4.3788,-5.7711,3.8314,-2.8993,-1.309,-5.2818
2022-05-28,0.6544,1.9142,8.2035,0.615,1.1786,2.2738,2.0417
2022-05-29,2.19,3.0768,1.2773,1.1002,0.6989,-0.5979,3.5069
2022-05-30,7.7445,10.177,5.0542,6.2878,7.5064,5.1566,18.4993
2022-05-31,0.2078,-2.7105,-2.992,-2.2753,0.8847,-0.394,9.6825
2022-06-01,-6.2695,-6.1142,-12.013,-5.5879,-5.6411,-6.2346,-11.6104
2022-06-02,2.243,0.5802,1.5436,2.0962,1.8086,2.5283,6.3506
2022-06-03,-2.5046,-3.2207,-6.4368,-2.8986,-3.5776,-3.1496,-4.7805
2022-06-04,0.4327,1.4946,1.757,1.7413,0.3838,1.0835,1.1435
2022-06-05,0.2472,0.1996,-1.1582,-0.7335,0.7902,-0.8939,0.1766
2022-06-06,4.8953,2.996,10.2717,1.601,1.9221,-1.1838,7.4414
2022-06-07,-0.686,-2.4333,-7.0593,-2.4242,1.1663,-1.7112,1.0011
2022-06-08,-3.0207,-1.1287,-1.5067,-1.3665,-1.7415,-0.5941,4.2574
2022-06-09,-0.3388,-0.2089,2.9071,-0.1259,-0.0749,0.4516,-1.356
2022-06-10,-3.4146,-6.9718,-7.2119,-4.7919,-4.6465,-1.3359,-9.2748
2022-06-11,-2.4859,-8.1306,-8.8129,-7.4172,-5.9471,-5.7892,-3.7269
2022-06-12,-5.6351,-5.5206,-9.1002,-8.0114,-3.7604,-5.0229,-10.1122
2022-06-13,-15.9747,-16.6504,-8.2974,-16.1742,-10.0434,-13.067,-6.8022
2022-06-14,-1.2478,0.5878,5.3993,3.154,3.6358,0.3216,4.5994
2022-06-15,1.6484,1.778,16.0638,13.3094,6.706,4.5584,10.095
2022-06-16,-9.7072,-13.4183,-13.0428,-12.6984,-9.1941,-10.2221,-10.9319
2022-06-17,0.4407,1.7597,2.5115,3.6364,2.9798,3.0319,2.6105
2022-06-18,-7.1018,-8.5486,3.4642,-7.0175,-4.1381,-8.7307,-6.4013
2022-06-19,8.0748,13.4878,7.6578,13.9623,5.8423,9.0729,6.1815
2022-06-20,0.2251,-0.0012,3.4266,-0.3311,-0.8586,0.937,1.6309
2022-06-21,0.5391,-0.2499,1.988,8.9701,1.6393,1.1821,-2.661
2022-06-22,-3.4937,-6.5257,-5.5358,-5.9451,-1.8259,-2.3858,-4.2988
2022-06-23,5.4978,8.7467,11.8799,3.7277,3.9988,6.857,4.7318
2022-06-24,0.6914,7.2992,10.5744,4.8438,9.5678,4.9287,3.935
2022-06-25,1.2749,1.3532,0.2862,2.0864,0.0,-0.2279,-0.0601
2022-06-26,-2.2093,-3.5076,-6.9088,6.8613,-2.3667,-2.4331,-1.8441
2022-06-27,-1.3878,-0.5127,-2.4279,-1.3661,-1.5882,-0.0875,-0.7964
2022-06-28,-2.1936,-4.1135,-8.1269,-8.5873,-4.5017,-2.8789,-3.3141
2022-06-29,-0.8708,-3.9871,-4.1117,5.303,-2.4607,-3.368,-0.8942
2022-06-30,-1.5882,-2.8796,-0.8428,-4.8921,0.7295,0.0071,-1.4393
2022-07-01,-2.6048,-0.7057,-2.338,0.1513,-5.341,-1.4978,-2.3322
2022-07-02,-0.1407,0.6365,1.6959,0.7553,0.6057,0.935,1.8523
2022-07-03,0.2849,0.6802,0.0794,0.7496,1.9328,0.4335,-0.1753
2022-07-04,4.8411,7.1982,10.1812,3.4226,2.207,5.7511,3.0729
2022-07-05,-0.2034,-1.435,-3.7771,-3.3094,-1.0341,-0.3142,-2.5554
2022-07-06,1.7738,4.6215,4.7407,2.0833,2.1205,3.3154,1.0052
2022-07-07,5.3014,4.2646,3.8968,2.9155,2.9792,1.2766,3.3752
2022-07-08,0.4323,-1.2191,-0.6013,-1.8414,-0.1753,-0.3286,-2.1976
2022-07-09,-0.6392,-0.4522,-0.5608,0.2886,0.9953,1.0344,2.4609
2022-07-10,-3.389,-3.9916,-3.61,-3.1655,-5.5942,-3.5296,-3.2581
2022-07-11,-4.2659,-6.0908,-8.8126,-8.1724,-3.5002,-3.7489,-5.9801
2022-07-12,-3.238,-5.3812,-2.1098,-2.7508,-0.8272,-2.3882,-4.0413
2022-07-13,4.5962,7.2622,6.5734,3.1614,3.8499,4.5632,4.8337
2022-07-14,1.7705,6.9989,6.2929,0.6452,2.9348,3.314,0.6619
2022-07-15,1.2951,3.4916,0.8303,0.9615,0.3902,0.1719,0.3401
2022-07-16,1.6989,9.6906,5.7681,2.0635,4.9028,4.6191,3.322
2022-07-17,-1.9394,-1.0343,-2.3485,-1.8663,-2.1374,-0.6993,-2.1435
2022-07-18,8.2117,17.9348,13.201,7.29,6.6395,6.8742,10.0805
2022-07-19,4.0192,-2.264,2.6373,1.9202,1.9115,1.4841,4.731
2022-07-20,-0.6742,-1.476,-6.2499,1.5942,-3.403,-3.898,-4.8081
2022-07-21,-0.2888,3.7198,2.6059,-0.1427,1.8031,2.7575,1.8534
2022-07-22,-1.9411,-2.4953,-5.9552,-3.4286,-2.2888,-0.9738,-3.2394
2022-07-23,-1.0984,0.7735,-1.4218,0.7396,0.251,-1.2989,6.9229
2022-07-24,0.6396,3.2388,2.4115,-0.5874,-0.0556,0.9257,-0.6958
2022-07-25,-5.5175,-9.634,-10.4729,-7.9764,-6.123,-6.3836,-7.318
2022-07-26,-0.5709,-0.2474,-1.4194,0.321,0.1482,1.5541,-1.806
2022-07-27,7.9605,13.4849,11.3755,7.2,6.3055,9.0561,9.1959
2022-07-28,3.9831,5.4537,6.2953,3.1343,3.9822,2.1324,0.5288
2022-07-29,-0.1646,0.1124,-2.1433,-0.2894,-1.2587,6.0078,1.9482
2022-07-30,-0.6235,-1.8199,4.3621,1.016,5.1804,-2.1831,0.4395
2022-07-31,-1.3498,-0.8521,-3.0983,-1.8678,-1.8824,-1.376,-1.6362
2022-08-01,-0.0973,-2.7547,-1.4474,0.5857,-0.1314,-0.0141,-0.5609
2022-08-02,-1.4415,-0.1376,-4.8628,-2.9112,-2.1053,0.0993,-3.3651
2022-08-03,-0.5728,-0.8617,-3.0439,-0.7496,-0.5645,5.1215,0.8454
2022-08-04,-0.9435,-0.659,0.7428,1.8127,0.4055,4.1391,-0.2595
2022-08-05,2.9091,7.7135,4.456,3.5608,1.4001,1.4417,3.5621
2022-08-06,-1.4085,-2.3436,-1.2426,-1.5759,-1.3277,-0.037,-1.1981
2022-08-07,0.9347,0.4547,1.3695,0.2911,0.2422,2.4922,3.1684
2022-08-08,2.7339,4.482,3.8541,1.7417,1.6913,0.582,1.7251
2022-08-09,-2.7097,-4.0828,-4.2636,-1.4265,-2.8247,0.0345,-4.1931
2022-08-10,3.3816,8.7326,4.9373,3.0391,3.5316,1.0953,4.4738
2022-08-11,0.0413,1.5921,1.0761,-0.4213,-0.1312,-1.422,-1.0799
2022-08-12,1.8587,4.0411,5.8685,1.9746,-0.1576,1.1472,1.7881
2022-08-13,0.0871,1.2308,2.5378,0.6916,-0.5263,-1.1128,3.5133
2022-08-14,-0.4288,-2.2477,-3.3746,12.2253,-0.3968,-1.8166,1.8757
2022-08-15,-0.7499,-1.6818,-2.4343,-6.12,-0.1859,0.5977,-3.3491
2022-08-16,-1.051,-1.37,-1.5161,13.4289,0.3725,-1.0828,1.2155
2022-08-17,-2.2915,-2.4034,-6.385,-7.8161,0.6628,-3.0931,-3.7462
2022-08-18,-0.5282,0.7642,-2.1234,-6.3591,-2.2913,-2.7704,-4.5438
2022-08-19,-10.0599,-12.6702,-9.2423,-9.5872,-9.7035,-6.1791,-12.0172
2022-08-20,1.3819,-2.2309,-1.7292,2.3564,0.7463,1.4209,0.0887
2022-08-21,1.7389,2.6833,3.5824,-0.1439,2.3111,6.4729,2.6805
2022-08-22,-0.6279,0.1968,-2.8982,-1.4409,-0.1738,-0.4957,-0.4531
2022-08-23,0.6037,2.4816,0.4846,0.5848,0.6963,-0.5088,0.8236
2022-08-24,-0.6181,-0.3434,-1.9312,-1.1628,-0.2881,-0.8629,-1.5262
2022-08-25,0.9623,2.3776,1.0258,1.6176,0.9824,1.7318,1.5062
2022-08-26,-6.2075,-11.1217,-10.1655,-7.9595,-3.176,-7.29,-7.3333
2022-08-27,-1.0774,-1.0869,-0.58,0.0,-0.9161,-0.6426,4.363
2022-08-28,-2.1202,-4.0799,-3.6462,-2.8302,-3.6385,-0.5582,-4.3807
2022-08-29,3.4724,8.5625,6.8208,3.3981,3.3117,3.6092,4.814
2022-08-30,-2.4691,-1.8801,-3.2441,-3.7559,-2.0671,-1.6756,0.3328
2022-08-31,1.2778,1.9586,0.1939,-0.3252,0.3059,-0.7772,-1.2163
2022-09-01,0.3859,2.0913,0.3581,1.7945,1.6163,-0.294,2.4177
2022-09-02,-0.7819,-0.5646,-1.1328,-1.2821,-0.5702,-0.3596,-0.6339
2022-09-03,-0.6895,-1.2901,-0.3791,1.7857,-0.3924,0.1296,5.6753
2022-09-04,0.7797,1.334,3.2064,0.7974,0.5455,0.3839,4.7252
2022-09-05,-0.8723,2.5064,0.2728,-0.7911,0.3617,-0.7732,-0.7951
2022-09-06,-4.9197,-3.4279,-4.047,-5.9011,-3.2432,-5.0662,-7.213
2022-09-07,2.4029,4.3642,5.889,3.5593,4.7176,6.1267,3.4982
2022-09-08,0.2048,0.3338,2.7443,-0.1637,0.8299,0.6515,0.0
2022-09-09,10.6122,5.1205,3.3658,4.918,5.0852,4.5726,4.9238
2022-09-10,1.4002,3.3226,1.1137,1.25,0.0559,1.214,1.889
2022-09-11,0.4092,-0.8109,-0.4575,-1.6975,-0.7269,-0.6085,-0.5074
2022-09-12,2.7617,-2.7265,7.0303,0.314,1.2109,-0.5093,-1.6281
2022-09-13,-9.27,-7.7594,-10.6706,-5.9468,-7.1508,-5.4764,-6.5005
2022-09-14,-0.274,3.4139,1.9766,1.8303,2.5172,0.6517,2.6658
2022-09-15,-2.6672,-9.9747,-3.062,-3.9216,-4.6185,-3.0707,-3.2821
2022-09-16,0.3623,-2.6667,-2.5381,2.7211,9.3166,1.4208,1.8256
2022-09-17,1.7954,2.6035,4.7872,2.9801,5.6911,1.6729,2.7631
2022-09-18,-3.5179,-9.1453,-7.9728,-7.5563,-4.9602,-4.6325,-8.2102
2022-09-19,0.6417,3.1612,5.2331,1.913,8.038,2.1616,1.4088
2022-09-20,-3.3429,-3.8586,-3.8314,-0.3413,7.2591,-2.0951,-2.5579
2022-09-21,-1.8178,-5.4199,-1.9298,-1.7123,-4.4316,-0.5922,-0.1584
2022-09-22,4.6699,5.9933,5.1336,3.8328,22.253,4.044,4.0345
2022-09-23,-0.5971,0.0436,3.9116,6.2081,4.5558,0.4087,0.61
2022-09-24,-1.8688,-0.7729,-0.6352,-0.158,-3.6475,-0.539,-2.2087
2022-09-25,-0.7124,-1.804,-3.3688,-3.1646,0.798,-0.3904,-1.1957
2022-09-26,2.2368,3.1759,4.7787,-0.1634,-5.0548,0.6811,0.1345
2022-09-27,-0.5833,-0.3889,-3.3367,-0.8183,-4.0411,-1.278,-1.0967
2022-09-28,1.6544,0.5476,1.4818,0.0,0.4234,3.4433,-1.041
2022-09-29,0.7532,-0.1315,2.1573,0.165,7.6991,0.7125,0.2058
2022-09-30,-0.7217,-0.5745,-2.1795,1.6474,-1.1537,0.1421,-0.8672
2022-10-01,-0.616,-1.23,-2.2371,-1.7828,-0.9796,-0.4646,-0.9438
2022-10-02,-1.3877,-2.7104,-1.2741,-2.1452,-5.5146,0.5519,-2.4866
2022-10-03,3.0428,3.7102,2.8447,1.855,3.1187,0.9137,2.0019
2022-10-04,3.6347,2.9232,3.5031,9.2715,3.7373,3.2284,1.8224
2022-10-05,-0.866,-0.682,-0.1424,-1.9697,1.9783,-0.7293,-1.0326
2022-10-06,-1.0182,-0.0834,-2.1456,-2.0093,0.7147,-2.551,-0.6028
2022-10-07,-2.0475,-1.4199,-1.0236,-1.5773,5.0892,-1.2041,-1.0264
2022-10-08,-0.6665,-1.277,-1.2836,-1.1218,-0.2315,-2.3706,-0.6128
2022-10-09,0.1538,0.54,1.0314,0.8104,3.2876,0.6397,0.332
2022-10-10,-1.5681,-2.364,-2.8654,-4.3408,-6.9463,-2.3117,-5.0343
2022-10-11,-0.4705,-0.9108,-3.7343,1.3445,-2.334,-0.1599,-2.8123
2022-10-12,0.5565,1.1981,1.2626,-0.6633,0.618,-0.1475,-2.356
2022-10-13,1.1769,-0.5238,-1.9926,-0.3339,-1.5561,0.3249,-0.9704
2022-10-14,-1.0176,0.7218,-1.7584,-1.8425,1.7055,-0.8402,-2.8337
2022-10-15,-0.6152,-1.7381,-1.44,0.0,-1.5337,-0.4315,-0.8722
2022-10-16,1.0513,2.4649,2.0067,0.5119,-0.9346,1.5335,1.8147
2022-10-17,1.467,1.9457,3.5006,1.6978,0.608,1.0981,0.5401
2022-10-18,-1.1066,-1.5969,-3.3966,-0.1669,-2.8964,-0.8341,-2.8203
2022-10-19,-1.0079,-1.8851,-4.1887,-1.8395,-3.176,-0.4514,-3.2615
2022-10-20,-0.4483,-0.1978,-2.8224,1.3629,-0.6871,-0.9964,-2.7714
2022-10-21,0.6231,1.305,0.084,-0.3361,2.9011,0.2849,2.586
2022-10-22,0.1863,1.1041,-0.3373,0.6745,0.9542,0.1633,0.6588
2022-10-23,1.868,3.7395,4.4842,1.005,0.7519,2.044,3.045
2022-10-24,-1.1317,-1.3531,-3.2798,-1.3267,-3.2409,-0.7358,-1.1599
2022-10-25,3.8783,8.6741,9.2896,5.7143,1.6968,3.816,12.3219
2022-10-26,3.3568,7.1768,1.1141,15.7393,1.7118,2.09,0.3731
2022-10-27,-2.3331,-3.3316,-2.0908,5.7692,-1.4913,-1.2167,-3.6679
2022-10-28,1.5258,2.7142,4.8341,8.961,2.5087,3.8941,4.0648
2022-10-29,1.0834,4.1287,2.3225,44.9344,-0.7595,2.0817,3.7824
2022-10-30,-0.8784,-1.7852,0.3311,-3.125,-2.5298,3.1349,-3.2873
2022-10-31,-0.6776,-1.1358,-1.0766,7.8098,1.614,4.0178,0.0739
2022-11-01,-0.0512,0.4445,-1.1119,12.2835,-0.279,-0.5458,-1.206
2022-11-02,-1.5903,-3.7977,-4.5283,-10.3787,-2.9488,-1.3645,-3.8117
2022-11-03,0.2504,0.7784,0.1812,-4.0689,0.9315,2.9881,0.8547
2022-11-04,4.6375,7.4142,9.5221,3.0179,10.8328,7.4881,8.2435
2022-11-05,0.6406,-1.041,8.8361,-1.5044,-2.2006,-1.4539,1.2337
2022-11-06,-1.6737,-3.4235,-11.1033,-7.8778,-4.5814,-2.8244,-5.5543
2022-11-07,-1.5467,-0.2317,-9.4307,-2.8796,-1.0198,-0.6997,0.3226
2022-11-08,-10.0061,-15.0298,-18.4059,-20.575,-12.8139,-2.7667,-8.0386
2022-11-09,-14.349,-17.4565,-42.2806,-15.9502,-17.9714,-18.5655,-14.5239
2022-11-10,10.7425,18.1149,26.8311,20.8614,18.7575,13.9503,16.1108
2022-11-11,-3.1414,-0.9422,-7.6617,-5.4566,-2.9062,-4.6894,-3.8753
2022-11-12,-1.3802,-2.4823,-10.9495,3.6514,-5.3358,-2.5807,-4.3981
2022-11-13,-2.6538,-2.6647,-9.4539,-3.5227,-6.4339,-2.0408,-2.6541
2022-11-14,1.6194,1.6193,6.3572,1.1779,10.6083,0.7228,0.515
2022-11-15,1.6031,0.816,2.1419,1.2806,3.2147,-0.6118,1.5672
2022-11-16,-1.2744,-2.8867,-0.1105,-1.6092,-3.1403,-1.7309,-1.365
2022-11-17,0.1085,-1.217,-4.5277,-0.9346,1.6476,-1.5327,-2.2563
2022-11-18,0.0615,0.957,-2.8683,-0.1179,0.1569,2.2428,0.4001
2022-11-19,0.0825,0.5054,-2.993,-0.1181,0.4176,-0.5557,0.7051
2022-11-20,-2.5115,-6.2343,-4.6549,-8.747,-5.9267,-2.9966,-4.9315
2022-11-21,-3.0969,-2.986,-3.3184,-3.2383,0.8013,-3.8098,-2.4976
2022-11-22,2.5494,2.4199,4.9754,5.087,3.0976,4.7827,2.4302
2022-11-23,2.6,4.2307,15.4066,4.2038,1.4624,11.8364,2.0519
2022-11-24,-0.0376,1.7566,1.6089,-0.3667,5.3459,0.8663,-0.5655
2022-11-25,-0.4976,-0.42,-3.5611,9.816,1.592,0.0499,-0.4739
2022-11-26,-0.3484,0.5815,0.6833,-0.5587,-2.8893,3.5967,-0.381
2022-11-27,-0.1194,-0.8932,-0.3065,10.8989,0.0504,-1.2715,-0.4143
2022-11-28,-1.3822,-2.0952,-5.039,-3.6474,-1.6381,-4.522,-1.856
2022-11-29,1.4038,4.001,-0.2596,7.1504,2.1009,0.6715,0.8803
2022-11-30,4.4,6.4744,5.5775,4.9068,2.5596,1.7923,3.0705
2022-12-01,-1.1733,-1.4984,-4.4944,-4.9579,-2.9361,-2.9183,-1.3797
2022-12-02,0.7163,1.4127,1.7402,0.4921,-0.1008,0.5175,1.558
2022-12-03,-1.0558,-3.9379,-3.0119,-2.2527,-2.0691,-1.0099,0.0939
2022-12-04,1.3144,2.9696,3.125,4.509,0.6699,0.5937,0.9697
2022-12-05,-0.9087,-1.6075,0.823,-2.6846,-0.2815,-1.3049,-1.0223
2022-12-06,0.6756,0.9508,3.3099,-1.1823,0.6417,0.6518,-0.313
2022-12-07,-1.4124,-3.0839,-5.3832,-4.4865,-2.1423,-2.0906,-2.5746
2022-12-08,2.2872,3.9498,1.2537,2.8184,2.8147,2.1995,1.4502
2022-12-09,-0.5821,-1.3138,-0.7962,-1.8274,-1.3435,-1.5305,-0.9848
2022-12-10,-0.0258,0.1661,-0.0236,-0.2068,-0.6423,0.7112,0.2887
2022-12-11,-0.1432,-0.1987,-1.0989,-3.7306,-1.293,-1.2962,-1.5675
2022-12-12,0.5978,0.8506,-0.814,-2.7987,1.4933,-2.8525,-0.26
2022-12-13,3.3411,3.6034,3.8706,0.6645,1.9876,-1.566,1.955
2022-12-14,0.1931,-0.8497,2.2156,-2.6403,-2.202,-1.368,-1.534
2022-12-15,-2.5303,-3.2822,-0.8416,-4.2938,-2.1222,-3.7124,-2.5641
2022-12-16,-4.1312,-7.7462,-12.5158,-10.3896,-6.9276,-10.47,-12.0253
2022-12-17,0.8867,1.7025,1.9386,4.4796,0.7955,4.8855,1.0602
2022-12-18,-0.221,-0.289,-0.7301,-0.8827,-1.2683,3.5571,-0.2248
2022-12-19,-1.8994,-1.4438,-3.8701,-9.1603,-3.2544,-4.1801,-5.0319
2022-12-20,2.8384,4.2903,2.9147,4.902,3.0983,4.6068,2.412
2022-12-21,-0.5251,-0.337,-1.2337,-1.6021,-0.9731,-2.2632,-2.2394
2022-12-22,0.0762,0.3776,-2.7554,4.4776,1.0405,-0.0636,1.3033
2022-12-23,-0.1984,0.1623,-0.0729,0.1299,1.3444,0.1048,1.1306
2022-12-24,0.3025,0.0811,-2.9009,0.6485,-0.5927,-0.6145,0.0
2022-12-25,-0.0342,-0.1791,-0.4928,-2.0619,-1.6468,-0.6107,-0.0386
2022-12-26,0.4621,0.6573,-0.7139,-0.2632,5.5716,0.4346,2.3139
2022-12-27,-1.1976,-1.1559,-1.9564,-2.7704,0.6563,0.9822,-1.847
2022-12-28,-0.9846,-1.8804,-11.9933,-4.4776,-3.1513,-0.9955,-4.6083
2022-12-29,0.5423,0.9756,-1.067,0.8523,-3.8429,0.9576,-1.7311
2022-12-30,-0.2389,-0.1966,2.3664,-3.662,0.6418,-0.2842,0.6145
2022-12-31,-0.3318,-0.2053,0.8178,2.7778,-1.4783,0.2319,0.3664
2023-01-01,0.4689,0.3504,0.2128,-0.1422,-0.3236,-0.898,1.3387
2023-01-02,0.3813,1.1401,12.931,1.8519,2.8926,0.573,1.6013
2023-01-03,-0.0516,0.0101,18.3713,-1.3986,-1.3769,0.2433,-0.394
2023-01-04,1.0994,3.4367,0.6827,3.8298,1.1635,5.2761,5.894
2023-01-05,-0.1572,-0.4845,-0.1176,-2.3224,-2.8177,-1.0408,0.523
2023-01-06,0.6844,1.5147,0.7936,1.3986,1.9527,1.3432,3.5674
2023-01-07,0.0183,-0.4024,-3.205,-0.4138,-0.0871,0.5447,-0.5741
2023-01-08,0.8025,1.8263,9.3765,1.9391,0.3195,5.0146,6.5319
2023-01-09,0.6168,2.655,13.8451,2.9891,1.1291,-0.6136,7.4187
2023-01-10,1.4523,1.1386,-0.649,2.5066,0.5439,1.6825,1.7029
2023-01-11,2.8006,3.8416,1.0045,0.6435,6.549,2.7974,0.062
2023-01-12,5.2116,2.1619,1.5869,2.6854,0.2672,0.9703,2.2002
2023-01-13,5.5114,2.375,10.0451,5.1059,2.8252,2.0571,4.8514
2023-01-14,5.3578,6.8263,32.595,3.436,2.4883,3.9179,1.9665
2023-01-15,-0.4553,0.1143,-5.6752,-1.3746,-2.6555,-1.0387,-0.6239
2023-01-16,1.3833,1.5687,3.0791,-2.9036,0.4417,-1.0168,-0.1142
2023-01-17,-0.0383,-0.57,-2.9414,-0.7177,0.2845,0.276,-1.2
2023-01-18,-2.234,-3.3383,-8.8861,-3.3735,-2.115,-4.2803,-5.4945
2023-01-19,1.9238,2.4447,2.7635,1.8703,3.7681,2.7391,3.7638
2023-01-20,7.5391,6.9046,19.2353,5.7528,4.9518,3.4326,7.5199
2023-01-21,0.4457,-1.9663,-3.603,-1.8519,-2.3712,-1.873,1.2068
2023-01-22,-0.2512,0.0777,-1.6039,4.1274,-0.6196,1.2648,2.0596
2023-01-23,0.942,-0.008,0.5158,0.3398,5.9601,0.811,-0.2921
2023-01-24,-1.2992,-4.4002,-6.4131,-5.3047,-4.048,-1.6012,-4.3142
2023-01-25,2.1266,3.5402,7.7896,3.2181,2.4528,2.2272,3.9243
2023-01-26,-0.368,-0.5339,-0.8982,-0.2309,-1.8195,-0.7944,1.7943
2023-01-27,0.1995,-0.3087,0.2349,0.8102,0.6584,1.0682,2.3415
2023-01-28,-0.2064,-1.6094,-1.7457,0.8037,-1.1386,-0.6098,-1.6967
2023-01-29,3.2281,4.6883,8.9676,2.7335,1.3967,3.6219,3.6349
2023-01-30,-3.9304,-4.7887,-8.3655,-2.1064,-4.6399,-3.2355,-6.0056
2023-01-31,1.3097,1.2256,0.0259,8.9468,2.9904,1.7235,4.9396
2023-02-01,2.5259,3.4829,4.3457,-2.079,1.8455,1.6364,1.6117
2023-02-02,-1.0618,0.0883,-2.914,-3.397,-1.0147,1.8512,0.1007
2023-02-03,-0.0961,1.3086,1.7136,2.1978,0.6102,2.7583,1.6851
2023-02-04,-0.501,0.139,-1.4716,3.0108,-0.2183,-0.4971,-1.1378
2023-02-05,-1.6123,-2.1243,-3.3897,-3.8622,-3.0148,-0.8311,-1.8014
2023-02-06,-0.8519,-0.9438,-3.3499,-2.823,-1.5292,-0.9889,-2.5732
2023-02-07,2.2152,3.4497,5.0867,3.4637,2.8259,2.6494,4.3933
2023-02-08,-1.3965,-1.2731,-2.8024,-2.5918,-1.436,-1.5422,-1.3026
2023-02-09,-4.884,-6.3172,-11.8166,-9.6452,-3.9186,-6.7446,-7.9949
2023-02-10,-0.7693,-2.0414,-1.5744,-0.4908,0.0261,-0.0021,-1.0759
2023-02-11,1.0147,1.6541,3.4774,1.603,0.3659,1.5237,2.9559
2023-02-12,-0.378,-1.6165,3.168,-0.3641,-2.2656,0.7449,-1.3272
2023-02-13,0.0913,-0.5193,-3.2569,0.1218,-0.9592,-5.8973,-1.2901
2023-02-14,1.8924,3.2982,4.9779,1.5815,2.8787,0.5587,7.4527
2023-02-15,9.3923,7.5068,9.4337,6.9461,4.9686,7.1082,8.2039
2023-02-16,-2.8154,-2.0122,-6.6903,-4.8152,-4.0359,-3.9113,-7.2232
2023-02-17,3.9881,3.3362,3.9523,3.2941,2.622,2.8266,4.1248
2023-02-18,0.3081,-0.1749,1.3459,1.2528,-0.1771,1.0545,0.5942
2023-02-19,-1.2728,-0.6137,5.8019,-2.1372,-2.1034,-1.4989,-1.526
2023-02-20,2.0615,1.2631,5.3968,1.3793,3.1582,1.1033,0.9748
2023-02-21,-1.582,-2.6217,-4.7087,-3.1746,-1.6562,-1.2383,-2.8713
2023-02-22,-1.0129,-0.8929,-3.0755,0.1171,0.9441,0.4203,-0.8919
2023-02-23,-0.9978,0.4772,-1.16,-1.4035,-1.6431,-1.3579,-1.5171
2023-02-24,-3.1292,-2.5862,-3.5472,-4.0332,-2.7242,-2.1003,-4.4909
2023-02-25,-0.0981,-0.8368,-2.2973,-0.1236,-0.1057,0.1096,-0.9295
2023-02-26,1.6649,2.878,3.2531,1.7327,-0.0264,2.1868,1.8212
2023-02-27,-0.1627,-0.3956,-2.423,-0.9732,0.291,-1.3402,-1.1111
2023-02-28,-1.5964,-1.7396,-3.4205,-0.86,-0.5276,-1.109,-3.3982
2023-03-01,2.1566,3.583,2.692,1.6109,1.8032,0.4752,2.2411
2023-03-02,-0.7235,-0.9687,-2.3171,-1.8293,-1.6411,-0.9776,-2.8302
2023-03-03,-4.7402,-4.7442,-2.6632,-4.5963,0.0265,-3.2217,-2.1416
2023-03-04,-0.0417,-0.143,-2.0216,-2.8646,-1.0326,-0.2683,-1.8092
2023-03-05,0.3676,-0.1567,0.0563,0.2681,-1.7657,-0.2778,0.1783
2023-03-06,-0.0257,0.1873,-1.6379,0.0,0.8987,-0.2233,-1.8689
2023-03-07,-0.9362,-0.3487,-1.8914,-1.0695,2.6991,0.4474,-0.0907
2023-03-08,-2.2579,-1.7827,-9.0073,-3.9189,2.2865,-0.856,-3.9032
2023-03-09,-6.2393,-6.2205,-6.0425,-7.173,-4.3936,-3.3364,-2.4874
2023-03-10,-0.8632,-0.6605,5.405,-0.303,-0.4031,0.0445,1.8082
2023-03-11,2.2052,3.7406,-0.0976,1.2158,-1.0254,0.1953,-2.5373
2023-03-12,7.423,7.2626,11.4382,6.6066,1.7721,4.2144,7.875
2023-03-13,9.1752,5.6603,0.6066,2.8169,0.1339,6.6407,3.9517
2023-03-14,2.2669,1.3806,2.419,2.4658,0.1338,0.1485,-0.0871
2023-03-15,-1.4956,-2.7782,-7.8221,-6.5508,-3.6602,-0.726,-5.7218
2023-03-16,2.7766,1.2701,2.2783,4.0057,1.4975,7.4029,0.2465
2023-03-17,9.4646,6.8727,9.6227,5.227,3.9344,2.7952,7.7136
2023-03-18,-1.6703,-1.7197,-2.0029,-4.5752,-1.5773,-2.2286,-3.6519
2023-03-19,3.9783,1.3576,3.3379,2.4658,3.766,1.6451,2.4578
2023-03-20,-0.9681,-2.8145,1.2468,-4.4118,-3.5779,-1.2034,-3.8728
2023-03-21,1.4714,4.1168,1.9922,7.5524,25.3871,0.7167,11.6055
2023-03-22,-3.082,-3.8214,-5.0304,-3.7711,-10.049,-4.0027,-2.8556
2023-03-23,3.7592,4.5283,3.4278,4.5946,5.2781,2.4696,3.1614
2023-03-24,-2.9671,-3.5433,-6.9222,-3.4884,-4.2491,-2.2671,-3.1989
2023-03-25,0.0052,-0.4726,-1.1234,-0.9371,4.4142,0.0973,-2.2494
2023-03-26,1.8172,1.8301,2.5867,0.5405,0.922,1.9261,1.1932
2023-03-27,-3.0522,-3.3912,-5.024,-2.0161,6.9519,-5.4544,-3.0039
2023-03-28,0.4725,3.3417,2.7558,1.2346,7.3125,0.7434,6.6281
2023-03-29,3.9618,1.1404,3.1303,2.439,5.5329,0.1855,3.5831
2023-03-30,-1.1107,-0.0148,-2.655,-1.8519,-1.7292,0.8685,-1.3365
2023-03-31,1.5871,1.6335,3.0145,3.7736,0.8049,0.1492,5.9495
2023-04-01,-0.2368,-0.4479,-0.9206,9.2208,-4.4197,-0.5749,-3.3843
2023-04-02,-0.7452,-1.0008,-2.091,-5.9453,0.8354,-0.4088,-0.9341
2023-04-03,-1.4507,0.8124,-0.4572,21.4918,-4.2389,-1.7094,1.3882
2023-04-04,1.3597,3.3535,2.3553,-0.9365,1.3078,0.7883,0.6717
2023-04-05,0.0351,2.0368,0.1979,-2.521,0.5362,0.9866,0.6928
2023-04-06,-0.475,-1.8957,-1.6975,-7.9741,-0.5729,-0.5122,-2.3445
2023-04-07,-0.4218,-0.389,-0.6802,-3.3958,2.0664,-0.5617,0.1044
2023-04-08,0.0785,-0.865,-2.1177,-1.3333,-1.5573,-0.0209,0.5214
2023-04-09,1.3785,0.5347,1.3131,2.3342,0.0198,0.7203,1.0633
2023-04-10,4.6586,2.7869,2.8715,1.9208,2.4713,1.7601,1.8732
2023-04-11,1.963,-0.9951,10.2306,-0.8245,-0.1544,1.3755,1.1335
2023-04-12,-0.3175,1.5058,4.1987,-0.9501,-2.2029,-1.1787,1.2702
2023-04-13,0.8627,4.7875,1.8636,4.9161,1.4226,1.8794,4.7221
2023-04-14,0.285,4.4221,1.3932,1.4857,2.0846,1.3005,2.9357
2023-04-15,-0.5485,-0.4363,-2.7986,0.2252,-0.687,1.2861,3.4223
2023-04-16,-0.0104,1.3161,5.3261,1.6854,0.1922,4.4431,-0.3309
2023-04-17,-2.8709,-2.0643,-3.1666,0.9945,-1.9755,-2.3625,-3.8955
2023-04-18,3.2349,1.3628,1.1967,2.8446,4.1479,0.941,2.211
2023-04-19,-5.1809,-7.9891,-8.6103,-6.4894,-7.6461,-5.9692,-6.3091
2023-04-20,-2.0008,0.3457,-2.3396,-4.5506,-3.3971,-1.4929,-3.6316
2023-04-21,-3.4309,-4.7912,-4.0723,-6.4362,-5.3696,1.1907,-4.4422
2023-04-22,1.9819,1.3097,2.5294,2.4204,5.1847,3.2082,3.4735
2023-04-23,-0.8129,-0.6492,-1.541,-1.99,-1.6289,-0.4146,-1.8173
2023-04-24,-0.2394,-1.0367,-0.4143,0.0,-0.7957,0.1897,-1.3111
2023-04-25,2.842,1.3022,2.5066,1.269,1.886,2.1373,2.8653
2023-04-26,0.4066,-0.0102,-2.9383,-1.5038,-1.7021,-2.2179,1.6713
2023-04-27,3.6981,2.262,4.9669,2.0356,1.0606,0.1128,2.0672
2023-04-28,-0.453,-0.8526,4.5935,0.2494,2.87,-2.0214,-1.1957
2023-04-29,-0.3128,0.8668,-0.7845,1.4925,-0.3956,-0.729,-0.5186
2023-04-30,0.0695,-1.676,-1.514,-2.2059,-1.2751,4.815,-1.3406
2023-05-01,-4.0222,-2.3959,-3.7027,-1.2531,-1.5456,-2.6422,-2.6422
2023-05-02,2.0966,2.1198,1.2662,0.0,0.0,-2.0599,1.2665
2023-05-03,1.1359,1.8101,-0.2111,1.1421,-0.3226,1.3232,0.536
2023-05-04,-0.5468,-1.4148,-2.1951,-1.6311,-0.4099,-0.7038,-1.6502
2023-05-05,2.3803,6.25,5.0427,2.551,1.3432,0.9333,1.8844
2023-05-06,-2.1323,-4.7537,-3.7317,-4.2289,-1.7743,-1.2743,-3.699
2023-05-07,-1.5556,-1.4285,-0.5921,-0.3896,-1.9804,-0.3603,-0.8419
2023-05-08,-2.6734,-1.2831,-5.4326,-5.4759,-4.7735,-2.3755,-2.9451
2023-05-09,-0.1282,-0.0238,0.1263,0.8276,0.2332,-0.4642,-0.5467
2023-05-10,-0.1338,-0.3355,1.3059,0.1368,0.2326,0.6604,1.6767
2023-05-11,-2.2481,-2.4919,-3.4304,-1.5027,-2.0887,-2.1876,-2.6764
2023-05-12,-0.7252,0.6418,3.3452,0.5548,2.0858,0.2949,2.9167
2023-05-13,-0.078,-0.6584,-0.2056,-0.9655,-1.3466,0.8049,-1.4845
2023-05-14,0.5472,0.2442,0.4054,0.2786,0.2353,0.3372,1.589
2023-05-15,0.9731,0.9469,0.2568,0.0,0.3992,0.4464,-0.89
2023-05-16,-0.5738,0.3616,-1.5604,0.9722,3.2273,-0.6855,0.0816
2023-05-17,1.3395,-0.124,1.8811,3.0261,1.6312,0.8682,2.0663
2023-05-18,-2.068,-1.105,-3.416,-1.8692,2.6081,-1.4731,-0.8791
2023-05-19,0.2159,0.6028,0.0059,0.0,1.6728,-0.1591,-1.0481
2023-05-20,0.8905,0.4352,-0.317,0.2721,0.235,0.5683,-0.4889
2023-05-21,-1.3851,-0.876,-3.3324,-2.171,-2.4728,-1.356,-1.6376
2023-05-22,0.3643,0.7206,-0.3437,1.2483,0.8962,0.8936,2.1088
2023-05-23,1.3945,2.0272,2.5647,-0.137,0.8232,1.3777,0.6793
2023-05-24,-3.2723,-2.9272,-4.0887,-3.0178,-2.5355,-2.4157,-1.7004
2023-05-25,0.5369,0.3252,0.1925,0.2829,0.022,-0.392,-1.5925
2023-05-26,0.9181,1.2589,0.5519,0.141,3.3943,0.7064,1.2556
2023-05-27,0.5579,0.1328,5.4639,2.3944,0.6608,0.2299,1.0747
2023-05-28,4.5306,4.3578,1.8281,1.238,2.266,2.1712,4.4166
2023-05-29,-1.2097,-0.9334,-1.0198,-0.5435,2.34,-0.7837,-1.0183
2023-05-30,-0.1569,0.4199,3.2429,-1.0929,5.605,-0.0394,-0.3165
2023-05-31,-1.7424,-1.4148,-2.0213,-0.9669,-0.8622,-1.5457,-0.9262
2023-06-01,-1.4684,-0.6365,-1.5477,-0.2789,-1.9521,-0.6235,-2.5908
2023-06-02,1.6019,2.4195,3.6845,1.5385,3.5679,0.8101,3.7291
2023-06-03,-0.6402,-0.7783,-0.4798,0.1377,-1.142,-0.2289,-0.608
2023-06-04,0.1623,-0.1003,3.1358,-0.2751,3.1767,-0.5097,0.4521
2023-06-05,-5.0111,-4.1621,-7.9926,-8.1379,-4.7584,-9.2633,-6.8043
2023-06-06,5.7402,4.0107,1.611,5.7057,3.9381,1.6636,0.483
2023-06-07,-3.2776,-2.7646,-8.6487,-4.4034,-2.0547,-7.8524,-8.8776
2023-06-08,0.6157,0.7589,1.4768,1.0401,0.943,1.0629,0.2792
2023-06-09,-0.105,-0.3291,-8.0901,2.2059,2.5548,-0.5464,-8.6015
2023-06-10,-2.3759,-4.7734,-9.9173,-10.9353,-5.5215,-8.2952,-6.4997
2023-06-11,0.344,0.0588,-0.6215,-0.4847,2.558,-1.5268,-1.3034
2023-06-12,-0.1452,-0.6209,-2.3273,-0.1623,0.8634,-1.8635,0.8804
2023-06-13,0.0627,-0.2003,-1.1746,0.3252,-1.0652,5.5568,0.0
2023-06-14,-3.0636,-5.0901,-3.5397,-2.107,-7.6716,-2.5898,-4.2909
2023-06-15,1.7979,0.9088,1.8838,1.8212,-0.0208,-0.5445,-0.4559
2023-06-16,2.9366,3.0711,3.7183,0.9756,-0.9165,1.1994,0.458
2023-06-17,0.6959,0.6137,2.2354,0.161,0.8619,2.2984,1.4058
2023-06-18,-0.6581,-0.3837,-1.3565,0.0,1.6257,-0.2139,-2.2106
2023-06-19,1.9548,0.9928,4.1119,0.1608,1.1895,-0.485,0.7663
2023-06-20,5.4987,3.1341,3.4978,1.1236,-0.1013,1.9642,2.7757
2023-06-21,6.0006,5.5179,3.7379,4.2857,1.5825,0.6508,6.1783
2023-06-22,-0.383,-0.9553,-3.5603,-0.1522,-1.1384,-3.4073,1.1498
2023-06-23,2.6183,1.0635,3.0458,3.9634,0.3232,1.5667,2.1357
2023-06-24,-0.4782,-0.8877,-2.8957,-2.1994,-1.8727,-3.2324,-2.1922
2023-06-25,-0.224,1.3031,1.9126,0.1499,0.6156,0.9437,0.7931
2023-06-26,-0.6861,-2.1612,-4.1328,-3.1437,-2.2435,-1.1548,-4.0712
2023-06-27,1.3777,1.6279,2.1487,1.2365,0.9389,0.5753,2.1755
2023-06-28,-1.9614,-3.2668,-3.8076,-4.4275,-3.8446,-2.8811,-6.7365
2023-06-29,1.1936,1.3269,12.4084,1.278,2.0421,1.1195,3.1437
2023-06-30,0.1048,4.371,5.1573,4.8896,-0.1475,3.0602,4.1364
2023-07-01,0.3702,-0.4461,-1.1293,3.0075,-0.1055,3.0743,1.8467
2023-07-02,0.1003,0.6689,4.1196,-0.7299,2.3231,-0.606,-0.0684
2023-07-03,1.7494,0.9265,-1.0954,0.5882,1.032,0.0505,1.4379
2023-07-04,-1.216,-0.9592,-0.5057,0.731,-0.3473,-1.5786,-1.2487
2023-07-05,-0.8559,-1.3449,-0.7851,-2.7576,-1.9475,-1.407,-2.7683
2023-07-06,-1.9821,-3.2425,3.8778,-2.9851,-3.0525,-2.8282,-1.6872
2023-07-07,1.4475,1.1882,8.8969,0.6154,1.0998,1.4212,1.7161
2023-07-08,-0.1639,-0.2707,1.7436,0.6116,0.384,0.2827,2.1793
2023-07-09,-0.4005,-0.1356,-2.3345,-0.6079,-0.4462,-0.8714,-2.0984
2023-07-10,0.8062,0.9418,-0.1649,-0.3058,1.9637,4.972,1.1947
2023-07-11,0.6789,-0.1181,3.6554,0.1534,-0.4187,1.0835,1.6667
2023-07-12,-0.7488,-0.3313,-0.5219,-0.3063,-0.967,-1.818,-1.3661
2023-07-13,3.5681,7.1789,18.4192,8.2949,73.0843,5.1102,23.8573
2023-07-14,-3.6281,-3.3473,2.7281,-2.8369,-11.7979,-3.2353,-8.0794
2023-07-15,-0.1261,-0.4063,2.4525,4.9635,-0.8204,1.1717,-0.7299
2023-07-16,-0.1541,-0.403,-0.0267,-3.1989,4.7105,-3.3624,-3.5233
2023-07-17,-0.3413,-0.6257,-1.8671,0.431,-1.0309,0.699,-0.7621
2023-07-18,-0.9598,-0.7348,-4.9429,-1.8598,5.4518,-1.673,-1.632
2023-07-19,0.1921,-0.4527,3.241,2.3324,5.2854,0.3729,5.2375
2023-07-20,-0.4075,0.1038,-3.7812,0.4274,-3.2411,0.652,-2.2875
2023-07-21,0.3918,0.0588,0.6664,3.9716,-2.7201,0.435,-0.8858
2023-07-22,-0.4579,-1.4359,-3.9508,-3.9563,-5.0744,-1.1314,-1.1171
2023-07-23,1.0504,1.3019,0.9444,1.9886,0.7364,0.5913,2.3886
2023-07-24,-3.0169,-2.0744,-5.5934,3.4819,-4.8599,-1.4476,-3.7516
2023-07-25,0.173,0.4184,-0.4371,10.0942,0.9676,-0.4761,-0.4258
2023-07-26,0.4365,0.7761,8.1523,-4.6455,0.8737,0.4852,0.8553
2023-07-27,-0.4915,-0.6304,-0.309,-0.5128,-0.3073,0.6429,0.2935
2023-07-28,0.3716,0.7734,-1.0056,-0.3866,-0.1401,0.6146,0.878
2023-07-29,0.1285,0.3373,1.2963,3.7516,0.014,0.2477,0.8382
2023-07-30,-0.278,-1.0327,-3.6076,-2.6185,-1.0664,-0.0208,0.8951
2023-07-31,-0.1544,-0.2944,-2.2258,-0.3841,-0.936,-0.5794,-2.5665
2023-08-01,1.5245,0.842,1.1711,0.2571,1.2455,2.6478,0.813
2023-08-02,-1.765,-1.7471,-3.5548,-4.8718,-3.1109,-2.8324,-3.4194
2023-08-03,0.0917,-0.215,-2.2021,-0.8086,-3.0794,0.2357,-2.2712
2023-08-04,-0.3584,-0.4045,0.6962,-0.2717,-4.3066,0.1719,0.2734
2023-08-05,-0.1099,0.398,-0.7081,3.1335,-1.1172,0.6143,0.0682
2023-08-06,-0.0009,-0.4101,2.4456,-1.8494,-0.8434,-0.0662,-0.5109
2023-08-07,0.4777,-0.0286,-0.5042,-1.2113,-0.1926,-0.4123,-0.6162
2023-08-08,2.0045,1.5802,4.9547,2.1798,3.2963,1.3864,2.5491
2023-08-09,-0.6854,-0.0814,0.6885,0.4,0.1557,-0.5125,1.1421
2023-08-10,-0.4462,-0.1911,0.9623,0.664,-1.6164,-1.0788,-1.6606
2023-08-11,-0.1083,-0.1961,-0.1227,-0.1319,-0.2054,-0.6448,-0.9119
2023-08-12,0.0621,0.0956,1.3172,1.321,-0.7124,0.2364,-0.5453
2023-08-13,-0.4523,-0.5198,-2.6651,-2.4772,-0.1754,-0.1,-0.7882
2023-08-14,0.4287,0.2667,3.712,-0.1337,1.3097,0.1274,0.38
2023-08-15,-0.8096,-0.9355,-4.9565,-5.087,-3.8941,-1.5227,-3.0282
2023-08-16,-1.6063,-1.1644,-4.5387,-5.2186,-3.4941,-2.0327,-2.5905
2023-08-17,-7.0979,-6.686,-4.8308,-8.9286,-13.8025,-5.7502,-6.7395
2023-08-18,-2.3064,-1.4237,-1.725,3.268,-0.1972,-1.1089,3.0859
2023-08-19,0.1791,0.5134,2.5474,0.9494,2.6675,0.4104,1.7052
2023-08-20,0.3578,0.9213,-0.4831,0.0,3.8299,-0.1676,0.8569
2023-08-21,-0.2499,-1.0436,-2.5949,-2.0376,-2.7804,-2.7682,-2.7706
2023-08-22,-0.354,-2.0019,-3.1205,0.16,-0.6864,0.0928,-1.8237
2023-08-23,1.5365,2.7775,5.6316,1.9169,1.7278,2.6395,3.7152
2023-08-24,-1.0187,-1.1511,-3.0898,-1.2539,-2.1702,1.0384,-0.7836
2023-08-25,-0.4384,-0.4223,-3.0443,0.1587,1.5046,-0.1442,-1.8052
2023-08-26,-0.1505,-0.401,-0.5507,-0.317,-0.5131,-0.9009,-0.0383
2023-08-27,0.3123,0.6807,2.497,0.4769,0.0573,0.9215,0.9195
2023-08-28,0.0631,-0.305,-1.105,0.3165,-0.1145,0.1651,1.5186
2023-08-29,6.2102,4.676,5.9527,4.7319,3.2301,3.7236,1.8699
2023-08-30,-1.5513,-1.423,-4.3428,-0.9036,-2.2033,-1.3504,-2.4596
2023-08-31,-5.0034,-3.4879,-5.2786,-3.0395,-3.2942,-3.2179,-3.8766
2023-09-01,-0.5042,-1.042,-2.0638,0.0,-2.4863,-1.3699,-0.0783
2023-09-02,0.2638,0.5241,0.8583,-0.4702,0.2008,0.3829,0.3918
2023-09-03,0.3895,-0.0554,0.436,-0.4724,1.1821,-0.0227,-0.1561
2023-09-04,-0.6051,-0.395,-0.405,0.0,0.6733,0.372,0.1173
2023-09-05,-0.1257,0.2439,3.9642,1.2658,-0.5901,-0.3343,0.5857
2023-09-06,-0.1037,-0.0843,-3.2182,-0.625,-0.4353,0.3061,0.0388
2023-09-07,1.8909,0.9402,1.3787,0.0,0.3378,0.8146,0.0
2023-09-08,-1.2749,-0.6956,-1.4655,0.0,-0.0198,-1.0721,-1.2806
2023-09-09,-0.0385,-0.0596,-0.7801,-0.3145,-0.1783,-0.158,-0.3538
2023-09-10,-0.245,-1.1212,-6.157,-3.3123,-1.2106,-0.8892,-1.7357
2023-09-11,-2.592,-4.032,-2.7925,-1.3051,-4.7007,-2.9596,-2.8904
2023-09-12,2.6654,2.6289,1.0745,0.8264,1.328,2.4075,1.6536
2023-09-13,1.529,0.9771,2.6392,0.4918,0.6449,0.7812,1.22
2023-09-14,1.1871,1.1807,2.3654,1.3051,1.1782,-0.1692,0.9241
2023-09-15,0.2601,0.9014,1.7544,0.8052,2.3289,0.8916,-0.2389
2023-09-16,-0.1519,-0.391,-0.1482,-0.7987,-0.1996,0.3665,-0.0798
2023-09-17,-0.1283,-0.7537,-1.6133,-0.9662,-1.3803,0.7003,-1.238
2023-09-18,0.8295,0.8904,4.3841,0.813,2.069,-0.2134,1.7792
2023-09-19,1.7075,0.3785,1.928,1.129,2.186,0.5588,1.4303
2023-09-20,-0.2907,-1.2567,1.3411,-0.1595,1.4002,-1.311,-1.4493
2023-09-21,-2.0801,-2.3775,-4.067,-2.0767,-2.7234,-1.6651,-2.4245
2023-09-22,0.0449,0.5656,-0.2105,0.3263,1.045,0.1694,-0.2444
2023-09-23,-0.0007,0.037,0.1842,0.0,-0.878,-0.2796,0.49
2023-09-24,-1.2136,-0.8159,-0.5115,-1.3008,-1.1024,-1.0817,-1.2597
2023-09-25,0.1586,0.4725,0.1538,0.4942,0.617,0.8598,1.1934
2023-09-26,-0.3089,0.3207,-1.9625,-0.6557,-0.7517,1.097,-0.2033
2023-09-27,0.5167,0.2557,0.5609,-0.165,-0.4186,-0.185,-0.2445
2023-09-28,2.538,3.4674,4.3262,1.6529,1.9816,1.4579,1.7565
2023-09-29,-0.4064,0.9112,1.7191,1.1382,2.3945,0.0946,0.1606
2023-09-30,0.2088,0.1929,5.3909,-0.1608,-1.2076,-0.2128,1.8036
2023-10-01,3.7668,3.7488,11.411,1.7713,1.7074,1.5016,4.685
2023-10-02,-1.6187,-4.0479,-1.95,-1.7405,-2.1747,-1.5085,-2.4069
2023-10-03,-0.3662,-0.4173,0.7744,-1.1272,4.9922,-0.6156,0.578
2023-10-04,1.3468,-0.5341,-1.7319,0.1629,-1.0215,-0.0107,-0.6513
2023-10-05,-1.3795,-2.2066,-1.9473,-0.9756,-1.7827,-1.2808,0.3085
2023-10-06,1.9357,2.1319,3.2185,0.821,0.535,1.365,1.8454
2023-10-07,0.0796,-0.6878,-0.5857,0.1629,-0.8172,-0.5577,-2.3405
2023-10-08,-0.1207,-0.0589,-0.1756,-0.813,-0.7473,-0.3977,-0.8118
2023-10-09,-1.258,-3.2899,-4.8524,-3.6066,-2.8571,-2.7274,-1.9486
2023-10-10,-0.6985,-0.7655,-0.0601,0.3401,-1.1526,1.3735,-0.9936
2023-10-11,-1.89,-0.093,-0.442,-0.8475,-1.729,-0.9797,-0.4416
2023-10-12,-0.4336,-1.701,-3.213,-1.0256,-1.1866,-0.6314,-0.8468
2023-10-13,0.3946,0.8104,2.5098,0.8636,0.559,0.3931,0.0813
2023-10-14,-0.0025,0.2041,0.8097,2.5685,0.2265,0.2746,0.3657
2023-10-15,1.1092,0.1809,-0.4075,-1.0017,0.2054,1.5201,0.1619
2023-10-16,5.0067,2.7255,9.4015,1.3491,2.091,2.4227,1.6977
2023-10-17,-0.3637,-2.1927,-0.0988,-1.6639,-1.2651,-1.4807,-1.7886
2023-10-18,-0.3076,-0.1079,-2.2004,-0.6768,-0.6915,-0.5397,-1.4569
2023-10-19,1.3819,0.2371,6.4262,0.3407,6.5124,0.3056,1.3963
2023-10-20,3.3536,2.3739,8.4041,1.8676,-0.7883,0.5478,1.7011
2023-10-21,0.7933,1.5354,8.7021,2.0,1.0078,0.9444,2.9869
2023-10-22,0.2523,2.0945,-1.1893,0.6536,0.2494,1.606,1.9335
2023-10-23,10.3099,6.1291,9.6922,8.9286,4.6699,4.8705,6.2215
2023-10-24,2.4641,1.0794,-5.3358,-0.7452,2.121,-1.4056,-0.3571
2023-10-25,1.7736,0.1659,7.6666,2.7027,-0.573,-1.3161,0.5735
2023-10-26,-1.0033,0.9311,0.9623,5.117,-0.2881,0.4753,2.3877
2023-10-27,-0.7227,-1.33,-3.1603,-5.5633,-1.3726,0.5554,0.7658
2023-10-28,0.5302,-0.1925,-0.2722,1.62,-0.1282,0.5783,0.5872
2023-10-29,1.3168,1.0654,3.6941,0.5797,2.0169,0.6088,1.408
2023-10-30,-0.1046,0.8099,6.519,0.4323,4.0439,0.5014,2.5059
2023-10-31,0.4794,0.3519,10.1744,-2.0086,3.6967,-0.8093,-3.1715
2023-11-01,2.2196,1.6863,7.6377,0.7321,1.5326,0.689,4.913
2023-11-02,-1.4082,-2.5158,-3.0243,-1.3081,-0.5086,1.6329,5.0732
2023-11-03,-0.5894,1.7868,-1.7106,0.2946,1.0884,-0.482,1.8261
2023-11-04,1.0073,1.3588,7.1529,1.4684,0.522,2.9698,-0.152
2023-11-05,-0.0936,1.9626,-2.6165,3.0391,7.2866,2.8923,4.3836
2023-11-06,-0.0342,0.2999,2.1582,7.3034,8.2287,4.2208,5.9784
2023-11-07,1.1593,-0.6165,2.288,-3.7958,-4.0671,-3.2358,-3.2471
2023-11-08,0.5973,0.0635,0.226,2.7211,0.2477,0.2955,1.934
2023-11-09,2.9108,12.2392,5.2209,-2.649,-2.9938,1.7754,2.7623
2023-11-10,1.692,-1.9934,24.6433,2.585,-1.0337,-0.1703,4.8602
2023-11-11,-0.4715,-1.2306,-0.9554,3.9788,0.3179,0.1351,-0.4143
2023-11-12,-0.2249,-0.3667,0.0916,-0.5102,-0.1811,-1.5041,-0.312
2023-11-13,-1.4901,0.4928,-7.5631,-4.1026,1.5117,-2.546,-6.5206
2023-11-14,-2.6429,-3.7082,9.5002,-3.0749,-6.2249,0.3848,-0.1395
2023-11-15,6.5928,4.1108,15.2995,5.3793,3.1602,4.7434,5.9793
2023-11-16,-4.5559,-4.8304,-11.6931,3.7958,-5.7574,-4.3335,-1.9773
2023-11-17,1.2223,0.0204,0.9409,8.8272,0.245,0.8183,-1.3986
2023-11-18,-0.03,0.1022,0.1657,-6.8366,-0.4074,0.0839,3.0278
2023-11-19,2.189,2.5427,4.9235,0.2488,2.6669,0.6683,1.8004
2023-11-20,0.2418,0.4488,-7.9158,-3.3499,-2.3426,2.8579,-0.9883
2023-11-21,-4.4378,-4.2118,-8.0187,-7.4454,-5.2709,-10.7038,-5.8051
2023-11-22,4.5193,6.5748,10.7462,5.1318,5.4091,4.2608,6.1629
2023-11-23,-0.3813,-0.1073,-1.7177,0.5277,1.3564,-1.004,1.576
2023-11-24,1.1549,0.9185,0.4717,2.6247,0.2741,-0.3699,-0.1293
2023-11-25,0.2028,0.1567,3.482,1.023,0.2412,0.6608,2.2268
2023-11-26,-0.8405,-1.0136,-2.0457,-0.3797,-1.0587,-1.0206,-1.6717
2023-11-27,-0.6002,-1.7384,-4.4726,0.1271,-2.0428,-1.9934,-2.5245
2023-11-28,1.5486,1.0812,5.6839,2.7919,1.1917,0.9988,1.9027
2023-11-29,0.0724,-0.9471,1.8141,-0.4938,-0.3271,-1.0232,-0.9855
2023-11-30,-0.385,1.1147,-0.0143,3.4739,-0.4923,0.15,-1.5453
2023-12-01,2.588,1.6849,0.9493,0.5995,1.0719,0.3785,2.208
2023-12-02,2.0357,3.7642,6.7368,2.8605,1.3216,0.3304,3.5398
2023-12-03,1.2718,1.2923,-1.2421,-0.8111,0.4348,-0.5245,-0.6536
2023-12-04,5.007,2.2576,-2.4007,7.3598,0.1122,2.2784,2.9352
2023-12-05,5.0037,2.2568,-0.8643,2.5027,-0.3844,-0.8718,4.646
2023-12-06,-0.7582,-2.7108,1.489,0.7431,2.9421,-0.7943,3.923
2023-12-07,-1.0373,5.6424,9.5873,1.0537,0.5154,1.5487,3.1646
2023-12-08,2.0187,0.0489,10.5614,5.8394,4.5836,2.549,19.61
2023-12-09,-0.9976,-0.7443,-3.6596,-2.9557,-2.1245,-0.4803,5.9901
2023-12-10,0.1228,0.4821,3.3883,3.3503,0.425,0.8263,2.6962
2023-12-11,-5.7923,-5.4362,-5.8077,-7.2692,-6.2576,2.7896,-7.2703
2023-12-12,0.5004,-1.0133,-2.5957,-0.6356,-0.1129,3.2765,4.6098
2023-12-13,3.4753,2.6617,3.2493,2.7719,1.4528,-0.814,15.406
2023-12-14,0.3106,2.4741,6.8569,1.971,0.6205,0.4429,-3.2622
2023-12-15,-2.5433,-4.1976,-4.2995,-5.3917,-2.6724,-3.4088,-6.5423
2023-12-16,0.7402,0.342,1.5262,4.4086,0.6986,-0.2235,1.0309
2023-12-17,-2.0726,-1.3671,-3.3658,-4.1195,-1.5166,-2.0637,-4.4931
2023-12-18,3.0434,0.9466,4.7136,-1.1815,0.344,0.8525,3.5671
2023-12-19,-0.8282,-1.777,-1.8258,-1.8478,-1.1429,4.6774,-4.0599
2023-12-20,3.2688,1.1038,12.6064,1.2182,1.9488,2.9569,2.2026
2023-12-21,0.4969,1.709,14.1908,3.9387,1.0692,4.2825,8.0265
2023-12-22,0.2935,3.8839,4.4206,0.2105,0.2404,0.0479,-1.9478
2023-12-23,-0.5872,-0.7513,9.7859,-1.6807,-0.8315,0.0053,-1.554
2023-12-24,-1.6539,-1.8776,4.5458,-1.8162,-1.0803,-2.4591,-3.336
2023-12-25,1.3879,0.3032,7.6999,2.7203,5.3464,0.8901,5.3367
2023-12-26,-2.5055,-1.8084,-6.9914,-3.178,-3.698,11.4649,-2.701
2023-12-27,2.1694,6.5999,-5.0169,2.407,2.0084,8.7285,4.0572
2023-12-28,-1.876,-1.3105,-4.5964,-1.8162,0.0158,-0.0242,-2.5414
2023-12-29,-1.2397,-1.9968,4.1202,-0.9793,-1.8268,-3.0038,-1.4415
2023-12-30,0.1366,-0.3749,-4.2012,-0.989,-0.2567,1.0473,-1.0682
2023-12-31,0.2569,-0.4622,-0.3332,-0.6659,-1.1097,-1.4915,-1.2957
2024-01-01,4.5005,3.1057,7.8842,2.7933,2.4719,0.6314,4.8637
2024-01-02,1.7901,0.1492,-2.6459,-0.8696,-0.7459,-0.733,-2.7925
2024-01-03,-4.6928,-6.1581,-7.5197,-10.0877,-6.8436,1.4603,-7.9908
2024-01-04,3.1081,2.636,6.5755,2.561,0.9612,2.1912,2.3865
2024-01-05,-0.039,-0.0172,-4.8523,-1.5458,-1.9891,-1.9004,-5.1525
2024-01-06,-0.3929,-1.1911,-6.1224,-2.5362,-1.3877,-3.0417,-3.3444
2024-01-07,-0.1048,-0.8368,-4.8812,-3.0979,-2.9551,-1.5933,-5.5248
2024-01-08,6.8894,4.9561,9.5368,4.0921,4.749,0.5315,9.4496
2024-01-09,-1.7687,0.5055,1.6554,-2.5799,-1.9554,-1.1574,-5.4354
2024-01-10,1.0578,10.1191,2.6394,4.5397,5.8948,1.3691,10.7722
2024-01-11,-0.5559,1.4529,-2.0813,2.0507,0.35,1.1815,2.7533
2024-01-12,-7.5815,-3.6325,-8.1959,-5.4374,-5.2815,-3.9102,-5.9945
2024-01-13,-0.0252,2.0653,4.371,1.125,0.8417,1.8868,0.3654
2024-01-14,-2.4418,-4.0502,-1.6681,-1.1125,0.1913,-1.0509,-4.2418
2024-01-15,1.7124,1.5825,0.3794,1.375,-0.0521,6.1916,0.4183
2024-01-16,1.5125,3.0393,3.3196,0.2466,0.0,-0.7372,1.4199
2024-01-17,-0.9554,-2.2925,4.5445,-0.984,-1.3718,-1.9481,-1.624
2024-01-18,-3.464,-2.4265,-7.6546,-3.1056,-2.8345,1.3613,-4.7628
2024-01-19,0.8636,0.9112,-0.9175,0.641,-1.3771,0.3216,0.259
2024-01-20,0.1134,-0.7997,-0.8742,11.9745,1.6168,0.8463,2.345
2024-01-21,-0.2875,-0.6348,-1.8596,-2.9579,-1.2656,0.4285,-2.3107
2024-01-22,-4.9064,-5.831,-7.9535,-5.8617,-3.5525,-4.0468,-4.8897
2024-01-23,0.856,-3.0353,0.7793,-2.6152,-1.7088,-2.3026,-0.3762
2024-01-24,0.5811,-0.3179,5.2893,1.023,0.0579,-1.7803,-0.0839
2024-01-25,-0.3575,-0.7097,-2.0768,-1.3924,-0.8494,-0.3999,-2.0575
2024-01-26,4.7155,2.2316,6.3911,2.5674,3.6215,3.5622,4.03
2024-01-27,0.725,0.0303,1.8615,0.2503,-0.357,1.16,0.2061
2024-01-28,-0.2005,-0.4708,1.8848,-1.623,-1.1691,-0.2777,0.6992
2024-01-29,2.98,2.6517,5.867,3.1726,2.0988,1.8796,7.2698
2024-01-30,-0.7754,1.1838,-0.0923,-1.968,-4.5599,-1.0445,-2.1131
2024-01-31,-0.8614,-2.6423,-4.3798,-1.1292,-1.4686,-2.313,-3.0922
2024-02-01,1.1581,0.9323,0.843,0.6345,0.5366,-0.0583,1.7459
2024-02-02,0.2556,0.1829,2.6509,-0.1261,0.8895,0.3262,1.3807
2024-02-03,-0.4483,-0.5199,-2.5493,-0.6313,1.6654,-0.471,-0.214
2024-02-04,-0.9506,-0.2828,-2.455,-0.6353,-3.0064,1.6673,-3.6264
2024-02-05,0.1763,0.4081,0.0751,0.0,0.5762,-1.2733,-0.2023
2024-02-06,0.9986,3.1891,1.3735,0.3836,-0.1976,0.6169,1.0541
2024-02-07,2.8631,2.1728,4.2517,2.0382,1.7023,1.6268,0.662
2024-02-08,2.2188,-0.1584,1.7888,-0.2497,0.1362,3.6528,5.4803
2024-02-09,4.0741,2.7939,4.0353,2.1277,2.2352,1.5587,2.1727
2024-02-10,1.3237,0.5513,2.0557,-0.2451,-0.3612,-0.2187,1.9601
2024-02-11,1.094,0.2536,-1.4993,-0.2457,0.3816,-0.7261,-1.8136
2024-02-12,3.4462,6.0036,4.1839,1.3547,1.1025,2.2311,3.4355
2024-02-13,-0.4319,-0.5993,0.5237,-1.4581,-1.3348,-0.9381,-2.6786
2024-02-14,4.1901,5.1365,3.9057,5.4254,2.5915,2.8866,5.9266
2024-02-15,0.2158,1.6731,-2.8013,-0.117,4.5319,6.1227,5.3871
2024-02-16,0.4268,-0.7325,-2.8615,0.7026,0.3909,1.7422,-1.5615
2024-02-17,-0.9532,-0.607,-1.3236,-2.7907,-2.6726,-2.2118,1.5695
2024-02-18,0.8895,3.3131,2.9277,1.9139,1.273,-0.9147,1.7097
2024-02-19,-0.6588,2.243,-0.6146,5.0469,1.0235,0.6083,2.0042
2024-02-20,0.9767,2.3756,-2.714,-3.7989,0.0533,0.8689,-1.4102
2024-02-21,-0.8524,-1.4318,-3.0743,-1.7422,-2.4694,6.6711,-3.8091
2024-02-22,-1.0305,0.0219,-3.2869,-0.591,-1.4754,0.9173,-2.1053
2024-02-23,-1.1169,-1.661,-1.6869,0.3567,-1.1832,-1.7514,-0.4608
2024-02-24,1.6541,2.4208,4.1807,2.1327,1.9832,1.7115,2.3148
2024-02-25,0.3144,4.0206,-0.653,-0.116,-0.4953,1.7836,-0.8882
2024-02-26,5.3914,2.1299,6.2492,3.8328,1.6593,3.3695,4.7853
2024-02-27,4.7008,2.0612,-1.3923,9.2841,6.3293,-1.6553,0.7262
2024-02-28,9.4935,4.3515,8.9162,19.3449,-1.7909,5.2598,1.1054
2024-02-29,-2.0901,-1.2932,6.4881,0.5146,1.8235,-3.8466,3.8821
2024-03-01,2.0299,2.7869,3.4037,19.1126,2.6608,2.0091,9.6858
2024-03-02,-0.6579,-0.3786,-0.2232,1.7908,7.144,0.7786,3.0316
2024-03-03,1.8338,2.0147,0.5788,8.2336,-2.7601,0.8261,-1.7141
2024-03-04,8.1736,3.9943,2.1032,18.9207,3.6677,1.1232,5.9187
2024-03-05,-6.6284,-2.0788,-5.6218,-15.8557,-8.7986,-5.8166,-10.0869
2024-03-06,3.6137,7.4336,4.0056,2.5341,3.2721,8.7037,5.8111
2024-03-07,1.2384,1.4433,10.1237,0.1901,2.6621,10.7873,1.4854
2024-03-08,2.0539,0.4572,0.8766,4.5541,-1.05,2.6938,-2.6588
2024-03-09,0.2911,0.6001,-0.4356,8.3485,-0.0322,0.3007,2.5935
2024-03-10,0.7605,-0.8741,-0.0637,-5.1368,-2.155,8.1324,-3.5633
2024-03-11,4.4974,4.7731,2.931,7.1218,18.0145,-1.2575,7.9476
2024-03-12,-0.891,-2.1191,1.5223,-7.6374,-4.1504,2.8979,-3.3712
2024-03-13,2.2414,0.6578,8.4921,0.6544,0.3923,17.234,2.2056
2024-03-14,-2.3082,-3.0779,7.8369,4.7872,-3.025,-4.3727,-1.8441
2024-03-15,-2.7912,-3.8093,3.5573,-7.9526,-5.4179,4.9444,-3.2112
2024-03-16,-5.8911,-5.6853,-0.5927,-12.7451,-4.8288,-8.8539,-9.2098
2024-03-17,4.7087,3.3936,11.13,8.3567,2.6695,-0.9865,3.2752
2024-03-18,-1.2312,-3.4161,-3.0332,-6.8697,4.5866,-2.8942,-2.9071
2024-03-19,-8.3434,-10.2436,-13.2538,-10.4384,-9.7591,-8.5619,-11.2506
2024-03-20,9.6925,11.2672,12.6654,18.2595,4.757,9.7863,8.9623
2024-03-21,-3.5667,-0.5807,-6.4364,2.0368,4.6553,-0.6201,-1.1884
2024-03-22,-2.615,-4.5607,-2.7101,-1.6742,-4.6512,-0.2656,-2.9435
2024-03-23,0.4444,0.0872,-0.8381,5.9594,1.0967,0.0183,2.0545
2024-03-24,4.9514,3.5378,6.1718,9.0853,2.4935,2.9201,3.2433
2024-03-25,4.0525,3.9439,3.0015,-0.6232,1.2638,3.4213,1.6558
2024-03-26,0.0415,-0.0941,0.8549,4.0479,-1.3573,-1.2388,1.2331
2024-03-27,-0.7608,-2.4359,-2.275,4.274,-3.2105,-0.972,-2.4812
2024-03-28,1.8567,1.7479,1.7493,15.6595,2.0588,1.5247,0.3547
2024-03-29,-1.2045,-1.3896,1.3745,-2.9986,0.9926,5.0383,2.0897
2024-03-30,-0.3541,-0.11,1.1224,-6.6042,-1.4268,-1.9002,-3.0102
2024-03-31,2.4242,3.9884,4.3669,10.3811,1.1901,0.9804,0.9311
2024-04-01,-2.2871,-3.9154,-5.0801,-6.5879,-2.8449,-5.0274,-4.4127
2024-04-02,-6.1048,-6.4991,-5.9177,-11.3327,-4.2205,-4.4614,-6.5466
2024-04-03,0.8157,1.0438,2.25,-3.7301,-1.8104,2.0589,-1.6695
2024-04-04,3.8315,0.5616,-0.6966,2.5071,3.2701,4.1674,2.048
2024-04-05,-0.9797,-0.335,-5.1406,-1.3341,-1.0443,-1.1059,-1.4065
2024-04-06,1.5603,1.0636,2.5294,4.7887,0.9872,1.209,1.6527
2024-04-07,0.677,2.9608,0.4106,7.043,0.2528,-0.3182,0.89
2024-04-08,3.2709,7.0015,0.6317,1.7579,3.4802,0.4791,4.19
2024-04-09,-3.4794,-5.1452,-4.6305,-6.7127,-0.2762,-1.0343,-3.6307
2024-04-10,2.0956,1.1005,0.5938,5.8201,0.6191,5.0365,-0.9461
2024-04-11,-0.747,-1.0861,-0.4964,-3.0,-1.4087,-0.8507,-0.0171
2024-04-12,-4.0889,-7.4806,-10.9754,-10.0,-9.936,-1.4075,-14.0908
2024-04-13,-5.0217,-7.343,-9.3037,-12.2566,-12.3268,-7.056,-11.0604
2024-04-14,3.0041,5.0598,8.5712,5.9399,4.8877,2.3306,4.6885
2024-04-15,-3.5177,-1.753,-8.4452,-0.5545,-1.3087,-2.5288,-1.7274
2024-04-16,0.608,-0.5378,-1.6095,-3.3457,-0.2009,-2.7213,-0.4774
2024-04-17,-3.9729,-3.2478,-3.2383,-5.3846,-0.3825,-0.6346,-3.1182
2024-04-18,3.6491,2.7239,7.7474,3.252,1.6572,3.3225,3.106
2024-04-19,0.5209,-0.2201,0.421,2.5591,0.159,0.4921,2.3357
2024-04-20,1.8026,3.2148,5.9245,4.1587,5.0615,2.8963,7.9138
2024-04-21,-0.1043,-0.3274,-1.6702,-2.7641,-0.8691,1.5166,-1.3046
2024-04-22,2.9434,1.7273,5.6671,1.832,6.1178,4.478,3.5249
2024-04-23,-0.644,0.5703,-1.4837,-0.8065,-2.0833,0.2089,-3.2308
2024-04-24,-3.208,-2.4878,-4.4965,-5.3158,-3.2649,0.2052,-5.058
2024-04-25,0.3186,0.532,-1.931,0.0,-0.3603,0.9734,-0.8212
2024-04-26,-1.1265,-0.8346,-3.9946,-2.3778,0.1142,-2.6546,-1.7622
2024-04-27,-0.5273,3.8977,1.5707,-0.0677,-1.5776,-0.3321,0.9293
2024-04-28,-0.4824,0.3261,-2.4296,-0.677,-1.4291,0.7303,-1.3919
2024-04-29,1.1533,-1.4511,-0.0578,-2.1813,0.9796,-1.2065,-0.6732
2024-04-30,-5.0191,-6.3177,-7.8489,-7.108,-2.9686,-2.4194,-3.6292
2024-05-01,-3.9297,-1.411,6.0374,-2.4006,3.3793,-2.9525,2.0644
2024-05-02,1.4925,0.619,2.3669,1.5373,0.2515,-0.157,1.8671
2024-05-03,6.3704,3.861,4.3233,10.598,2.624,4.7248,2.0074
2024-05-04,1.5927,0.4522,1.6432,9.6509,-0.282,-0.1983,-0.8342
2024-05-05,0.2186,0.631,-0.2888,0.5618,-0.1131,1.0743,-1.1432
2024-05-06,-1.3574,-2.3753,4.8653,-2.7933,2.0196,-0.6188,-0.8728
2024-05-07,-1.3095,-1.8334,-3.055,-4.0868,-2.9232,-1.8675,-2.7295
2024-05-08,-1.8399,-1.0949,-3.9421,-4.5939,-1.4294,1.8548,2.4214
2024-05-09,3.0431,2.0972,7.4178,6.141,0.7347,1.332,2.4083
2024-05-10,-3.58,-4.1577,-4.3396,-5.3254,-3.5893,-1.7465,-3.301
2024-05-11,0.0015,0.0622,-0.6172,-0.7639,0.7366,1.0938,-2.075
2024-05-12,1.0769,0.5873,-1.2343,-1.1896,-1.2846,0.4048,-0.2734
2024-05-13,2.3647,0.7054,2.6209,5.0992,1.0811,-0.474,-0.2742
2024-05-14,-2.1441,-2.3124,-3.5659,-2.0216,-0.9903,-4.2089,-1.9244
2024-05-15,7.6596,5.411,11.3753,6.9464,3.8208,2.7117,5.8164
2024-05-16,-1.5632,-3.0268,0.5877,-3.7942,-0.6358,-2.2135,1.479
2024-05-17,2.7905,5.0588,6.5449,4.0107,1.5707,2.1062,4.851
2024-05-18,-0.1656,0.9318,1.7747,-1.6067,-0.4582,-0.12,0.083
2024-05-19,-0.9896,-1.6365,-1.4186,-2.6127,-2.244,-1.0077,-3.068
2024-05-20,7.8002,19.2722,9.659,11.1335,5.4149,4.522,7.3139
2024-05-21,-1.8358,3.4242,-4.5059,2.8968,-0.0558,2.9643,-1.395
2024-05-22,-1.446,-1.3748,-0.7048,-2.522,-1.9553,-0.6062,-2.3646
2024-05-23,-1.7256,1.0625,-0.4947,-3.9711,0.3419,-2.6032,-3.6845
2024-05-24,0.8782,-1.3236,-4.6532,2.6316,1.4196,0.2598,-1.2465
2024-05-25,1.0797,0.5984,0.3818,6.2271,1.1198,0.328,0.5658
2024-05-26,-1.0797,2.0447,-3.0199,-4.4828,-2.5102,-0.3933,-0.8007
2024-05-27,1.2792,1.7279,4.0681,1.7449,1.0602,0.6169,2.0942
2024-05-28,-1.5827,-1.3297,-0.7914,-2.4246,-1.0491,-0.3833,-2.3504
2024-05-29,-1.0515,-2.0066,-0.3428,-0.7879,-0.9466,-1.0381,-1.3129
2024-05-30,1.1644,-0.4344,-0.6522,-2.5657,-0.8219,0.0092,-0.9756
2024-05-31,-1.2778,0.3517,-0.8018,-0.2508,-0.212,-0.2528,0.2015
2024-06-01,0.3193,1.4141,0.2373,0.6914,0.0966,1.3111,0.5587
2024-06-02,0.066,-0.8471,-1.6749,-1.8727,-0.9261,0.2864,-0.7778
2024-06-03,1.5545,-0.3837,1.0252,0.6997,1.2853,3.8815,2.3516
2024-06-04,2.5623,1.2247,4.1707,1.9583,1.0959,9.5411,0.9847
2024-06-05,0.7299,1.3572,0.9785,1.1152,-0.019,1.849,-0.065
2024-06-06,-0.4581,-1.3626,-1.9983,-1.8382,-0.7799,1.6562,-0.6722
2024-06-07,-1.9992,-3.4887,-4.4168,-7.4282,-4.3328,-3.8148,-1.8555
2024-06-08,-0.0531,0.0631,-2.7926,-1.4835,-1.1824,-0.1018,-2.8915
2024-06-09,0.4938,0.6779,2.6048,0.4791,1.1154,-1.3696,1.7178
2024-06-10,-0.1949,-1.0574,-1.9469,-1.4305,-0.4011,-7.2668,-0.8106
2024-06-11,-3.1365,-4.5923,-5.9769,-4.5612,-3.2823,-3.496,-4.2225
2024-06-12,1.3503,1.7519,3.847,5.8653,2.3319,2.761,3.7687
2024-06-13,-2.1758,-2.5378,-5.0672,-3.4884,-2.9502,-3.1783,-3.7917
2024-06-14,-1.1165,0.3168,-2.8646,-4.3232,-0.566,0.6114,-2.2555
2024-06-15,0.2725,2.4503,1.6198,1.1852,3.4577,0.7663,0.4858
2024-06-16,0.6769,1.5429,3.929,0.2196,-0.3872,0.3704,0.6526
2024-06-17,-0.2232,-3.0157,-5.1555,-5.8437,3.3552,-0.9158,-3.5062
2024-06-18,-2.0297,-0.7888,-4.0676,-5.1202,-2.8306,-2.6081,-4.5296
2024-06-19,-0.277,2.172,-1.3777,0.0,0.4685,1.7105,0.0521
2024-06-20,-0.2026,-1.3559,-1.5756,1.7171,-0.9124,-1.9481,0.1042
2024-06-21,-1.1298,0.1421,0.8356,-0.3215,0.0614,-0.2036,-2.1083
2024-06-22,0.244,-0.6047,-0.6822,-0.1613,-0.4908,0.828,2.3132
2024-06-23,-1.6681,-2.1804,-3.8002,-1.2116,-1.4591,-2.2941,-1.1694
2024-06-24,-4.5954,-1.9995,2.8392,-2.6983,-1.1262,-1.6689,-0.6574
2024-06-25,2.5337,1.3364,3.2651,6.0504,0.3375,1.8544,3.7321
2024-06-26,-1.6073,-0.7526,0.0365,-2.7734,-1.2823,-0.9863,-1.8117
2024-06-27,1.3049,2.2355,9.3986,3.423,1.086,1.4669,1.5333
2024-06-28,-2.0853,-2.0659,-6.5206,-3.2309,-0.8005,-2.4679,-1.3565
2024-06-29,0.9404,-0.0198,0.2195,-0.8958,0.2336,0.4701,-0.3633
2024-06-30,2.9414,1.7765,4.63,2.1364,0.7415,2.2215,2.1354
2024-07-01,0.2771,0.2171,0.07,-0.7241,0.2313,-0.8739,2.7282
2024-07-02,-1.3094,-0.6972,4.847,1.2966,1.6576,0.3978,3.6982
2024-07-03,-2.9907,-3.6131,-8.4379,-5.2,-3.6533,-3.8694,-2.6568
2024-07-04,-5.3116,-7.2396,-9.3658,-11.4768,-7.1123,-7.6509,-10.7696
2024-07-05,-0.5534,-2.3874,5.3457,0.6673,-1.8681,-3.1126,-3.5823
2024-07-06,2.8964,2.944,6.6026,7.5758,5.5464,5.9596,6.0875
2024-07-07,-4.2097,-4.5609,-8.0054,-8.2746,-6.5242,-7.0235,-6.6272
2024-07-08,1.5327,3.0499,5.8354,3.263,2.787,4.0768,6.4628
2024-07-09,2.2998,1.5007,1.3514,-0.0929,1.0197,1.166,1.7073
2024-07-10,-0.4598,1.2463,0.4432,0.4651,0.7112,1.5387,3.5971
2024-07-11,-0.6885,-0.0609,-4.2906,-1.2037,2.2779,0.1185,1.8004
2024-07-12,0.967,1.0911,2.6823,0.9372,5.7238,1.6413,5.2299
2024-07-13,2.3014,1.3733,1.7179,4.364,10.87,-0.2639,5.9784
2024-07-14,2.6267,2.105,4.0143,2.669,-0.646,2.3424,-2.0616
2024-07-15,6.7158,7.5668,8.34,8.4922,2.8686,7.5846,3.0766
2024-07-16,0.3499,-1.3193,0.3863,-0.2396,7.7152,-1.6305,-1.6607
2024-07-17,-1.5029,-1.5903,-3.0942,-2.4019,8.1291,-1.3305,-0.3423
2024-07-18,-0.2257,1.1068,2.2421,-1.9688,-9.0822,0.5341,-2.9311
2024-07-19,4.2769,2.3196,6.3578,5.0209,0.7374,3.8029,3.5622
2024-07-20,0.6798,0.3868,2.7815,7.0916,3.6424,-0.0219,-0.3189
2024-07-21,1.4753,0.4919,6.1244,4.3155,0.4708,1.3948,1.9424
2024-07-22,-0.8353,-2.7197,-3.0147,-1.6405,1.6904,-2.3151,-4.3936
2024-07-23,-2.4526,1.2085,-3.4757,-5.4387,-1.6623,-0.9896,-3.8453
2024-07-24,-0.8426,-4.1831,3.0532,-1.7638,3.5649,-1.292,-0.8047
2024-07-25,0.6197,-4.853,-3.409,-2.2639,-3.0705,-0.6727,-2.9744
2024-07-26,3.2456,3.1982,6.4977,7.2684,0.7169,1.8161,5.8272
2024-07-27,-0.1454,-0.8652,0.518,-2.0104,-1.2084,0.0879,0.1197
2024-07-28,0.6526,0.7346,0.435,-1.1398,0.8546,0.4317,-2.5825
2024-07-29,-2.1038,1.5001,-1.1388,-1.0761,0.0332,-1.6191,-0.8346
2024-07-30,-0.9262,-1.261,-2.0097,-2.4087,4.285,2.2662,-0.5693
2024-07-31,-2.3893,-1.4449,-4.0652,-2.8662,-0.637,-1.9223,-3.2114
2024-08-01,1.1425,-0.9201,-2.4176,-2.2951,-4.3917,-0.2119,1.0031
2024-08-02,-6.0321,-6.7327,-8.9663,-6.4597,-5.9849,-5.604,-7.3593
2024-08-03,-1.1967,-2.7672,-6.3655,-2.9596,-0.7846,-2.4744,0.0825
2024-08-04,-4.224,-7.4736,-3.4053,-4.159,-5.931,-6.1272,-5.5479
2024-08-05,-7.0986,-10.0206,-5.933,-8.8717,-6.4769,-6.5211,-8.927
2024-08-06,3.7837,1.7176,10.9546,2.0106,3.3095,4.2393,5.6194
2024-08-07,-1.7969,-4.9674,0.3759,-0.9336,18.8056,-2.0852,-2.1463
2024-08-08,12.1443,14.8406,12.6518,12.4607,2.7963,9.0912,8.6809
2024-08-09,-1.345,-3.1213,-3.9732,-3.1657,-5.8938,-1.5763,-0.938
2024-08-10,0.1079,0.401,-1.5966,1.1538,0.7571,2.776,-0.6313
2024-08-11,-3.653,-2.1751,-8.0751,-4.3726,-5.584,-3.7287,-5.1978
2024-08-12,1.0815,6.7044,3.4815,7.1571,2.8757,2.9241,3.2592
2024-08-13,2.1145,-0.762,0.1765,-1.2987,1.3361,1.0785,0.354
2024-08-14,-3.0891,-1.5075,-1.9011,-3.5714,-1.2491,-0.0216,-1.3815
2024-08-15,-2.0041,-3.4859,-0.8183,-2.2417,-1.4406,-0.791,-3.0104
2024-08-16,2.3176,0.8988,-2.3925,0.0997,0.6239,0.0189,1.5673
2024-08-17,0.9931,0.8237,1.7713,2.3904,0.3189,4.2821,1.9365
2024-08-18,-1.6729,-0.0455,0.556,-2.5292,-0.4238,-1.9596,-0.6233
2024-08-19,1.7261,0.9164,1.2321,1.2974,6.1536,5.3066,0.5974
2024-08-20,-0.8079,-2.4343,-0.8147,1.4778,-0.7016,1.6877,2.0487
2024-08-21,3.6643,2.2653,-0.32,3.1068,0.9926,0.1322,7.3902
2024-08-22,-1.2967,-0.3209,0.3842,-0.8475,-0.4498,2.2863,2.0049
2024-08-23,6.1483,5.3945,6.8752,7.2175,2.2758,1.5014,3.9841
2024-08-24,0.1321,0.1788,4.98,-0.2657,0.3109,-1.8661,0.6386
2024-08-25,0.2408,-0.7306,-1.134,-2.5755,-2.1041,-1.1213,-2.2843
2024-08-26,-2.2584,-2.4668,-1.0523,-4.0109,-2.116,-4.427,-4.6753
2024-08-27,-5.3697,-8.3023,-6.5759,-5.8879,-3.3872,-2.7061,-4.4959
2024-08-28,-0.8008,2.8343,-2.0461,0.5045,0.4052,0.5319,-0.0856
2024-08-29,0.6108,0.0149,-2.6669,0.8032,-1.3687,-0.0355,1.9417
2024-08-30,-0.4525,-0.1175,-1.3952,1.5936,0.8717,-0.2441,-2.7451
2024-08-31,-0.253,-0.492,-1.9737,-0.6863,-0.1235,-0.4518,-0.5184
2024-09-01,-2.7886,-3.4014,-4.9372,-5.8243,-3.2315,-3.8097,-3.9664
2024-09-02,3.1173,4.5424,4.9046,3.8784,3.5766,2.7007,1.2964
2024-09-03,-2.8445,-4.6326,-5.4998,-2.4218,-1.797,-1.4759,-5.1786
2024-09-04,0.9412,1.1722,4.7236,1.3444,0.1435,-2.0916,1.538
2024-09-05,-3.124,-3.3173,-3.1998,0.3061,-2.5081,-1.1325,0.4946
2024-09-06,-3.9382,-6.0759,-3.3549,-5.9003,-4.208,-3.0208,-3.199
2024-09-07,0.3539,2.2587,2.1854,3.027,0.7289,1.2987,3.3047
2024-09-08,1.2964,1.0196,1.7757,0.8395,0.7998,1.9817,4.1833
2024-09-09,3.9714,2.6635,3.8742,8.0125,1.946,3.0905,1.3877
2024-09-10,1.1034,1.3186,0.4515,-1.0597,0.278,-0.2047,0.0291
2024-09-11,-0.53,-2.0815,-2.3134,-1.2658,-1.0719,2.4562,2.7948
2024-09-12,1.3669,0.9377,2.7506,1.3807,5.0999,2.6613,0.9063
2024-09-13,4.2051,3.3799,2.1732,4.1829,1.8663,2.3359,1.291
2024-09-14,-0.9347,-0.9425,-1.3808,-1.4939,4.0307,-0.6199,-1.7733
2024-09-15,-1.3704,-4.0395,-4.1408,-2.4645,-4.2268,0.0736,-4.5134
2024-09-16,-1.6733,-1.1036,-0.0204,-3.1098,2.5219,-3.6397,-2.4225
2024-09-17,3.6363,2.0226,0.0491,1.4042,-0.1537,2.2863,1.0899
2024-09-18,2.2238,1.1966,1.8662,2.4728,0.1369,2.3866,2.6954
2024-09-19,2.0937,4.0099,6.6007,1.3514,0.3588,1.2841,2.333
2024-09-20,0.4012,3.9079,2.6117,0.4762,-0.3745,0.4171,0.342
2024-09-21,0.3194,2.1392,2.0197,4.2654,2.2044,3.5972,1.8461
2024-09-22,0.4005,-1.2613,-3.1589,-3.3636,-1.7556,-0.1615,-1.8963
2024-09-23,-0.501,2.5431,0.0079,1.7874,-0.4255,2.7681,3.3826
2024-09-24,1.5351,0.2193,5.5776,1.4787,1.0938,0.3569,6.5988
2024-09-25,-1.8022,-2.8243,-3.1845,-1.184,-1.3525,-3.1607,-1.7023
2024-09-26,3.2274,2.0474,5.1024,8.9401,1.1825,1.6046,5.4579
2024-09-27,0.9353,2.4201,1.3973,4.6531,-0.2541,1.8583,0.0995
2024-09-28,0.1474,-0.6811,-0.5309,4.042,4.398,-1.0364,-0.2983
2024-09-29,-0.383,-0.6794,1.0941,-3.108,4.4079,-0.8571,-0.8726
2024-09-30,-3.5131,-2.1165,-3.7892,-8.2598,-4.7359,-4.8878,-6.1368
2024-10-01,-3.9358,-5.9215,-4.8019,-6.4685,-2.2895,-3.3958,-5.5734
2024-10-02,-0.3357,-3.4174,-3.3755,-2.0561,-9.6569,-0.9644,-2.3837
2024-10-03,0.2088,-0.6528,-2.5647,0.2863,-3.2975,0.3156,0.3488
2024-10-04,2.1529,2.7663,4.6694,3.9962,2.3563,2.013,1.7961
2024-10-05,0.0362,0.0347,-0.3217,0.183,-0.8984,1.4089,-0.1992
2024-10-06,1.1741,1.007,2.6142,1.8265,0.7743,1.3021,1.8534
2024-10-07,-0.9269,-0.7443,-1.6734,-2.5112,-0.6934,-1.1205,-1.5957
2024-10-08,-0.1682,0.7451,-0.4149,-1.5639,0.1887,2.8812,-1.9915
2024-10-09,-2.4945,-2.9329,-2.8445,0.8411,-1.2432,-1.7448,-1.3933
2024-10-10,-0.5077,0.6576,-0.3066,-1.7609,1.0872,-1.3242,-0.2355
2024-10-11,3.6012,2.2088,4.6748,4.434,1.566,1.8004,3.6294
2024-10-12,1.1977,1.6421,0.7698,0.6323,0.2415,0.6271,0.5695
2024-10-13,-0.5406,-0.3572,0.7318,-0.0898,-1.5011,-0.8029,-1.4723
2024-10-14,5.083,6.5334,6.6901,4.8518,3.1044,2.9867,4.569
2024-10-15,1.5065,-0.8702,-1.7304,0.6855,-1.1861,0.8981,-1.4839
2024-10-16,0.8526,0.1949,-0.3144,7.0638,1.2004,1.1156,-1.6736
2024-10-17,-0.3149,-0.2615,-2.5404,3.1002,-0.7847,-1.461,-2.695
2024-10-18,1.5118,1.4314,3.1001,5.7826,0.515,1.2373,2.2449
2024-10-19,-0.0819,0.269,3.0092,5.3207,-0.4026,-0.2319,0.2851
2024-10-20,0.9347,3.6889,4.5731,-1.6609,0.6247,1.2614,3.7248
2024-10-21,-2.3678,-2.9367,-0.433,1.126,-0.5112,-1.1065,-1.0417
2024-10-22,-0.0096,-1.7074,0.6276,-2.9228,-2.1105,-0.9113,0.7756
2024-10-23,-1.3794,-4.2401,2.1956,-0.7168,-1.5373,-1.8349,-4.1781
2024-10-24,2.6024,1.0123,3.6414,2.5271,1.2567,2.0055,-0.6598
2024-10-25,-2.228,-3.8889,-6.9994,-7.7465,-5.6224,-3.3495,-6.324
2024-10-26,0.5586,1.7927,3.6108,4.8855,2.1717,1.4893,2.7744
2024-10-27,1.3648,1.0622,3.423,5.0218,0.702,1.014,1.9496
2024-10-28,2.9125,2.3707,0.8812,11.6424,0.5422,2.018,1.1474
2024-10-29,4.0235,2.8304,0.7051,9.1248,1.6757,0.8445,3.4613
2024-10-30,-0.5239,0.736,-2.4731,-4.38,-0.9282,-1.6412,-0.1125
2024-10-31,-2.9366,-5.3276,-3.713,-3.9857,-2.6386,-3.3058,-3.7996
2024-11-01,-1.0435,-0.1556,-1.2871,-1.3631,0.7266,-0.5681,4.4763
2024-11-02,-0.278,-0.8287,-0.1514,0.0628,-0.5849,-0.825,-2.6043
2024-11-03,-0.7911,-1.3907,-2.0836,-4.8964,-1.3728,-1.83,-3.8815
2024-11-04,-1.3523,-2.4181,-2.9555,4.4884,0.0597,-0.9989,-2.4828
2024-11-05,2.2829,1.069,5.6897,7.5174,2.1463,2.0905,2.4233
2024-11-06,9.0536,12.4458,12.1354,15.5699,5.5253,5.0359,8.805
2024-11-07,0.3514,6.2924,5.0171,-1.7794,2.2677,1.088,11.4781
2024-11-08,0.844,2.3039,1.8358,4.6066,-0.1082,-0.0815,9.5802
2024-11-09,0.3049,5.6999,0.128,8.2632,0.9746,4.4195,11.2438
2024-11-10,4.8129,1.9222,5.2043,27.5594,5.3441,0.6291,19.5665
2024-11-11,10.2235,5.7494,5.7109,25.2239,5.2766,5.3453,3.981
2024-11-12,-0.8407,-3.8093,-4.6756,9.3562,14.0532,-5.2703,-6.5005
2024-11-13,2.9883,-1.653,1.3913,4.5264,-2.4587,-0.9575,0.8538
2024-11-14,-3.6803,-4.1862,-2.7723,-9.4869,11.9803,0.1095,0.2246
2024-11-15,4.3731,1.4414,4.2423,4.8673,15.4075,-0.4526,16.2041
2024-11-16,-0.5573,0.9743,-1.0299,-4.0876,25.4456,0.5666,9.5831
2024-11-17,-0.7869,-1.8387,10.0657,0.7974,-5.7904,-0.6384,-4.9276
2024-11-18,0.7755,4.2981,0.9339,1.3912,6.0324,0.1674,4.5992
2024-11-19,1.9893,-3.0074,-0.7076,5.3,-1.4313,-0.5567,0.6806
2024-11-20,2.1612,-1.2598,-1.123,-3.5514,0.0363,-1.6023,8.2071
2024-11-21,4.4152,9.4026,9.1929,2.6755,13.4355,2.7567,2.5241
2024-11-22,0.5004,-0.8763,-0.2129,6.5273,17.4824,1.7159,23.1444
2024-11-23,-1.2327,1.9397,-0.5225,4.1414,0.0,2.7914,5.5226
2024-11-24,0.2419,-0.9588,-0.8853,-0.0233,-2.4915,1.4005,-4.0424
2024-11-25,-5.0111,1.483,-7.3039,-8.5136,-1.1868,-3.5858,-7.5652
2024-11-26,-1.1997,-2.5495,-1.4794,-1.4493,-0.9962,-3.6209,1.639
2024-11-27,4.3237,9.9423,4.9026,3.5862,5.1024,5.1111,5.4203
2024-11-28,-0.3231,-2.1174,-1.873,0.1245,4.651,1.4595,1.9935
2024-11-29,1.8913,0.3822,2.4333,5.9204,16.5704,0.0685,4.1993
2024-11-30,-1.0388,3.1226,-2.3838,-0.8924,8.2039,-0.0734,0.1857
2024-12-01,0.8613,0.1473,-0.2834,4.2654,19.3457,0.245,7.0813
2024-12-02,-1.454,-1.8045,-4.7723,-3.4773,16.9641,-1.2712,4.0249
2024-12-03,0.1428,-0.6445,3.7404,-3.9557,-6.9386,13.9134,-0.3079
2024-12-04,2.8816,6.0933,-2.1695,5.9083,-6.7749,0.2109,-0.9014
2024-12-05,-2.2021,-0.7894,2.1296,-0.3241,-2.5144,-3.3724,-0.219
2024-12-06,3.4445,5.1116,1.3045,1.1844,5.6422,2.4757,3.9166
2024-12-07,0.0026,-0.0778,0.6315,4.1772,7.9144,2.4954,-1.3728
2024-12-08,1.3137,0.0752,-0.7863,2.9522,-0.3172,-0.9299,-1.4742
2024-12-09,-3.7569,-7.1651,-8.1677,-11.2562,-14.9254,-7.1804,-15.782
2024-12-10,-0.7772,-2.3357,-1.6181,-4.871,6.7688,-1.8758,1.2605
2024-12-11,4.6523,5.5341,6.3707,5.0697,1.3042,5.1447,6.734
2024-12-12,-1.1169,1.3118,-0.1847,-1.93,-2.3874,-0.8243,3.3153
2024-12-13,1.4156,0.7237,-0.9644,0.6396,3.3507,2.8771,-0.48
2024-12-14,-0.085,-1.0943,-2.2223,-2.7133,-0.9334,-1.4539,-5.2787
2024-12-15,2.8861,2.1594,1.7362,2.0854,2.0094,0.4805,3.885
2024-12-16,1.6597,0.8993,-3.2741,-1.0829,1.7083,0.1658,-2.0695
2024-12-17,0.1046,-2.5258,2.9961,-1.891,3.0739,-0.5059,-2.5396
2024-12-18,-5.7462,-6.8945,-7.376,-9.2062,-10.2097,-4.0546,-7.903
2024-12-19,-2.5495,-5.5506,-5.8616,-11.9832,-2.3618,-3.0619,-8.5605
2024-12-20,0.2718,1.5982,-0.0393,0.8251,1.2451,1.7278,7.397
2024-12-21,-0.5434,-3.8972,-6.6458,1.0387,-1.7041,-2.1837,-4.8686
2024-12-22,-2.1803,-1.7885,-0.6247,-2.7414,-1.7336,-2.1974,-2.3986
2024-12-23,-0.4402,4.2181,5.3199,3.8437,2.6372,6.8284,4.6659
2024-12-24,4.2138,2.2327,3.813,3.9173,2.9814,0.5397,1.3309
2024-12-25,0.6315,0.034,0.2488,-0.7717,-1.2303,0.8017,-2.0929
2024-12-26,-3.5284,-4.6378,-4.6896,-6.5809,-6.1716,-1.9887,-6.2275
2024-12-27,-1.7022,-0.0693,-2.3322,-0.4163,-0.5895,0.3006,1.7446
2024-12-28,1.061,2.0723,6.0845,4.1479,1.8304,4.4218,1.4861
2024-12-29,-1.7167,-1.4241,-2.702,-2.9639,-4.0169,-3.7734,-3.289
2024-12-30,-0.9484,0.2054,0.6765,-0.2545,-1.7007,1.4979,0.1631
2024-12-31,0.8484,-0.7109,-0.9232,0.7018,1.0935,-0.4487,-1.8837
2025-01-01,1.0602,0.6293,2.4353,2.7241,11.6437,0.7883,8.7461
2025-01-02,2.6129,2.919,7.1662,4.4095,3.4922,-0.1181,4.7624
2025-01-03,1.2598,4.4509,4.8036,12.0201,2.0596,1.1287,13.4297
2025-01-04,0.1313,1.4618,-0.5164,4.0601,-1.3576,0.0277,-1.7425
2025-01-05,0.0801,-0.6453,-1.4907,-3.0656,-0.8224,-0.642,2.0627
2025-01-06,3.8276,1.4999,2.4975,1.4114,0.7959,2.8398,0.0549
2025-01-07,-5.0504,-8.3238,-7.5405,-10.2062,-6.0526,-4.3914,-9.3319
2025-01-08,-1.9388,-1.6338,-2.3098,-1.7796,4.5283,-0.2196,-4.4355
2025-01-09,-2.693,-3.2137,-6.3443,-6.2244,-4.2142,-1.5401,-4.4304
2025-01-10,2.3976,1.4928,1.3803,4.0823,2.9931,1.2412,2.8146
2025-01-11,-0.1424,0.4507,0.2219,2.0958,9.9646,0.4373,6.7633
2025-01-12,-0.0826,-0.4956,0.3005,-1.4663,-2.736,-0.5181,-2.6043
2025-01-13,0.0297,-3.9943,-3.0362,0.6845,0.6623,-0.6898,-2.4675
2025-01-14,2.1346,2.8125,2.5505,5.2616,5.7949,1.5041,5.3139
2025-01-15,4.113,7.0371,9.8202,8.3123,18.2084,2.2056,8.4732
2025-01-16,-0.7438,-4.1209,2.5819,-2.3334,2.8652,-0.8025,1.01
2025-01-17,4.7166,5.0104,3.9738,10.4062,1.6361,1.8993,4.1281
2025-01-18,-0.0517,-4.8449,19.2368,-4.7608,-0.7458,-1.7077,-2.9072
2025-01-19,-3.1784,-2.929,-4.3088,-9.6693,-9.7526,-3.8371,-10.0626
2025-01-20,0.9171,2.1524,-3.3267,-0.8944,4.9108,-0.0587,1.7554
2025-01-21,4.048,1.5061,3.3699,4.7941,2.2453,1.4686,-0.3867
2025-01-22,-2.3488,-2.6201,2.7249,-2.2874,0.0536,0.4577,-2.2992
2025-01-23,0.2963,2.9161,-1.4703,-2.9468,-1.6146,-0.6877,0.6011
2025-01-24,0.8266,-0.7545,-0.0371,-0.4824,-0.5257,-1.4475,-1.6203
2025-01-25,-0.1,0.2331,1.0706,0.8839,0.1998,0.8902,0.597
2025-01-26,-1.9407,-2.4458,-5.9319,-4.9463,-2.6851,-2.8421,-2.292
2025-01-27,-0.5793,-1.768,-2.4116,-0.7434,0.8922,1.9541,-2.3039
2025-01-28,-0.7398,-3.2026,-3.348,-4.4038,0.2587,-2.7021,-1.8008
2025-01-29,2.3396,1.1662,0.3261,1.5042,0.2352,0.9466,2.729
2025-01-30,0.9952,4.3296,4.86,2.3464,2.0467,1.4779,2.1145
2025-01-31,-2.2249,1.5544,-3.0897,-0.8446,-3.0564,-0.0263,-1.9563
2025-02-01,-1.708,-5.4555,-7.7072,-6.1758,-4.9713,-3.5346,-4.7018
2025-02-02,-2.9476,-8.0054,-4.9888,-13.262,-10.5634,-5.4837,-10.7139
2025-02-03,3.8044,0.5533,6.4149,6.5421,4.7058,-0.0777,1.2349
2025-02-04,-3.4846,-5.1833,-4.1904,-7.3333,-6.138,-7.0963,-8.0458
2025-02-05,-1.2837,1.9279,-5.3618,-2.9913,-6.0385,-0.6246,-1.7553
2025-02-06,-0.0229,-3.5648,-3.1714,-3.1616,-2.3255,0.4435,-3.8325
2025-02-07,-0.0665,-2.462,1.2816,-0.6046,2.8665,1.0122,0.2836
2025-02-08,-0.0483,0.3851,3.8476,2.717,1.2868,6.0992,-0.7495
2025-02-09,0.0183,-0.1363,0.4497,-1.5792,-1.1343,0.541,-2.7216
2025-02-10,0.9715,1.2343,-0.0704,2.4067,1.0764,0.2712,4.1014
2025-02-11,-1.7346,-2.194,-1.1849,-0.8617,-0.3508,3.9256,9.6665
2025-02-12,2.2334,5.153,-0.6105,4.3461,2.4273,8.6292,2.5404
2025-02-13,-1.2892,-2.2288,-1.1754,-0.6058,3.6275,-4.2634,1.4389
2025-02-14,0.916,1.8756,2.8153,3.581,6.9346,-1.5314,-1.2582
2025-02-15,0.0732,-1.1933,-2.7277,-0.0736,0.781,0.651,-2.4235
2025-02-16,-1.4402,-1.1228,-3.0829,-2.2083,-1.2239,1.7775,-1.165
2025-02-17,-0.4176,2.9994,-5.7281,-2.8604,-2.5478,-1.0194,4.6632
2025-02-18,-0.2442,-2.6925,-4.8429,-2.7896,-3.7392,-2.9654,-6.8812
2025-02-19,1.1472,1.7395,-0.0435,1.5544,7.1085,0.9377,2.7246
2025-02-20,1.7575,0.9064,4.1643,0.0392,-1.8243,0.5641,4.0885
2025-02-21,-2.2458,-2.946,-4.0655,-6.12,-4.4857,-1.5675,-5.3574
2025-02-22,0.4704,3.9243,1.9369,3.0924,0.2179,3.3506,1.7205
2025-02-23,-0.3146,2.0724,-2.3959,-1.4998,0.0505,-1.5961,-0.581
2025-02-24,-5.0437,-10.8988,-15.5016,-13.4156,-11.6065,-6.6789,-11.4026
2025-02-25,-2.9338,-0.8047,1.4919,0.9506,1.8789,1.4623,0.0586
2025-02-26,-4.9463,-6.5023,-6.4372,-3.2486,-5.5285,-1.9661,-5.5084
2025-02-27,0.4235,-1.1138,2.0689,0.6326,0.2828,-0.912,0.093
2025-02-28,-0.391,-2.9312,7.5637,-2.3211,-2.4106,-2.9204,-1.9362
2025-03-01,1.9662,-0.9501,-2.9415,2.2277,2.0973,3.4147,4.1384
2025-03-02,9.5505,13.6716,24.235,15.8838,34.0683,2.539,71.3181
2025-03-03,-8.682,-14.8479,-20.4344,-16.799,-18.7681,-7.6679,-24.2762
2025-03-04,1.3438,1.1391,2.0388,0.0,2.909,1.4634,10.055
2025-03-05,3.8997,3.3162,0.9321,2.8127,1.8492,2.4656,3.6226
2025-03-06,-0.7303,-1.7619,-1.9909,-1.4656,4.0472,-0.2094,-6.951
2025-03-07,-3.5782,-2.8826,-2.8922,-1.8344,-8.4599,-0.4626,-10.0044
2025-03-08,-0.678,2.923,-1.6285,-2.9293,-2.4437,-0.1486,-1.4814
2025-03-09,-6.446,-8.4488,-7.6724,-12.6951,-8.126,-6.4916,-10.5132
2025-03-10,-2.567,-7.6585,-6.441,-8.1645,-5.4483,-4.0496,-6.5963
2025-03-11,5.5139,3.1536,5.8941,6.5542,7.3626,3.6369,7.4338
2025-03-12,1.038,-0.5658,1.0532,4.9939,3.4104,3.3402,1.7714
2025-03-13,-3.172,-2.4103,-2.6047,-4.2343,0.4552,1.6361,-4.501
2025-03-14,3.5803,2.4959,8.1343,4.0581,4.6824,1.3669,5.126
2025-03-15,0.4454,1.4626,1.9488,2.5029,1.5617,5.5098,1.3545
2025-03-16,-2.0908,-2.5787,-7.3021,-4.4861,-3.9821,-2.7877,-5.6795
2025-03-17,1.8116,2.0964,1.7268,3.151,1.8582,4.8398,1.7427
2025-03-18,-1.6142,0.2875,-2.2245,-3.17,-2.29,-0.5113,-2.2281
2025-03-19,4.9998,6.4788,8.1874,6.0119,11.3161,-1.4132,5.9963
2025-03-20,-3.0937,-3.6763,-5.9564,-4.8849,-4.3641,1.7254,-3.5877
2025-03-21,-0.1473,-0.8704,0.7319,-1.3577,-2.2754,0.7406,-1.7282
2025-03-22,-0.2508,0.7731,0.0426,0.1197,-0.3993,-1.2659,-0.5957
2025-03-23,2.6504,1.2758,3.2022,2.9886,2.7724,-0.5147,1.227
2025-03-24,1.6786,3.5995,6.2368,6.1521,0.5215,2.1328,3.0303
2025-03-25,-0.0311,-0.4676,2.0926,4.374,0.1266,-1.0526,1.9425
2025-03-26,-0.6526,-2.8328,-4.5394,2.043,-4.1692,-1.925,-2.2947
2025-03-27,0.3179,-0.34,0.7712,-2.2074,-0.4598,3.1385,1.3185
2025-03-28,-3.2393,-5.3364,-6.4506,-5.4068,-5.7392,-2.7828,-4.3514
2025-03-29,-2.0812,-3.5971,-3.7363,-5.8824,-2.9128,-2.6211,-4.4926
2025-03-30,-0.3185,-1.1548,0.0441,-1.9458,-0.1776,-0.2334,-1.9587
2025-03-31,0.2604,0.9557,0.0413,0.2405,-2.1628,0.5388,0.1059
2025-04-01,3.1742,4.4975,1.5945,4.4391,2.3781,1.0287,2.4645
2025-04-02,-3.1507,-5.7821,-7.045,-5.6864,-5.3515,-3.3796,-5.3268
2025-04-03,0.7482,1.1321,-0.5911,-1.2789,1.8468,0.2517,1.3248
2025-04-04,0.8916,-0.0166,4.8909,5.5521,3.2242,0.9212,1.5844
2025-04-05,-0.4043,-0.5157,-2.0588,-1.2274,0.6905,-0.7471,-0.8631
2025-04-06,-6.3353,-12.6937,-12.0964,-11.9527,-10.5332,-6.4945,-12.5095
2025-04-07,1.3052,-1.3628,1.1265,0.4704,-1.048,-0.0201,2.1997
2025-04-08,-3.74,-5.3167,-1.3008,-4.9498,-5.4379,-0.1832,-4.6976
2025-04-09,8.2625,13.2754,12.8377,12.8783,14.3263,5.222,13.2282
2025-04-10,-3.5699,-8.7241,-5.2526,-4.1771,-4.1527,-0.8523,-3.5302
2025-04-11,4.7455,2.9314,7.7378,4.164,2.9189,1.5038,2.4286
2025-04-12,2.2568,4.8737,8.8274,4.6846,6.6555,1.8826,5.5591
2025-04-13,-1.8785,-2.8501,-2.7822,-2.864,-1.7789,-2.1906,-3.1568
2025-04-14,1.0246,1.6336,0.5674,-2.6413,0.3113,0.0501,-0.5015
2025-04-15,-1.0331,-2.1037,-2.3566,-3.1546,-1.8008,-0.7956,-4.0479
2025-04-16,0.4361,-0.6627,4.1078,0.7818,-0.2538,0.5383,0.197
2025-04-17,1.0256,0.2815,2.4717,0.6464,-0.8065,1.2622,0.9666
2025-04-18,-0.5241,0.4029,-0.4641,1.2203,-0.1403,0.2714,1.8011
2025-04-19,0.7254,1.5103,4.2341,-0.1904,1.1534,0.0022,0.0956
2025-04-20,0.1304,-1.5753,-1.4137,-1.335,-0.4935,0.202,-1.3057
2025-04-21,2.7527,-0.4901,-0.7768,2.7062,0.4092,0.7491,0.6615
2025-04-22,6.7677,11.2422,8.8037,12.0452,6.2335,3.5842,9.0559
2025-04-23,0.2753,2.2063,1.6225,0.0,0.0858,-2.1027,2.5279
2025-04-24,0.2611,-1.4627,0.7614,2.1837,-0.5818,-0.6766,3.469
2025-04-25,0.8268,0.9494,-0.9117,-0.3836,-0.9707,-0.2551,-1.0668
2025-04-26,-0.0777,1.9728,-1.0772,0.055,0.4626,1.2535,-0.9242
2025-04-27,-0.9425,-1.5926,-0.699,-1.2095,2.8725,-0.6723,-0.4947
2025-04-28,1.3054,0.3339,-0.294,-0.3895,1.7241,0.455,0.2131
2025-04-29,-0.7306,0.018,-0.935,-2.4581,-2.3659,-0.88,-1.304
2025-04-30,-0.0822,-0.3002,0.83,-1.3173,-2.1956,-0.2242,-2.0681
2025-05-01,2.4255,2.5336,2.1697,4.9333,1.0312,0.0394,3.4463
2025-05-02,0.4329,0.1896,-1.8539,0.4425,-0.1987,0.2077,-1.0491
2025-05-03,-1.0507,-0.4813,-0.8469,-3.1938,-0.9684,-0.3049,0.4298
2025-05-04,-1.6433,-1.3766,-1.9163,-2.9579,-1.3983,-2.2252,-3.4665
2025-05-05,0.4581,0.6139,1.8846,0.0,-1.0288,1.9957,-2.0245
2025-05-06,2.1683,-0.2533,0.0476,0.8792,0.9271,0.8004,2.3228
2025-05-07,0.2374,-0.1918,0.3048,-0.0581,-1.3547,0.1337,-1.0613
2025-05-08,6.399,21.7988,11.376,14.8837,9.2654,4.2076,14.2133
2025-05-09,-0.2621,6.2992,5.4083,3.8968,0.9254,6.0788,1.448
2025-05-10,1.6757,10.1008,2.7736,21.1398,5.4293,-0.489,8.178
2025-05-11,-0.5635,-2.7952,-2.5871,-6.916,-4.2678,-1.9577,-4.3148
2025-05-12,-1.2424,-0.5513,0.7059,-0.216,7.5259,1.5153,1.5652
2025-05-13,1.3197,7.3599,5.6003,4.4156,1.6466,0.7701,1.7123
2025-05-14,-0.6052,-2.6143,-3.9657,-3.4826,-1.3068,-1.9532,-3.86
2025-05-15,0.1982,-2.4216,-4.357,-5.8419,-6.7497,-0.2003,-4.7905
2025-05-16,-0.2461,-0.4146,-0.9917,0.958,0.0252,-0.759,-0.2496
2025-05-17,-0.2881,-2.3871,-0.8386,-2.9824,-1.1172,-1.037,-2.2257
2025-05-18,3.1543,0.908,4.8019,9.0824,3.3894,1.9614,2.4515
2025-05-19,-0.789,1.2382,-4.0452,-4.1845,-2.1691,-0.3544,-2.3008
2025-05-20,1.122,-0.1974,0.9705,0.7576,-1.033,0.0735,0.3499
2025-05-21,2.7034,1.1162,3.0852,3.5383,1.7863,3.5086,3.3526
2025-05-22,1.8191,4.3807,3.4599,4.6561,1.2881,1.9442,4.8527
2025-05-23,-3.9271,-5.1692,-3.2642,-8.2449,-5.5766,-4.3723,-7.6352
2025-05-24,0.4692,0.1664,1.2754,0.2224,1.6824,1.84,0.1072
2025-05-25,1.1543,0.8345,-0.18,-0.1332,0.4329,0.241,1.7131
2025-05-26,0.3714,0.4849,-0.4653,0.4444,-1.3786,0.6681,-0.0526
2025-05-27,-0.4073,3.8583,1.0905,0.0885,0.3462,1.8931,-0.1185
2025-05-28,-1.0939,0.7188,-2.6161,-2.3873,-1.9149,0.0358,-1.5553
2025-05-29,-2.0042,-1.8477,-3.253,-2.7174,-1.3235,-1.7796,-3.2936
2025-05-30,-1.5554,-3.9014,-6.215,-9.9628,-4.7055,-2.9163,-4.5687
2025-05-31,0.6149,-0.0338,0.2587,-0.4137,1.7067,0.4606,-0.4642
2025-06-01,0.9691,0.2839,0.7314,0.5192,0.1885,0.3782,-0.1603
2025-06-02,0.2172,2.7927,-0.4984,0.9298,0.8535,0.8471,0.6861
2025-06-03,-0.4241,-0.53,-1.0541,-1.1771,2.2295,-0.7339,-0.7395
2025-06-04,-0.6644,0.5924,-1.2769,-2.5375,-1.9806,0.3034,-2.7315
2025-06-05,-3.0134,-7.3739,-5.749,-8.8204,-4.7541,-4.4677,-5.7516
2025-06-06,2.7707,2.5208,2.3316,4.3124,3.0892,1.4795,4.5889
2025-06-07,1.1737,1.9906,1.5016,3.4637,0.7445,1.1992,1.3102
2025-06-08,0.1686,-0.6221,1.5293,-0.54,3.9936,0.1532,0.7368
2025-06-09,4.254,6.7999,5.6804,5.8089,2.4233,2.117,5.2545
2025-06-10,-0.0334,4.9226,2.4455,1.7445,-0.6507,1.1497,1.5317
2025-06-11,-1.4245,-1.4213,-2.407,-2.6727,-1.4922,-0.882,-2.4724
2025-06-12,-2.5372,-4.3891,-5.1325,-5.9585,-3.3511,-1.7112,-4.927
2025-06-13,0.1529,-2.7268,-2.7235,-0.6061,-2.0868,-0.1506,-3.2691
2025-06-14,-0.583,-1.7849,-2.6002,-1.0532,-0.3537,-1.4258,-2.6787
2025-06-15,0.0755,0.5287,5.5613,-1.5686,1.2048,0.3666,1.4242
2025-06-16,1.1793,-0.2447,-1.2724,-1.7075,3.4422,0.4135,-0.3471
2025-06-17,-2.0559,-1.1747,-2.0681,-1.7371,-3.6176,-0.3765,-3.3566
2025-06-18,0.2698,0.5393,-0.9453,0.5303,0.4165,-0.5712,-1.1468
2025-06-19,-0.1898,-0.1049,0.4909,0.2345,-0.1751,-0.0196,-0.2154
2025-06-20,-1.3132,-4.5347,-4.6936,-4.9708,-2.1054,-0.4493,-4.1189
2025-06-21,-1.0185,-4.4369,-3.5726,-5.1077,-2.9571,-2.0313,-3.9841
2025-06-22,-1.2422,-3.142,-2.623,-1.8807,-2.119,-2.0284,-2.3994
2025-06-23,4.5458,8.6891,10.0528,8.6583,7.5621,4.1074,7.8189
2025-06-24,0.4431,1.0812,0.7648,0.7908,1.131,0.3806,0.7029
2025-06-25,1.2406,-1.1723,-1.6782,-0.6639,-0.2237,0.3396,-3.4559
2025-06-26,-0.3737,-0.1308,-3.0976,-2.7947,-3.6598,-0.5433,-2.31
2025-06-27,0.1201,0.3195,2.252,0.6875,1.7427,0.5821,0.8664
2025-06-28,0.2234,0.5463,6.0736,1.6139,2.0256,0.4019,1.2348
2025-06-29,0.9856,2.6199,1.6744,3.6042,0.9652,0.9689,2.192
2025-06-30,-1.1535,-0.5796,0.9013,-2.6533,1.4317,0.3037,-1.0379
2025-07-01,-1.3413,-3.2444,-5.0465,-4.4216,-2.9705,-1.6175,-5.2264
2025-07-02,2.9906,6.881,3.6079,6.9075,2.8358,2.1132,7.7278
2025-07-03,0.7245,0.765,0.1144,1.9561,1.0699,0.4948,2.5681
2025-07-04,-1.4717,-3.1837,-3.0434,-5.2907,-1.6211,-1.4448,-4.3732
2025-07-05,0.1822,0.3493,-0.0827,0.8594,-0.1171,0.3676,0.5237
2025-07-06,0.9248,2.1434,2.8661,4.6865,2.4341,1.0586,1.7538
2025-07-07,-0.8534,-1.0977,-1.9757,-2.3256,0.0704,-0.3123,-0.9898
2025-07-08,0.6006,2.8507,1.9736,1.7857,1.6314,-0.0386,1.4305
2025-07-09,2.1811,5.9366,3.6039,5.731,4.0845,1.2697,5.9473
2025-07-10,4.1865,6.6432,4.3116,7.7434,5.8655,2.467,8.5164
2025-07-11,1.3189,0.1029,-0.7189,3.2854,7.39,0.6144,5.0103
2025-07-12,-0.0696,-0.5063,-1.3498,-1.9384,0.0987,-0.5937,-0.3096
2025-07-13,1.4313,1.0346,0.3169,0.6589,3.5907,0.9409,4.0943
2025-07-14,0.6159,1.345,0.6707,-0.6042,4.1997,-0.4065,-0.4069
2025-07-15,-1.7293,4.1993,1.0323,0.9119,-1.2183,0.0732,1.7023
2025-07-16,0.8162,7.3766,5.9519,6.7771,4.1932,2.6387,2.3701
2025-07-17,0.4643,3.1226,1.2,2.4918,14.9175,1.848,7.7567
2025-07-18,-1.0786,2.0776,0.9039,8.3028,-2.2002,1.2485,-0.959
2025-07-19,-0.0536,1.3034,-0.1758,2.2872,0.3277,0.4537,1.7649
2025-07-20,-0.542,4.567,2.5278,13.0021,0.8777,3.3006,3.4205
2025-07-21,0.1183,0.1037,7.9585,-0.4397,2.7836,1.1935,3.6916
2025-07-22,2.1763,-0.378,4.9523,-0.4785,-0.1153,2.5245,1.4039
2025-07-23,-1.0338,-3.1858,-7.8549,-11.0207,-10.3274,-1.2085,-9.6024
2025-07-24,-0.3258,2.1573,-3.6598,-3.5744,-1.2873,-0.6954,-1.2987
2025-07-25,-0.6185,0.5194,2.2856,2.069,-0.07,1.8628,1.3034
2025-07-26,0.2648,0.3791,-0.9989,-0.549,0.8212,0.9771,0.4534
2025-07-27,1.2727,3.5776,2.0656,2.2505,2.3299,6.3003,1.4882
2025-07-28,-1.2759,-2.2662,-3.2808,-6.4784,-3.8719,-2.5192,-4.9399
2025-07-29,-0.002,0.1592,-0.6608,-0.6217,0.4044,-2.0826,-1.0621
2025-07-30,-0.0771,0.3887,-2.008,-1.7426,-0.959,-1.4603,-2.4409
2025-07-31,-1.7593,-2.9277,-2.9656,-4.5475,-2.3625,-1.195,-3.0521
2025-08-01,-2.1062,-5.6359,-5.537,-4.1448,-2.0032,-3.379,-3.2969
2025-08-02,-0.6999,-2.7412,-2.6978,-4.9702,-6.6856,-2.7127,-2.515
2025-08-03,1.5025,3.0842,2.1908,4.0272,6.6187,2.0247,4.1995
2025-08-04,0.7479,6.3364,4.6128,5.7818,4.1804,2.3282,3.8239
2025-08-05,-0.8086,-2.8795,-3.1455,-5.0856,-3.5505,-1.8475,-3.8156
2025-08-06,0.7767,1.994,2.4859,2.8042,0.9515,1.9867,2.1763
2025-08-07,2.1463,6.2543,4.3465,8.3293,10.9061,2.3834,6.0124
2025-08-08,-0.6878,2.4403,0.7282,3.5072,-0.9373,0.6652,0.6104
2025-08-09,-0.1614,6.3282,1.9342,4.3875,-1.801,0.7117,1.6178
2025-08-10,2.4089,-0.22,1.51,-2.5801,-1.2392,0.8493,-0.2114
2025-08-11,-0.4822,-0.6406,-4.333,-4.9124,-1.6751,0.1063,-3.5274
2025-08-12,1.2141,8.6104,9.6464,5.885,4.2112,3.2472,8.6822
2025-08-13,2.6388,3.6017,5.0734,4.0305,0.4317,1.9304,7.6914
2025-08-14,-4.0411,-4.3755,-4.4667,-8.6868,-6.008,-0.9511,2.1526
2025-08-15,-0.8121,-2.3785,-3.5541,2.0992,-0.1557,-1.6222,1.9883
2025-08-16,0.0792,-0.311,2.1674,1.1374,0.9549,1.4637,-2.384
2025-08-17,-0.0326,1.0639,0.7366,1.4706,-0.6145,2.0258,4.4068
2025-08-18,-1.0223,-3.5939,-4.2345,-5.2003,-0.8903,-1.0492,-4.0129
2025-08-19,-2.9429,-5.543,-3.8005,-6.0252,-6.8137,-2.8147,-8.4805
2025-08-20,1.2794,6.4082,6.5152,5.9809,3.4281,5.5294,4.2367
2025-08-21,-1.6239,-2.5676,-3.8946,-3.07,-3.3958,-3.4591,-3.3833
2025-08-22,3.9629,14.3999,11.2973,12.0633,7.9039,7.1193,9.2714
2025-08-23,-1.2832,-1.1437,1.6393,-1.9119,-0.9624,-2.0838,-1.8066
2025-08-24,-1.6606,0.0745,0.9394,-1.7797,-0.6664,-0.4506,-0.3833
2025-08-25,-2.9386,-8.5082,-9.023,-9.4909,-5.4397,-4.0987,-7.9156
2025-08-26,1.524,5.201,4.6064,4.1468,5.2738,2.7921,3.4742
2025-08-27,-0.5193,-2.1092,3.5825,0.1831,-1.5138,-0.9245,-1.9038
2025-08-28,1.1893,0.084,5.6584,2.4669,0.0169,2.1878,0.8821
2025-08-29,-3.6732,-3.262,-4.2842,-4.5921,-4.8903,-1.2683,-3.5677
2025-08-30,0.3664,0.3211,-1.1499,0.9346,-0.1347,-0.1011,-0.5683
2025-08-31,-0.5251,0.3627,-0.9842,-1.0185,-1.4761,-0.5319,-1.3375
2025-09-01,0.9367,-1.7209,-1.8695,-1.637,-0.8247,-1.3978,-1.3803
2025-09-02,1.7849,0.2525,6.2774,2.1398,3.9293,0.7036,4.2989
2025-09-03,0.47,2.8905,0.6038,2.7002,-0.594,0.4087,0.2277
2025-09-04,-0.8947,-3.4075,-3.8843,-3.6718,-1.7259,-1.3395,-3.1799
2025-09-05,-0.0656,0.1918,0.4632,2.5412,0.7297,0.7319,2.6176
2025-09-06,-0.3853,-0.7603,-1.5981,-0.9179,-0.1882,1.3874,-1.5161
2025-09-07,0.8555,0.7277,3.1071,5.7897,2.4085,2.1863,2.0281
2025-09-08,0.813,0.0633,3.7382,5.9107,3.1891,-0.2654,3.5924
2025-09-09,-0.4826,0.0225,1.4307,-0.4961,-0.8012,0.198,-0.0116
2025-09-10,2.1741,0.9307,3.1007,1.9526,1.1912,1.5399,2.2775
2025-09-11,1.3621,2.5772,2.1293,4.1972,1.9854,1.0538,1.0738
2025-09-12,0.5143,5.6938,5.9221,7.7043,2.1934,2.4416,2.5609
2025-09-13,-0.1301,-0.9982,0.1208,5.1198,0.4473,0.9588,1.3848
2025-09-14,-0.4682,-1.2549,-0.8402,-3.7651,-2.8512,-0.7129,-4.388
2025-09-15,0.0322,-1.7958,-2.5774,-3.5894,-1.1674,-0.7842,-2.8684
2025-09-16,1.2112,-0.5137,1.1231,0.4468,1.3813,3.8852,1.9919
2025-09-17,-0.3207,1.98,3.3199,4.7072,1.5304,3.62,3.6789
2025-09-18,0.5741,-0.0613,1.1352,-1.3097,-0.282,-0.8558,1.3471
2025-09-19,-1.2365,-2.5927,-3.6684,-4.8063,-2.7436,0.2331,-3.7281
2025-09-20,0.0286,0.2538,0.4359,0.8666,-0.4345,5.947,0.3367
2025-09-21,-0.3594,-0.6902,-1.2592,-2.4281,-0.1846,0.5776,-0.9621
2025-09-22,-2.2181,-5.5815,-6.7966,-7.6187,-4.0492,-5.3075,-6.7209
2025-09-23,-0.651,-0.8892,-3.0745,-1.6162,-0.8693,2.4175,-2.2039
2025-09-24,1.1732,-0.2889,-0.9176,1.6007,3.5287,0.1797,0.6934
2025-09-25,-3.776,-6.865,-9.1499,-7.67,-6.3422,-7.1781,-6.1977
2025-09-26,0.6085,4.3314,6.7428,4.4454,1.5863,1.6084,3.8542
2025-09-27,-0.0281,-0.4269,-0.8616,-0.7739,0.7861,0.8185,-1.3254
2025-09-28,2.2252,3.0562,3.5142,2.8596,2.0978,2.5316,3.39
2025-09-29,2.0315,1.8318,1.0989,-0.9688,0.5616,3.7677,-0.1732
2025-09-30,-0.301,-1.6926,-2.0231,-0.9358,-1.2419,-2.1594,0.0496
2025-10-01,4.0268,4.9483,6.1956,6.6552,3.5266,1.7534,5.3023
2025-10-02,1.7129,3.1443,5.9461,5.4348,3.1215,6.2844,2.3882
2025-10-03,1.3136,0.6004,-0.7898,-1.26,0.0526,9.1013,-0.4596
2025-10-04,0.13,-0.5686,-2.1454,-2.9776,-2.3546,-3.3088,-3.0474
2025-10-05,0.8887,0.5842,0.2623,0.837,0.0438,1.302,-0.2977
2025-10-06,1.0032,3.8169,1.7125,5.2569,0.6766,4.9809,4.108
2025-10-07,-2.6462,-5.0476,-5.1753,-7.1348,-4.504,7.0803,-5.8385
2025-10-08,1.5673,1.7186,3.9089,3.3562,0.8683,-0.2759,2.1927
2025-10-09,-1.337,-3.5008,-3.54,-2.7387,-2.6347,-3.881,-2.7774
2025-10-10,-6.9769,-12.0421,-14.6283,-22.2848,-15.9114,-11.8635,-22.1677
2025-10-11,-2.1256,-2.4043,-5.6236,-4.0373,1.1617,2.7374,-0.4096
2025-10-12,3.9364,11.0333,10.9261,12.082,6.2448,14.5901,10.9617
2025-10-13,0.088,1.946,5.4979,2.9836,2.8205,-0.7401,3.9629
2025-10-14,-1.8673,-2.8279,-2.8349,-4.4393,-3.8673,-6.3722,-4.0587
2025-10-15,-2.0646,-3.344,-4.1679,-4.0098,-3.7115,-3.9932,-4.4162
2025-10-16,-2.3443,-2.3249,-4.8103,-4.0245,-3.465,-1.4506,-3.5736
2025-10-17,-1.5882,-1.5969,-1.4371,-1.9108,-1.4984,-6.4462,-3.1168
2025-10-18,0.6861,1.5078,3.0903,2.5974,2.8899,1.9767,1.5525
2025-10-19,1.3698,2.424,0.0735,3.0063,1.2752,1.5119,2.8526
2025-10-20,1.7689,-0.0976,1.0397,2.4578,4.3002,-0.7767,1.6396
2025-10-21,-1.9098,-2.6125,-2.1525,-2.8486,-2.7713,-3.9617,-3.0755
2025-10-22,-0.7267,-1.7706,-2.9721,-2.2634,-2.4914,1.3814,-2.9398
2025-10-23,2.2111,1.2579,6.2394,2.5263,1.3199,5.1793,3.0128
2025-10-24,0.876,2.0368,1.1348,1.4887,4.6929,-1.634,2.038
2025-10-25,0.5474,0.4804,0.2481,-0.5564,3.5454,0.6845,-0.183
2025-10-26,2.5355,5.1731,3.0861,4.6287,1.8757,1.8667,4.0324
2025-10-27,-0.3085,-0.9107,-0.6434,-2.5766,-0.397,0.1898,-2.0115
2025-10-28,-1.0193,-3.346,-2.1631,-3.2934,-1.0856,-3.2113,-3.1615
2025-10-29,-2.5681,-1.9815,-0.0164,-0.7224,-2.0721,0.3643,-0.9438
2025-10-30,-1.5899,-2.5357,-5.0339,-5.0416,-4.4005,-2.5788,-6.1075
2025-10-31,1.1547,1.1225,1.4002,2.0252,2.8282,0.959,1.3475
2025-11-01,0.4636,0.7046,-0.443,0.4828,-0.1395,0.5222,0.4924
2025-11-02,0.523,0.9518,0.7758,-0.3737,0.954,-0.9393,-0.2287
2025-11-03,-3.6986,-7.8944,-11.572,-10.3966,-8.6869,-8.4681,-9.5776
2025-11-04,-4.6524,-8.5982,-6.4347,-2.6914,-4.2782,-5.5053,-5.5767
2025-11-05,2.2653,4.0271,4.6092,2.8888,6.0888,2.3518,4.7172
2025-11-06,-2.4935,-3.2966,-4.6136,-3.5842,-5.7309,-1.122,-2.7651
2025-11-07,2.0445,3.7148,4.2835,10.7187,4.677,4.3587,8.4746
2025-11-08,-1.0547,-1.0167,-2.2298,-1.399,-1.2661,-0.0333,-1.3194
2025-11-09,2.3831,5.3596,4.0172,1.7594,3.6238,0.642,1.7945
2025-11-10,1.2194,-0.3953,1.7714,1.3943,6.7027,-0.4676,2.4888
2025-11-11,-2.8295,-4.2925,-7.6471,-5.3905,-5.3317,-3.3928,-6.1551
2025-11-12,-1.2955,-0.0641,-0.8451,-1.1047,-0.2007,-0.5484,-2.0126
2025-11-13,-1.9335,-5.2837,-5.32,-3.4098,-2.3378,-2.6195,-2.6041
2025-11-14,-5.3158,-3.9895,-4.4325,-4.1388,-3.7364,-1.3725,-6.157
2025-11-15,1.2197,2.0248,0.6191,3.5556,-0.3922,1.8456,1.0032
2025-11-16,-1.436,-2.33,-1.6265,-2.6977,-0.8321,-0.5304,-3.6949
2025-11-17,-2.212,-2.2086,-4.6752,-4.2848,-2.4587,-2.2405,-3.981
2025-11-18,0.9284,3.2547,7.5401,6.4516,2.5161,2.8682,2.0408
2025-11-19,-1.5954,-3.1991,-2.8053,-4.5764,-4.9132,-3.9532,-2.4842
2025-11-20,-5.2851,-6.3278,-2.3762,-3.3701,-5.1623,-3.2688,-6.6494
2025-11-21,-1.779,-2.3335,-3.7573,-5.9691,-2.4215,-4.186,-5.3885
2025-11-22,-0.5198,0.069,-0.7388,0.0713,-0.0308,0.3942,-1.1
2025-11-23,2.5478,1.231,2.4727,3.2074,4.9492,1.1848,0.9639
2025-11-24,1.6883,5.391,5.8653,4.8343,8.7768,2.5137,4.7246
2025-11-25,-1.0521,0.1769,0.3756,0.7905,-1.231,-0.2676,-1.4493
2025-11-26,3.6368,2.3623,2.9671,1.1765,1.1735,3.4387,3.3207
2025-11-27,0.8474,-0.4383,-1.5144,-1.3566,-1.0565,0.4268,-0.4362
2025-11-28,-0.4011,0.5892,-2.4539,-1.5717,-0.9178,-0.8836,-3.1128
2025-11-29,-0.0743,-1.3395,-0.9524,-1.1311,1.0456,-1.5723,-1.1423
2025-11-30,-0.5035,0.0143,-1.8496,-1.2786,-1.9243,0.4449,0.1204
2025-12-01,-4.5055,-6.4143,-5.1329,-7.5665,-6.0204,-5.717,-7.2614
2025-12-02,5.8255,7.062,9.4431,7.6696,6.1352,5.9982,12.5227
2025-12-03,2.3838,6.4588,4.4884,4.0411,2.1526,5.0989,3.871
2025-12-04,-1.4821,-1.794,-4.0608,-2.8966,-4.755,-2.3529,-2.5067
2025-12-05,-2.9887,-3.5058,-4.0942,-5.3559,-2.8419,-1.7608,-5.2787
2025-12-06,-0.1291,0.5216,-0.731,0.0716,-0.2454,0.7155,-0.5765
2025-12-07,1.2694,0.6938,-0.1925,-0.7874,0.5313,0.3905,0.7007
2025-12-08,0.2595,2.0872,0.8968,2.886,1.4535,0.4006,3.6948
2025-12-09,2.2634,6.2689,3.469,3.7868,1.7028,0.1344,8.746
2025-12-10,-0.7237,0.1287,-1.0389,-3.0405,-3.0876,-0.4628,-3.4255
2025-12-11,0.5329,-2.6563,-0.0714,-2.1603,-0.3817,-0.9483,-6.3009
2025-12-12,-2.4223,-4.7229,-2.9678,-2.4929,-1.297,-0.4851,-3.8091
2025-12-13,0.0313,1.0545,0.6977,1.6801,0.7416,1.7647,0.4889
2025-12-14,-2.3517,-1.8,-2.8266,-3.592,-2.2085,-2.1865,-3.5271
2025-12-15,-1.9908,-3.1501,-1.3315,-3.3532,-4.0721,-2.1943,-2.1432
2025-12-16,1.648,-0.0001,1.1695,1.542,1.6538,1.9048,-0.6184
2025-12-17,-1.9355,-4.4794,-4.7438,-4.1762,-3.5387,-3.654,-4.978
2025-12-18,-0.7908,-0.1531,-2.883,-3.3281,-2.9004,-1.6169,-4.1201
2025-12-19,3.0901,5.3377,5.5386,8.3607,5.5095,3.2126,7.1713
2025-12-20,0.2731,-0.013,-0.3041,-0.1513,1.3107,-0.2754,-0.9294
2025-12-21,0.3144,0.8071,0.1451,-0.6818,-0.5382,0.5041,-1.9298
2025-12-22,-0.1486,0.1486,-0.151,0.9916,-0.999,-0.0037,1.3392
2025-12-23,-1.216,-1.4204,-1.5453,-2.4169,-1.5766,-1.642,-2.1305
2025-12-24,0.2265,-0.6001,-1.1292,-0.5418,-0.6194,0.2949,-1.7911
2025-12-25,-0.4306,-1.4262,-2.0509,-3.8911,-1.5796,-1.9894,-3.7037
2025-12-26,0.0764,0.7634,1.8749,-1.2146,0.6114,0.5699,1.8648
2025-12-27,0.5736,0.7606,2.0064,1.8033,1.6224,1.2471,5.6922
2025-12-28,0.0384,0.0193,0.4426,-0.3221,-0.4538,1.6902,-0.2706
2025-12-29,-0.7943,-0.4758,-1.6567,-0.8885,-0.8957,-0.8897,-4.2334
2025-12-30,1.4827,1.2567,1.4669,0.489,1.5046,1.1004,-0.5101
2025-12-31,-1.0418,-0.1474,-0.3576,-4.8662,-1.8928,0.3142,-5.2122
2026-01-01,1.3978,1.1242,1.8288,8.0136,2.0598,-0.0235,7.0312
2026-01-02,1.3667,4.1337,4.2384,11.839,6.8108,2.0612,10.5559
2026-01-03,0.7321,0.0478,0.8815,0.988,0.5783,-0.2503,-1.1173
2026-01-04,0.8943,0.4732,0.4509,4.3326,3.5987,1.7919,2.7478
2026-01-05,2.701,2.7198,3.0548,1.6745,12.3828,1.8342,5.4486
2026-01-06,-0.1635,2.1641,2.2526,-0.7905,-1.7839,0.7377,-0.5452
2026-01-07,-2.583,-3.917,-3.3915,-2.8552,-6.0601,-1.972,-4.2183
2026-01-08,-0.3077,-1.9724,1.4528,-2.9392,-2.0765,-0.8517,-1.5676
2026-01-09,-0.5647,-0.6873,-1.8345,-1.0563,-1.4373,0.4167,-1.2386
2026-01-10,-0.1397,-0.0211,-0.0217,-0.7117,-0.1721,1.1886,-0.7167
2026-01-11,0.4877,1.1838,2.7728,-1.2903,-0.8094,-0.371,0.6187
2026-01-12,0.4024,-0.8516,-0.254,-0.8715,-0.8981,0.2954,-1.1273
2026-01-13,4.5275,7.4303,4.4738,8.4982,5.4227,4.0912,9.1993
2026-01-14,1.6864,0.9821,0.9575,-0.6077,-1.1138,0.7055,-1.6374
2026-01-15,-1.4218,-1.1214,-3.0121,-4.8913,-2.8789,-1.9208,-5.0663
2026-01-16,-0.0273,-0.6517,1.7762,-1.3571,-0.4764,0.7148,0.5083
2026-01-17,-0.4451,0.4061,-0.7834,-0.2172,-0.2804,1.0147,0.3034
2026-01-18,-1.541,-0.8373,-3.987,-4.4267,-3.3796,-1.5261,-5.2937
2026-01-19,-1.1543,-2.8812,-3.3745,-1.9742,-0.3162,-1.0826,-1.4906
2026-01-20,-4.584,-7.8772,-5.7245,-4.4926,-4.8731,-4.0997,-5.3229
2026-01-21,1.2072,1.4748,2.9222,2.5953,2.9636,-0.2393,4.3664
2026-01-22,0.0957,-0.9825,-0.8431,-1.8182,-1.2284,0.5001,-1.8594
2026-01-23,0.0463,0.1228,-0.7224,0.3221,-0.1145,0.4277,0.3344
2026-01-24,-0.4392,-0.1529,-0.2417,-0.4013,-0.3334,-0.5149,-0.5276
2026-01-25,-2.8487,-4.5049,-6.5176,-3.8678,-4.1869,-2.4208,-5.4439
2026-01-26,1.9578,3.9261,4.5185,2.5147,3.8462,1.6211,3.9268
2026-01-27,0.9465,3.272,2.3482,3.0253,0.5464,2.1532,2.358
2026-01-28,0.092,-0.5163,-1.5241,-0.873,-0.2717,0.4103,-0.6661
2026-01-29,-5.1836,-6.2654,-6.0044,-6.245,-5.4278,-3.7999,-6.6778
2026-01-30,-0.512,-4.111,-0.2065,-1.1956,-4.0275,-1.1348,-4.0719
2026-01-31,-6.5466,-9.5206,-10.1576,-10.0259,-5.0162,-8.9558,-8.3958
2026-02-01,-2.0944,-7.2442,-4.3543,0.1921,-3.2938,-2.8222,-2.5554
2026-02-02,2.2271,3.3683,3.5902,3.4516,1.835,2.1256,4.5105
2026-02-03,-3.8827,-4.9821,-6.6117,-2.1316,-2.8571,-2.7113,-2.7099
2026-02-04,-3.4559,-3.7734,-5.6728,-1.7045,-4.0465,-7.3936,-1.5475
2026-02-05,-14.1299,-15.0138,-15.0408,-14.9326,-19.6624,-13.0855,-14.4604
2026-02-06,12.5248,13.2682,11.8656,11.5515,21.2608,8.3883,12.7807
2026-02-07,-1.8049,1.3164,0.2001,-0.203,-3.2144,-1.5319,-1.3758
2026-02-08,1.4185,-0.0855,-0.6797,-1.6277,0.5617,-1.0963,-0.7709
2026-02-09,-0.2049,0.7088,-0.3932,-0.7239,0.2723,-0.6715,-0.222
2026-02-10,-1.8922,-3.9966,-4.367,-3.4375,-2.5486,-2.5763,-2.9663
2026-02-11,-2.6194,-3.9057,-4.4157,-1.8339,-2.2508,-1.9987,-2.3309
2026-02-12,-1.1496,0.3256,-1.1429,2.1978,-0.4313,1.0744,3.3646
2026-02-13,3.9806,5.2178,7.625,3.871,3.3331,0.8755,3.2173
2026-02-14,1.3212,1.8297,4.5519,15.1139,7.2824,2.3036,8.2875
2026-02-15,-1.4039,-5.751,-2.4452,-7.6439,-2.3245,-2.9537,-4.5716
2026-02-16,0.0799,1.6213,0.4926,-1.6553,0.8001,1.9414,1.313
2026-02-17,-1.9594,-0.2865,-1.4245,-0.396,-0.8273,-1.4378,-1.5762
2026-02-18,-1.5837,-1.9185,-4.2615,-2.0875,-3.5811,-2.1113,-2.6335
2026-02-19,0.8012,-0.2955,1.013,-0.203,-1.0692,0.4361,-0.402
2026-02-20,1.565,1.0687,2.721,1.8311,1.6354,3.0476,4.5505
2026-02-21,-0.0024,0.2395,0.6806,-1.5984,0.1609,0.0375,-1.7199
2026-02-22,-0.5064,-0.8072,-2.8401,-3.0457,-2.6961,-1.836,-3.0714
2026-02-23,-4.497,-5.2254,-6.0848,-3.0366,-2.979,-3.0178,-3.353
2026-02-24,-0.8306,-0.1365,1.6503,-1.1879,-0.1998,-1.9728,-1.3343
2026-02-25,6.0551,10.883,11.2342,10.0546,6.2866,7.6977,14.6445
2026-02-26,-0.7451,-1.3548,-2.2823,-3.6743,-2.2111,-0.5022,-3.2693
2026-02-27,-2.3305,-4.7381,-4.6067,-3.7113,-3.2882,-1.9082,-3.2753
2026-02-28,1.691,1.7759,2.9465,0.7495,1.5709,0.5337,1.4409
2026-03-01,-1.8774,-1.3223,-0.9346,-2.3379,-1.8516,0.1395,-2.8409
2026-03-02,4.621,4.5487,3.6574,1.741,2.9074,3.0953,1.1696
2026-03-03,-0.7011,-2.1951,0.4447,-3.7433,-2.1855,-0.5349,-5.0217
2026-03-04,6.4676,7.2493,4.3835,10.0,5.1154,3.7843,5.0209
2026-03-05,-2.5711,-2.5817,-2.3595,-5.5556,-1.8948,-1.5492,-2.5715
2026-03-06,-3.8179,-4.4822,-4.5205,-2.3529,-2.8152,-3.1426,-3.7175
2026-03-07,-1.2679,-0.4698,-1.7735,-1.5334,-0.528,-1.149,-1.6602
2026-03-08,-1.9366,-1.668,-1.8699,-0.7786,-1.1059,-1.2946,-2.1594
2026-03-09,3.6874,2.9089,4.0571,1.3453,1.5208,3.6699,2.3274
2026-03-10,2.2288,2.2169,1.062,4.5354,1.8064,1.1629,2.7451
2026-03-11,0.3975,0.7095,0.8466,-1.6931,-0.1082,1.4955,0.1908
2026-03-12,0.4111,1.051,0.3499,1.9376,-0.0217,0.1008,0.2667
2026-03-13,0.6735,0.9371,1.4798,1.2672,1.0328,0.5746,0.9498
2026-03-14,0.3471,0.2162,-0.0937,0.1043,0.6005,0.2972,-0.8656
2026-03-15,2.212,3.8334,4.7474,1.4583,2.8636,2.4124,2.4298
2026-03-16,2.8454,7.9771,4.3055,5.8522,6.6317,0.8392,7.6353
2026-03-17,-1.2538,-1.4088,-1.5773,-2.8128,-1.6261,-1.5565,-0.4477
2026-03-18,-3.6212,-4.9344,-4.8997,-4.99,-3.5957,-2.5003,-5.1539
2026-03-19,-1.8707,-3.0062,-1.2745,-1.6807,-1.134,-1.9619,-2.4799
2026-03-20,0.8722,0.4245,1.0524,0.641,-0.1244,0.4563,-0.4862
2026-03-21,-2.5681,-3.2521,-2.6579,-3.1847,-2.6911,-1.8763,-3.1191
2026-03-22,-1.2608,-1.1384,-1.5287,-1.2061,-1.5427,-0.5606,-2.7929
2026-03-23,4.5245,4.8269,6.1487,4.5505,3.3937,1.9048,4.3895
2026-03-24,-0.5598,0.1653,-0.6581,0.9554,-1.1523,-0.0445,1.7584
2026-03-25,1.1232,0.5714,0.9753,1.0515,-0.0848,1.4219,1.5402
2026-03-26,-3.5314,-5.0019,-5.7403,-4.2664,-3.8255,-2.8322,-5.7344
2026-03-27,-3.5662,-3.3165,-3.9622,-2.1739,-2.5807,-2.4964,-3.4537
2026-03-28,-0.0282,0.0714,-1.2084,1.0,0.5887,-0.4225,-0.122
2026-03-29,-0.55,-0.5086,-0.7233,-0.5501,-0.4127,-0.8228,-2.4827
2026-03-30,1.1167,2.0658,1.2548,0.3319,-0.3541,0.4751,1.5025
2026-03-31,2.3119,4.0125,0.8035,1.6538,1.3383,1.396,-0.6579
2026-04-01,-0.2268,1.6168,-2.2997,0.0,0.5596,-1.0414,2.6904
2026-04-02,-1.748,-3.8286,-2.7637,-1.9523,-2.1591,-4.5013,-3.5067
2026-04-03,0.0636,-0.1686,1.795,1.2168,-0.0607,0.8511,2.8404
2026-04-04,0.537,0.5828,0.5474,0.5464,-0.1745,0.8814,0.6905
2026-04-05,2.5136,2.1132,1.2945,0.3261,0.7525,1.3909,1.0085
2026-04-06,-0.177,-0.0585,-2.0804,-1.8418,-0.3244,-0.1912,-1.7173
2026-04-07,4.4741,6.3596,6.8575,4.8565,4.564,3.4166,7.1922
2026-04-08,-1.1361,-2.296,-3.5801,-2.7368,-2.8303,-3.1771,-4.9659
2026-04-09,0.9061,-0.0544,0.867,0.1082,0.1266,0.2753,1.2365
2026-04-10,1.6877,2.5583,1.8377,1.2973,0.93,0.5249,0.197
2026-04-11,0.1031,1.7924,0.1418,-0.6403,-0.0885,0.231,-1.8089
2026-04-12,-3.1495,-4.0776,-4.0184,-2.4705,-2.2429,-2.4988,-5.3664
2026-04-13,5.2736,8.1431,6.2812,3.6344,3.9019,3.8562,5.2052
2026-04-14,-0.4068,-1.9997,-3.3258,-1.169,-1.0823,-0.1649,-3.58
2026-04-15,0.8405,1.555,1.3664,2.043,2.1956,1.4051,2.5866
2026-04-16,0.4639,-0.4574,4.7986,4.5311,4.3759,2.0746,5.4087
2026-04-17,2.6277,3.0838,-0.1348,0.3024,1.6797,1.2377,-0.1157
2026-04-18,-1.8161,-2.8901,-3.0059,-4.6231,-2.8639,-2.0402,-3.6307
2026-04-19,-2.4692,-3.6657,-3.0414,-1.8967,-2.788,-2.189,-2.8056
2026-04-20,2.7299,2.2206,2.0963,2.2556,2.1653,2.0649,2.3918
2026-04-21,0.633,0.5511,0.8162,0.0,0.4842,0.4032,0.5638
2026-04-22,2.4234,2.0669,1.0302,0.5252,-0.1257,0.9718,-0.4405
2026-04-23,0.0842,-1.8759,-0.8913,1.5674,0.6364,0.1245,0.5632
2026-04-24,-1.0395,-0.6787,0.1054,1.3374,-0.3752,-0.3637,0.16
2026-04-25,0.2023,0.1355,-0.0936,-0.5076,-0.6626,-1.2171,-0.0399
2026-04-26,1.3471,2.1951,0.9509,1.3265,0.5196,1.1857,0.799
2026-04-27,-1.6412,-2.8132,-2.4751,-0.3021,-2.1445,-1.438,-1.625
2026-04-28,-1.3132,-0.5924,-0.9182,0.404,-1.4419,-0.4232,-0.5641
2026-04-29,-0.7525,-1.5726,-1.2043,4.6278,-0.8257,-1.1182,-0.9319
2026-04-30,0.697,0.1258,-0.0037,2.4038,-0.1388,-0.3666,0.6953
2026-05-01,2.4568,1.7216,0.8428,1.784,1.2652,0.043,0.7717
2026-05-02,0.6117,0.921,0.6606,0.0,0.6139,0.4057,0.8061
2026-05-03,-0.1513,0.2333,-0.4473,-0.0923,-0.402,-0.0559,-0.2799
2026-05-04,1.6421,1.0665,0.2268,1.7544,0.3171,0.8384,0.2005
2026-05-05,1.3769,0.6301,2.6511,4.265,1.5158,1.2418,4.882
2026-05-06,0.6184,-0.4396,3.2737,-2.1758,0.8209,2.7257,1.7551
2026-05-07,-1.7409,-2.5393,-0.8303,-4.0925,-2.6392,-1.6294,-1.5373
2026-05-08,0.2209,0.6924,4.01,1.577,2.2493,1.8818,4.0746
2026-05-09,0.5956,0.8563,1.3004,-0.7306,0.1269,0.1122,-0.9147
2026-05-10,1.828,1.8187,3.523,3.4959,3.711,2.1433,4.3205
2026-05-11,-0.4999,-1.253,0.9574,-1.0667,0.2716,0.9508,-0.708
2026-05-12,-1.5304,-2.7664,-3.1494,-1.168,-2.756,-0.8109,-3.4225
2026-05-13,-1.4916,-0.7503,-3.3927,2.4545,-0.6824,1.0295,-2.2887
2026-05-14,2.2379,1.0347,1.1673,2.307,4.0524,0.9766,2.0778
2026-05-15,-2.4498,-2.5255,-3.1995,-1.6479,-3.396,-0.8597,-3.2198
2026-05-16,-1.1816,-1.96,-2.9864,-3.5273,-1.3741,-2.365,-2.4857
2026-05-17,-0.8986,-2.3905,-1.5756,-0.5484,-0.9264,-1.131,-1.2157
2026-05-18,-0.6137,0.0409,0.1455,-3.7684,-0.8352,-0.8844,-0.1985
2026-05-19,-0.2641,-0.8716,-1.2759,-1.7192,-2.0587,-0.5608,-1.2729
2026-05-20,0.921,0.8066,2.1771,0.6803,0.3528,1.4652,0.3223
2026-05-21,0.1051,0.2081,1.2951,1.834,0.4907,1.3148,0.5221
2026-05-22,-2.645,-3.1328,-3.269,-3.0332,-2.7986,-1.1989,-3.1562
2026-05-23,1.5699,2.4854,1.6029,0.6843,1.7845,0.9609,1.4439
2026-05-24,0.4014,-0.8487,-0.4772,-0.7767,-0.5525,0.0593,-1.5453
2026-05-25,0.3882,0.6376,-0.2806,-0.0978,-0.0444,0.9458,0.5783
2026-05-26,-1.8817,-1.9188,-1.6751,-1.1753,-1.6081,-1.0127,-1.5195
2026-05-27,-1.9532,-2.3498,-1.4577,-0.4955,-1.6193,-1.1344,-1.1259
2026-05-28,-1.087,-0.7242,-0.4646,-0.996,0.5589,-1.6455,-1.1388
2026-05-29,-0.2231,0.2205,-0.0645,0.2012,1.1268,0.7519,-0.7679
2026-05-30,0.5211,0.3718,0.7504,0.8032,0.7528,11.7777,1.2038
2026-05-31,-0.2375,-0.7486,-0.3016,-0.0996,-0.5231,-1.3023,-0.0425
2026-06-01,-3.0714,-0.0559,-1.4718,0.3988,-2.7342,-2.322,-1.9975
2026-06-02,-6.4724,-7.2635,-8.5638,-8.0437,-6.5642,-6.025,-7.8057
2026-06-03,-4.0317,-2.4753,-3.413,-1.2959,-0.7935,-4.6632,-5.6914
2026-06-04,-0.3324,-2.3266,-4.0405,-3.2823,-2.8076,-2.6713,-10.4239
2026-06-05,-4.5123,-10.6647,-7.6136,-7.9186,-6.0175,-5.2073,-12.8062
2026-06-06,-0.0907,-0.765,-2.0431,0.6143,-0.2645,0.4202,0.447
2026-06-07,3.8972,7.4981,6.6262,5.1282,5.5967,5.0683,4.8951
2026-06-08,-0.2355,0.2225,0.7305,0.2323,1.1691,-0.3315,3.2121
2026-06-09,-2.2932,-3.1028,-2.7441,-1.7381,-2.6451,-1.4589,-2.936
2026-06-10,-0.3155,-1.0728,-2.7725,-2.1226,-3.5259,-1.1262,-2.7223
2026-06-11,3.4366,3.2184,5.7963,3.6145,4.0467,3.2188,5.908
2026-06-12,-0.0281,-0.4277,-0.1088,0.0,-0.8322,-0.2537,-0.2936
2026-06-13,1.3819,0.906,3.1813,2.2093,1.5811,1.0004,1.1779
2026-06-14,2.001,2.6424,3.3299,1.0239,3.113,1.0733,6.4028
2026-06-15,0.8813,4.0791,3.9529,-0.7883,4.419,0.2169,-2.2976
2026-06-16,-1.0392,-0.2542,-0.7644,-1.1351,-1.7929,-2.1178,-3.6394
2026-06-17,-1.8021,-2.3745,-2.0198,-1.4925,-2.5411,-0.5605,-3.1958
2026-06-18,-2.3626,-2.1942,-3.2038,-2.7972,-3.3499,-3.8179,-1.9208
2026-06-19,1.0245,0.0848,0.1351,0.1199,-0.7858,0.5448,-0.7956
2026-06-20,1.0998,1.6551,4.9513,0.1198,1.1176,1.1099,0.6169
2026-06-21,-1.56,-1.9962,-1.0311,-1.6746,-2.1495,-0.6573,-3.9853
2026-06-22,1.13,1.2866,-0.7042,0.2433,0.3735,1.0565,1.1494
2026-06-23,-2.0079,-3.5374,-3.1492,-4.3689,-1.7012,-2.0883,-4.4192
2026-06-24,-2.6694,-2.7327,-2.3853,-3.5533,-3.3441,-2.3942,-2.576
2026-06-25,-2.0878,-3.4019,-0.6007,-1.5789,-2.863,-0.7045,-2.7797
2026-06-26,0.4935,0.754,6.3061,1.2032,0.528,1.2611,3.3473
2026-06-27,-0.1272,-0.3189,-1.9833,-1.7173,-0.0669,-1.8466,-2.0918
2026-06-28,-0.6803,-0.0781,1.2813,-1.7473,0.1147,-1.0229,-0.9649
2026-06-29,1.018,2.5373,5.0957,0.2736,0.9259,1.447,1.3222
2026-06-30,-2.6265,-2.5228,-1.8993,-1.7735,-1.7876,-2.3237,-0.9615
2026-07-01,2.4674,2.5087,5.2506,0.2778,1.3193,0.8106,6.7961
2026-07-02,2.4691,5.5445,4.2132,2.6316,3.2697,1.437,4.7403
2026-07-03,1.7222,3.436,2.0288,4.5884,4.3626,2.7647,11.5313
2026-07-04,0.87,1.2818,-0.7663,0.129,2.0196,0.2669,6.726
2026-07-05,0.7285,0.2233,-0.2775,0.1289,-0.0778,2.4283,-1.3542
2026-07-06,0.7036,0.817,0.6045,-1.4157,-1.0468,-0.5946,-2.8511
2026-07-07,-1.0901,-1.6167,-1.5461,-3.1332,-2.7977,-1.4753,-5.163
2026-07-08,-1.6428,-1.4608,-3.5484,-2.5606,-1.9608,-1.472,-4.3553
2026-07-09,1.5027,0.1037,0.3323,0.8299,0.3028,0.0286,-0.2397
2026-07-10,1.478,2.9355,0.027,1.5089,0.9695,1.1546,0.0
2026-07-11,-0.507,-0.4229,-1.5915,-0.9459,-0.5707,-0.0248,-0.3003
2026-07-12,-0.0687,0.9892,0.0646,-0.8186,-1.0842,-0.1637,-2.4096
2026-07-13,-2.3826,-1.788,-2.6178,-1.1004,-1.8606,-1.2744,-2.963
2026-07-14,4.3654,6.5396,3.8752,3.4771,4.2797,2.6687,5.0891
2026-07-15,-0.3752,1.4535,-0.6408,-0.5376,0.153,-0.2839,-0.0605
2026-07-16,-1.4265,-2.804,-2.5783,-2.2973,-2.3814,-1.3637,-2.6651
2026-07-17,0.1727,-1.1918,-0.3459,0.2766,0.2117,-0.7739,3.6714
2026-07-18,1.404,1.1083,0.599,0.0,0.3307,0.444,0.0
2026-07-19,-0.1633,0.5435,1.1852,-0.2759,0.3388,0.0208,-0.3601
2026-07-20,0.8335,1.7232,1.8815,-0.2766,1.4782,0.0577,2.2892
2026-07-21,1.9548,1.2935,0.4071,1.6644,2.7336,0.5017,2.0612
2026-07-22,-0.608,0.2648,-0.259,-0.4093,-0.0788,-0.4956,0.5193
2026-07-23,-1.5975,-2.9165,-2.6269,-5.3425,-3.0396,-0.6673,-3.3869
2026-07-24,-1.4549,-0.9016,-2.6099,0.5789,-1.4455,-0.46,-2.6738
2026-07-25,0.3328,0.7013,0.7427,3.1655,0.5867,0.7321,0.4884
2026-07-26,1.5992,4.2808,2.9204,2.2315,1.3123,1.0616,0.6683
2026-07-27,-2.4723,-3.2148,-3.2119,-4.0928,-4.1738,-1.5271,-6.2161
2026-07-28,0.2298,1.5516,-0.5971,0.569,0.2534,0.8408,3.9897
2026-07-29,0.0576,-0.5953,-0.1383,-0.8487,0.4588,0.1604,0.2475
2026-07-30,1.2786,0.4639,1.1832,0.7133,1.0159,3.6071,4.7531
2026-07-31,-2.9533,-2.9742,-2.2537,-1.5581,-2.1498,-0.9435,-1.0018
2026-08-01,-0.0803,-0.9099,-1.2686,-0.5755,-0.0754,-1.9555,3.6905
2026-08-02,1.1451,2.1213,2.202,2.3155,2.3497,2.193,8.7256
2026-08-03,-0.0332,-1.289,0.0339,-0.8487,-0.922,0.2088,2.2175
2026-08-04,0.9377,0.5451,0.3322,-0.1427,-0.1303,0.6815,-0.4132
2026-08-05,0.8454,2.0413,0.3304,0.0,-1.1368,0.0697,-0.778
2026-08-06,-0.5192,-0.2344,-1.8725,-1.4286,-2.573,-0.2644,4.966
2026-08-07,0.9618,0.59,1.4691,0.8696,-1.2092,0.092,0.1494
2026-08-08,0.0378,0.1178,3.1632,1.1494,1.7039,1.3889,-0.9448
2026-08-09,-0.0921,-0.3576,0.3158,-1.5625,-0.9339,0.2239,-2.259
2026-08-10,-1.4408,-1.9597,-0.3502,0.5772,-1.6911,-0.5117,-1.849
2026-08-11,-0.5613,0.5395,0.3291,3.0129,1.0282,2.9751,-2.1978
2026-08-12,-0.2351,-0.1721,-0.8788,-3.0641,-1.7125,-1.1061,-2.4077
2026-08-13,-0.0004,0.3118,0.863,0.7184,0.3684,0.0585,-0.0548
2026-08-14,-0.6728,-0.1774,-1.1158,-0.1427,-1.0019,-0.4027,-1.3165
2026-08-15,0.0774,0.0137,-0.073,-0.5714,0.3407,-0.0783,-2.1123
2026-08-16,-0.3263,-0.3703,-0.9742,-0.1437,-0.9387,-0.7618,-0.7382
2026-08-17,2.6865,2.0416,1.8851,1.1511,1.0685,0.447,-0.4577
2026-08-18,0.2704,0.2226,1.4314,-0.1422,-0.1197,-0.2717,0.1724
2026-08-19,7.0894,17.4801,10.8311,6.8376,10.2856,3.8016,7.2289
2026-08-20,5.4378,3.3279,2.65,7.2,14.8497,4.539,6.4741
2026-08-21,7.2603,8.1198,6.8655,13.9303,14.6168,4.8952,15.1759
2026-08-22,-1.598,-3.6191,0.2764,0.4367,0.681,1.2715,-1.2653
2026-08-23,0.8716,1.632,1.6289,1.5217,3.9967,0.8833,0.2651
2026-08-24,1.5552,0.7312,3.2685,-3.7473,-2.838,0.2552,-2.5121
2026-08-25,-0.5059,-1.5582,-1.9868,-4.6719,-3.0967,-1.3661,-5.4702
2026-08-26,0.5886,2.5828,5.7595,2.3337,-0.7536,1.9963,1.6738
2026-08-27,1.5566,0.1656,6.8914,1.5964,2.1513,0.606,0.5644
2026-08-28,-3.0243,-2.7037,-4.6528,-4.3771,-4.8039,-2.9563,-5.0047
2026-08-29,0.5339,0.6203,1.4646,0.1174,0.976,0.2151,-0.7386
2026-08-30,-0.739,-1.6173,-3.5733,-3.7515,-2.6634,-1.1254,-4.4147
2026-08-31,1.1344,2.0216,1.0996,0.8526,1.4344,0.9077,2.6466
